Sl_No,Slide_No,District,Location,Latitude,Longitude,Material_Involved,Movement,History
2110,HP/SIR/53F05/2017/8,Sirmur,"Marug, MDR3",30,77.889583,Rock cum debris   Slide,NA,
2111,HP/SOL/53F01/2018/004,Solan,NH22/ RD: 70+750 to 70+950 NH22/ RD: 70+750 to,30.078833,79.794472,Rock cum debris   Slide,NA,
2112,HP/SOL/53F01/2018/003,Solan,NH22/ RD: 71+100 to 71+200 NH22/ RD: 71+100 to,30.083278,79.79875,Rock cum debris   Slide,NA,
2113,HP/SOL/53F01/2018/002,Solan,NH22/ RD: 71+300 to 71+420 NH22/ RD: 71+300 to,30.083639,79.800806,Rock cum debris   Slide,NA,
2114,HP/SOL/53F01/2018/001,Solan,NH22/ RD: 87+480 NH22/ RD: 87+480/3km away,30.083917,79.799694,Rock cum debris   Slide,NA,
2115,HP/SIR/53F07/2017/9,Sirmur,Mehtawala,30.448658,77.379747,Rock cum debris   Slide,NA,
2116,HP/SIR/53F07/2017/10,Sirmur,Mehtawala,30.450071,77.376833,Rock cum debris   Slide,NA,
2117,HP/SIR/53F07/2017/1,Sirmur,Mehtawala,30.450422,77.375728,Rock cum debris   Slide,NA,
2118,HP/SIR/53F07/2017/2,Sirmur,Mehtawala,30.451326,77.375918,Rock cum debris   Slide,NA,
2119,HP/SIR/53F07/2017/3,Sirmur,Mehtawala,30.451887,77.375859,Rock cum debris   Slide,NA,
2120,HP/SIR/53F07/2017/4,Sirmur,Mehtawala,30.452326,77.376697,Rock cum debris   Slide,NA,
2121,HP/SIR/53F07/2017/17,Sirmur,Sout of Haripur,30.452799,77.38828,Rock cum debris   Slide,NA,
2122,HP/SIR/53F07/2017/5,Sirmur,Mehtawala,30.452893,77.378037,Rock cum debris   Slide,NA,
2123,HP/SIR/53F07/2017/6,Sirmur,Mehtawala,30.453874,77.377954,Rock cum debris   Slide,NA,
2124,HP/SIR/53F07/2017/8,Sirmur,Mehtawala,30.454318,77.374081,Rock cum debris   Slide,NA,
2125,HP/SIR/53F07/2017/7,Sirmur,Mehtawala,30.454612,77.374562,Rock cum debris   Slide,NA,
2126,HP/SIR/53F07/2017/16,Sirmur,Singhauli,30.462165,77.292031,Rock              Slide,NA,
2127,HP/SIR/53F07/2017/15,Sirmur,North of Haripur,30.4642,77.391658,Rock cum debris   Slide,NA,
2128,HP/SIR/53F07/2017/13,Sirmur,North of Haripur,30.467475,77.39639,Rock cum debris   Slide,NA,
2129,HP/SIR/53F07/2017/14,Sirmur,North of Haripur,30.47039,77.39739,Rock cum debris   Slide,NA,
2130,HP/SIR/53F07/2017/12,Sirmur,Mahronwala,30.476497,77.405078,Rock cum debris   Slide,NA,
2131,HP/SIR/53F07/2017/11,Sirmur,Mahronwala,30.480822,77.410069,Rock cum debris   Slide,NA,
2132,HP/SIR/53F02/2017/30,Sirmur,BanogKaulawala bhood road,30.496999,77.217426,Rock              Slide,NA,
2133,HP/SIR/53F03/2017/1,Sirmur,,30.507724,77.245914,Rock              Slide,NA,
2134,HP/SIR/53F03/2017/2,Sirmur,,30.508651,77.2472,Rock              Slide,NA,
2135,HP/SIR/53F06/2017/54,Sirmur,Khadri,30.513754,77.269974,Rock              Slide,NA,
2136,HP/SIR/53F06/2017/313,Sirmur,Shambhuwala,30.51528,77.335421,Debris            Slide,NA,
2137,HP/SIR/53F06/2017/387,Sirmur,Dhaduwala,30.517019,77.272756,Rock              Slide,NA,
2138,HP/SIR/53F06/2017/59,Sirmur,Dewni,30.518703,77.268434,Rock              Slide,NA,
2139,HP/SIR/53F06/2017/53,Sirmur,Dewni,30.519807,77.254651,Rock              Slide,NA,
2140,HP/SIR/53F06/2017/383,Sirmur,Dhaduwala,30.520144,77.277889,Rock              Slide,NA,
2141,HP/SIR/53F06/2017/52,Sirmur,Dewni,30.520263,77.255465,Rock              Slide,NA,
2142,HP/SIR/53F06/2017/384,Sirmur,Dhaduwala,30.520283,77.277424,Rock              Slide,NA,
2143,HP/SIR/53F06/2017/58,Sirmur,Dewni,30.521782,77.25463,Rock              Slide,NA,
2144,HP/SIR/53F06/2017/55,Sirmur,Ambwala R.F.,30.521896,77.268907,Rock              Slide,NA,
2145,HP/SIR/53F06/2017/56,Sirmur,Ambwala R.F.,30.523011,77.268443,Rock              Slide,NA,
2146,HP/SIR/53F06/2017/44,Sirmur,Bikram Bag R.F.,30.52327,77.300171,Rock              Slide,NA,
2147,HP/SIR/53F06/2017/45,Sirmur,Bikram Bag R.F.,30.523434,77.301593,Rock              Slide,NA,
2148,HP/SIR/53F06/2017/48,Sirmur,Bikram Bag R.F.,30.52388,77.290155,Rock              Slide,NA,
2149,HP/SIR/53F06/2017/46,Sirmur,Bikram Bag R.F.,30.523963,77.304515,Rock              Slide,NA,
2150,HP/SIR/53F06/2017/47,Sirmur,Bikram Bag R.F.,30.523967,77.289347,Rock              Slide,NA,
2151,HP/SIR/53F06/2017/50,Sirmur,Bikram Bag R.F.,30.524006,77.292159,Rock              Slide,NA,
2152,HP/SIR/53F06/2017/51,Sirmur,Bikram Bag R.F.,30.524217,77.294645,Rock              Slide,NA,
2153,HP/SIR/53F06/2017/57,Sirmur,Ambwala R.F.,30.524302,77.268451,Rock              Slide,NA,
2154,HP/SIR/53F06/2017/385,Sirmur,Dhaduwala,30.524525,77.277616,Rock              Slide,NA,
2155,HP/SIR/53F06/2017/381,Sirmur,Dhaduwala,30.524573,77.273435,Rock              Slide,NA,
2156,HP/SIR/53F06/2017/32,Sirmur,Ganyoni R.F.,30.52474,77.459892,Rock              Slide,NA,
2157,HP/SIR/53F06/2017/49,Sirmur,Bikram Bag R.F.,30.524945,77.291472,Rock              Slide,NA,
2158,HP/SIR/53F14/2017/48,Sirmur,Shalahat R.F.,30.52507,77.819787,Rock cum debris   Slide,NA,
2159,HP/SIR/53F06/2017/27,Sirmur,Ganyoni R.F.,30.525249,77.472139,Rock              Slide,NA,
2160,HP/SIR/53F06/2017/22,Sirmur,Ganyoni R.F.,30.525553,77.471235,Rock              Slide,NA,
2161,HP/SIR/53F06/2017/25,Sirmur,Ganyoni R.F.,30.525657,77.475024,Rock              Slide,NA,
2162,HP/SIR/53F06/2017/24,Sirmur,Ganyoni R.F.,30.525711,77.475945,Rock              Slide,NA,
2163,HP/SIR/53F06/2017/64,Sirmur,Shambhuwala,30.525731,77.330641,Debris            Slide,NA,
2164,HP/SIR/53F06/2017/23,Sirmur,Ganyoni R.F.,30.525856,77.470907,Rock              Slide,NA,
2165,HP/SIR/53F06/2017/382,Sirmur,Dhaduwala,30.525924,77.27429,Rock              Slide,NA,
2166,HP/SIR/53F06/2017/31,Sirmur,Ganyoni R.F.,30.525936,77.466596,Rock              Slide,NA,
2167,HP/SIR/53F14/2017/49,Sirmur,Shalahat R.F.,30.525985,77.820675,Rock cum debris   Slide,NA,
2168,HP/SIR/53F02/2017/58,Sirmur,Bank of Mazar ki Nadi,30.526014,77.250998,Rock              Slide,NA,
2169,HP/SIR/53F06/2017/26,Sirmur,Ganyoni R.F.,30.526138,77.470413,Rock              Slide,NA,
2170,HP/SIR/53F02/2017/4,Sirmur,,30.526333,77.247598,Rock              Fall,NA,
2171,HP/SIR/53F06/2017/33,Sirmur,Ganyoni R.F.,30.526578,77.465766,Rock              Slide,NA,
2172,HP/SIR/53F06/2017/386,Sirmur,Dhaduwala,30.527018,77.275068,Rock              Slide,NA,
2173,HP/SIR/53F06/2017/28,Sirmur,Ganyoni R.F.,30.527746,77.466557,Rock              Slide,NA,
2174,HP/SIR/53F06/2017/63,Sirmur,South of Bhur,30.529595,77.318603,Debris            Slide,NA,
2175,HP/SIR/53F06/2017/29,Sirmur,Ganyoni R.F.,30.529605,77.468104,Rock              Slide,NA,
2176,HP/SIR/53F06/2017/30,Sirmur,Ganyoni R.F.,30.529805,77.46843,Rock              Slide,NA,
2177,HP/SIR/53F06/2017/62,Sirmur,South of Bhur,30.530091,77.316047,Debris            Slide,NA,
2178,HP/SIR/53F06/2017/61,Sirmur,South of Bhur,30.530364,77.312742,Debris            Slide,NA,
2179,HP/SIR/53F06/2017/60,Sirmur,South of Bhur,30.530389,77.31207,Debris            Slide,NA,
2180,HP/SIR/53F02/2017/54,Sirmur,BurmaParaliNahan road,30.530716,77.249241,Rock              Slide,NA,
2181,HP/SIR/53F06/2017/312,Sirmur,North of Dhaduwala,30.530868,77.283911,Rock              Slide,NA,
2182,HP/SIR/53F06/2017/43,Sirmur,North of Dhaduwala,30.531423,77.282423,Rock              Slide,NA,
2183,HP/SIR/53F06/2017/42,Sirmur,North of Dhaduwala,30.53173,77.282261,Rock              Slide,NA,
2184,HP/SIR/53F02/2017/53,Sirmur,BurmaParaliNahan road,30.532029,77.249097,Rock              Slide,NA,
2185,HP/SIR/53F02/2017/51,Sirmur,BurmaParaliNahan road,30.532029,77.249097,Rock              Slide,NA,
2186,HP/SIR/53F02/2017/52,Sirmur,BurmaParaliNahan road,30.532029,77.249097,Rock              Slide,NA,
2187,HP/SIR/53F02/2017/56,Sirmur,BurmaParaliNahan road,30.532209,77.250743,Rock              Slide,NA,
2188,HP/SIR/53F02/2017/57,Sirmur,Bank of Mazar ki Nadi,30.532209,77.250743,Rock              Slide,NA,
2189,HP/SIR/53F06/2017/40,Sirmur,North of Dhaduwala,30.532212,77.282849,Rock              Slide,NA,
2190,HP/SIR/53F06/2017/41,Sirmur,North of Dhaduwala,30.53231,77.283089,Rock              Slide,NA,
2191,HP/SIR/53F02/2017/55,Sirmur,BurmaParaliNahan road,30.533669,77.249402,Rock              Slide,NA,
2192,HP/SIR/53F02/2017/75,Sirmur,Along NH72,30.535608,77.160475,Rock              Slide,NA,
2193,HP/SIR/53F02/2017/59,Sirmur,Bank of Mazar ki Nadi,30.536239,77.200908,Rock              Slide,NA,
2194,HP/SIR/53F02/2017/49,Sirmur,BurmaParaliNahan road,30.536602,77.158932,Rock              Slide,NA,
2195,HP/SIR/53F02/2017/77,Sirmur,KalaambTrilokpur link road,30.540591,77.175556,Rock              Slide,NA,
2196,HP/SIR/53F10/2017/134,Sirmur,Rajpur,30.541102,77.713399,Rock              Slide,NA,
2197,HP/SIR/53F02/2017/76,Sirmur,Along NH72,30.541533,77.17585,Rock              Slide,NA,
2198,HP/SIR/53F10/2017/220,Sirmur,South of Kulthiana,30.541602,77.703918,Rock              Slide,NA,
2199,HP/SIR/53F14/2017/51,Sirmur,Tauru,30.541918,77.781609,Rock              Slide,NA,
2200,HP/SIR/53F10/2017/128,Sirmur,Danda,30.541918,77.781609,Rock cum debris   Slide,NA,
2201,HP/SIR/53F10/2017/133,Sirmur,Rajpur,30.543739,77.714591,Rock              Slide,NA,
2202,HP/SIR/53F10/2017/219,Sirmur,South of Kulthiana,30.544142,77.702687,Rock              Slide,NA,
2203,HP/SIR/53F10/2017/132,Sirmur,Rajpur,30.544228,77.720898,Rock              Slide,NA,
2204,HP/SIR/53F10/2017/129,Sirmur,Rajpur,30.546334,77.721158,Rock              Slide,NA,
2205,HP/SIR/53F14/2017/4,Sirmur,North of Kalawar,30.546948,77.817488,Rock cum debris   Slide,NA,
2206,HP/SIR/53F10/2017/130,Sirmur,Rajpur,30.547089,77.721554,Rock              Slide,NA,
2207,HP/SIR/53F10/2017/282,Sirmur,Janjli R.F.,30.547272,77.667155,Rock cum debris   Slide,NA,
2208,HP/SIR/53F10/2017/14,Sirmur,South of Kulthiana,30.547313,77.703282,Rock              Slide,NA,
2209,HP/SIR/53F10/2017/165,Sirmur,Bhatrog,30.547655,77.669054,Rock cum debris   Slide,NA,
2210,HP/SIR/53F10/2017/279,Sirmur,Bhatrog,30.547817,77.665273,Rock cum debris   Slide,NA,
2211,HP/SIR/53F10/2017/131,Sirmur,Rajpur,30.547872,77.722184,Rock              Slide,NA,
2212,HP/SIR/53F10/2017/221,Sirmur,South of Kulthiana,30.547898,77.702253,Rock              Slide,NA,
2213,HP/SIR/53F10/2017/127,Sirmur,"Sataun, SataunPaonta road",30.548165,77.63888,Rock cum debris   Slide,NA,
2214,HP/SIR/53F10/2017/223,Sirmur,North of Dhamaun,30.548739,77.685628,Rock              Slide,NA,
2215,HP/SIR/53F10/2017/224,Sirmur,North of Dhamaun,30.54986,77.686931,Rock              Slide,NA,
2216,HP/SIR/53F14/2017/9,Sirmur,North of Kalatha,30.550125,77.79934,Rock              Slide,NA,
2217,HP/SIR/53F10/2017/15,Sirmur,West of Navi,30.550131,77.712553,Rock              Slide,NA,
2218,HP/SIR/53F10/2017/16,Sirmur,West of Navi,30.550541,77.712915,Rock              Slide,NA,
2219,HP/SIR/53F10/2017/218,Sirmur,Sataun,30.550661,77.635263,Rock cum debris   Slide,NA,
2220,HP/SIR/53F10/2017/217,Sirmur,Sataun,30.550705,77.635916,Rock cum debris   Slide,NA,
2221,HP/SIR/53F10/2017/206,Sirmur,South of Kandon,30.550789,77.604632,Rock              Slide,NA,
2222,HP/SIR/53F14/2017/5,Sirmur,North of Kalawar,30.551028,77.819175,Rock              Slide,NA,
2223,HP/SIR/53F14/2017/6,Sirmur,North of Kalawar,30.551073,77.40092,Rock              Slide,NA,
2224,HP/SIR/53F10/2017/276,Sirmur,Janjli R.F.,30.551307,77.649813,Rock cum debris   Slide,NA,
2225,HP/SIR/53F10/2017/281,Sirmur,Janjli R.F.,30.551323,77.651374,Rock cum debris   Slide,NA,
2226,HP/SIR/53F10/2017/280,Sirmur,Janjli R.F.,30.551531,77.654451,Rock cum debris   Slide,NA,
2227,HP/SIR/53F14/2017/8,Sirmur,North of Kalatha,30.551663,77.798436,Rock              Slide,NA,
2228,HP/SIR/53F10/2017/222,Sirmur,South of Kulthiana,30.551809,77.704214,Rock              Slide,NA,
2229,HP/SIR/53F10/2017/275,Sirmur,Janjli R.F.,30.551811,77.648774,Rock cum debris   Slide,NA,
2230,HP/SIR/53F10/2017/72,Sirmur,"Sataun, SataunPaonta road",30.552012,77.632201,Rock              Slide,NA,
2231,HP/SIR/53F10/2017/71,Sirmur,"Sataun, SataunPaonta road",30.55236,77.630377,Rock              Slide,NA,
2232,HP/SIR/53F14/2017/7,Sirmur,North of Kalatha,30.552823,77.805948,Rock              Slide,NA,
2233,HP/SIR/53F10/2017/70,Sirmur,"Sataun, SataunPaonta road",30.553115,77.629641,Rock              Slide,NA,
2234,HP/SIR/53F14/2017/3,Sirmur,North of Kalawar,30.553222,77.806676,Rock              Slide,NA,
2235,HP/SIR/53F10/2017/283,Sirmur,Janjli R.F.,30.553296,77.64633,Rock cum debris   Slide,NA,
2236,HP/SIR/53F10/2017/277,Sirmur,Janjli R.F.,30.553432,77.653686,Rock cum debris   Slide,NA,
2237,HP/SIR/53F10/2017/278,Sirmur,Janjli R.F.,30.553608,77.654342,Rock cum debris   Slide,NA,
2238,HP/SIR/53F10/2017/202,Sirmur,West of Sataun,30.553796,77.619786,Rock              Slide,NA,
2239,HP/SIR/53F10/2017/69,Sirmur,Kandon,30.554175,77.607527,Rock              Slide,NA,
2240,HP/SIR/53F10/2017/200,Sirmur,West of Sataun,30.554238,77.623577,Rock              Slide,NA,
2241,HP/SIR/53F10/2017/68,Sirmur,Kandon,30.554495,77.609345,Rock              Slide,NA,
2242,HP/SIR/53F10/2017/64,Sirmur,West of Sataun,30.554573,77.629803,Rock              Slide,NA,
2243,HP/SIR/53F10/2017/63,Sirmur,West of Sataun,30.554764,77.630116,Rock              Slide,NA,
2244,HP/SIR/53F10/2017/203,Sirmur,West of Sataun,30.554769,77.619106,Rock              Slide,NA,
2245,HP/SIR/53F10/2017/199,Sirmur,West of Sataun,30.555079,77.622877,Rock              Slide,NA,
2246,HP/SIR/53F10/2017/192,Sirmur,West of Sataun,30.555373,77.625201,Rock              Slide,NA,
2247,HP/SIR/53F10/2017/205,Sirmur,West of Sataun,30.555467,77.618304,Rock              Slide,NA,
2248,HP/SIR/53F14/2017/1,Sirmur,North of Kalawar,30.555651,77.818269,Rock              Slide,NA,
2249,HP/SIR/53F10/2017/198,Sirmur,West of Sataun,30.556022,77.621881,Rock              Slide,NA,
2250,HP/SIR/53F10/2017/194,Sirmur,West of Sataun,30.556141,77.623083,Rock              Slide,NA,
2251,HP/SIR/53F02/2017/60,Sirmur,Left bank of Mazar ki Nadi,30.556198,77.181743,Rock              Slide,NA,
2252,HP/SIR/53F10/2017/204,Sirmur,West of Sataun,30.556238,77.619771,Rock              Slide,NA,
2253,HP/SIR/53F10/2017/201,Sirmur,West of Sataun,30.556383,77.619375,Rock              Slide,NA,
2254,HP/SIR/53F10/2017/67,Sirmur,Kandon,30.556407,77.614667,Rock              Slide,NA,
2255,HP/SIR/53F10/2017/13,Sirmur,Rajpur R.F.,30.556479,77.732282,Rock              Slide,NA,
2256,HP/SIR/53F06/2017/288,Sirmur,"Daghat, NahanRama Don road",30.556722,77.366481,Rock              Slide,NA,
2257,HP/SIR/53F10/2017/197,Sirmur,West of Sataun,30.556827,77.624558,Rock              Slide,NA,
2258,HP/SIR/53F10/2017/193,Sirmur,West of Sataun,30.556872,77.623139,Rock              Slide,NA,
2259,HP/SIR/53F10/2017/66,Sirmur,Kandon,30.556981,77.616055,Rock              Slide,NA,
2260,HP/SIR/53F06/2017/289,Sirmur,"Daghat, NahanRama Don road",30.557001,77.367543,Rock              Slide,NA,
2261,HP/SIR/53F14/2017/2,Sirmur,North of Kalawar,30.557038,77.817361,Rock              Slide,NA,
2262,HP/SIR/53F10/2017/196,Sirmur,West of Sataun,30.557048,77.62121,Rock              Slide,NA,
2263,HP/SIR/53F06/2017/286,Sirmur,"Daghat, NahanRama Don road",30.557387,77.362984,Rock              Slide,NA,
2264,HP/SIR/53F14/2017/12,Sirmur,Dharnogh,30.557436,77.779132,Rock              Slide,NA,
2265,HP/SIR/53F10/2017/12,Sirmur,Rajpur R.F.,30.557505,77.728204,Rock              Slide,NA,
2266,HP/SIR/53F10/2017/195,Sirmur,West of Sataun,30.557556,77.622111,Rock              Slide,NA,
2267,HP/SIR/53F14/2017/13,Sirmur,Dharnogh,30.557674,77.779581,Rock              Slide,NA,
2268,HP/SIR/53F10/2017/65,Sirmur,West of Sataun,30.557697,77.622709,Rock              Slide,NA,
2269,HP/SIR/53F14/2017/11,Sirmur,Dharnogh,30.557803,77.780068,Rock              Slide,NA,
2270,HP/SIR/53F14/2017/10,Sirmur,Dharnogh,30.558109,77.7811,Rock              Slide,NA,
2271,HP/SIR/53F10/2017/186,Sirmur,South of Detar,30.558135,77.551492,Rock cum debris   Slide,NA,
2272,HP/SIR/53F06/2017/287,Sirmur,"Daghat, NahanRama Don road",30.558245,77.364637,Rock              Slide,NA,
2273,HP/SIR/53F02/2017/50,Sirmur,BurmaParaliNahan road,30.558274,77.190015,Rock              Slide,NA,
2274,HP/SIR/53F06/2017/301,Sirmur,"Rama, NahanRama Don road",30.559264,77.372515,Rock              Slide,NA,
2275,HP/SIR/53F10/2017/61,Sirmur,Kanyon,30.559665,77.539273,Rock              Slide,NA,
2276,HP/SIR/53F10/2017/185,Sirmur,South of Tapri,30.559997,77.61479,Rock              Slide,NA,
2277,HP/SIR/53F10/2017/168,Sirmur,South of Rudane,30.560251,77.747453,Rock              Slide,NA,
2278,HP/SIR/53F06/2017/300,Sirmur,"RamaDon slide Rama, NahanRama Don road",30.560516,77.375735,Rock              Slide,NA,
2279,HP/SIR/53F10/2017/167,Sirmur,South of Rudane,30.560565,77.747255,Rock              Slide,NA,
2280,HP/SIR/53F10/2017/190,Sirmur,South of Detar,30.560657,77.542548,Rock              Slide,NA,
2281,HP/SIR/53F10/2017/188,Sirmur,South of Detar,30.560862,77.546242,Rock              Slide,NA,
2282,HP/SIR/53F14/2017/15,Sirmur,Ambheta,30.561051,77.769193,Rock              Slide,NA,
2283,HP/SIR/53F10/2017/187,Sirmur,South of Detar,30.561102,77.553012,Rock              Slide,NA,
2284,HP/SIR/53F10/2017/166,Sirmur,South of Rudane,30.561105,77.747737,Rock              Slide,NA,
2285,HP/SIR/53F06/2017/290,Sirmur,"Khakari, NahanRama Don road",30.561124,77.374098,Rock              Slide,NA,
2286,HP/SIR/53F10/2017/9,Sirmur,South of Tapri,30.561381,77.620104,Rock              Slide,NA,
2287,HP/SIR/53F10/2017/8,Sirmur,South of Tapri,30.561424,77.621071,Rock              Slide,NA,
2288,HP/SIR/53F10/2017/189,Sirmur,South of Detar,30.561605,77.544762,Rock              Slide,NA,
2289,HP/SIR/53F14/2017/14,Sirmur,Ambheta,30.562347,77.767561,Rock              Slide,NA,
2290,HP/SIR/53F02/2017/37,Sirmur,,30.562484,77.240475,Rock              Slide,NA,
2291,HP/SIR/53F10/2017/25,Sirmur,Sadiyar landslide Sadiyar,30.562642,77.566015,Rock cum debris   Slide,NA,
2292,HP/SIR/53F10/2017/62,Sirmur,Kanyon,30.562878,77.540032,Rock              Slide,NA,
2293,HP/SIR/53F02/2017/38,Sirmur,,30.562932,77.240255,Rock              Slide,NA,
2294,HP/SIR/53F06/2017/362,Sirmur,Kansar R.F.,30.564086,77.493167,Rock              Slide,NA,
2295,HP/SIR/53F02/2017/81,Sirmur,,30.564298,77.173239,Rock              Slide,NA,
2296,HP/SIR/53F10/2017/60,Sirmur,Haldwari,30.564329,77.531325,Rock              Slide,NA,
2297,HP/SIR/53F10/2017/180,Sirmur,Bhujon,30.564428,77.576934,Rock cum debris   Slide,NA,
2298,HP/SIR/53F10/2017/58,Sirmur,Haldwari,30.56445,77.531949,Rock cum debris   Slide,NA,
2299,HP/SIR/53F06/2017/363,Sirmur,Kansar R.F.,30.564454,77.493151,Rock              Slide,NA,
2300,HP/SIR/53F02/2017/82,Sirmur,,30.564477,77.176865,Rock              Slide,NA,
2301,HP/SIR/53F10/2017/181,Sirmur,Bhujon,30.564508,77.580479,Rock cum debris   Slide,NA,
2302,HP/SIR/53F10/2017/59,Sirmur,Haldwari,30.564639,77.532567,Rock              Slide,NA,
2303,HP/SIR/53F10/2017/26,Sirmur,Sadiyar landslide Sadiyar,30.564822,77.567919,Rock cum debris   Slide,NA,
2304,HP/SIR/53F02/2017/80,Sirmur,,30.564892,77.17274,Rock              Slide,NA,
2305,HP/SIR/53F02/2017/79,Sirmur,,30.565149,77.175564,Rock              Slide,NA,
2306,HP/SIR/53F10/2017/7,Sirmur,Bhujon,30.565182,77.584104,Debris            Slide,NA,
2307,HP/SIR/53F10/2017/39,Sirmur,Haryal,30.565222,77.603583,Rock              Slide,NA,
2308,HP/SIR/53F06/2017/373,Sirmur,Rohas,30.565316,77.397817,Rock              Slide,NA,
2309,HP/SIR/53F02/2017/61,Sirmur,Left bank of Mazar ki Nadi,30.565342,77.187336,Rock              Slide,NA,
2310,HP/SIR/53F06/2017/291,Sirmur,"Daghera R.F., NahanBirla road",30.565347,77.378611,Debris            Slide,NA,
2311,HP/SIR/53F02/2017/85,Sirmur,,30.565364,77.177537,Rock              Slide,NA,
2312,HP/SIR/53F10/2017/182,Sirmur,Dadua,30.565385,77.586311,Debris            Slide,NA,
2313,HP/SIR/53F10/2017/169,Sirmur,South of Rudane,30.565455,77.746417,Rock              Slide,NA,
2314,HP/SIR/53F06/2017/292,Sirmur,"Daghera R.F., NahanBirla road",30.565619,77.385726,Rock              Slide,NA,
2315,HP/SIR/53F10/2017/126,Sirmur,"Chilon, PaontaShillai road",30.56571,77.648572,Rock              Slide,NA,
2316,HP/SIR/53F02/2017/83,Sirmur,,30.565714,77.178797,Rock              Slide,NA,
2317,HP/SIR/53F02/2017/78,Sirmur,Left bank of River,30.565717,77.179694,Rock              Slide,NA,
2318,HP/SIR/53F02/2017/84,Sirmur,,30.565775,77.176542,Rock              Slide,NA,
2319,HP/SIR/53F06/2017/379,Sirmur,Rohas,30.565789,77.397033,Rock              Slide,NA,
2320,HP/SIR/53F06/2017/305,Sirmur,Rohas,30.565923,77.396645,Rock              Slide,NA,
2321,HP/SIR/53F10/2017/179,Sirmur,Salri,30.566166,77.570773,Rock cum debris   Slide,NA,
2322,HP/SIR/53F06/2017/364,Sirmur,Torwali,30.566251,77.483458,Rock              Slide,NA,
2323,HP/SIR/53F06/2017/293,Sirmur,"Daghera R.F., NahanBirla road",30.566309,77.385901,Rock              Slide,NA,
2324,HP/SIR/53F02/2017/36,Sirmur,,30.566465,77.239503,Rock              Slide,NA,
2325,HP/SIR/53F02/2017/62,Sirmur,Left bank of Mazar ki Nadi,30.566512,77.186748,Rock              Slide,NA,
2326,HP/SIR/53F10/2017/52,Sirmur,"Sataun, DadahuSataun road",30.566614,77.635869,Rock              Slide,NA,
2327,HP/SIR/53F06/2017/298,Sirmur,"Rama, NahanRama Don road",30.566634,77.38041,Rock              Slide,NA,
2328,HP/SIR/53F06/2017/380,Sirmur,Rohas,30.566663,77.399032,Rock              Slide,NA,
2329,HP/SIR/53F06/2017/377,Sirmur,Rohas,30.566665,77.39826,Rock              Slide,NA,
2330,HP/SIR/53F06/2017/378,Sirmur,Rohas,30.566783,77.397057,Rock              Slide,NA,
2331,HP/SIR/53F02/2017/34,Sirmur,Bahar link road,30.567039,77.237415,Rock              Slide,NA,
2332,HP/SIR/53F02/2017/35,Sirmur,,30.567039,77.237415,Rock              Slide,NA,
2333,HP/SIR/53F06/2017/299,Sirmur,"Rama, NahanRama Don road",30.56707,77.380899,Rock              Slide,NA,
2334,HP/SIR/53F10/2017/164,Sirmur,North of Barwa,30.567127,77.657649,Rock cum debris   Slide,NA,
2335,HP/SIR/53F06/2017/367,Sirmur,Torwali,30.567215,77.493903,Rock              Slide,NA,
2336,HP/SIR/53F06/2017/294,Sirmur,"Daghera R.F., NahanBirla road",30.567436,77.387334,Rock              Slide,NA,
2337,HP/SIR/53F14/2017/16,Sirmur,Nigali R.F.,30.567458,77.766471,Rock              Slide,NA,
2338,HP/SIR/53F06/2017/376,Sirmur,Rohas,30.567475,77.400705,Rock cum debris   Slide,NA,
2339,HP/SIR/53F02/2017/63,Sirmur,Near Lehi village,30.567499,77.186832,Rock              Slide,NA,
2340,HP/SIR/53F06/2017/374,Sirmur,Rohas,30.567611,77.401175,Rock              Slide,NA,
2341,HP/SIR/53F06/2017/306,Sirmur,Rohas,30.567634,77.40092,Rock              Slide,NA,
2342,HP/SIR/53F06/2017/375,Sirmur,Rohas,30.567684,77.400445,Rock              Slide,NA,
2343,HP/SIR/53F06/2017/372,Sirmur,Rohas,30.56769,77.399598,Rock cum debris   Slide,NA,
2344,HP/SIR/53F10/2017/51,Sirmur,"Sataun, DadahuSataun road",30.56773,77.636011,Rock              Slide,NA,
2345,HP/SIR/53F06/2017/307,Sirmur,Rohas,30.567809,77.400231,Rock cum debris   Slide,NA,
2346,HP/SIR/53F02/2017/64,Sirmur,LehiKaulawala bhood road,30.568351,77.187204,Rock              Slide,NA,
2347,HP/SIR/53F10/2017/57,Sirmur,Dabra,30.5686,77.519308,Rock              Slide,NA,
2348,HP/SIR/53F06/2017/361,Sirmur,Kansar R.F.,30.568784,77.497862,Rock cum debris   Slide,NA,
2349,HP/SIR/53F02/2017/65,Sirmur,LehiKaulawala bhood road,30.569253,77.18782,Rock              Slide,NA,
2350,HP/SIR/53F10/2017/54,Sirmur,North of Baneri,30.569359,77.509781,Rock              Slide,NA,
2351,HP/SIR/53F10/2017/46,Sirmur,"Sataun, DadahuSataun road",30.569415,77.630775,Rock              Slide,NA,
2352,HP/SIR/53F10/2017/53,Sirmur,North of Baneri,30.56942,77.507564,Rock              Slide,NA,
2353,HP/SIR/53F10/2017/35,Sirmur,"Jhankar, DadahuSataun road",30.569503,77.609317,Rock cum debris   Slide,NA,
2354,HP/SIR/53F10/2017/50,Sirmur,"Sataun, DadahuSataun road",30.569554,77.633772,Rock              Slide,NA,
2355,HP/SIR/53F06/2017/365,Sirmur,Torwali,30.569842,77.476005,Rock              Slide,NA,
2356,HP/SIR/53F02/2017/66,Sirmur,BurmaParaliNahan road,30.569856,77.188142,Rock              Slide,NA,
2357,HP/SIR/53F02/2017/33,Sirmur,KumarhattiNahan road,30.570066,77.236443,Rock              Slide,NA,
2358,HP/SIR/53F10/2017/191,Sirmur,North of Baneri,30.570362,77.504277,Rock              Slide,NA,
2359,HP/SIR/53F10/2017/34,Sirmur,"Dadua, DadahuSataun road",30.570367,77.597624,Rock cum debris   Slide,NA,
2360,HP/SIR/53F10/2017/32,Sirmur,"Dadua, DadahuSataun road",30.570515,77.594808,Rock cum debris   Slide,NA,
2361,HP/SIR/53F10/2017/49,Sirmur,"Sataun, DadahuSataun road",30.57053,77.634866,Rock              Slide,NA,
2362,HP/SIR/53F06/2017/366,Sirmur,Torwali,30.570682,77.477886,Rock              Slide,NA,
2363,HP/SIR/53F10/2017/33,Sirmur,"Dadua, DadahuSataun road",30.570699,77.596106,Rock cum debris   Slide,NA,
2364,HP/SIR/53F10/2017/38,Sirmur,"North of Manal,",30.57073,77.614378,Rock              Slide,NA,
2365,HP/SIR/53F02/2017/67,Sirmur,NarayangadMajara road,30.570745,77.189116,Rock              Slide,NA,
2366,HP/SIR/53F02/2017/32,Sirmur,Bahar link road,30.570784,77.236195,Rock              Slide,NA,
2367,HP/SIR/53F10/2017/55,Sirmur,North of Baneri,30.570794,77.502231,Rock              Slide,NA,
2368,HP/SIR/53F06/2017/285,Sirmur,"Kanaun, NahanRama Don road",30.570842,77.326262,Rock              Slide,NA,
2369,HP/SIR/53F10/2017/184,Sirmur,"Dadua, DadahuSataun road",30.570876,77.592462,Debris            Slide,NA,
2370,HP/SIR/53F02/2017/48,Sirmur,,30.570974,77.233602,Rock              Slide,NA,
2371,HP/SIR/53F10/2017/45,Sirmur,"Sataun, DadahuSataun road",30.571093,77.629904,Rock              Slide,NA,
2372,HP/SIR/53F06/2017/295,Sirmur,"Daghera R.F., NahanBirla road",30.571198,77.391179,Rock              Slide,NA,
2373,HP/SIR/53F10/2017/24,Sirmur,Jandnian,30.571409,77.55816,Rock cum debris   Slide,NA,
2374,HP/SIR/53F10/2017/37,Sirmur,"North of Manal,",30.571449,77.614421,Rock              Slide,NA,
2375,HP/SIR/53F06/2017/284,Sirmur,"Kanaun, NahanRama Don road",30.571531,77.325988,Rock              Slide,NA,
2376,HP/SIR/53F10/2017/48,Sirmur,"Sataun, DadahuSataun road",30.571659,77.634617,Rock              Slide,NA,
2377,HP/SIR/53F10/2017/47,Sirmur,"Sataun, DadahuSataun road",30.571793,77.63146,Rock              Slide,NA,
2378,HP/SIR/53F06/2017/297,Sirmur,"Talo, NahanRama Don road",30.572068,77.321236,Rock              Slide,NA,
2379,HP/SIR/53F10/2017/10,Sirmur,Salag R.F.,30.572081,77.656766,Rock cum debris   Slide,NA,
2380,HP/SIR/53F10/2017/183,Sirmur,"Bhujon, DadahuSataun road",30.572297,77.583617,Rock              Slide,NA,
2381,HP/SIR/53F06/2017/114,Sirmur,"Banog, NahanDadahu road",30.572299,77.294477,Rock              Slide,NA,
2382,HP/SIR/53F14/2017/20,Sirmur,Nigali R.F.,30.57238,77.764971,Rock              Slide,NA,
2383,HP/SIR/53F10/2017/11,Sirmur,Salag R.F.,30.572886,77.656911,Rock cum debris   Slide,NA,
2384,HP/SIR/53F06/2017/304,Sirmur,Rohas,30.5729,77.396414,Rock              Slide,NA,
2385,HP/SIR/53F02/2017/31,Sirmur,BanogKaulawala bhood road,30.572907,77.234883,Rock              Slide,NA,
2386,HP/SIR/53F10/2017/125,Sirmur,"North of Chilon,",30.572931,77.652467,Rock              Slide,NA,
2387,HP/SIR/53F10/2017/56,Sirmur,North of Baneri,30.57352,77.506004,Rock              Slide,NA,
2388,HP/SIR/53F06/2017/113,Sirmur,"Banog, NahanDadahu road",30.573562,77.295235,Rock              Slide,NA,
2389,HP/SIR/53F06/2017/303,Sirmur,Rohas,30.573664,77.397066,Rock              Slide,NA,
2390,HP/SIR/53F10/2017/36,Sirmur,"Jhankar, DadahuSataun road",30.573801,77.612013,Rock cum debris   Slide,NA,
2391,HP/SIR/53F06/2017/112,Sirmur,"Banog, NahanDadahu road",30.574188,77.294989,Rock              Slide,NA,
2392,HP/SIR/53F06/2017/283,Sirmur,"Talo, NahanRama Don road",30.574348,77.317295,Rock              Slide,NA,
2393,HP/SIR/53F06/2017/246,Sirmur,Tanlog,30.574411,77.494649,Rock              Slide,NA,
2394,HP/SIR/53F06/2017/310,Sirmur,Rohas,30.574478,77.4003,Rock              Slide,NA,
2395,HP/SIR/53F14/2017/19,Sirmur,Nigali R.F.,30.574653,77.75998,Rock              Slide,NA,
2396,HP/SIR/53F06/2017/247,Sirmur,Tanlog,30.574709,77.492147,Rock              Slide,NA,
2397,HP/SIR/53F06/2017/296,Sirmur,"Serta, NahanRamaDon road",30.574933,77.317399,Rock              Slide,NA,
2398,HP/SIR/53F10/2017/240,Sirmur,Kufar,30.575139,77.732127,Rock              Slide,NA,
2399,HP/SIR/53F06/2017/309,Sirmur,Rohas,30.575203,77.401924,Rock              Slide,NA,
2400,HP/SIR/53F10/2017/27,Sirmur,"Sadiyar, DadahuSataun road",30.575256,77.5723,Rock              Slide,NA,
2401,HP/SIR/53F10/2017/241,Sirmur,Kufar,30.575654,77.731745,Rock              Slide,NA,
2402,HP/SIR/53F06/2017/308,Sirmur,Rohas,30.575702,77.402354,Rock              Slide,NA,
2403,HP/SIR/53F10/2017/29,Sirmur,"Sadiyar, DadahuSataun road",30.575732,77.574584,Rock cum debris   Slide,NA,
2404,HP/SIR/53F14/2017/18,Sirmur,Nigali R.F.,30.575858,77.759061,Rock              Slide,NA,
2405,HP/SIR/53F10/2017/28,Sirmur,"Sadiyar, DadahuSataun road",30.575886,77.572783,Rock              Slide,NA,
2406,HP/SIR/53F06/2017/279,Sirmur,"Serta, NahanRamaDon road",30.576191,77.304949,Rock              Slide,NA,
2407,HP/SIR/53F06/2017/111,Sirmur,"Banog, NahanDadahu road",30.576237,77.296903,Rock              Slide,NA,
2408,HP/SIR/53F02/2017/39,Sirmur,,30.576308,77.191744,Rock              Slide,NA,
2409,HP/SIR/53F06/2017/311,Sirmur,Rohas,30.576447,77.398106,Rock cum debris   Slide,NA,
2410,HP/SIR/53F06/2017/278,Sirmur,"Serta, NahanRamaDon road",30.576599,77.303591,Rock              Slide,NA,
2411,HP/SIR/53F14/2017/21,Sirmur,Nigali R.F.,30.576606,77.75553,Rock              Slide,NA,
2412,HP/SIR/53F02/2017/40,Sirmur,,30.576699,77.191566,Rock              Slide,NA,
2413,HP/SIR/53F10/2017/30,Sirmur,"Sadiyar, DadahuSataun road",30.576753,77.575427,Rock cum debris   Slide,NA,
2414,HP/SIR/53F10/2017/31,Sirmur,"Bhujon, DadahuSataun road",30.577107,77.576408,Rock cum debris   Slide,NA,
2415,HP/SIR/53F10/2017/124,Sirmur,"Birpa, Paontashillai road",30.577163,77.65423,Rock              Slide,NA,
2416,HP/SIR/53F02/2017/41,Sirmur,,30.577169,77.191512,Rock              Slide,NA,
2417,HP/SIR/53F10/2017/242,Sirmur,Kufar,30.577379,77.729557,Rock              Slide,NA,
2418,HP/SIR/53F06/2017/248,Sirmur,Tanlog,30.577693,77.495078,Rock              Slide,NA,
2419,HP/SIR/53F06/2017/280,Sirmur,"Serta, NahanRamaDon road",30.577835,77.305778,Rock              Slide,NA,
2420,HP/SIR/53F06/2017/249,Sirmur,Tanlog,30.577898,77.488982,Rock              Slide,NA,
2421,HP/SIR/53F10/2017/239,Sirmur,Kufar,30.577986,77.730328,Rock              Slide,NA,
2422,HP/SIR/53F06/2017/127,Sirmur,Kandon Bhaila R.F.,30.578047,77.442879,Rock              Slide,NA,
2423,HP/SIR/53F06/2017/126,Sirmur,Kandon Bhaila R.F.,30.57842,77.443126,Rock              Slide,NA,
2424,HP/SIR/53F10/2017/233,Sirmur,North of Kufar,30.578562,77.737415,Rock              Slide,NA,
2425,HP/SIR/53F06/2017/125,Sirmur,Kandon Bhaila R.F.,30.578626,77.442946,Rock              Slide,NA,
2426,HP/SIR/53F06/2017/302,Sirmur,Jadhaun,30.578676,77.395993,Rock              Slide,NA,
2427,HP/SIR/53F10/2017/234,Sirmur,North of Kufar,30.57879,77.736254,Rock              Slide,NA,
2428,HP/SIR/53F06/2017/250,Sirmur,Tanlog,30.579006,77.488884,Rock              Slide,NA,
2429,HP/SIR/53F06/2017/281,Sirmur,"Serta, NahanRamaDon road",30.579008,77.305405,Rock              Slide,NA,
2430,HP/SIR/53F10/2017/6,Sirmur,North of Bhujon,30.5793,77.579217,Rock              Slide,NA,
2431,HP/SIR/53F10/2017/235,Sirmur,North of Kufar,30.57935,77.736016,Rock              Slide,NA,
2432,HP/SIR/53F06/2017/251,Sirmur,Tanlog,30.579419,77.489113,Rock              Slide,NA,
2433,HP/SIR/53F10/2017/236,Sirmur,North of Kufar,30.579481,77.735403,Rock              Slide,NA,
2434,HP/SIR/53F06/2017/110,Sirmur,"Talon, nahanDadahu road",30.579735,77.295501,Rock              Slide,NA,
2435,HP/SIR/53F02/2017/42,Sirmur,,30.579791,77.193439,Rock              Slide,NA,
2436,HP/SIR/53F06/2017/282,Sirmur,"Serta, NahanRamaDon road",30.580003,77.306849,Rock              Slide,NA,
2437,HP/SIR/53F10/2017/237,Sirmur,North of Kufar,30.580069,77.733593,Rock              Slide,NA,
2438,HP/SIR/53F02/2017/43,Sirmur,KumarhattiNahan road,30.580348,77.192899,Rock              Slide,NA,
2439,HP/SIR/53F06/2017/109,Sirmur,"Talon, nahanDadahu road",30.580357,77.296458,Rock              Slide,NA,
2440,HP/SIR/53F10/2017/23,Sirmur,Abra Slide Abra,30.58039,77.554812,Rock cum debris   Slide,NA,
2441,HP/SIR/53F06/2017/352,Sirmur,Chaur,30.580429,77.433603,Rock              Slide,NA,
2442,HP/SIR/53F10/2017/238,Sirmur,North of Kufar,30.580509,77.733835,Rock              Slide,NA,
2443,HP/SIR/53F02/2017/44,Sirmur,KumarhattiNahan road,30.580815,77.192326,Rock              Slide,NA,
2444,HP/SIR/53F06/2017/349,Sirmur,Chaur,30.58137,77.436221,Rock              Slide,NA,
2445,HP/SIR/53F06/2017/315,Sirmur,Chandni,30.581634,77.544806,Rock              Slide,NA,
2446,HP/SIR/53F10/2017/209,Sirmur,Abra,30.581816,77.553307,Rock              Slide,NA,
2447,HP/SIR/53F10/2017/210,Sirmur,Abra,30.581942,77.553009,Rock              Slide,NA,
2448,HP/SIR/53F10/2017/225,Sirmur,Banor,30.581973,77.745424,Rock              Slide,NA,
2449,HP/SIR/53F10/2017/208,Sirmur,Abra,30.582056,77.553995,Rock              Slide,NA,
2450,HP/SIR/53F06/2017/108,Sirmur,"Jangirub, Nahan",30.582121,77.297798,Rock              Slide,NA,
2451,HP/SIR/53F10/2017/207,Sirmur,Abra,30.582323,77.553488,Rock              Slide,NA,
2452,HP/SIR/53F06/2017/19,Sirmur,Mehat,30.582735,77.478151,Debris            Slide,NA,
2453,HP/SIR/53F06/2017/20,Sirmur,Mehat,30.582889,77.47487,Rock cum debris   Slide,NA,
2454,HP/SIR/53F10/2017/246,Sirmur,Nigali,30.582987,77.729204,Rock              Slide,NA,
2455,HP/SIR/53F14/2017/17,Sirmur,Nigali R.F.,30.583117,77.754965,Rock              Slide,NA,
2456,HP/SIR/53F14/2017/22,Sirmur,Nigali R.F.,30.583117,77.754965,Rock              Slide,NA,
2457,HP/SIR/53F06/2017/350,Sirmur,Chaur,30.583708,77.43171,Rock              Slide,NA,
2458,HP/SIR/53F02/2017/71,Sirmur,NH72,30.583756,77.232885,Rock              Slide,NA,
2459,HP/SIR/53F06/2017/66,Sirmur,South of Jangirug,30.58384,77.29732,Rock,Slide,2012
2460,HP/SIR/53F06/2017/67,Sirmur,South of Jangirug,30.58386,77.29643,Rock,Slide,2012
2461,HP/SIR/53F10/2017/245,Sirmur,Nigali,30.583867,77.729523,Rock              Slide,NA,
2462,HP/SIR/53F06/2017/355,Sirmur,Chaur,30.583885,77.432713,Rock              Slide,NA,
2463,HP/SIR/53F10/2017/228,Sirmur,Banor,30.583922,77.746206,Rock              Slide,NA,
2464,HP/SIR/53F10/2017/42,Sirmur,Okhaltu,30.584037,77.621193,Rock              Slide,NA,
2465,HP/SIR/53F06/2017/356,Sirmur,Chaur,30.584086,77.43371,Rock              Slide,NA,
2466,HP/SIR/53F06/2017/107,Sirmur,"Jangirub, Nahan",30.584164,77.296146,Rock              Slide,NA,
2467,HP/SIR/53F10/2017/4,Sirmur,Guana,30.584246,77.508587,Rock              Slide,NA,
2468,HP/SIR/53F10/2017/247,Sirmur,Nigali,30.584309,77.72925,Rock              Slide,NA,
2469,HP/SIR/53F10/2017/40,Sirmur,Okhaltu,30.584329,77.618933,Rock              Slide,NA,
2470,HP/SIR/53F02/2017/70,Sirmur,NH72,30.584785,77.230105,Rock              Slide,NA,
2471,HP/SIR/53F06/2017/353,Sirmur,Chaur,30.584842,77.43347,Rock              Slide,NA,
2472,HP/SIR/53F10/2017/41,Sirmur,Okhaltu,30.585005,77.622296,Rock              Slide,NA,
2473,HP/SIR/53F10/2017/243,Sirmur,Nigali,30.585039,77.7262,Rock              Slide,NA,
2474,HP/SIR/53F10/2017/227,Sirmur,Banor,30.585161,77.744139,Rock              Slide,NA,
2475,HP/SIR/53F06/2017/360,Sirmur,Mehat,30.585209,77.479832,Rock              Slide,NA,
2476,HP/SIR/53F06/2017/354,Sirmur,Chaur,30.585375,77.426301,Rock              Slide,NA,
2477,HP/SIR/53F06/2017/65,Sirmur,Chandni,30.585383,77.540228,Rock              Slide,NA,
2478,HP/SIR/53F06/2017/314,Sirmur,Chandni,30.58546,77.539539,Rock              Slide,NA,
2479,HP/SIR/53F10/2017/226,Sirmur,Banor,30.585667,77.746755,Rock              Slide,NA,
2480,HP/SIR/53F02/2017/68,Sirmur,,30.585778,77.225786,Rock              Slide,NA,
2481,HP/SIR/53F06/2017/351,Sirmur,Chaur,30.585824,77.433614,Rock              Slide,NA,
2482,HP/SIR/53F06/2017/106,Sirmur,"Jangirub, Nahan",30.585962,77.29643,Rock              Slide,NA,
2483,HP/SIR/53F06/2017/21,Sirmur,South of Khala,30.58601,77.497446,Rock              Slide,NA,
2484,HP/SIR/53F10/2017/3,Sirmur,Guana,30.586045,77.507477,Rock              Slide,NA,
2485,HP/SIR/53F02/2017/69,Sirmur,NH72,30.58616,77.22852,Rock              Slide,NA,
2486,HP/SIR/53F10/2017/22,Sirmur,Chandni Slide Chandni,30.586342,77.537132,Rock cum debris   Slide,NA,
2487,HP/SIR/53F06/2017/91,Sirmur,"NE of Mehat, DadahuSataun",30.586528,77.491288,Rock              Slide,NA,
2488,HP/SIR/53F10/2017/43,Sirmur,Okhaltu,30.586676,77.617731,Rock              Slide,NA,
2489,HP/SIR/53F10/2017/232,Sirmur,Banor,30.587111,77.741816,Rock              Slide,NA,
2490,HP/SIR/53F10/2017/123,Sirmur,"South of Deolan,",30.587142,77.650988,Rock              Slide,NA,
2491,HP/SIR/53F10/2017/244,Sirmur,Nigali,30.587489,77.730646,Rock              Slide,NA,
2492,HP/SIR/53F06/2017/348,Sirmur,Tikar,30.587747,77.421454,Rock              Slide,NA,
2493,HP/SIR/53F06/2017/90,Sirmur,"NE of Mehat, DadahuSataun",30.587773,77.489025,Rock              Slide,NA,
2494,HP/SIR/53F10/2017/120,Sirmur,"South of Deolan,",30.587897,77.655223,Rock              Slide,NA,
2495,HP/SIR/53F10/2017/229,Sirmur,Banor,30.588195,77.743127,Rock              Slide,NA,
2496,HP/SIR/53F06/2017/92,Sirmur,"South of Khala,",30.588312,77.49624,Rock              Slide,NA,
2497,HP/SIR/53F10/2017/230,Sirmur,Banor,30.588322,77.743858,Rock              Slide,NA,
2498,HP/SIR/53F06/2017/105,Sirmur,"Jangirub, NahanDadahu road",30.588449,77.297322,Rock              Slide,NA,
2499,HP/SIR/53F10/2017/231,Sirmur,Banor,30.588815,77.741691,Rock              Slide,NA,
2500,HP/SIR/53F10/2017/177,Sirmur,"North of Chandni,",30.588822,77.519218,Rock              Slide,NA,
2501,HP/SIR/53F06/2017/71,Sirmur,South of Khala,30.588878,77.487156,Rock              Slide,NA,
2502,HP/SIR/53F10/2017/121,Sirmur,"South of Deolan,",30.588896,77.653453,Rock              Slide,NA,
2503,HP/SIR/53F06/2017/347,Sirmur,Tikar,30.58896,77.422519,Rock              Slide,NA,
2504,HP/SIR/53F10/2017/175,Sirmur,"South of Pharuwala Falls,",30.589152,77.513847,Rock            Slide,NA,
2505,HP/SIR/53F10/2017/44,Sirmur,Pipal,30.589376,77.615474,Rock            Slide,NA,
2506,HP/SIR/53F02/2017/45,Sirmur,KumarhattiNahan road,30.589404,77.191415,Rock            Slide,NA,
2507,HP/SIR/53F02/2017/72,Sirmur,NH72,30.589719,77.197398,Rock            Slide,NA,
2508,HP/SIR/53F10/2017/176,Sirmur,"North of Guana,",30.589749,77.516751,Rock            Slide,NA,
2509,HP/SIR/53F10/2017/122,Sirmur,"South of Deolan,",30.589799,77.652428,Rock            Slide,NA,
2510,HP/SIR/53F06/2017/329,Sirmur,"South of Lupu,",30.589806,77.500006,Rock            Slide,NA,
2511,HP/SIR/53F10/2017/178,Sirmur,North of Chandni,30.590118,77.519794,Rock            Slide,NA,
2512,HP/SIR/53F10/2017/163,Sirmur,Deolan,30.590253,77.663671,Rock            Slide,NA,
2513,HP/SIR/53F02/2017/73,Sirmur,NH72,30.590367,77.198082,Rock            Slide,NA,
2514,HP/SIR/53F10/2017/162,Sirmur,Deolan,30.590473,77.662389,Rock            Slide,NA,
2515,HP/SIR/53F06/2017/224,Sirmur,South of Renuka Ji,30.590878,77.468077,Rock            Slide,NA,
2516,HP/SIR/53F02/2017/74,Sirmur,Along NH72,30.59095,77.197632,Rock            Slide,NA,
2517,HP/SIR/53F10/2017/5,Sirmur,Duhlia,30.591496,77.52015,Rock            Slide,NA,
2518,HP/SIR/53F10/2017/173,Sirmur,"Baicha, Dadahu",30.591546,77.503133,Rock            Slide,NA,
2519,HP/SIR/53F10/2017/174,Sirmur,"Pharuwala Falls,",30.591977,77.512717,Rock            Slide,NA,
2520,HP/SIR/53F06/2017/104,Sirmur,"Chawahan, Nahan",30.592202,77.297388,Rock            Slide,NA,
2521,HP/SIR/53F10/2017/21,Sirmur,"Pharuwala Falls,",30.592253,77.511167,Rock            Slide,NA,
2522,HP/SIR/53F06/2017/222,Sirmur,South of Renuka Ji,30.592306,77.46919,Rock            Slide,NA,
2523,HP/SIR/53F02/2017/2,Sirmur,Bahar link road,30.592442,77.197668,Rock            Fall,NA,
2524,HP/SIR/53F10/2017/216,Sirmur,Deolan,30.592504,77.661036,Rock            Slide,NA,
2525,HP/SIR/53F02/2017/6,Sirmur,NainatikkarSarahan road,30.592505,77.198119,Rock            Fall,NA,
2526,HP/SIR/53F06/2017/223,Sirmur,South of Renuka Ji,30.592576,77.468869,Rock            Slide,NA,
2527,HP/SIR/53F10/2017/153,Sirmur,Pamta P.F.,30.592774,77.712653,Rock            Slide,NA,
2528,HP/SIR/53F02/2017/29,Sirmur,BanogKaulawala bhood road,30.592822,77.19613,Rock            Slide,NA,
2529,HP/SIR/53F10/2017/154,Sirmur,Pamta P.F.,30.592836,77.708925,Rock            Slide,NA,
2530,HP/SIR/53F06/2017/103,Sirmur,"Chawahan, Nahan",30.592864,77.298087,Rock            Slide,NA,
2531,HP/SIR/53F10/2017/1,Sirmur,Baicha,30.592957,77.50229,Rock            Slide,NA,
2532,HP/SIR/53F02/2017/46,Sirmur,,30.593067,77.194589,Rock            Slide,NA,
2533,HP/SIR/53F02/2017/28,Sirmur,KumarhattiNahan road,30.593099,77.197077,Rock            Slide,NA,
2534,HP/SIR/53F06/2017/70,Sirmur,Khala,30.593531,77.495663,Rock,Slide,2017
2535,HP/SIR/53F06/2017/221,Sirmur,South of Renuka Ji,30.593675,77.459477,Rock            Slide,NA,
2536,HP/SIR/53F10/2017/155,Sirmur,Pamta P.F.,30.593879,77.706372,Rock            Slide,NA,
2537,HP/SIR/53F06/2017/102,Sirmur,"North of Chawahan,",30.593993,77.296802,Rock            Slide,NA,
2538,HP/SIR/53F06/2017/9,Sirmur,Taran,30.594016,77.474554,Rock            Slide,NA,
2539,HP/SIR/53F06/2017/101,Sirmur,"North of Chawahan,",30.594188,77.296319,Rock            Slide,NA,
2540,HP/SIR/53F10/2017/157,Sirmur,Behaldhar,30.594509,77.69491,Rock            Slide,NA,
2541,HP/SIR/53F06/2017/217,Sirmur,South of Renuka Ji,30.594519,77.463335,Rock            Slide,NA,
2542,HP/SIR/53F06/2017/225,Sirmur,South of Renuka Ji,30.594743,77.472205,Rock            Slide,NA,
2543,HP/SIR/53F06/2017/232,Sirmur,South of Renuka Ji,30.594831,77.478943,Rock            Slide,NA,
2544,HP/SIR/53F06/2017/226,Sirmur,South of Renuka Ji,30.594877,77.47272,Rock              Slide,NA,
2545,HP/SIR/53F06/2017/230,Sirmur,South of Renuka Ji,30.595003,77.477996,Rock              Slide,NA,
2546,HP/SIR/53F06/2017/227,Sirmur,South of Renuka Ji,30.595124,77.471094,Rock              Slide,NA,
2547,HP/SIR/53F06/2017/229,Sirmur,South of Renuka Ji,30.595144,77.46899,Rock              Slide,NA,
2548,HP/SIR/53F06/2017/228,Sirmur,South of Renuka Ji,30.595202,77.472934,Rock              Slide,NA,
2549,HP/SIR/53F10/2017/158,Sirmur,Behaldhar,30.595236,77.69475,Rock              Slide,NA,
2550,HP/SIR/53F06/2017/220,Sirmur,South of Renuka Ji,30.595264,77.457866,Rock              Slide,NA,
2551,HP/SIR/53F02/2017/47,Sirmur,,30.595394,77.194045,Rock              Slide,NA,
2552,HP/SIR/53F06/2017/231,Sirmur,South of Renuka Ji,30.595454,77.479514,Rock              Slide,NA,
2553,HP/SIR/53F06/2017/15,Sirmur,South of Baneri,30.595571,77.388292,Rock              Slide,NA,
2554,HP/SIR/53F10/2017/156,Sirmur,Behaldhar,30.595658,77.700842,Rock              Slide,NA,
2555,HP/SIR/53F06/2017/18,Sirmur,South of Baneri,30.595955,77.386349,Rock              Slide,NA,
2556,HP/SIR/53F10/2017/160,Sirmur,Kankot,30.596028,77.689696,Rock              Slide,NA,
2557,HP/SIR/53F06/2017/185,Sirmur,"South of Kanoti, SH1",30.596311,77.285489,Rock cum debris   Slide,NA,
2558,HP/SIR/53F06/2017/218,Sirmur,South of Renuka Ji,30.596407,77.462859,Rock              Slide,NA,
2559,HP/SIR/53F06/2017/184,Sirmur,"South of Kanoti, SH1",30.596416,77.286487,Rock              Slide,NA,
2560,HP/SIR/53F06/2017/14,Sirmur,Kashoga R.F.,30.596567,77.393825,Rock              Slide,NA,
2561,HP/SIR/53F06/2017/10,Sirmur,Ganwara,30.596678,77.407991,Rock              Slide,NA,
2562,HP/SIR/53F06/2017/219,Sirmur,South of Renuka Ji,30.596751,77.462563,Rock              Slide,NA,
2563,HP/SIR/53F06/2017/11,Sirmur,Ganwara,30.596792,77.406617,Rock              Slide,NA,
2564,HP/SIR/53F06/2017/186,Sirmur,"South of Kanoti, SH1",30.596844,77.287316,Rock              Slide,NA,
2565,HP/SIR/53F06/2017/187,Sirmur,"South of Kanoti, SH1",30.596885,77.287472,Rock              Slide,NA,
2566,HP/SIR/53F06/2017/183,Sirmur,"South of Kanoti, SH1",30.596928,77.288555,Rock              Slide,NA,
2567,HP/SIR/53F10/2017/115,Sirmur,Kankot,30.596944,77.683118,Rock              Slide,NA,
2568,HP/SIR/53F10/2017/2,Sirmur,Lupli,30.596947,77.503792,Rock              Slide,NA,
2569,HP/SIR/53F10/2017/159,Sirmur,Kankot,30.597011,77.691497,Rock              Slide,NA,
2570,HP/SIR/53F06/2017/182,Sirmur,"South of Kanoti, SH1",30.597061,77.289646,Rock              Slide,NA,
2571,HP/SIR/53F06/2017/96,Sirmur,"North of Chawahan,",30.59726,77.292322,Rock              Slide,NA,
2572,HP/SIR/53F06/2017/95,Sirmur,"North of Chawahan,",30.597282,77.290775,Rock              Slide,NA,
2573,HP/SIR/53F10/2017/161,Sirmur,Kankot,30.597382,77.690735,Rock              Slide,NA,
2574,HP/SIR/53F06/2017/94,Sirmur,"North of Chawahan,",30.597471,77.291025,Rock              Slide,NA,
2575,HP/SIR/53F06/2017/13,Sirmur,Kashoga R.F.,30.597607,77.395734,Rock              Slide,NA,
2576,HP/SIR/53F06/2017/97,Sirmur,"North of Chawahan,",30.597663,77.292783,Rock              Slide,NA,
2577,HP/SIR/53F06/2017/321,Sirmur,"Kiar, DadahuSataun road",30.597754,77.47685,Rock              Slide,NA,
2578,HP/SIR/53F06/2017/215,Sirmur,South of Renuka Ji,30.5978,77.460996,Rock              Slide,NA,
2579,HP/SIR/53F06/2017/12,Sirmur,Kashoga R.F.,30.597859,77.393373,Rock              Slide,NA,
2580,HP/SIR/53F06/2017/99,Sirmur,"North of Chawahan,",30.597941,77.295187,Rock              Slide,NA,
2581,HP/SIR/53F06/2017/98,Sirmur,"North of Chawahan,",30.598009,77.293662,Rock              Slide,NA,
2582,HP/SIR/53F06/2017/4,Sirmur,Taran,30.598035,77.4779,Debris,Slide,2017
2583,HP/SIR/53F06/2017/82,Sirmur,"East of Jamta,",30.598296,77.327819,Rock              Slide,NA,
2584,HP/SIR/53F06/2017/5,Sirmur,Taran,30.598333,77.476754,Debris,Slide,2010
2585,HP/SIR/53F06/2017/214,Sirmur,South of Renuka Ji,30.598333,77.456253,Rock              Slide,NA,
2586,HP/SIR/53F06/2017/216,Sirmur,South of Renuka Ji,30.59838,77.461078,Rock              Slide,NA,
2587,HP/SIR/53F06/2017/100,Sirmur,"North of Chawahan,",30.598403,77.296633,Rock              Slide,NA,
2588,HP/SIR/53F06/2017/213,Sirmur,South of Renuka Ji,30.598446,77.455708,Rock              Slide,NA,
2589,HP/SIR/53F06/2017/3,Sirmur,South of Kiar,30.598703,77.477586,Rock              Slide,NA,
2590,HP/SIR/53F06/2017/83,Sirmur,"East of Jamta,",30.599502,77.322055,Debris            Slide,NA,
2591,HP/SIR/53F06/2017/16,Sirmur,South of Baneri,30.600043,77.389038,Rock              Slide,NA,
2592,HP/SIR/53F06/2017/84,Sirmur,"Dadahu sinking zone Dadahu, Nahan Dadahu road",30.600271,77.412036,Debris            Subsidence,NA,
2593,HP/SIR/53F06/2017/212,Sirmur,South of Renuka Ji,30.600488,77.455023,Rock              Slide,NA,
2594,HP/SIR/53F06/2017/73,Sirmur,"East of Baneri, NahanDadahu",30.600809,77.397896,Rock,Slide,2012
2595,HP/SIR/53F06/2017/120,Sirmur,Dadahu,30.600839,77.433041,Rock              Slide,NA,
2596,HP/SIR/53F06/2017/17,Sirmur,South of Baneri,30.600976,77.389017,Rock              Slide,NA,
2597,HP/SIR/53F06/2017/211,Sirmur,South of Renuka Ji,30.601122,77.451605,Rock              Slide,NA,
2598,HP/SIR/53F10/2017/170,Sirmur,Kathwar R.F.,30.60158,77.547067,Rock              Slide,NA,
2599,HP/SIR/53F06/2017/121,Sirmur,Dadahu,30.601762,77.434184,Rock              Slide,NA,
2600,HP/SIR/53F10/2017/250,Sirmur,Anrog,30.60201,77.733537,Rock              Slide,NA,
2601,HP/SIR/53F06/2017/68,Sirmur,East of Baneri,30.60205,77.40403,Rock,Slide,2011
2602,HP/SIR/53F06/2017/123,Sirmur,Dadahu,30.602341,77.433133,Rock              Slide,NA,
2603,HP/SIR/53F06/2017/122,Sirmur,Dadahu,30.602357,77.432761,Rock              Slide,NA,
2604,HP/SIR/53F06/2017/72,Sirmur,"South of Gharania,",30.602615,77.403778,Rock              Slide,NA,
2605,HP/SIR/53F06/2017/119,Sirmur,Dadahu,30.602934,77.43346,Rock              Slide,NA,
2606,HP/SIR/53F06/2017/319,Sirmur,"Kiar, Dadahu Sataun road",30.603463,77.482403,Rock              Slide,NA,
2607,HP/SIR/53F10/2017/248,Sirmur,Anrog,30.603572,77.725189,Rock              Slide,NA,
2608,HP/SIR/53F06/2017/115,Sirmur,"Dadahu, SataunDadahu",30.603612,77.438409,Rock              Slide,NA,
2609,HP/SIR/53F06/2017/118,Sirmur,Dadahu,30.603934,77.434887,Rock              Slide,NA,
2610,HP/SIR/53F06/2017/6,Sirmur,North of Shamlog,30.604016,77.490669,Rock              Slide,NA,
2611,HP/SIR/53F06/2017/117,Sirmur,Dadahu,30.604031,77.435446,Rock              Slide,NA,
2612,HP/SIR/53F06/2017/243,Sirmur,Katli,30.604257,77.31306,Rock              Slide,NA,
2613,HP/SIR/53F06/2017/74,Sirmur,"North of Baneri,",30.604291,77.397072,Rock              Slide,NA,
2614,HP/SIR/53F10/2017/249,Sirmur,Anrog,30.604445,77.726543,Rock              Slide,NA,
2615,HP/SIR/53F10/2017/118,Sirmur,"Parlo, PaontaShillai road",30.604675,77.664236,Rock              Slide,NA,
2616,HP/SIR/53F06/2017/242,Sirmur,Katli,30.60479,77.319789,Rock              Slide,NA,
2617,HP/SIR/53F06/2017/69,Sirmur,"Kiar, DadahuSataun road",30.604811,77.480771,Rock              Slide,NA,
2618,HP/SIR/53F10/2017/117,Sirmur,"Parlo, PaontaShillai road",30.604955,77.668168,Rock              Slide,NA,
2619,HP/SIR/53F10/2017/119,Sirmur,"Parlo, PaontaShillai road",30.604998,77.658516,Rock              Slide,NA,
2620,HP/SIR/53F10/2017/172,Sirmur,Shama,30.605048,77.692859,Debris            Subsidence,NA,
2621,HP/SIR/53F06/2017/124,Sirmur,Dadahu,30.605298,77.419272,Rock              Slide,NA,
2622,HP/SIR/53F06/2017/75,Sirmur,"Khadri, Nahan Dadahu road",30.605545,77.390633,Rock              Slide,NA,
2623,HP/SIR/53F06/2017/2,Sirmur,"South of Renuka,",30.605551,77.467316,Debris,Slide,2017
2624,HP/SIR/53F10/2017/116,Sirmur,"Parlo, PaontaShillai road",30.605664,77.669885,Rock              Slide,NA,
2625,HP/SIR/53F06/2017/358,Sirmur,North of Dadahu,30.606265,77.438194,Rock              Slide,NA,
2626,HP/SIR/53F10/2017/171,Sirmur,Shama,30.606499,77.698066,Rock cum debris   Slide,NA,
2627,HP/SIR/53F06/2017/77,Sirmur,"Khadri, NahanDadahu road",30.606762,77.378434,Rock cum debris   Slide,NA,
2628,HP/SIR/53F06/2017/245,Sirmur,Katli,30.60731,77.312535,Debris            Slide,NA,
2629,HP/SIR/53F06/2017/244,Sirmur,Katli,30.607353,77.312308,Rock              Slide,NA,
2630,HP/SIR/53F02/2017/17,Sirmur,SH02,30.607552,77.2334,Rock              Slide,NA,
2631,HP/SIR/53F06/2017/357,Sirmur,North of Dadahu,30.607565,77.445101,Rock              Slide,NA,
2632,HP/SIR/53F06/2017/128,Sirmur,North of Dadahu,30.607573,77.441768,Rock              Fall,NA,
2633,HP/SIR/53F06/2017/76,Sirmur,Khadri,30.607897,77.390714,Rock              Slide,NA,
2634,HP/SIR/53F10/2017/152,Sirmur,Kuphatti,30.607993,77.700387,Rock              Slide,NA,
2635,HP/SIR/53F06/2017/7,Sirmur,North of Shamlog,30.608075,77.495495,Rock              Slide,NA,
2636,HP/SIR/53F06/2017/328,Sirmur,Near Bhagara Falls,30.608201,77.373561,Rock              Slide,NA,
2637,HP/SIR/53F06/2017/320,Sirmur,N/A #N/A,30.608342,77.481049,Rock              Slide,NA,
2638,HP/SIR/53F06/2017/188,Sirmur,"North of Kanoti, SH1",30.608354,77.289073,Rock              Slide,NA,
2639,HP/SIR/53F06/2017/1,Sirmur,"South of Renuka,",30.608375,77.457588,Debris            Slide,NA,
2640,HP/SIR/53F06/2017/210,Sirmur,"Dadahu, Bacheri ka bagh",30.608407,77.435701,Rock              Slide,NA,
2641,HP/SIR/53F10/2017/151,Sirmur,Kuphatti,30.608416,77.699928,Rock              Slide,NA,
2642,HP/SIR/53F06/2017/316,Sirmur,"East of Renuka,",30.608741,77.467724,Rock,Slide,2005
2643,HP/SIR/53F06/2017/189,Sirmur,"North of Kanoti, SH1",30.608841,77.287955,Rock cum debris   Slide,NA,
2644,HP/SIR/53F06/2017/8,Sirmur,Pipalti,30.60888,77.493563,Rock              Slide,NA,
2645,HP/SIR/53F06/2017/35,Sirmur,North of Dadahu,30.608976,77.439556,Rock              Slide,NA,
2646,HP/SIR/53F14/2017/50,Sirmur,Jamana Pobhar R.F.,30.608982,77.757142,Rock              Slide,NA,
2647,HP/SIR/53F06/2017/116,Sirmur,Dadahu,30.609192,77.434976,Rock              Slide,NA,
2648,HP/SIR/53F06/2017/318,Sirmur,"East of Renuka,",30.609212,77.472053,Rock              Slide,NA,
2649,HP/SIR/53F06/2017/317,Sirmur,"East of Renuka,",30.60934,77.471753,Rock              Slide,NA,
2650,HP/SIR/53F06/2017/190,Sirmur,"North of Kanoti, SH1",30.60958,77.285466,Rock              Slide,NA,
2651,HP/SIR/53F06/2017/34,Sirmur,North of Dadahu,30.609682,77.439208,Rock              Slide,NA,
2652,HP/SIR/53F06/2017/78,Sirmur,"Near Bhagara Falls,",30.609974,77.375279,Rock              Slide,NA,
2653,HP/SIR/53F06/2017/89,Sirmur,"Near Bhagara Falls,",30.610916,77.3749,Rock              Slide,NA,
2654,HP/SIR/53F06/2017/93,Sirmur,Gharjara,30.61113,77.370098,Rock              Slide,NA,
2655,HP/SIR/53F10/2017/113,Sirmur,"Kaffota, PaontaShillai road",30.611279,77.686085,Rock              Slide,NA,
2656,HP/SIR/53F10/2017/114,Sirmur,"Kaffota, PaontaShillai road",30.611656,77.682627,Rock              Slide,NA,
2657,HP/SIR/53F06/2017/191,Sirmur,"Ladu, SH1, NahanSolan road",30.611812,77.288527,Rock              Slide,NA,
2658,HP/SIR/53F02/2017/18,Sirmur,SH02,30.611849,77.221776,Rock              Slide,NA,
2659,HP/SIR/53F06/2017/192,Sirmur,"Ladu, SH1, NahanSolan road",30.612035,77.289512,Rock              Slide,NA,
2660,HP/SIR/53F10/2017/109,Sirmur,Masu,30.612569,77.75802,Rock              Slide,NA,
2661,HP/SIR/53F06/2017/241,Sirmur,Dathnog,30.612574,77.319852,Rock              Slide,NA,
2662,HP/SIR/53F06/2017/85,Sirmur,North of Khadri,30.6127,77.387564,Rock              Slide,NA,
2663,HP/SIR/53F06/2017/336,Sirmur,Gharjara,30.612887,77.370368,Rock              Slide,NA,
2664,HP/SIR/53F06/2017/81,Sirmur,"South of Nalli,",30.612919,77.336663,Rock              Slide,NA,
2665,HP/SIR/53F06/2017/335,Sirmur,Gharjara,30.613316,77.372006,Rock              Slide,NA,
2666,HP/SIR/53F06/2017/79,Sirmur,"Nalli, NahanDadahu road",30.614202,77.339964,Rock cum debris   Slide,NA,
2667,HP/SIR/53F06/2017/257,Sirmur,North of Kyarta,30.614221,77.493873,Rock              Slide,NA,
2668,HP/SIR/53F06/2017/193,Sirmur,"Ladu, SH1, NahanSolan road",30.614336,77.289461,Rock              Slide,NA,
2669,HP/SIR/53F06/2017/80,Sirmur,"South of Nalli,",30.614552,77.337166,Rock              Slide,NA,
2670,HP/SIR/53F10/2017/112,Sirmur,"Kaffota, PaontaShillai road",30.614685,77.690175,Rock              Slide,NA,
2671,HP/SIR/53F06/2017/37,Sirmur,North of Dadahu,30.614953,77.438158,Rock              Slide,NA,
2672,HP/SIR/53F14/2017/41,Sirmur,Masu,30.615065,77.766885,Rock              Slide,NA,
2673,HP/SIR/53F06/2017/359,Sirmur,North of Dadahu,30.615243,77.441305,Rock              Slide,NA,
2674,HP/SIR/53F06/2017/326,Sirmur,Kharari,30.615398,77.395485,Rock              Slide,NA,
2675,HP/SIR/53F06/2017/36,Sirmur,North of Dadahu,30.61546,77.438366,Rock              Slide,NA,
2676,HP/SIR/53F10/2017/111,Sirmur,"Kaffota, PaontaShillai road",30.615482,77.69231,Rock              Slide,NA,
2677,HP/SIR/53F06/2017/256,Sirmur,North of Kyarta,30.61551,77.483981,Rock              Slide,NA,
2678,HP/SIR/53F06/2017/332,Sirmur,Katal,30.615591,77.372474,Rock              Slide,NA,
2679,HP/SIR/53F06/2017/254,Sirmur,North of Kyarta,30.615636,77.483127,Rock              Slide,NA,
2680,HP/SIR/53F06/2017/255,Sirmur,North of Kyarta,30.615639,77.483592,Rock              Slide,NA,
2681,HP/SIR/53F06/2017/253,Sirmur,North of Kyarta,30.61574,77.484492,Rock              Slide,NA,
2682,HP/SIR/53F10/2017/110,Sirmur,"Kaffota, PaontaShillai road",30.616222,77.695668,Rock              Slide,NA,
2683,HP/SIR/53F06/2017/330,Sirmur,Katal,30.61626,77.371877,Rock              Slide,NA,
2684,HP/SIR/53F06/2017/86,Sirmur,South of kamlar,30.616294,77.378369,Rock cum debris   Slide,NA,
2685,HP/SIR/53F06/2017/325,Sirmur,Kharari,30.616334,77.39352,Rock              Slide,NA,
2686,HP/SIR/53F06/2017/252,Sirmur,North of Kyarta,30.616481,77.490342,Rock              Slide,NA,
2687,HP/SIR/53F06/2017/327,Sirmur,Kharari,30.616491,77.392383,Rock              Slide,NA,
2688,HP/SIR/53F06/2017/129,Sirmur,"Sathan, DadahuSangrah road",30.616502,77.462923,Rock              Slide,NA,
2689,HP/SIR/53F06/2017/258,Sirmur,North of Kyarta,30.616539,77.481107,Rock              Slide,NA,
2690,HP/SIR/53F06/2017/194,Sirmur,"Ladu, SH1, NahanSolan road",30.616765,77.291903,Rock              Slide,NA,
2691,HP/SIR/53F06/2017/333,Sirmur,Katal,30.616979,77.37327,Rock              Slide,NA,
2692,HP/SIR/53F06/2017/331,Sirmur,Katal,30.617212,77.374076,Rock              Slide,NA,
2693,HP/SIR/53F06/2017/322,Sirmur,South of kamlar,30.617763,77.379019,Rock cum debris   Slide,NA,
2694,HP/SIR/53F14/2017/42,Sirmur,Masu,30.61781,77.770513,Rock              Slide,NA,
2695,HP/SIR/53F06/2017/88,Sirmur,South of kamlar,30.61805,77.376938,Rock cum debris   Slide,NA,
2696,HP/SIR/53F06/2017/240,Sirmur,Jhalara,30.61845,77.332451,Rock              Slide,NA,
2697,HP/SIR/53F06/2017/345,Sirmur,Anji,30.618694,77.365659,Rock              Slide,NA,
2698,HP/SIR/53F06/2017/323,Sirmur,South of kamlar,30.619378,77.379867,Rock cum debris   Slide,NA,
2699,HP/SIR/53F14/2017/44,Sirmur,Masu,30.619598,77.773223,Rock              Slide,NA,
2700,HP/SIR/53F14/2017/43,Sirmur,Masu,30.619738,77.76963,Rock              Slide,NA,
2701,HP/SIR/53F06/2017/197,Sirmur,"Kangar, SH1, NahanSolan road",30.620396,77.28574,Rock              Slide,NA,
2702,HP/SIR/53F06/2017/195,Sirmur,"Kangar, SH1, NahanSolan road",30.620445,77.29107,Rock              Slide,NA,
2703,HP/SIR/53F06/2017/196,Sirmur,"Kangar, SH1, NahanSolan road",30.620717,77.290433,Rock              Slide,NA,
2704,HP/SIR/53F06/2017/324,Sirmur,Kamlar,30.620796,77.37926,Rock cum debris   Slide,NA,
2705,HP/SIR/53F06/2017/346,Sirmur,Anji,30.621144,77.357198,Rock              Slide,NA,
2706,HP/SIR/53F6/2017/04,Sirmur,Khadkali Khadkali to Unar Kango road,30.621194,77.46,Rock cum debris,Slide,2017
2707,HP/SIR/53F14/2017/45,Sirmur,Masu,30.621326,77.767548,Rock              Slide,NA,
2708,HP/SIR/53F06/2017/87,Sirmur,Kamlar,30.621351,77.379212,Rock cum debris   Slide,NA,
2709,HP/SIR/53F06/2017/142,Sirmur,"East of Kharkuli,",30.62137,77.46051,Rock              Slide,NA,
2710,HP/SIR/53F06/2017/141,Sirmur,"East of Kharkuli,",30.621455,77.459921,Rock              Slide,NA,
2711,HP/SIR/53F06/2017/198,Sirmur,"Kangar, SH1, NahanSolan road",30.621682,77.285782,Rock              Slide,NA,
2712,HP/SIR/53F06/2017/140,Sirmur,"East of Kharkuli,",30.622021,77.45823,Rock              Slide,NA,
2713,HP/SIR/53F06/2017/238,Sirmur,Jhalara,30.622064,77.341696,Rock              Slide,NA,
2714,HP/SIR/53F06/2017/139,Sirmur,"East of Kharkuli,",30.622098,77.457608,Rock              Slide,NA,
2715,HP/SIR/53F06/2017/334,Sirmur,Jaghas,30.622158,77.367897,Rock            Slide,NA,
2716,HP/SIR/53F06/2017/337,Sirmur,South of Mohari,30.623072,77.350812,Rock            Slide,NA,
2717,HP/SIR/53F06/2017/209,Sirmur,"Sanara, Bacheri ka bagh",30.62315,77.431452,Rock            Slide,NA,
2718,HP/SIR/53F06/2017/239,Sirmur,Jhalara,30.623456,77.331625,Rock            Slide,NA,
2719,HP/SIR/53F06/2017/138,Sirmur,"East of Kharkuli,",30.623797,77.460805,Rock            Slide,NA,
2720,HP/SIR/53F06/2017/342,Sirmur,South of Mohari,30.623894,77.35214,Rock            Slide,NA,
2721,HP/SIR/53F06/2017/137,Sirmur,"East of Kharkuli,",30.623899,77.46281,Rock            Slide,NA,
2722,HP/SIR/53F06/2017/136,Sirmur,"East of Kharkuli,",30.624114,77.462729,Rock            Slide,NA,
2723,HP/SIR/53F06/2017/135,Sirmur,"East of Kharkuli,",30.624564,77.463242,Rock            Slide,NA,
2724,HP/SIR/53F02/2017/19,Sirmur,,30.624628,77.189682,Rock            Slide,NA,
2725,HP/SIR/53F06/2017/340,Sirmur,South of Mohari,30.625512,77.350874,Rock            Slide,NA,
2726,HP/SIR/53F06/2017/341,Sirmur,South of Mohari,30.625613,77.3522,Rock            Slide,NA,
2727,HP/SIR/53F10/2017/105,Sirmur,"Jamna, KotiKaffota road",30.625873,77.739205,Rock            Slide,NA,
2728,HP/SIR/53F02/2017/1,Sirmur,,30.625875,77.190204,Rock            Fall,NA,
2729,HP/SIR/53F10/2017/106,Sirmur,"Jamna, KotiKaffota road",30.626339,77.740025,Rock            Slide,NA,
2730,HP/SIR/53F10/2017/108,Sirmur,"Jamna, KotiKaffota road",30.626728,77.757029,Rock            Slide,NA,
2731,HP/SIR/53F06/2017/344,Sirmur,Chakli,30.627075,77.343537,Rock            Slide,NA,
2732,HP/SIR/53F06/2017/237,Sirmur,Chakli,30.627075,77.343537,Rock            Slide,NA,
2733,HP/SIR/53F06/2017/133,Sirmur,"East of Kharkuli,",30.627188,77.465038,Rock            Slide,NA,
2734,HP/SIR/53F06/2017/338,Sirmur,South of Mohari,30.627494,77.351694,Rock            Slide,NA,
2735,HP/SIR/53F10/2017/107,Sirmur,"Jamna, KotiKaffota road",30.627519,77.748647,Rock            Slide,NA,
2736,HP/SIR/53F06/2017/343,Sirmur,South of Mohari,30.627911,77.354044,Rock            Slide,NA,
2737,HP/SIR/53F06/2017/134,Sirmur,"East of Kharkuli,",30.628007,77.466613,Rock            Slide,NA,
2738,HP/SIR/53F06/2017/339,Sirmur,South of Mohari,30.628045,77.353262,Rock            Slide,NA,
2739,HP/SIR/53F06/2017/131,Sirmur,Aliyan,30.62816,77.477754,Rock            Slide,NA,
2740,HP/SIR/53F06/2017/201,Sirmur,South of Banethi SH1,30.628313,77.27314,Rock            Slide,NA,
2741,HP/SIR/53F06/2017/200,Sirmur,South of Banethi SH1,30.628351,77.274717,Debris          Subsidence,NA,
2742,HP/SIR/53F06/2017/199,Sirmur,South of Banethi SH1,30.62841,77.276472,Rock            Slide,NA,
2743,HP/SOL/53B13/2017/190,Solan,,30.62909,76.219379,Rock            Slide,NA,
2744,HP/SIR/53F06/2017/132,Sirmur,"East of Kharkuli,",30.629979,77.467679,Rock            Slide,NA,
2745,HP/SIR/53F06/2017/130,Sirmur,Aliyan,30.631394,77.475749,Rock            Slide,NA,
2746,HP/SIR/53F06/2017/234,Sirmur,Dongi Ki Ser,30.633491,77.340888,Rock            Slide,NA,
2747,HP/SIR/53F06/2017/233,Sirmur,Dongi Ki Ser,30.633799,77.34176,Rock            Slide,NA,
2748,HP/SIR/53F02/2017/5,Sirmur,NainatikkarSarahan road,30.633933,77.187139,Rock            Fall,NA,
2749,HP/SIR/53F06/2017/235,Sirmur,Dongi Ki Ser,30.634022,77.342596,Rock            Slide,NA,
2750,HP/SIR/53F02/2017/20,Sirmur,,30.634969,77.186424,Rock            Slide,NA,
2751,HP/SIR/53F06/2017/236,Sirmur,Dongi Ki Ser,30.635744,77.344014,Rock            Slide,NA,
2752,HP/SIR/53F06/2017/143,Sirmur,"Kakog, Dadahu",30.641925,77.435935,Rock            Slide,NA,
2753,HP/SIR/53F14/2017/36,Sirmur,Kyontha,30.642261,77.776432,Rock            Slide,NA,
2754,HP/SIR/53F14/2017/35,Sirmur,Kyontha,30.643713,77.775265,Rock            Slide,NA,
2755,HP/SIR/53F06/2017/38,Sirmur,Chamiyana,30.643924,77.412068,Rock            Slide,NA,
2756,HP/SIR/53F14/2017/34,Sirmur,Kyontha,30.644488,77.774026,Rock            Slide,NA,
2757,HP/SIR/53F02/2017/3,Sirmur,,30.645573,77.189126,Rock            Fall,NA,
2758,HP/SIR/53F02/2017/7,Sirmur,Kala ambPoanta road,30.645665,77.188158,Debris          Slide,NA,
2759,HP/SIR/53F14/2017/38,Sirmur,Kyontha,30.646869,77.753782,Rock            Slide,NA,
2760,HP/SIR/53F10/2017/79,Sirmur,"Jathyan, PaontaShillai road",30.647243,77.658204,Rock            Slide,NA,
2761,HP/SIR/53F14/2017/32,Sirmur,West of Koti,30.647635,77.754581,Rock            Slide,NA,
2762,HP/SIR/53F06/2017/208,Sirmur,"Chunkhar, Bacheri ka bagh",30.647691,77.395456,Rock            Slide,NA,
2763,HP/SIR/53F06/2017/206,Sirmur,"Chunkhar, Bacheri ka bagh",30.648488,77.392265,Rock            Slide,NA,
2764,HP/SIR/53F06/2017/144,Sirmur,"Kakog, Dadahu",30.648535,77.441542,Rock            Slide,NA,
2765,HP/SIR/53F06/2017/207,Sirmur,"Chunkhar, Bacheri ka bagh",30.648576,77.393697,Rock            Slide,NA,
2766,HP/SIR/53F14/2017/37,Sirmur,Kyontha,30.64884,77.756197,Rock            Slide,NA,
2767,HP/SIR/53F10/2017/80,Sirmur,"Jathyan, PaontaShillai road",30.648912,77.658136,Rock            Slide,NA,
2768,HP/SIR/53F02/2017/8,Sirmur,Bhajjar link road,30.649657,77.186049,Debris          Slide,NA,
2769,HP/SIR/53F10/2017/81,Sirmur,"Jathyan, PaontaShillai road",30.650732,77.653178,Rock            Slide,NA,
2770,HP/SIR/53F14/2017/33,Sirmur,Kyontha,30.651217,77.758593,Rock            Slide,NA,
2771,HP/SIR/53F14/2017/25,Sirmur,West of Koti,30.653296,77.767848,Rock            Slide,NA,
2772,HP/SIR/53F02/2017/9,Sirmur,Bahar link road,30.653549,77.184548,Debris          Slide,NA,
2773,HP/SIR/53F14/2017/26,Sirmur,West of Koti,30.653648,77.768193,Rock            Slide,NA,
2774,HP/SIR/53F14/2017/27,Sirmur,West of Koti,30.653878,77.768773,Rock            Slide,NA,
2775,HP/SIR/53F14/2017/23,Sirmur,West of Koti,30.654556,77.767209,Rock            Slide,NA,
2776,HP/SIR/53F14/2017/24,Sirmur,West of Koti,30.654974,77.766019,Rock            Slide,NA,
2777,HP/SIR/53F14/2017/30,Sirmur,West of Koti,30.65505,77.785625,Rock            Slide,NA,
2778,HP/SIR/53F02/2017/22,Sirmur,KumarhattiNahan road,30.655681,77.184091,Rock            Slide,NA,
2779,HP/SIR/53F02/2017/16,Sirmur,SH02,30.656356,77.22558,Rock            Slide,NA,
2780,HP/SIR/53F02/2017/23,Sirmur,KumarhattiNahan road,30.656704,77.183142,Rock            Slide,NA,
2781,HP/SIR/53F02/2017/15,Sirmur,SH02,30.65704,77.224474,Rock            Slide,NA,
2782,HP/SIR/53F14/2017/29,Sirmur,West of Koti,30.657058,77.789386,Rock            Slide,NA,
2783,HP/SIR/53F14/2017/28,Sirmur,West of Koti,30.657422,77.787449,Rock            Slide,NA,
2784,HP/SIR/53F14/2017/31,Sirmur,West of Koti,30.657513,77.78814,Rock            Slide,NA,
2785,HP/SIR/53F02/2017/14,Sirmur,SH02,30.658507,77.222564,Rock            Slide,NA,
2786,HP/SIR/53F02/2017/21,Sirmur,,30.659523,77.188996,Rock            Slide,NA,
2787,HP/SIR/53F02/2017/13,Sirmur,SH02,30.659615,77.220759,Rock            Slide,NA,
2788,HP/SIR/53F10/2017/82,Sirmur,"Gangtoli, PaontaShillai road",30.659898,77.659879,Rock            Slide,NA,
2789,HP/SIR/53F06/2017/202,Sirmur,"Banel, BanethiRajgarh road",30.660177,77.26166,Rock            Slide,NA,
2790,HP/SIR/53F10/2017/91,Sirmur,"Larao, paontaShillai road",30.660686,77.674656,Rock            Slide,NA,
2791,HP/SIR/53F14/2017/46,Sirmur,West of Koti,30.661283,77.77499,Rock            Slide,NA,
2792,HP/SIR/53F14/2017/47,Sirmur,West of Koti,30.661568,77.774259,Rock            Slide,NA,
2793,HP/SIR/53F10/2017/90,Sirmur,"Larao, paontaShillai road",30.661674,77.673378,Rock            Slide,NA,
2794,HP/SIR/53F02/2017/12,Sirmur,SH02,30.661998,77.217881,Rock            Slide,NA,
2795,HP/SIR/53F02/2017/24,Sirmur,KumarhattiNahan road,30.662261,77.178608,Rock            Slide,NA,
2796,HP/SIR/53F10/2017/92,Sirmur,"South of Tikar, PaontaShillai",30.662276,77.67865,Rock            Slide,NA,
2797,HP/SIR/53F10/2017/89,Sirmur,"Larao, paontaShillai road",30.662523,77.673166,Rock            Slide,NA,
2798,HP/SIR/53F10/2017/93,Sirmur,"South of Tikar, PaontaShillai",30.66285,77.679174,Rock            Slide,NA,
2799,HP/SIR/53F02/2017/25,Sirmur,KumarhattiNahan road,30.66303,77.178793,Rock            Slide,NA,
2800,HP/SIR/53F06/2017/203,Sirmur,"Banel, BanethiRajgarh road",30.664368,77.262329,Rock            Slide,NA,
2801,HP/SIR/53F10/2017/88,Sirmur,"Larao, paontaShillai road",30.664481,77.671733,Rock            Slide,NA,
2802,HP/SIR/53F10/2017/87,Sirmur,"Larao, paontaShillai road",30.665193,77.670624,Rock            Slide,NA,
2803,HP/SIR/53F10/2017/94,Sirmur,"South of Tikar, PaontaShillai",30.665382,77.679582,Rock              Slide,NA,
2804,HP/SIR/53F10/2017/95,Sirmur,"South of Tikar, PaontaShillai",30.6655,77.68247,Rock              Slide,NA,
2805,HP/SIR/53F06/2017/145,Sirmur,"North of Guhana,",30.665618,77.427879,Rock              Slide,NA,
2806,HP/SIR/53F10/2017/86,Sirmur,"Larao, paontaShillai road",30.666051,77.669408,Rock              Slide,NA,
2807,HP/SIR/53F10/2017/85,Sirmur,"Larao, paontaShillai road",30.666725,77.66836,Rock              Slide,NA,
2808,HP/SIR/53F10/2017/84,Sirmur,"Larao, paontaShillai road",30.667588,77.667401,Rock              Slide,NA,
2809,HP/SIR/53F10/2017/98,Sirmur,"South of Tikar, PaontaShillai",30.667949,77.690677,Rock              Slide,NA,
2810,HP/SIR/53F02/2017/26,Sirmur,KumarhattiNahan road,30.668309,77.172411,Rock              Slide,NA,
2811,HP/SIR/53F10/2017/96,Sirmur,"South of Tikar, PaontaShillai",30.668453,77.684717,Rock              Slide,NA,
2812,HP/SIR/53F10/2017/97,Sirmur,"South of Tikar, PaontaShillai",30.668724,77.688054,Rock              Slide,NA,
2813,HP/SIR/53F14/2017/39,Sirmur,Chaukri,30.671679,77.757625,Rock cum debris   Slide,NA,
2814,HP/SIR/53F06/2017/39,Sirmur,Majhai,30.671767,77.393658,Rock              Slide,NA,
2815,HP/SOL/53F02/2017/90,Solan,,30.671841,77.245255,Rock              Slide,NA,
2816,HP/SOL/53F02/2017/101,Solan,Palticut road,30.67221,77.246092,Rock              Slide,NA,
2817,HP/SIR/53F10/2017/83,Sirmur,"Manal, PaontaShillai road",30.672265,77.666886,Rock              Slide,NA,
2818,HP/SOL/53F02/2017/87,Solan,,30.672722,77.237315,Rock              Slide,NA,
2819,HP/SIR/53F10/2017/99,Sirmur,"Shillai, PaontaShillai road",30.672764,77.692348,Rock              Slide,NA,
2820,HP/SIR/53F10/2017/100,Sirmur,"Shillai, PaontaShillai road",30.674109,77.692476,Rock              Slide,NA,
2821,HP/SIR/53F02/2017/11,Sirmur,Bahar link road,30.674189,77.199135,Rock              Slide,NA,
2822,HP/SIR/53F14/2017/40,Sirmur,Chaukri,30.676025,77.751894,Rock              Slide,NA,
2823,HP/SIR/53F10/2017/101,Sirmur,"Shillai, PaontaShillai road",30.676765,77.692873,Rock              Slide,NA,
2824,HP/SIR/53F02/2017/10,Sirmur,,30.677099,77.198142,Debris            Slide,NA,
2825,HP/SIR/53F02/2017/27,Sirmur,KumarhattiNahan road,30.67764,77.170066,Rock              Slide,NA,
2826,HP/SIR/53F10/2017/102,Sirmur,"Shillai, PaontaShillai road",30.677939,77.696419,Rock              Slide,NA,
2827,HP/SIR/53F10/2017/18,Sirmur,Chaukri,30.678049,77.745366,Rock cum debris   Slide,NA,
2828,HP/SOL/53F02/2017/106,Solan,Palticut road,30.678066,77.192317,Rock              Slide,NA,
2829,HP/SOL/53F02/2017/107,Solan,,30.678938,77.196898,Rock              Slide,NA,
2830,HP/SOL/53F02/2017/100,Solan,Palticut road,30.680075,77.19582,Rock              Slide,NA,
2831,HP/SIR/53F10/2017/77,Sirmur,"Shillai, ShillaiRonhat road",30.680093,77.708275,Rock              Slide,NA,
2832,HP/SIR/53F10/2017/103,Sirmur,"Shillai, ShillaiRonhat road",30.680226,77.703184,Rock              Slide,NA,
2833,HP/SIR/53F10/2017/104,Sirmur,"Shillai, ShillaiRonhat road",30.680238,77.703654,Rock              Slide,NA,
2834,HP/SIR/53F10/2017/78,Sirmur,"Shillai, ShillaiRonhat road",30.68107,77.709443,Rock              Slide,NA,
2835,HP/SOL/53F01/2017/191,Solan,SH02,30.681428,77.198749,Rock              Slide,NA,
2836,HP/SOL/53F02/2017/91,Solan,,30.682255,77.248867,Rock              Slide,NA,
2837,HP/SOL/53F01/2017/12,Solan,SH02,30.682555,77.203656,Rock              Fall,NA,
2838,HP/SIR/53F10/2017/17,Sirmur,Bela,30.683565,77.720718,Rock              Slide,NA,
2839,HP/SIR/53F02/2017/86,Sirmur,,30.684081,77.168239,Rock              Slide,NA,
2840,HP/SIR/53F06/2017/205,Sirmur,"Bagthan, Banethirajgarh road",30.685119,77.283547,Rock              Slide,NA,
2841,HP/SOL/53F02/2017/99,Solan,Palticut road,30.685577,77.208853,Rock              Slide,NA,
2842,HP/SIR/53F06/2017/204,Sirmur,"Bagthan, Banethirajgarh road",30.685787,77.283194,Rock              Slide,NA,
2843,HP/SIR/53F10/2017/251,Sirmur,Chyali R.F.,30.686362,77.681393,Rock              Slide,NA,
2844,HP/SOL/53F02/2017/104,Solan,Palticut road,30.686721,77.202801,Rock              Slide,NA,
2845,HP/SIR/53F06/2017/172,Sirmur,South west of Siyun,30.687389,77.385229,Rock              Slide,NA,
2846,HP/SIR/53F10/2017/263,Sirmur,Chyali R.F.,30.687821,77.668471,Rock              Slide,NA,
2847,HP/SOL/53F02/2017/93,Solan,NainatikkarSarahan road,30.687845,77.212412,Rock            Slide,NA,
2848,HP/SIR/53F10/2017/253,Sirmur,Chyali R.F.,30.688903,77.693864,Rock            Slide,NA,
2849,HP/SIR/53F10/2017/265,Sirmur,Chyali R.F.,30.689614,77.668694,Rock            Slide,NA,
2850,HP/SOL/53F02/2017/95,Solan,KumarhattiNahan road,30.689835,77.215813,Rock            Slide,NA,
2851,HP/SIR/53F10/2017/264,Sirmur,Chyali R.F.,30.690004,77.668262,Rock            Slide,NA,
2852,HP/SIR/53F10/2017/19,Sirmur,Balikoti R.F.,30.690184,77.738088,Rock            Slide,NA,
2853,HP/SIR/53F10/2017/252,Sirmur,Chyali R.F.,30.690227,77.691432,Rock            Slide,NA,
2854,HP/SOL/53F02/2017/94,Solan,KumarhattiNahan road,30.690449,77.214687,Rock            Slide,NA,
2855,HP/SIR/53F10/2017/254,Sirmur,Chyali R.F.,30.690784,77.695169,Rock            Slide,NA,
2856,HP/SOL/53F02/2017/92,Solan,,30.691055,77.212649,Rock            Slide,NA,
2857,HP/SIR/53F10/2017/256,Sirmur,Chyali R.F.,30.692667,77.668112,Rock            Slide,NA,
2858,HP/SIR/53F10/2017/255,Sirmur,Chyali R.F.,30.693445,77.670611,Rock            Slide,NA,
2859,HP/SIR/53F10/2017/20,Sirmur,Balikoti R.F.,30.693923,77.741002,Rock            Slide,NA,
2860,HP/SIR/53F06/2017/174,Sirmur,West of Sangrah,30.694736,77.399333,Rock            Slide,NA,
2861,HP/SIR/53F06/2017/173,Sirmur,West of Sangrah,30.694885,77.402033,Rock            Slide,NA,
2862,HP/SOL/53F02/2017/89,Solan,,30.695287,77.17192,Rock            Slide,NA,
2863,HP/SOL/53F02/2017/105,Solan,Palticut road,30.695713,77.171817,Rock            Slide,NA,
2864,HP/SIR/53F06/2017/175,Sirmur,West of Sangrah,30.696411,77.400848,Rock            Slide,NA,
2865,HP/SIR/53F10/2017/266,Sirmur,Chyali R.F.,30.697106,77.659831,Rock            Slide,NA,
2866,HP/SIR/53F06/2017/181,Sirmur,West of Sangrah,30.697408,77.40522,Rock            Slide,NA,
2867,HP/SIR/53F10/2017/262,Sirmur,Chyali R.F.,30.69744,77.666865,Rock            Slide,NA,
2868,HP/SIR/53F06/2017/153,Sirmur,North of Siyun,30.697462,77.386054,Rock            Slide,NA,
2869,HP/SIR/53F10/2017/260,Sirmur,Chyali R.F.,30.697783,77.662471,Rock            Slide,NA,
2870,HP/SIR/53F06/2017/176,Sirmur,West of Sangrah,30.697882,77.401767,Rock            Slide,NA,
2871,HP/SIR/53F06/2017/180,Sirmur,West of Sangrah,30.698104,77.404631,Rock            Slide,NA,
2872,HP/SIR/53F06/2017/179,Sirmur,West of Sangrah,30.698426,77.404783,Rock            Slide,NA,
2873,HP/SIR/53F06/2017/151,Sirmur,North of Siyun,30.698436,77.386015,Rock            Slide,NA,
2874,HP/SIR/53F06/2017/152,Sirmur,North of Siyun,30.698498,77.38812,Rock            Slide,NA,
2875,HP/SIR/53F06/2017/178,Sirmur,West of Sangrah,30.698511,77.403403,Rock            Slide,NA,
2876,HP/SIR/53F10/2017/261,Sirmur,Chyali R.F.,30.698544,77.665919,Rock            Slide,NA,
2877,HP/SIR/53F10/2017/268,Sirmur,Chyali R.F.,30.698638,77.653771,Rock            Slide,NA,
2878,HP/SIR/53F06/2017/177,Sirmur,West of Sangrah,30.69914,77.402305,Rock            Slide,NA,
2879,HP/SIR/53F06/2017/147,Sirmur,North of Siyun,30.699213,77.37545,Rock            Slide,NA,
2880,HP/SIR/53F10/2017/267,Sirmur,Chyali R.F.,30.700708,77.65509,Rock            Slide,NA,
2881,HP/SIR/53F06/2017/146,Sirmur,North of Siyun,30.700721,77.374693,Rock            Slide,NA,
2882,HP/SIR/53F10/2017/257,Sirmur,Chyali R.F.,30.700832,77.661064,Rock            Slide,NA,
2883,HP/SIR/53F10/2017/258,Sirmur,Chyali R.F.,30.70086,77.661464,Rock            Slide,NA,
2884,HP/SIR/53F06/2017/148,Sirmur,North of Siyun,30.700968,77.373155,Rock            Slide,NA,
2885,HP/SIR/53F10/2017/259,Sirmur,Chyali R.F.,30.701313,77.660256,Rock            Slide,NA,
2886,HP/SIR/53F10/2017/137,Sirmur,South of Chanpur,30.701478,77.652506,Rock            Slide,NA,
2887,HP/SIR/53F10/2017/136,Sirmur,South of Chanpur,30.702012,77.65203,Rock            Slide,NA,
2888,HP/SIR/53F10/2017/138,Sirmur,South of Chanpur,30.702136,77.651578,Rock            Slide,NA,
2889,HP/SIR/53F06/2017/150,Sirmur,North of Siyun,30.702855,77.371491,Rock            Slide,NA,
2890,HP/SIR/53F06/2017/149,Sirmur,North of Siyun,30.702943,77.371001,Rock            Slide,NA,
2891,HP/SIR/53F10/2017/75,Sirmur,"Sangtan, PaontaShillai road",30.703224,77.694204,Rock            Slide,NA,
2892,HP/SIR/53F10/2017/74,Sirmur,"Bhatnaul, PaontaShillai road",30.704783,77.705297,Rock            Slide,NA,
2893,HP/SIR/53F10/2017/135,Sirmur,South of Chanpur,30.705146,77.664362,Rock            Slide,NA,
2894,HP/SIR/53F10/2017/73,Sirmur,"Bhatnaul, PaontaShillai road",30.705964,77.70916,Rock            Slide,NA,
2895,HP/SOL/53F02/2017/96,Solan,NarayangadMajara road,30.706817,77.197603,Rock            Slide,NA,
2896,HP/SOL/53F02/2017/97,Solan,NarayangadMajara road,30.706817,77.197603,Rock            Slide,NA,
2897,HP/SIR/53F06/2017/160,Sirmur,South of Chinar,30.707643,77.386619,Rock            Slide,NA,
2898,HP/SIR/53F06/2017/169,Sirmur,South of Chinar,30.707723,77.401891,Rock            Slide,NA,
2899,HP/SIR/53F06/2017/168,Sirmur,South of Chinar,30.708128,77.400789,Rock            Slide,NA,
2900,HP/SIR/53F06/2017/171,Sirmur,South of Chinar,30.708258,77.404764,Rock            Slide,NA,
2901,HP/SIR/53F06/2017/170,Sirmur,South of Chinar,30.708839,77.404807,Rock            Slide,NA,
2902,HP/SIR/53F06/2017/167,Sirmur,South of Chinar,30.708975,77.395913,Rock            Slide,NA,
2903,HP/SOL/53F02/2017/98,Solan,NarayangadMajara road,30.709138,77.195191,Rock            Slide,NA,
2904,HP/SIR/53F06/2017/166,Sirmur,South of Chinar,30.709742,77.39457,Rock            Slide,NA,
2905,HP/SIR/53F06/2017/154,Sirmur,South of Chinar,30.710037,77.380767,Rock            Slide,NA,
2906,HP/SIR/53F06/2017/165,Sirmur,South of Chinar,30.710069,77.394031,Rock            Slide,NA,
2907,HP/SIR/53F06/2017/163,Sirmur,South of Chinar,30.711237,77.392727,Rock            Slide,NA,
2908,HP/SIR/53F06/2017/157,Sirmur,South of Chinar,30.711406,77.388971,Rock            Slide,NA,
2909,HP/SIR/53F06/2017/162,Sirmur,South of Chinar,30.711432,77.391595,Rock            Slide,NA,
2910,HP/SIR/53F06/2017/164,Sirmur,South of Chinar,30.711665,77.395123,Rock            Slide,NA,
2911,HP/SIR/53F06/2017/158,Sirmur,South of Chinar,30.711674,77.390179,Rock            Slide,NA,
2912,HP/SIR/53F06/2017/161,Sirmur,South of Chinar,30.711701,77.391694,Rock            Slide,NA,
2913,HP/SIR/53F06/2017/156,Sirmur,South of Chinar,30.712014,77.38795,Rock            Slide,NA,
2914,HP/SIR/53F10/2017/272,Sirmur,Shri Kyari R.F.,30.712209,77.67226,Rock            Slide,NA,
2915,HP/SIR/53F06/2017/159,Sirmur,South of Chinar,30.712291,77.389805,Rock            Slide,NA,
2916,HP/SIR/53F10/2017/150,Sirmur,Shri Kyari R.F.,30.712602,77.664866,Rock            Slide,NA,
2917,HP/SIR/53F06/2017/155,Sirmur,South of Chinar,30.713057,77.386936,Rock            Slide,NA,
2918,HP/SIR/53F10/2017/273,Sirmur,Shri Kyari R.F.,30.713681,77.672466,Rock            Slide,NA,
2919,HP/SIR/53F10/2017/270,Sirmur,Shri Kyari R.F.,30.714397,77.662803,Rock            Slide,NA,
2920,HP/SIR/53F10/2017/271,Sirmur,Shri Kyari R.F.,30.714812,77.662951,Rock            Slide,NA,
2921,HP/SIR/53F10/2017/274,Sirmur,Shri Kyari R.F.,30.715237,77.668257,Rock            Slide,NA,
2922,HP/SIR/53F10/2017/269,Sirmur,Shri Kyari R.F.,30.715865,77.667312,Rock            Slide,NA,
2923,HP/SIR/53F06/2017/266,Sirmur,East of Kufar,30.718982,77.361832,Rock            Slide,NA,
2924,HP/SIR/53F10/2017/76,Sirmur,"Rapail, PaontaShillai road",30.719302,77.695346,Rock            Slide,NA,
2925,HP/SIR/53F10/2017/149,Sirmur,West of Tikar,30.720006,77.67533,Rock            Slide,NA,
2926,HP/SIR/53F10/2017/148,Sirmur,West of Tikar,30.720029,77.674827,Rock            Slide,NA,
2927,HP/SIR/53F10/2017/147,Sirmur,West of Tikar,30.721078,77.676601,Rock            Slide,NA,
2928,HP/SIR/53F06/2017/264,Sirmur,East of Kufar,30.721337,77.372189,Rock            Slide,NA,
2929,HP/SIR/53F06/2017/265,Sirmur,East of Kufar,30.721646,77.364822,Rock            Slide,NA,
2930,HP/SIR/53F06/2017/267,Sirmur,East of Kufar,30.722552,77.367069,Rock            Slide,NA,
2931,HP/SIR/53F06/2017/370,Sirmur,East of Kufar,30.722871,77.364923,Rock            Slide,NA,
2932,HP/SIR/53F06/2017/263,Sirmur,East of Kufar,30.723503,77.367245,Rock            Slide,NA,
2933,HP/SIR/53F06/2017/369,Sirmur,East of Kufar,30.723516,77.364084,Rock            Slide,NA,
2934,HP/SIR/53F10/2017/146,Sirmur,West of Tikar,30.723534,77.675492,Rock            Slide,NA,
2935,HP/SIR/53F06/2017/371,Sirmur,East of Kufar,30.723605,77.363598,Rock            Slide,NA,
2936,HP/SIR/53F06/2017/368,Sirmur,East of Kufar,30.725697,77.37016,Rock            Slide,NA,
2937,HP/SIR/53F06/2017/262,Sirmur,East of Kufar,30.725926,77.366081,Rock            Slide,NA,
2938,HP/SIR/53F06/2017/277,Sirmur,Khurkuna,30.72611,77.332449,Rock            Slide,NA,
2939,HP/SIR/53F10/2017/145,Sirmur,Katara,30.726343,77.675688,Rock            Slide,NA,
2940,HP/SIR/53F10/2017/144,Sirmur,Katara,30.726467,77.673878,Rock            Slide,NA,
2941,HP/SIR/53F06/2017/272,Sirmur,Khurkuna,30.727121,77.331929,Rock            Slide,NA,
2942,HP/SIR/53F06/2017/273,Sirmur,Khurkuna,30.728517,77.330487,Rock            Slide,NA,
2943,HP/SIR/53F10/2017/143,Sirmur,Katara,30.729178,77.677944,Rock            Slide,NA,
2944,HP/SIR/53F06/2017/276,Sirmur,Khurkuna,30.730205,77.336433,Rock            Slide,NA,
2945,HP/SIR/53F10/2017/142,Sirmur,Katara,30.730258,77.678059,Rock            Slide,NA,
2946,HP/SIR/53F06/2017/259,Sirmur,North of Kufar,30.7313,77.357153,Rock            Slide,NA,
2947,HP/SIR/53F06/2017/260,Sirmur,North of Kufar,30.73142,77.356582,Rock              Slide,NA,
2948,HP/SIR/53F06/2017/261,Sirmur,North of Kufar,30.731873,77.355672,Rock              Slide,NA,
2949,HP/SIR/53F06/2017/271,Sirmur,Khurkuna,30.732603,77.332733,Rock              Slide,NA,
2950,HP/SIR/53F10/2017/139,Sirmur,Katara,30.732812,77.675608,Rock cum debris   Slide,NA,
2951,HP/SIR/53F10/2017/140,Sirmur,Katara,30.733797,77.675748,Rock              Slide,NA,
2952,HP/SIR/53F06/2017/270,Sirmur,Khurkuna,30.733852,77.329866,Rock              Slide,NA,
2953,HP/SIR/53F06/2017/269,Sirmur,Khurkuna,30.733869,77.329447,Rock              Slide,NA,
2954,HP/SOL/53F02/2017/88,Solan,,30.734038,77.134426,Rock              Slide,NA,
2955,HP/SIR/53F06/2017/268,Sirmur,Khurkuna,30.734759,77.328535,Rock              Slide,NA,
2956,HP/SIR/53F10/2017/215,Sirmur,Anyar,30.735398,77.72563,Rock              Slide,NA,
2957,HP/SIR/53F10/2017/213,Sirmur,Umri,30.737355,77.716318,Rock              Slide,NA,
2958,HP/SIR/53F06/2017/275,Sirmur,Khurkuna,30.73755,77.331507,Rock              Slide,NA,
2959,HP/SIR/53F10/2017/141,Sirmur,Katara,30.737838,77.675959,Rock              Slide,NA,
2960,HP/SIR/53F10/2017/214,Sirmur,Umri,30.738046,77.714846,Rock              Slide,NA,
2961,HP/SIR/53F06/2017/274,Sirmur,Khurkuna,30.738662,77.33066,Rock              Slide,NA,
2962,HP/SIR/53F10/2017/212,Sirmur,Sanog,30.73876,77.708543,Rock              Slide,NA,
2963,HP/SIR/53F10/2017/211,Sirmur,Sanog,30.74017,77.705436,Rock              Slide,NA,
2964,HP/SOL/53F02/2017/102,Solan,Palticut road,30.74873,77.169596,Rock              Slide,NA,
2965,HP/SOL/53F02/2017/103,Solan,Palticut road,30.74873,77.169596,Rock              Slide,NA,
2966,HP/SOL/53F01/2017/268,Solan,KumarhattiNahan road,30.749265,77.170328,Rock              Slide,NA,
2967,HP/SIR/53F05/2017/16,Sirmur,Lana Macher,30.753561,77.315803,Rock cum debris   Slide,NA,
2968,HP/SOL/53F01/2017/322,Solan,NainatikkarSarahan road,30.754536,77.132663,Rock              Slide,NA,
2969,HP/SIR/53F05/2017/26,Sirmur,Bhanra/MDR3,30.754653,77.441347,Rock              Fall,NA,
2970,HP/SIR/53F05/2017/22,Sirmur,Bhanra,30.755364,77.307417,Debris            Slide,NA,
2971,HP/SIR/53F05/2017/23,Sirmur,"MDR3,Bhanra",30.755944,77.441825,Rock cum debris   Fall,NA,
2972,HP/SIR/53F05/2017/85,Sirmur,Kotla mangan,30.756336,77.315536,Rock cum debris   Slide,NA,
2973,HP/SIR/53F05/2017/17,Sirmur,Kotla mangan,30.7565,77.316869,Rock              Fall,NA,
2974,HP/SIR/53F09/2017/45,Sirmur,Jarwa Juneile,30.756508,77.597869,Debris            Slide,NA,
2975,HP/SIR/53F05/2017/90,Sirmur,Kotla mangan,30.756844,77.317569,Rock cum debris   Slide,NA,
2976,HP/SHM/53F09/2017/49,Shimla,Haripurdhar Ranat Road,30.756917,77.632889,Rock cum debris   Slide,NA,
2977,HP/SIR/53F05/2017/27,Sirmur,Bhanra,30.757153,77.439139,Rock              Fall,NA,
2978,HP/SHM/53F09/2017/46,Shimla,JurwaThariya village,30.758361,77.599611,Rock cum debris   Slide,NA,
2979,HP/SIR/53F09/2017/44,Sirmur,Haripurdhar Ranat Road,30.758475,77.592844,Rock cum debris   Slide,NA,
2980,HP/SIR/53F09/2017/43,Sirmur,Haripurdhar Ranat Road,30.758528,77.58975,Rock cum debris   Slide,NA,
2981,HP/SIR/53F09/2017/42,Sirmur,Haripurdhar Ranat Road,30.758578,77.589211,Debris            Slide,NA,
2982,HP/SHM/53F09/2017/48,Shimla,Panog,30.759694,77.609639,Debris            Slide,NA,
2983,HP/SHM/53F09/2017/47,Shimla,Haripurdhar Ranat Road,30.761214,77.603542,Rock cum debris   Slide,NA,
2984,HP/SIR/53F09/2017/39,Sirmur,"Tikiri Dasakna,",30.761308,77.603703,Debris            Slide,NA,
2985,HP/SOL/53F01/2017/72,Solan,NaragDalhan road,30.761546,77.197579,Debris            Slide,NA,
2986,HP/SIR/53F05/2017/47,Sirmur,Chaloga Byas,30.761947,77.308911,Debris            Slide,NA,
2987,HP/SIR/53F05/2017/43,Sirmur,Naichana,30.762094,77.437281,Rock              Fall,NA,
2988,HP/SOL/53F01/2017/320,Solan,KumarhattiNahan road,30.762115,77.152756,Rock              Slide,NA,
2989,HP/SIR/53F05/2017/19,Sirmur,Bagrauti,30.762161,77.307811,Debris            Fall,NA,
2990,HP/SHM/53F09/2017/26,Shimla,Tikiri Dasakna,30.764453,77.561217,Debris            Slide,NA,
2991,HP/SIR/53F09/2017/41,Sirmur,Haripurdhar Ranat Road,30.765167,77.582911,Rock cum debris   Slide,NA,
2992,HP/SIR/53F05/2017/62,Sirmur,Naichana,30.765497,77.411125,Debris            Slide,NA,
2993,HP/SIR/53F09/2017/40,Sirmur,Haripurdhar Ranat Road,30.765642,77.581697,Debris            Slide,NA,
2994,HP/SOL/53F01/2017/267,Solan,KumarhattiNahan road,30.766811,77.148463,Rock              Slide,NA,
2995,HP/SHM/53F09/2017/33,Shimla,"Tikiri Dasakna,",30.767306,77.566417,Rock cum debris   Slide,NA,
2996,HP/SHM/53F09/2017/27,Shimla,Tikiri Dasakna,30.767344,77.560942,Rock cum debris   Slide,NA,
2997,HP/SHM/53F09/2017/34,Shimla,"Tikiri Dasakna,",30.767381,77.560906,Rock cum debris   Slide,NA,
2998,HP/SHM/53F09/2017/28,Shimla,Tikiri Dasakna,30.767417,77.561167,Debris            Slide,NA,
2999,HP/SHM/53F09/2017/38,Shimla,"Tikiri Dasakna,",30.768222,77.569083,Rock cum debris   Slide,NA,
3000,HP/SHM/53F09/2017/36,Shimla,"Tikiri Dasakna,",30.768283,77.565092,Rock cum debris   Slide,NA,
3001,HP/SHM/53F09/2017/32,Shimla,Tikiri Dasakna,30.768611,77.56325,Debris            Slide,NA,
3002,HP/SHM/53F09/2017/35,Shimla,"Tikiri Dasakna,",30.768611,77.56325,Debris            Slide,NA,
3003,HP/SHM/53F09/2017/29,Shimla,Tikiri Dasakna,30.768731,77.558567,Debris            Slide,NA,
3004,HP/SHM/53F09/2017/30,Shimla,Tikiri Dasakna,30.768917,77.561056,Debris            Slide,NA,
3005,HP/SHM/53F09/2017/37,Shimla,"Tikiri Dasakna,",30.769325,77.567106,Debris            Slide,NA,
3006,HP/SIR/53F05/2017/49,Sirmur,"Khairi,MDR3",30.769636,77.300794,Rock              Fall,NA,
3007,HP/SHM/53F09/2017/31,Shimla,Tikiri Dasakna,30.769778,77.561889,Rock cum debris   Slide,NA,
3008,HP/SIR/53F09/2017/24,Sirmur,Haripurdhar,30.771331,77.531839,Rock cum debris   Slide,NA,
3009,HP/SHM/53F09/2017/25,Shimla,Haripurdhar,30.771619,77.554289,Debris            Slide,NA,
3010,HP/SOL/53F01/2017/33,Solan,NainatikkarSarahan road,30.772285,77.122619,Rock              Fall,NA,
3011,HP/SHM/53F09/2017/50,Shimla,Kot/MDR6,30.773153,77.637481,Rock cum debris   Slide,NA,
3012,HP/SHM/53F09/2017/82,Shimla,Kulath link road,30.773192,77.648636,Debris            Slide,NA,
3013,HP/SIR/53F05/2017/86,Sirmur,Kathli Barahan,30.7737,77.340817,Debris            Slide,NA,
3014,HP/SIR/53F05/2017/56,Sirmur,Deva Manal,30.774881,77.445561,Rock cum debris   Slide,NA,
3015,HP/SOL/53F01/2017/266,Solan,KumarhattiNahan road,30.774996,77.145521,Rock              Slide,NA,
3016,HP/SIR/53F05/2017/13,Sirmur,Kanada Koti,30.776856,77.484003,Debris,Slide,2017
3017,HP/SOL/53F01/2017/319,Solan,KumarhattiNahan road,30.776939,77.143723,Rock              Slide,NA,
3018,HP/SIR/53F05/2017/24,Sirmur,Lana Marag,30.776981,77.295697,Debris            Slide,NA,
3019,HP/SIR/53F05/2017/33,Sirmur,Bhutli,30.778319,77.358242,Rock cum debris   Slide,NA,
3020,HP/SIR/53F05/2017/21,Sirmur,Chunar,30.778547,77.295728,Debris            Slide,NA,
3021,HP/SIR/53F05/2017/84,Sirmur,Khairi,30.779231,77.298042,Debris            Slide,NA,
3022,HP/SIR/53F05/2017/42,Sirmur,Chunwin Board,30.782442,77.496183,Debris            Slide,NA,
3023,HP/SOL/53F01/2017/318,Solan,KumarhattiNahan road,30.784137,77.141954,Rock              Slide,NA,
3024,HP/SOL/53F01/2017/265,Solan,KumarhattiNahan road,30.788977,77.134107,Rock              Slide,NA,
3025,HP/SIR/53F05/2017/28,Sirmur,Rihana,30.790303,77.354767,Soil              Slide,NA,
3026,HP/SIR/53F05/2017/41,Sirmur,Kathli Barahan,30.790508,77.354406,Debris            Slide,NA,
3027,HP/SIR/53F05/2017/6,Sirmur,"Soda Dhayari, link road",30.79053,77.299,Rock cum debris   Slide,NA,
3028,HP/SOL/53F01/2017/60,Solan,NaragOcchghat road,30.791955,77.186376,Debris            Slide,NA,
3029,HP/SOL/53F01/2017/317,Solan,KumarhattiNahan road,30.792254,77.128005,Rock              Slide,NA,
3030,HP/SOL/53F01/2017/369,Solan,NaragDalhan road,30.792495,77.197579,Rock              Slide,NA,
3031,HP/SIR/53F05/2017/44,Sirmur,Rihana,30.793361,77.356611,Rock cum debris   Slide,NA,
3032,HP/SOL/53F01/2017/264,Solan,KumarhattiNahan road,30.794557,77.124415,Rock              Slide,NA,
3033,HP/SOL/53F01/2017/370,Solan,NaragOcchghat road,30.794565,77.19421,Rock              Slide,NA,
3034,HP/SOL/53F01/2017/64,Solan,NainatikkarDhangiar road,30.79637,77.109587,Debris            Slide,NA,
3035,HP/SOL/53F01/2017/22,Solan,KumarhattiNahan road,30.796643,77.125267,Rock              Fall,NA,
3036,HP/SOL/53B13/2017/198,Solan,,30.797625,76.99224,Rock              Slide,NA,
3037,HP/SOL/53B13/2017/199,Solan,,30.797745,76.990504,Rock              Slide,NA,
3038,HP/SOL/53F01/2017/263,Solan,KumarhattiNahan road,30.797923,77.123339,Rock              Slide,NA,
3039,HP/SOL/53B13/2017/200,Solan,,30.798125,76.991206,Rock              Slide,NA,
3040,HP/SOL/53F01/2017/371,Solan,NaragOcchghat road,30.798593,77.19351,Rock              Slide,NA,
3041,HP/SIR/53F05/2017/45,Sirmur,Lana Chaita,30.798772,77.360256,Rock cum debris   Slide,NA,
3042,HP/SOL/53B13/2017/197,Solan,,30.798874,76.989274,Rock              Slide,NA,
3043,HP/SOL/53F01/2017/372,Solan,NaragOcchghat road,30.799786,77.193251,Rock              Slide,NA,
3044,HP/SIR/53F05/2017/7,Sirmur,"Soda Dhayari, link road",30.800128,77.312919,Rock cum debris   Slide,NA,
3045,HP/SIR/53F05/2017/5,Sirmur,Ravna Village,30.801506,77.260769,Rock cum debris,Slide,2004
3046,HP/SIR/53F05/2017/9,Sirmur,Lana Shalora,30.806653,77.262894,Rock cum debris   Slide,NA,
3047,HP/SIR/53F05/2017/12,Sirmur,Jubal Chandesh,30.807833,77.318803,Rock cum debris,Slide,2011
3048,HP/SOL/53F01/2017/21,Solan,KumarhattiNahan road,30.808098,77.115981,Rock              Fall,NA,
3049,HP/SIR/53F05/2017/3,Sirmur,Choures/MDR2,30.808833,77.458667,Rock cum debris   Slide,NA,
3050,HP/SOL/53F01/2017/262,Solan,KumarhattiNahan road,30.808865,77.116067,Rock              Slide,NA,
3051,HP/SOL/53F01/2017/261,Solan,KumarhattiNahan road,30.809376,77.115386,Rock              Slide,NA,
3052,HP/SOL/53F01/2017/260,Solan,KumarhattiNahan road,30.809627,77.114367,Rock              Slide,NA,
3053,HP/SOL/53F01/2017/258,Solan,KumarhattiNahan road,30.810925,77.107749,Rock              Slide,NA,
3054,HP/SOL/53F01/2017/257,Solan,KumarhattiNahan road,30.811343,77.107299,Rock              Slide,NA,
3055,HP/SOL/53F01/2017/259,Solan,KumarhattiNahan road,30.811467,77.113814,Rock              Slide,NA,
3056,HP/SOL/53F01/2017/374,Solan,NainatikkarNarag road,30.811624,77.124285,Rock              Slide,NA,
3057,HP/SOL/53F01/2017/283,Solan,NaragKaasar link road,30.811781,77.232766,Rock              Slide,NA,
3058,HP/SOL/53F01/2017/373,Solan,NaragOcchghat road,30.811938,77.186154,Rock              Slide,NA,
3059,HP/SOL/53F01/2017/282,Solan,NaragKaasar link road,30.811952,77.230651,Rock              Slide,NA,
3060,HP/SOL/53F01/2017/414,Solan,NainatikkarNarag road,30.81311,77.12205,Rock              Slide,NA,
3061,HP/SOL/53F01/2017/424,Solan,NaragKaasar road,30.813149,77.24502,Rock              Slide,NA,
3062,HP/SIR/53F05/2017/29,Sirmur,Karang,30.813208,77.344883,Rock cum debris   Slide,NA,
3063,HP/SOL/53F01/2017/423,Solan,NaragKaasar road,30.813277,77.246838,Rock              Slide,NA,
3064,HP/SOL/53F01/2017/43,Solan,NainatikkarNarag road,30.813361,77.122746,Rock              Fall,NA,
3065,HP/SOL/53F01/2017/199,Solan,KumarhattiNahan road,30.813386,77.10805,Rock              Slide,NA,
3066,HP/SOL/53F01/2017/281,Solan,NaragKaasar link road,30.813565,77.2292,Rock              Slide,NA,
3067,HP/SOL/53F01/2017/279,Solan,NaragKaasar link road,30.813892,77.226114,Rock              Slide,NA,
3068,HP/SOL/53F01/2017/280,Solan,NaragKaasar link road,30.813918,77.227606,Rock              Slide,NA,
3069,HP/SOL/53F01/2017/428,Solan,TarolChakki Mor road,30.81403,77.039597,Rock              Slide,NA,
3070,HP/SIR/53F05/2017/4,Sirmur,Nohra/ SH6,30.8155,77.4225,Rock cum debris   Slide,NA,
3071,HP/SOL/53F01/2017/256,Solan,KumarhattiNahan road,30.816123,77.106417,Rock              Slide,NA,
3072,HP/SOL/53F01/2017/273,Solan,NaragKaasar link road,30.816162,77.221346,Rock              Slide,NA,
3073,HP/SOL/53F01/2017/274,Solan,NaragKaasar link road,30.816242,77.222381,Rock              Slide,NA,
3074,HP/SOL/53F01/2017/278,Solan,NaragKaasar link road,30.81664,77.220488,Rock              Slide,NA,
3075,HP/SOL/53F01/2017/52,Solan,BhojnagarParwanoo road,30.817169,77.001923,Debris            Slide,NA,
3076,HP/SOL/53F01/2017/425,Solan,NaragKaasar road,30.817392,77.245514,Rock              Slide,NA,
3077,HP/SOL/53F01/2017/198,Solan,KumarhattiNahan road,30.817464,77.10337,Rock              Slide,NA,
3078,HP/SOL/53F01/2017/50,Solan,BhojnagarParwanoo road,30.817489,77.001252,Debris            Slide,NA,
3079,HP/SOL/53B13/2017/108,Solan,NH22,30.817648,76.985689,Rock              Slide,NA,
3080,HP/SIR/53F05/2017/15,Sirmur,Lana Shalora,30.817778,77.260961,Debris            Slide,NA,
3081,HP/SOL/53F01/2017/189,Solan,NH22,30.817883,77.002769,Rock              Slide,NA,
3082,HP/SOL/53F01/2017/276,Solan,NaragKaasar link road,30.818034,77.217724,Rock              Slide,NA,
3083,HP/SOL/53F01/2017/277,Solan,NaragKaasar link road,30.818156,77.216525,Rock              Slide,NA,
3084,HP/SOL/53F01/2017/275,Solan,NaragKaasar link road,30.818168,77.220252,Rock              Slide,NA,
3085,HP/SIR/53F05/2017/40,Sirmur,Nohra,30.818644,77.427078,Rock              Fall,NA,
3086,HP/SOL/53F01/2017/170,Solan,BhojnagarParwanoo road,30.818652,77.000616,Rock              Slide,NA,
3087,HP/SOL/53F01/2017/197,Solan,KumarhattiNahan road,30.818699,77.102092,Rock              Slide,NA,
3088,HP/SOL/53B13/2017/83,Solan,NH22,30.818765,76.986988,Rock              Slide,NA,
3089,HP/SOL/53F01/2017/420,Solan,NaragGiripul road,30.819297,77.198631,Rock              Slide,NA,
3090,HP/SOL/53F01/2017/48,Solan,KumarhattiNahan road,30.819357,77.101985,Debris            Slide,NA,
3091,HP/SOL/53F01/2017/419,Solan,SumanaKandaghat road,30.819792,77.188905,Rock              Slide,NA,
3092,HP/SOL/53F01/2017/360,Solan,NaragGiripul road,30.819792,77.188905,Rock              Slide,NA,
3093,HP/SOL/53F01/2017/10,Solan,KumarhattiNahan road,30.820494,77.100911,Rock              Fall,NA,
3094,HP/SOL/53F01/2017/315,Solan,KumarhattiNahan road,30.821032,77.090353,Rock              Slide,NA,
3095,HP/SOL/53F01/2017/218,Solan,SH02,30.821492,77.096026,Rock              Slide,NA,
3096,HP/SOL/53F01/2017/51,Solan,KumarhattiNahan road,30.821492,77.096026,Debris            Slide,NA,
3097,HP/SOL/53F01/2017/316,Solan,KumarhattiNahan road,30.821634,77.098513,Rock              Slide,NA,
3098,HP/SOL/53F01/2017/300,Solan,BhojnagarChakki road,30.822851,77.0185,Rock              Slide,NA,
3099,HP/SOL/53F01/2017/301,Solan,BhojnagarChakki road,30.823072,77.020249,Rock              Slide,NA,
3100,HP/SIM/53F13/2016/16,Shimla,Antrouli-Gumma road Antrouli-Gumma road,30.8232,77.7503,Rock              Slide,NA,
3101,HP/SHI/53F13/2016/20,Shimla,ANTROULI-GUMMA ROAD,30.8232,77.7503,Debris            Slide,NA,
3102,HP/SHI/53F13/2016/21,Shimla,ANTROULI-GUMMA ROAD,30.8233,77.7506,Debris            Slide,NA,
3103,HP/SIM/53F13/2016/17,Shimla,Antrouli-Gumma road Antrouli-Gumma road,30.8234,77.7507,Rock              Slide,NA,
3104,HP/SIM/53F13/2016/18,Shimla,Antrouli-Gumma road Antrouli-Gumma road,30.8235,77.7514,Rock              Slide,NA,
3105,HP/SHI/53F13/2016/7,Shimla,ANTROULI-GUMMA ROAD,30.8235,77.7514,Debris            Slide,NA,
3106,HP/SOL/53B13/2017/61,Solan,BhojnagarParwanoo road,30.823684,76.988697,Rock              Slide,NA,
3107,HP/SOL/53F01/2017/426,Solan,NaragKaasar road,30.824026,77.242462,Rock              Slide,NA,
3108,HP/SOL/53B13/2017/16,Solan,,30.824423,76.988677,Debris            Slide,NA,
3109,HP/MAN/53E01/2015/21,Mandi,,30.824722,77.077139,Rock              Slide,NA,
3110,HP/MAN/53E01/2015/22,Mandi,,30.824722,77.077139,Rock cum debris   Slide,NA,
3111,HP/MAN/53E01/2015/23,Mandi,Jhanjheli-Thunag road,30.824722,77.077139,Debris            Slide,NA,
3112,HP/SOL/53F01/2017/27,Solan,NaragGiripul road,30.82501,77.19503,Rock              Fall,NA,
3113,HP/SIM/53F13/2016/19,Shimla,Near Gumma Gumma-Choinyain road,30.8257,77.7517,Rock              Slide,NA,
3114,HP/SHI/53F13/2016/22,Shimla,NEAR GUMMAGUMMA-,30.8257,77.7517,Debris            Slide,NA,
3115,HP/SIM/53F13/2016/20,Shimla,Near Gumma Gumma-Choinyain road,30.8258,77.7515,Rock              Slide,NA,
3116,HP/SHI/53F13/2016/23,Shimla,NEAR GUMMAGUMMA-,30.8258,77.7515,Debris            Slide,NA,
3117,HP/SOL/53B13/2017/110,Solan,NH22,30.826102,76.965403,Rock              Slide,NA,
3118,HP/SOL/53B13/2017/60,Solan,Opposite of Timber Trial,30.826478,76.989665,Rock              Slide,NA,
3119,HP/SIM/53F13/2016/22,Shimla,Near Gumma Gumma-Choinyain road,30.8269,77.7528,Rock              Slide,NA,
3120,HP/SHI/53F13/2016/25,Shimla,NEAR GUMMAGUMMA-,30.8269,77.7528,Debris            Slide,NA,
3121,HP/SOL/53F01/2017/186,Solan,NH22,30.826948,77.008967,Rock              Slide,NA,
3122,HP/SIM/53F13/2016/23,Shimla,Near Gumma Gumma-Choinyain road,30.8272,77.7556,Rock              Slide,NA,
3123,HP/SHI/53F13/2016/26,Shimla,NEAR GUMMAGUMMA-,30.8272,77.7556,Debris            Slide,NA,
3124,HP/SIM/53F13/2016/24,Shimla,Near Gumma Gumma-Choinyain road,30.8275,77.7559,Rock              Slide,NA,
3125,HP/SHI/53F13/2016/24,Shimla,NEAR GUMMAGUMMA-,30.8275,77.7559,Debris            Slide,NA,
3126,HP/SOL/53B13/2017/125,Solan,Opposite of Timber Trial,30.82761,76.989722,Rock              Slide,NA,
3127,HP/SOL/53B13/2017/109,Solan,NH22,30.827686,76.968638,Rock              Slide,NA,
3128,HP/SOL/53B13/2017/90,Solan,NH22,30.827707,76.961819,Rock              Slide,NA,
3129,HP/SOL/53F01/2017/188,Solan,NH22,30.827897,77.006395,Rock              Slide,NA,
3130,HP/SOL/53F01/2017/187,Solan,NH22,30.828353,77.007578,Rock              Slide,NA,
3131,HP/SOL/53B13/2017/124,Solan,Opposite of Timber Trial,30.82874,76.990386,Rock              Slide,NA,
3132,HP/SIM/53F13/2016/26,Shimla,Near Choinyan,30.8306,77.7571,Rock              Slide,NA,
3133,HP/SHI/53F13/2016/6,Shimla,NEAR CHOINYAN,30.8306,77.7571,Debris            Slide,NA,
3134,HP/SOL/53B13/2017/59,Solan,BhojnagarChakki road,30.831193,76.997315,Rock              Slide,NA,
3135,HP/SOL/53F01/2017/28,Solan,NaragGiripul road,30.83154,77.186415,Rock              Fall,NA,
3136,HP/SIM/53F13/2016/25,Shimla,Near Choinyan Right bank of Shalong Gad,30.8316,77.7567,Rock              Slide,NA,
3137,HP/SHI/53F13/2016/16,Shimla,NEAR CHOINYAN RIGHT BANK,30.8316,77.7567,Debris            Slide,NA,
3138,HP/SOL/53B13/2017/121,Solan,NH22,30.831859,76.967198,Rock              Slide,NA,
3139,HP/SOL/53B13/2017/120,Solan,NH22,30.831872,76.96791,Rock              Slide,NA,
3140,HP/SOL/53F01/2017/314,Solan,KumarhattiNahan road,30.832338,77.07517,Rock              Slide,NA,
3141,HP/SHM/53F09/2017/81,Shimla,Kulath link road,30.832486,77.586469,Debris            Slide,NA,
3142,HP/SIM/53F13/2016/27,Shimla,Near Choinyan,30.834,77.7552,Debris            Slide,NA,
3143,HP/SHI/53F13/2016/17,Shimla,NEAR CHOINYAN,30.834,77.7552,Debris            Slide,NA,
3144,HP/SOL/53B13/2017/21,Solan,NH22,30.834476,76.96533,Debris            Slide,NA,
3145,HP/SOL/53B13/2017/49,Solan,NH22,30.8359,76.9796,Rock              Slide,NA,
3146,HP/SHM/53F09/2017/79,Shimla,Jannu link road,30.835958,77.599678,Rock cum debris   Slide,NA,
3147,HP/SOL/53F01/2017/382,Solan,left bank of Giri River,30.836,77.250384,Rock              Slide,NA,
3148,HP/SOL/53F01/2017/381,Solan,left bank of Giri River,30.836065,77.249966,Rock              Slide,NA,
3149,HP/SOL/53B13/2017/93,Solan,NH22,30.83609,76.983865,Rock              Slide,NA,
3150,HP/SOL/53F01/2017/415,Solan,NainatikkarNarag road,30.836108,77.162248,Rock              Slide,NA,
3151,HP/SOL/53F01/2017/416,Solan,NainatikkarNarag road,30.836108,77.162248,Rock              Slide,NA,
3152,HP/SOL/53F01/2017/340,Solan,NaragOcchghat road,30.83638,77.163064,Rock              Slide,NA,
3153,HP/SOL/53B13/2017/91,Solan,NH22,30.83645,76.982895,Rock              Slide,NA,
3154,HP/SOL/53F01/2017/168,Solan,BhojnagarChakki road,30.836954,77.004814,Rock              Slide,NA,
3155,HP/SOL/53F01/2017/380,Solan,left bank of Giri River,30.837003,77.248815,Rock              Slide,NA,
3156,HP/SHM/53F09/2017/78,Shimla,Jannu link road,30.8371,77.6023,Debris            Slide,NA,
3157,HP/SOL/53F01/2017/169,Solan,BhojnagarChakki road,30.837289,77.003353,Rock              Slide,NA,
3158,HP/SHM/53F09/2017/76,Shimla,Jannu link road,30.837478,77.603439,Debris            Slide,NA,
3159,HP/SOL/53F01/2017/379,Solan,left bank of Giri River,30.837481,77.247151,Rock              Slide,NA,
3160,HP/SHM/53F09/2017/77,Shimla,Jannu link road,30.837889,77.604189,Debris            Slide,NA,
3161,HP/SOL/53F01/2017/435,Solan,KandaghatChail road,30.838252,77.043779,Rock              Slide,NA,
3162,HP/SOL/53F01/2017/5,Solan,BhojnagarChakki road,30.838323,77.059828,Rock              Fall,NA,
3163,HP/SOL/53F01/2017/341,Solan,NaragOcchghat road,30.838846,77.162639,Rock              Slide,NA,
3164,HP/SOL/53F01/2017/167,Solan,BhojnagarChakki road,30.838978,77.00569,Rock              Slide,NA,
3165,HP/SOL/53F01/2017/303,Solan,BhojnagarChakki road,30.838982,77.05868,Rock              Slide,NA,
3166,HP/KUL/53E01/2015/19,Kullu,,30.839528,77.148167,Rock cum debris   Slide,NA,
3167,HP/SOL/53F01/2017/284,Solan,NaragKaasar link road,30.83965,77.2348,Rock              Slide,NA,
3168,HP/SOL/53F01/2017/165,Solan,BhojnagarChakki road,30.83989,77.003327,Rock              Slide,NA,
3169,HP/SOL/53F01/2017/166,Solan,BhojnagarChakki road,30.83994,77.005528,Rock              Slide,NA,
3170,HP/SOL/53F01/2017/342,Solan,NaragOcchghat road,30.840056,77.16297,Rock              Slide,NA,
3171,HP/KUL/53E01/2015/20,Kullu,,30.840556,77.144889,Rock cum debris   Slide,NA,
3172,HP/SOL/53F01/2017/74,Solan,NainatikkarNarag road,30.841073,77.152706,Debris            Slide,NA,
3173,HP/SOL/53F01/2017/393,Solan,left bank of Giri River,30.841118,77.244906,Rock              Slide,NA,
3174,HP/SOL/53B13/2017/34,Solan,NH22,30.84121,76.991177,Debris            Slide,NA,
3175,HP/SOL/53B13/2017/50,Solan,NH22,30.84121,76.991177,Rock              Slide,NA,
3176,HP/SOL/53F01/2017/302,Solan,BhojnagarChakki road,30.841326,77.043314,Rock              Slide,NA,
3177,HP/SOL/53F01/2017/343,Solan,NaragOcchghat road,30.841485,77.161664,Rock              Slide,NA,
3178,HP/SOL/53F01/2017/73,Solan,DilmanDenthal road,30.841545,77.154598,Debris            Slide,NA,
3179,HP/SOL/53B13/2017/33,Solan,NH22,30.841565,76.991834,Debris            Slide,NA,
3180,HP/SOL/53F01/2017/155,Solan,NaragOcchghat road,30.841675,77.161047,Rock              Slide,NA,
3181,HP/SOL/53B13/2017/172,Solan,NH22,30.841891,76.992263,Rock              Slide,NA,
3182,HP/SOL/53F01/2017/156,Solan,NaragOcchghat road,30.842717,77.16416,Rock              Slide,NA,
3183,HP/SHM/53F09/2017/80,Shimla,Kupvi link road,30.842864,77.598411,Rock cum debris   Slide,NA,
3184,HP/SOL/53B13/2017/94,Solan,NH22,30.843192,76.990981,Rock              Slide,NA,
3185,HP/SOL/53B13/2017/95,Solan,NH22,30.84362,76.99208,Rock              Slide,NA,
3186,HP/SOL/53B13/2017/146,Solan,NH22,30.84376,76.99199,Rock              Slide,NA,
3187,HP/SHM/53F09/2017/75,Shimla,Jannu link road,30.843792,77.608272,Debris            Slide,NA,
3188,HP/SOL/53F01/2017/164,Solan,BhojnagarChakki road,30.843907,77.003229,Rock              Slide,NA,
3189,HP/SOL/53F01/2017/344,Solan,NaragOcchghat road,30.844287,77.161078,Rock              Slide,NA,
3190,HP/SOL/53F01/2017/163,Solan,BhojnagarChakki road,30.844294,77.004251,Rock              Slide,NA,
3191,HP/SOL/53F01/2017/19,Solan,KumarhattiNahan road,30.844622,77.087733,Rock              Fall,NA,
3192,HP/SOL/53F01/2017/20,Solan,KumarhattiNahan road,30.844622,77.087733,Rock              Fall,NA,
3193,HP/SOL/53B13/2017/22,Solan,,30.844644,76.999589,Debris            Slide,NA,
3194,HP/SOL/53B13/2017/23,Solan,,30.844873,76.998686,Debris            Slide,NA,
3195,HP/SOL/53B13/2017/84,Solan,NH22,30.84513,76.99469,Rock              Slide,NA,
3196,HP/SOL/53F01/2017/363,Solan,SolanDharja road,30.845193,77.18806,Rock              Slide,NA,
3197,HP/SOL/53F01/2017/162,Solan,BhojnagarChakki road,30.846016,77.012098,Rock              Slide,NA,
3198,HP/SOL/53B13/2017/96,Solan,NH22,30.84607,76.9954,Rock              Slide,NA,
3199,HP/SHM/53F09/2017/51,Shimla,Kanda,30.846389,77.409122,Rock cum debris   Slide,NA,
3200,HP/SHM/53F09/2017/70,Shimla,Serti link road,30.846461,77.618033,Debris            Slide,NA,
3201,HP/SHM/53F09/2017/71,Shimla,Serti link road,30.847367,77.613594,Debris            Slide,NA,
3202,HP/SOL/53F01/2017/378,Solan,NaragOcchghat road,30.847722,77.244933,Rock              Slide,NA,
3203,HP/SIR/53F05/2017/30,Sirmur,Rajgarh,30.847778,77.297667,Rock cum debris   Slide,NA,
3204,HP/SHM/53F09/2017/73,Shimla,Jannu link road,30.8478,77.610308,Debris            Slide,NA,
3205,HP/SOL/53B13/2017/104,Solan,ParwanooKasauli road,30.847831,76.956958,Rock              Slide,NA,
3206,HP/SHM/53F09/2017/74,Shimla,Jannu link road,30.847842,77.610136,Debris            Slide,NA,
3207,HP/SIR/53F05/2017/34,Sirmur,Kulath,30.847856,77.349094,Rock cum debris   Slide,NA,
3208,HP/SOL/53F01/2017/18,Solan,KumarhattiNahan road,30.847897,77.086614,Rock              Fall,NA,
3209,HP/SOL/53F01/2017/392,Solan,left bank of Giri River,30.8479,77.244877,Rock              Slide,NA,
3210,HP/SHM/53F09/2017/72,Shimla,Serti link road,30.848028,77.615961,Debris            Slide,NA,
3211,HP/SOL/53F01/2017/345,Solan,NaragOcchghat road,30.848116,77.160188,Rock              Slide,NA,
3212,HP/SIR/53F05/2017/95,Sirmur,Kulath link road,30.848444,77.315439,Debris            Slide,NA,
3213,HP/SOL/53B13/2017/20,Solan,ParwanooKasauli road,30.84853,76.957807,Debris            Slide,NA,
3214,HP/SOL/53B13/2017/5,Solan,NH22,30.848827,76.994508,Rock              Fall,NA,
3215,HP/SIR/53F05/2017/25,Sirmur,Kothia jajar,30.848933,77.289883,Rock cum debris   Slide,NA,
3216,HP/SOL/53F01/2017/394,Solan,left bank of Giri River,30.849145,77.243294,Rock              Slide,NA,
3217,HP/SIR/53F05/2017/36,Sirmur,Kulath,30.850078,77.316492,Rock              Fall,NA,
3218,HP/SIR/53F05/2017/35,Sirmur,Kulath,30.850131,77.3164,Debris            Slide,NA,
3219,HP/SOL/53F01/2017/32,Solan,NaragKaasar road,30.850329,77.22357,Rock              Fall,NA,
3220,HP/SOL/53B13/2017/18,Solan,NH22,30.850909,76.994232,Debris            Slide,NA,
3221,HP/SOL/53F01/2017/395,Solan,left bank of Giri River,30.851095,77.242821,Rock              Slide,NA,
3222,HP/SOL/53F01/2017/271,Solan,left bank of Giri River,30.851205,77.238581,Rock              Slide,NA,
3223,HP/SOL/53B13/2017/51,Solan,NH22,30.8513,76.996799,Rock              Slide,NA,
3224,HP/SIR/53F05/2017/31,Sirmur,Rajgarh,30.851556,77.299889,Rock              Fall,NA,
3225,HP/SOL/53F01/2017/269,Solan,left bank of Giri River,30.85161,77.240181,Rock              Slide,NA,
3226,HP/SOL/53F01/2017/272,Solan,left bank of Giri River,30.851656,77.241692,Rock              Slide,NA,
3227,HP/SOL/53F01/2017/160,Solan,BhojnagarChakki road,30.851872,77.015908,Rock              Slide,NA,
3228,HP/SIR/53F05/2017/32,Sirmur,Rajgarh,30.851972,77.301778,Rock cum debris   Slide,NA,
3229,HP/SOL/53F01/2017/422,Solan,NaragKaasar road,30.852163,77.222433,Rock              Slide,NA,
3230,HP/SOL/53F01/2017/44,Solan,NaragKaasar road,30.85227,77.22274,Rock              Fall,NA,
3231,HP/SOL/53F01/2017/285,Solan,BhojnagarChakki road,30.852473,77.055265,Rock              Slide,NA,
3232,HP/SOL/53F01/2017/270,Solan,left bank of Giri River,30.852595,77.238601,Rock              Slide,NA,
3233,HP/SOL/53B13/2017/111,Solan,NH22,30.853055,76.995431,Rock              Slide,NA,
3234,HP/SOL/53F01/2017/105,Solan,NH22,30.8533,77.001986,Rock              Slide,NA,
3235,HP/SOL/53F01/2017/104,Solan,NH22,30.853548,76.999891,Rock              Slide,NA,
3236,HP/SOL/53F01/2017/286,Solan,BhojnagarTarol road,30.853956,77.050593,Rock              Slide,NA,
3237,HP/SOL/53F01/2017/106,Solan,NH22,30.854297,77.001437,Rock              Slide,NA,
3238,HP/SOL/53F01/2017/4,Solan,GadiyarChakki road,30.855199,77.010924,Rock            Fall,NA,
3239,HP/SOL/53F01/2017/288,Solan,BhojnagarTarol road,30.855326,77.049184,Rock            Slide,NA,
3240,HP/SOL/53F01/2017/287,Solan,BhojnagarTarol road,30.8556,77.050326,Rock            Slide,NA,
3241,HP/SOL/53F01/2017/313,Solan,KumarhattiNahan road,30.856004,77.07917,Rock            Slide,NA,
3242,HP/SOL/53F01/2017/291,Solan,BhojnagarTarol road,30.856082,77.096689,Rock            Slide,NA,
3243,HP/SOL/53F01/2017/107,Solan,NH22,30.856111,77.001116,Rock            Slide,NA,
3244,HP/SOL/53F01/2017/289,Solan,BhojnagarTarol road,30.856188,77.046687,Rock            Slide,NA,
3245,HP/SOL/53F01/2017/427,Solan,BhojnagarTarol road,30.857107,77.044856,Rock            Slide,NA,
3246,HP/SOL/53F01/2017/157,Solan,GadiyarChakki road,30.858194,77.007802,Rock            Slide,NA,
3247,HP/SOL/53F01/2017/290,Solan,BhojnagarTarol road,30.85861,77.096204,Rock            Slide,NA,
3248,HP/SOL/53F01/2017/240,Solan,KumarhattiOcchghat road,30.858641,77.11864,Rock            Slide,NA,
3249,HP/SOL/53F01/2017/294,Solan,GadiyarChakki road,30.85886,77.00514,Rock            Slide,NA,
3250,HP/SOL/53F01/2017/49,Solan,BhojnagarTarol road,30.858941,77.046024,Debris          Slide,NA,
3251,HP/SOL/53F01/2017/45,Solan,BhojnagarTarol road,30.85945,77.042591,Rock            Fall,NA,
3252,HP/SOL/53F01/2017/46,Solan,BhojnagarChakki road,30.859618,77.041466,Rock            Fall,NA,
3253,HP/SOL/53F01/2017/108,Solan,NH22,30.860233,77.000804,Rock            Slide,NA,
3254,HP/SOL/53F01/2017/158,Solan,GadiyarChakki road,30.860287,77.008933,Rock            Slide,NA,
3255,HP/SOL/53F01/2017/57,Solan,TarolChakki Mor road,30.86048,77.039956,Debris          Slide,NA,
3256,HP/SOL/53F01/2017/298,Solan,GadiyarChakki road,30.860706,77.003727,Rock            Slide,NA,
3257,HP/SOL/53F01/2017/295,Solan,GadiyarChakki road,30.860808,77.00536,Rock            Slide,NA,
3258,HP/SOL/53F01/2017/346,Solan,NaragGiripul road,30.861102,77.197102,Rock            Slide,NA,
3259,HP/SOL/53F01/2017/159,Solan,GadiyarChakki road,30.86112,77.005487,Rock            Slide,NA,
3260,HP/SOL/53F01/2017/299,Solan,GadiyarChakki road,30.861306,77.003751,Rock            Slide,NA,
3261,HP/SOL/53F01/2017/239,Solan,KumarhattiOcchghat road,30.861475,77.09962,Rock            Slide,NA,
3262,HP/SOL/53F01/2017/297,Solan,GadiyarChakki road,30.861625,77.00412,Rock            Slide,NA,
3263,HP/SOL/53B13/2017/44,Solan,ParwanooKasauli road,30.861673,76.952354,Debris          Slide,NA,
3264,HP/SOL/53F01/2017/54,Solan,TarolChakki Mor road,30.86184,77.03938,Debris          Slide,NA,
3265,HP/SOL/53B13/2017/179,Solan,ParwanooKasauli road,30.862182,76.953132,Rock            Slide,NA,
3266,HP/SOL/53F01/2017/376,Solan,NaragGiripul road,30.862192,77.199179,Rock            Slide,NA,
3267,HP/SOL/53F01/2017/296,Solan,GadiyarChakki road,30.862305,77.005283,Rock            Slide,NA,
3268,HP/SOL/53F01/2017/58,Solan,TarolChakki Mor road,30.8625,77.0377,Debris          Slide,NA,
3269,HP/SOL/53B13/2017/97,Solan,NH22,30.862703,76.999853,Rock            Slide,NA,
3270,HP/SOL/53F01/2017/375,Solan,NaragGiripul road,30.863008,77.192756,Rock            Slide,NA,
3271,HP/SOL/53F01/2017/361,Solan,NaragGiripul road,30.86357,77.201186,Rock            Slide,NA,
3272,HP/SOL/53F01/2017/241,Solan,KumarhattiOcchghat road,30.863941,77.120751,Rock            Slide,NA,
3273,HP/SOL/53B13/2017/45,Solan,ParwanooKasauli road,30.864411,76.950736,Debris          Slide,NA,
3274,HP/SOL/53F01/2017/29,Solan,NaragGiripul road,30.864469,77.197555,Rock            Fall,NA,
3275,HP/SOL/53F01/2017/292,Solan,GadiyarChakki road,30.86451,77.032936,Rock            Slide,NA,
3276,HP/SOL/53B13/2017/98,Solan,NH22,30.864601,76.999161,Rock            Slide,NA,
3277,HP/SIR/53F05/2017/58,Sirmur,Haban,30.864664,77.304244,Debris          Slide,NA,
3278,HP/SOL/53F01/2017/247,Solan,SH06,30.864699,77.157447,Rock            Slide,NA,
3279,HP/SOL/53F01/2017/409,Solan,KumarhattiOcchghat road,30.864743,77.120331,Rock            Slide,NA,
3280,HP/SIR/53F05/2017/37,Sirmur,Koti Mawga,30.864797,77.304378,Debris          Slide,NA,
3281,HP/SOL/53F01/2017/59,Solan,GharyarChakki road,30.8649,77.032752,Debris          Slide,NA,
3282,HP/SOL/53F01/2017/196,Solan,KumarhattiOcchghat road,30.864962,77.089633,Rock            Slide,NA,
3283,HP/SOL/53B13/2017/52,Solan,NH22,30.865213,76.997495,Rock            Slide,NA,
3284,HP/SOL/53F01/2017/366,Solan,KumarhattiOcchghat road,30.865255,77.120327,Rock            Slide,NA,
3285,HP/SOL/53F01/2017/62,Solan,KumarhattiOcchghat road,30.865541,77.123096,Debris          Slide,NA,
3286,HP/SOL/53F01/2017/338,Solan,KumarhattiOcchghat road,30.865573,77.125035,Rock            Slide,NA,
3287,HP/SOL/53F01/2017/56,Solan,TarolChakki Mor road,30.865971,77.040589,Debris          Slide,NA,
3288,HP/SIR/53F05/2017/20,Sirmur,Ser Jagas,30.866,77.274,Rock            Fall,NA,
3289,HP/SOL/53F01/2017/396,Solan,GadiyarChakki road,30.866215,77.019833,Rock              Slide,NA,
3290,HP/SOL/53B13/2017/126,Solan,ParwanooKasauli road,30.866227,76.954786,Rock              Slide,NA,
3291,HP/SOL/53F01/2017/367,Solan,KumarhattiOcchghat road,30.866264,77.124902,Rock              Slide,NA,
3292,HP/SOL/53F01/2017/14,Solan,SH06,30.866301,77.156462,Rock              Fall,NA,
3293,HP/SOL/53B13/2017/53,Solan,NH22,30.86653,76.998027,Rock              Slide,NA,
3294,HP/SOL/53F01/2017/63,Solan,Shirala village,30.8666,77.0196,Debris            Slide,NA,
3295,HP/SOL/53F01/2017/69,Solan,KumarhattiOcchghat road,30.866979,77.112538,Debris            Slide,NA,
3296,HP/SOL/53F01/2017/391,Solan,left bank of Giri River,30.866985,77.233121,Rock              Slide,NA,
3297,HP/SOL/53F01/2017/390,Solan,left bank of Giri River,30.866997,77.232442,Rock              Slide,NA,
3298,HP/SOL/53F01/2017/335,Solan,SolanDharja road,30.867015,77.190354,Rock              Slide,NA,
3299,HP/SOL/53F01/2017/337,Solan,KumarhattiOcchghat road,30.867016,77.122427,Rock              Slide,NA,
3300,HP/SOL/53F01/2017/30,Solan,NaragGiripul road,30.867188,77.200639,Rock              Fall,NA,
3301,HP/SOL/53F01/2017/377,Solan,NaragGiripul road,30.867207,77.200608,Rock              Slide,NA,
3302,HP/SOL/53F01/2017/13,Solan,SH06,30.86721,77.155939,Rock              Fall,NA,
3303,HP/SOL/53F01/2017/347,Solan,GadiyarChakki road,30.86735,77.02467,Rock              Slide,NA,
3304,HP/SOL/53B13/2017/127,Solan,ParwanooKasauli road,30.867589,76.953974,Rock              Slide,NA,
3305,HP/SOL/53F01/2017/389,Solan,left bank of Giri River,30.867933,77.231635,Rock              Slide,NA,
3306,HP/SOL/53F01/2017/246,Solan,SH06,30.868238,77.15017,Rock              Slide,NA,
3307,HP/SOL/53F01/2017/336,Solan,SolanDharja road,30.868321,77.188564,Rock              Slide,NA,
3308,HP/SOL/53F01/2017/139,Solan,NH22,30.86929,77.100872,Rock              Slide,NA,
3309,HP/SOL/53F01/2017/243,Solan,SH06,30.869423,77.140267,Rock              Slide,NA,
3310,HP/SOL/53F01/2017/138,Solan,NH22,30.869449,77.098584,Rock              Slide,NA,
3311,HP/SOL/53F01/2017/137,Solan,NH22,30.869732,77.097441,Rock              Slide,NA,
3312,HP/SOL/53F01/2017/140,Solan,NH22,30.869777,77.101005,Rock              Slide,NA,
3313,HP/SOL/53F01/2017/255,Solan,KumarhattiNahan road,30.86979,77.070956,Rock              Slide,NA,
3314,HP/SOL/53F01/2017/368,Solan,SH06,30.869994,77.202139,Rock              Slide,NA,
3315,HP/SHM/53F09/2017/69,Shimla,Down slope of Hanal village,30.870086,77.617628,Debris            Slide,NA,
3316,HP/SOL/53F01/2017/136,Solan,NH22,30.87018,77.096054,Rock              Slide,NA,
3317,HP/SOL/53B13/2017/128,Solan,ParwanooKasauli road,30.870352,76.952025,Rock              Slide,NA,
3318,HP/SOL/53F01/2017/398,Solan,,30.870571,77.082666,Rock              Slide,NA,
3319,HP/SOL/53F01/2017/242,Solan,SH06,30.870602,77.136248,Rock              Slide,NA,
3320,HP/SOL/53B13/2017/145,Solan,ParwanooKasauli road,30.870764,76.949885,Rock              Slide,NA,
3321,HP/SIR/53F05/2017/39,Sirmur,Bhanat,30.870786,77.304892,Rock cum debris   Slide,NA,
3322,HP/SOL/53F01/2017/141,Solan,NH22,30.870803,77.099456,Rock              Slide,NA,
3323,HP/SOL/53F01/2017/293,Solan,Near Shirala village,30.870971,77.012441,Rock              Slide,NA,
3324,HP/SOL/53B13/2017/13,Solan,#N/A #N/A,30.870987,76.996028,Debris            Slide,NA,
3325,HP/SOL/53B13/2017/14,Solan,NH22,30.871038,76.995394,Debris            Slide,NA,
3326,HP/SOL/53F01/2017/237,Solan,NH22,30.87106,77.09498,Rock              Slide,NA,
3327,HP/SOL/53B13/2017/12,Solan,NH22,30.871109,76.997205,Debris            Slide,NA,
3328,HP/SOL/53B13/2017/54,Solan,NH22,30.871196,76.998287,Rock              Slide,NA,
3329,HP/SOL/53B13/2017/105,Solan,ParwanooKasauli road,30.87144,76.951625,Rock              Slide,NA,
3330,HP/SOL/53F01/2017/23,Solan,SH06,30.871511,77.204193,Rock              Fall,NA,
3331,HP/SOL/53F01/2017/2,Solan,NH22,30.871661,77.94165,Rock              Fall,NA,
3332,HP/SOL/53F01/2017/24,Solan,SH06,30.872072,77.205302,Rock              Fall,NA,
3333,HP/SOL/53F01/2017/135,Solan,NH22,30.872208,77.092553,Rock              Slide,NA,
3334,HP/SOL/53F01/2017/142,Solan,NH22,30.872426,77.099722,Rock              Slide,NA,
3335,HP/SOL/53F01/2017/365,Solan,SolanDharja road,30.87248,77.200757,Rock              Slide,NA,
3336,HP/SOL/53F01/2017/406,Solan,SolanDharja road,30.872534,77.202665,Rock              Slide,NA,
3337,HP/SOL/53F01/2017/407,Solan,SolanDharja road,30.872537,77.201052,Rock              Slide,NA,
3338,HP/SOL/53F01/2017/25,Solan,SH06,30.872571,77.20587,Rock              Fall,NA,
3339,HP/SOL/53F01/2017/236,Solan,NH22,30.872701,77.091929,Rock              Slide,NA,
3340,HP/SOL/53F01/2017/388,Solan,left bank of Giri River,30.872716,77.22782,Rock              Slide,NA,
3341,HP/SOL/53F01/2017/312,Solan,KumarhattiNahan road,30.872924,77.067529,Rock              Slide,NA,
3342,HP/SOL/53F01/2017/36,Solan,SH06,30.873042,77.206258,Rock              Fall,NA,
3343,HP/SOL/53F01/2017/421,Solan,NaragGiripulroad,30.87308,77.215723,Rock              Slide,NA,
3344,HP/SOL/53B13/2017/106,Solan,ParwanooKasauli road,30.873116,76.951625,Rock              Slide,NA,
3345,HP/SOL/53F01/2017/305,Solan,DharampurKyarad link road,30.873121,77.045194,Rock              Slide,NA,
3346,HP/SOL/53F01/2017/134,Solan,NH22,30.873126,77.089995,Rock              Slide,NA,
3347,HP/SOL/53F01/2017/192,Solan,NH22,30.873209,77.097617,Rock              Slide,NA,
3348,HP/SIR/53F05/2017/51,Sirmur,Koti Mawga,30.873339,77.307378,Debris            Slide,NA,
3349,HP/SIR/53F05/2017/38,Sirmur,Bhanat,30.873411,77.307472,Debris            Slide,NA,
3350,HP/SOL/53F01/2017/304,Solan,DharampurKyarad link road,30.873553,77.046782,Rock              Slide,NA,
3351,HP/SOL/53F01/2017/37,Solan,SH06,30.8739,77.207787,Rock              Fall,NA,
3352,HP/SOL/53F01/2017/8,Solan,Dagshai,30.873904,77.059384,Rock              Fall,NA,
3353,HP/SOL/53F01/2017/171,Solan,DharampurKyarad link road,30.87398,77.045171,Rock              Slide,NA,
3354,HP/SOL/53F01/2017/68,Solan,KumarhattiSultanpur road,30.874018,77.078948,Debris            Slide,NA,
3355,HP/SOL/53F01/2017/387,Solan,left bank of Giri River,30.874042,77.226812,Rock              Slide,NA,
3356,HP/SOL/53F01/2017/38,Solan,SH06,30.874573,77.209621,Rock              Fall,NA,
3357,HP/SOL/53F01/2017/220,Solan,NH22,30.874613,77.002314,Rock              Slide,NA,
3358,HP/SIR/53F05/2017/91,Sirmur,Tikkri,30.874789,77.273333,Debris            Slide,NA,
3359,HP/SOL/53F01/2017/386,Solan,left bank of Giri River,30.874809,77.226634,Rock              Slide,NA,
3360,HP/SOL/53F01/2017/235,Solan,NH22,30.874852,77.088931,Rock              Slide,NA,
3361,HP/SOL/53F01/2017/143,Solan,NH22,30.874872,77.09771,Rock              Slide,NA,
3362,HP/SOL/53F01/2017/172,Solan,DharampurKyarad link road,30.87498,77.044745,Rock              Slide,NA,
3363,HP/SOL/53F01/2017/70,Solan,SH06,30.875108,77.210774,Debris            Slide,NA,
3364,HP/SOL/53F01/2017/39,Solan,SH06,30.875108,77.210774,Rock              Fall,NA,
3365,HP/SOL/53B13/2017/78,Solan,ParwanooKasauli road,30.875158,76.951897,Rock              Slide,NA,
3366,HP/SOL/53F01/2017/219,Solan,NH22,30.875302,77.001483,Rock              Slide,NA,
3367,HP/SOL/53F01/2017/61,Solan,KumarhattiSultanpur road,30.875404,77.070185,Debris            Slide,NA,
3368,HP/SOL/53F01/2017/109,Solan,NH22,30.875434,77.002735,Rock              Slide,NA,
3369,HP/SOL/53B13/2017/107,Solan,ParwanooKasauli road,30.875461,76.953675,Rock              Slide,NA,
3370,HP/SOL/53B13/2017/6,Solan,ParwanooKasauli road,30.875461,76.953265,Rock              Fall,NA,
3371,HP/SOL/53F01/2017/1,Solan,NH22,30.875728,77.087579,Rock              Fall,NA,
3372,HP/SOL/53F01/2017/110,Solan,NH22,30.875753,77.002353,Rock              Slide,NA,
3373,HP/SOL/53B13/2017/15,Solan,NH22,30.8758,76.999816,Debris            Slide,NA,
3374,HP/SOL/53B13/2017/10,Solan,ParwanooGunaiPatta road,30.875932,76.948681,Rock              Fall,NA,
3375,HP/SIR/53F05/2017/92,Sirmur,1km from Tikkri,30.875961,77.270206,Rock cum debris   Slide,NA,
3376,HP/SOL/53B13/2017/99,Solan,NH22,30.876021,76.999286,Rock              Slide,NA,
3377,HP/SOL/53F01/2017/221,Solan,NH22,30.876069,77.00195,Rock              Slide,NA,
3378,HP/SOL/53B13/2017/85,Solan,NH22,30.876196,76.998822,Rock              Slide,NA,
3379,HP/SOL/53F01/2017/133,Solan,NH22,30.876389,77.086098,Rock              Slide,NA,
3380,HP/SOL/53F01/2017/144,Solan,NH22,30.876392,77.094725,Rock              Slide,NA,
3381,HP/SIR/53F05/2017/93,Sirmur,Tikkri,30.8765,77.26765,Debris            Slide,NA,
3382,HP/SOL/53F01/2017/385,Solan,left bank of Giri River,30.876508,77.225643,Rock              Slide,NA,
3383,HP/SOL/53F01/2017/173,Solan,DharampurKyarad link road,30.876765,77.04351,Rock              Slide,NA,
3384,HP/SIR/53F05/2017/94,Sirmur,"Juniyo kanogta,MDR2",30.877289,77.266139,Rock cum debris   Slide,NA,
3385,HP/SOL/53F01/2017/174,Solan,DharampurKyarad link road,30.877327,77.040969,Rock              Slide,NA,
3386,HP/SOL/53F01/2017/111,Solan,NH22,30.877663,77.002258,Rock              Slide,NA,
3387,HP/SOL/53F01/2017/17,Solan,KumarhattiNahan road,30.878258,77.067058,Rock              Fall,NA,
3388,HP/SOL/53F01/2017/132,Solan,NH22,30.878259,77.084663,Rock              Slide,NA,
3389,HP/SOL/53F01/2017/408,Solan,KumarhattiSultanpur road,30.878288,77.074,Rock              Slide,NA,
3390,HP/SOL/53F01/2017/145,Solan,NH22,30.87846,77.096078,Rock              Slide,NA,
3391,HP/SOL/53F01/2017/244,Solan,SH06,30.87848,77.12843,Rock              Slide,NA,
3392,HP/SOL/53F01/2017/233,Solan,NH22,30.879038,77.084076,Rock              Slide,NA,
3393,HP/SOL/53F01/2017/53,Solan,KumarhattiNahan road,30.879071,77.065909,Debris            Slide,NA,
3394,HP/SOL/53F01/2017/146,Solan,NH22,30.879186,77.09579,Rock              Slide,NA,
3395,HP/SOL/53B13/2017/79,Solan,ParwanooKasauli road,30.879343,76.954063,Rock              Slide,NA,
3396,HP/SOL/53B13/2017/4,Solan,ParwanooKasauli road,30.879343,76.954063,Rock              Fall,NA,
3397,HP/SOL/53F01/2017/112,Solan,NH22,30.879424,77.001643,Rock              Slide,NA,
3398,HP/SOL/53F01/2017/113,Solan,NH22,30.879707,77.00147,Rock              Slide,NA,
3399,HP/SOL/53F01/2017/147,Solan,NH22,30.879724,77.094549,Rock              Slide,NA,
3400,HP/SOL/53F01/2017/234,Solan,NH22,30.879744,77.08285,Rock              Slide,NA,
3401,HP/SOL/53F01/2017/175,Solan,DharampurKyarad link road,30.879849,77.039199,Rock              Slide,NA,
3402,HP/SOL/53F01/2017/71,Solan,SH06,30.879893,77.210732,Debris            Slide,NA,
3403,HP/SOL/53F01/2017/131,Solan,NH22,30.880362,77.080617,Rock              Slide,NA,
3404,HP/SOL/53F01/2017/383,Solan,left bank of Giri River,30.88058,77.224243,Rock              Slide,NA,
3405,HP/SOL/53F01/2017/9,Solan,KumarhattiNahan road,30.88071,77.063288,Rock              Fall,NA,
3406,HP/SOL/53F01/2017/384,Solan,left bank of Giri River,30.880846,77.224926,Rock              Slide,NA,
3407,HP/SOL/53F01/2017/148,Solan,NH22,30.880877,77.092544,Rock              Slide,NA,
3408,HP/SIR/53F05/2017/87,Sirmur,Ghill Pabiyana,30.880981,77.28015,Rock cum debris   Slide,NA,
3409,HP/SOL/53F01/2017/40,Solan,SH06,30.881104,77.209314,Rock              Fall,NA,
3410,HP/SOL/53F01/2017/232,Solan,NH22,30.881571,77.079339,Rock              Slide,NA,
3411,HP/SOL/53F01/2017/130,Solan,NH22,30.881789,77.078455,Rock              Slide,NA,
3412,HP/SOL/53F01/2017/231,Solan,NH22,30.88219,77.078127,Rock              Slide,NA,
3413,HP/SOL/53F01/2017/176,Solan,DharampurKyarad link road,30.882279,77.042735,Rock              Slide,NA,
3414,HP/SOL/53F01/2017/364,Solan,SolanDharja road,30.88272,77.201607,Rock              Slide,NA,
3415,HP/SOL/53F01/2017/128,Solan,NH22,30.88309,77.075793,Rock              Slide,NA,
3416,HP/SOL/53F01/2017/127,Solan,NH22,30.883096,77.75165,Rock              Slide,NA,
3417,HP/SOL/53F01/2017/129,Solan,NH22,30.883502,77.077204,Rock              Slide,NA,
3418,HP/SOL/53B13/2017/80,Solan,ParwanooKasauli road,30.884103,76.954557,Rock              Slide,NA,
3419,HP/SOL/53F01/2017/42,Solan,KumarhattiNahan road,30.884233,77.059516,Rock              Fall,NA,
3420,HP/SOL/53F01/2017/41,Solan,SH06,30.884566,77.208197,Rock              Fall,NA,
3421,HP/SOL/53F01/2017/149,Solan,NH22,30.884699,77.090993,Rock              Slide,NA,
3422,HP/SOL/53F01/2017/230,Solan,NH22,30.884828,77.07456,Rock              Slide,NA,
3423,HP/SOL/53B13/2017/27,Solan,ParwanooKasauli road,30.88514,76.962858,Debris            Slide,NA,
3424,HP/SOL/53F01/2017/333,Solan,JuanjiDharon ki dhar road,30.885142,77.172614,Rock              Slide,NA,
3425,HP/SOL/53F01/2017/85,Solan,NH22,30.885241,77.074139,Rock              Slide,NA,
3426,HP/SIR/53F05/2017/14,Sirmur,Kaltu/MDR2,30.885336,77.270542,Debris            Slide,NA,
3427,HP/SHM/53F09/2017/68,Shimla,Down slope of Hanal village,30.885428,77.610369,Debris            Slide,NA,
3428,HP/SOL/53B13/2017/132,Solan,ParwanooGunaiPatta road,30.885444,76.942863,Rock              Slide,NA,
3429,HP/SOL/53B13/2017/81,Solan,ParwanooKasauli road,30.885641,76.955984,Rock              Slide,NA,
3430,HP/SOL/53F01/2017/200,Solan,DharampurKyarad link road,30.886225,77.038479,Rock              Slide,NA,
3431,HP/SOL/53F01/2017/114,Solan,NH22,30.88648,77.005146,Rock              Slide,NA,
3432,HP/SOL/53B13/2017/133,Solan,ParwanooGunaiPatta road,30.886631,76.943929,Rock              Slide,NA,
3433,HP/SOL/53F01/2017/84,Solan,NH22,30.886821,77.074329,Rock              Slide,NA,
3434,HP/SOL/53F01/2017/83,Solan,NH22,30.887145,77.073009,Rock              Slide,NA,
3435,HP/SOL/53F01/2017/126,Solan,NH22,30.887278,77.070821,Rock              Slide,NA,
3436,HP/SOL/53F01/2017/411,Solan,SH06,30.887351,77.243609,Rock              Slide,NA,
3437,HP/SOL/53F01/2017/195,Solan,NH22,30.887409,77.071751,Rock              Slide,NA,
3438,HP/SOL/53B13/2017/82,Solan,ParwanooKasauli road,30.888003,76.954004,Rock              Slide,NA,
3439,HP/SOL/53B13/2017/134,Solan,ParwanooGunaiPatta road,30.888016,76.943231,Rock              Slide,NA,
3440,HP/SOL/53F01/2017/115,Solan,NH22,30.888063,77.005797,Rock              Slide,NA,
3441,HP/SOL/53B13/2017/135,Solan,ParwanooGunaiPatta road,30.88811,76.942756,Rock              Slide,NA,
3442,HP/SOL/53F01/2017/82,Solan,NH22,30.888215,77.057795,Rock              Slide,NA,
3443,HP/SOL/53F01/2017/177,Solan,DharampurKyarad link road,30.888216,77.037925,Rock              Slide,NA,
3444,HP/SOL/53F01/2017/150,Solan,NH22,30.888217,77.084402,Rock              Slide,NA,
3445,HP/SOL/53B13/2017/129,Solan,ParwanooKasauli road,30.88842,76.952653,Rock              Slide,NA,
3446,HP/SOL/53B13/2017/46,Solan,ParwanooKasauli road,30.888643,76.963773,Debris            Slide,NA,
3447,HP/SOL/53F01/2017/410,Solan,SH06,30.8888,77.23155,Rock              Slide,NA,
3448,HP/SOL/53F01/2017/229,Solan,NH22,30.888957,77.058586,Rock              Slide,NA,
3449,HP/SOL/53F01/2017/178,Solan,DharampurKyarad link road,30.889016,77.034311,Rock              Slide,NA,
3450,HP/SOL/53B13/2017/130,Solan,ParwanooKasauli road,30.889022,76.95396,Rock              Slide,NA,
3451,HP/SOL/53F01/2017/332,Solan,JuanjiDharon ki dhar road,30.88906,77.165555,Rock              Slide,NA,
3452,HP/SOL/53F01/2017/193,Solan,NH22,30.889134,76.996536,Rock              Slide,NA,
3453,HP/SHM/53F09/2017/67,Shimla,Bhanal village road,30.889317,77.618597,Debris            Slide,NA,
3454,HP/SOL/53B13/2017/131,Solan,ParwanooKasauli road,30.889334,76.957001,Rock              Slide,NA,
3455,HP/SOL/53B13/2017/57,Solan,NH22,30.889465,76.999994,Rock              Slide,NA,
3456,HP/SOL/53B13/2017/180,Solan,ParwanooGunaiPatta road,30.889813,76.938581,Rock              Slide,NA,
3457,HP/SOL/53B13/2017/8,Solan,ParwanooKasauli road,30.889873,76.96376,Rock              Fall,NA,
3458,HP/SIR/53F05/2017/50,Sirmur,Neri,30.889936,77.344469,Rock cum debris   Slide,NA,
3459,HP/SIR/53F05/2017/52,Sirmur,Sathah,30.889944,77.344389,Debris            Slide,NA,
3460,HP/SOL/53B13/2017/56,Solan,NH22,30.890068,76.999735,Rock              Slide,NA,
3461,HP/SOL/53F01/2017/34,Solan,NH22,30.890152,77.063488,Rock              Fall,NA,
3462,HP/SOL/53F01/2017/151,Solan,NH22,30.890225,77.086293,Rock              Slide,NA,
3463,HP/SOL/53F01/2017/102,Solan,NH22,30.890226,77.070981,Rock              Slide,NA,
3464,HP/SOL/53B13/2017/19,Solan,NH22,30.890426,76.995798,Debris            Slide,NA,
3465,HP/SOL/53B13/2017/181,Solan,ParwanooGunaiPatta road,30.890571,76.939046,Rock              Slide,NA,
3466,HP/SOL/53F01/2017/125,Solan,NH22,30.890576,77.050264,Rock              Slide,NA,
3467,HP/SOL/53F01/2017/101,Solan,NH22,30.89074,77.06908,Rock              Slide,NA,
3468,HP/SOL/53F01/2017/152,Solan,NH22,30.890824,77.088157,Rock              Slide,NA,
3469,HP/SOL/53B13/2017/100,Solan,NH22,30.891413,76.998402,Rock              Slide,NA,
3470,HP/SOL/53F01/2017/124,Solan,NH22,30.891724,77.049848,Rock              Slide,NA,
3471,HP/SIR/53F05/2017/88,Sirmur,Chakal Dungiser,30.89195,77.266325,Debris            Slide,NA,
3472,HP/SOL/53B13/2017/55,Solan,NH22,30.89213,76.99648,Rock              Slide,NA,
3473,HP/SOL/53B13/2017/182,Solan,ParwanooGunaiPatta road,30.892617,76.941135,Rock              Slide,NA,
3474,HP/SOL/53F01/2017/184,Solan,NH22,30.892803,77.085632,Rock              Slide,NA,
3475,HP/SOL/53F01/2017/183,Solan,NH22,30.892953,77.083101,Rock              Slide,NA,
3476,HP/SIR/53F05/2017/89,Sirmur,Chakal Dungiser,30.893108,77.261733,Rock cum debris   Slide,NA,
3477,HP/SOL/53F01/2017/252,Solan,Nainetti road,30.893389,77.236091,Rock              Slide,NA,
3478,HP/SOL/53F01/2017/182,Solan,NH22,30.893525,77.081427,Rock              Slide,NA,
3479,HP/SOL/53F01/2017/179,Solan,DharampurKyarad link road,30.893584,77.033006,Rock              Slide,NA,
3480,HP/SHM/53F09/2017/66,Shimla,Bhanal village road,30.893622,77.617283,Debris            Slide,NA,
3481,HP/SOL/53F01/2017/7,Solan,NH22,30.893793,77.090871,Rock              Fall,NA,
3482,HP/SOL/53F01/2017/81,Solan,NH22,30.894047,77.045589,Rock              Slide,NA,
3483,HP/SOL/53B13/2017/9,Solan,ParwanooKasauli road,30.894169,76.963742,Rock              Fall,NA,
3484,HP/SOL/53F01/2017/181,Solan,NH22,30.894411,77.078168,Rock              Slide,NA,
3485,HP/SOL/53F01/2017/116,Solan,NH22,30.894492,77.003009,Rock              Slide,NA,
3486,HP/SIR/53F05/2017/2,Sirmur,"MDR3,Satha Palu",30.894633,77.331166,Rock cum debris   Slide,NA,
3487,HP/SOL/53F01/2017/80,Solan,NH22,30.894984,77.033858,Rock              Slide,NA,
3488,HP/SOL/53F01/2017/185,Solan,NH22,30.895092,77.090845,Rock              Slide,NA,
3489,HP/SOL/53F01/2017/245,Solan,SH06,30.895424,77.103161,Rock              Slide,NA,
3490,HP/SOL/53F01/2017/250,Solan,Nainetti road,30.89548,77.235948,Rock              Slide,NA,
3491,HP/SOL/53F01/2017/153,Solan,NH22,30.89569,77.09261,Rock              Slide,NA,
3492,HP/SOL/53F01/2017/359,Solan,SolanDharja road,30.895917,77.187139,Rock              Slide,NA,
3493,HP/SHM/53F09/2017/65,Shimla,Bhanal village road,30.895986,77.626228,Debris            Slide,NA,
3494,HP/SOL/53F01/2017/119,Solan,NH22,30.896082,77.008986,Rock              Slide,NA,
3495,HP/SOL/53F01/2017/120,Solan,NH22,30.8962,77.00933,Rock              Slide,NA,
3496,HP/SOL/53F01/2017/117,Solan,NH22,30.896351,77.003332,Rock              Slide,NA,
3497,HP/SIR/53F05/2017/54,Sirmur,Palu,30.896389,77.340278,Rock cum debris   Slide,NA,
3498,HP/SOL/53F01/2017/123,Solan,NH22,30.896433,77.032074,Rock              Slide,NA,
3499,HP/SOL/53F01/2017/118,Solan,NH22,30.896491,77.007998,Rock              Slide,NA,
3500,HP/SOL/53F01/2017/103,Solan,NH22,30.896552,77.067762,Rock              Slide,NA,
3501,HP/SOL/53F01/2017/180,Solan,NH22,30.896613,77.073648,Rock              Slide,NA,
3502,HP/SOL/53F01/2017/226,Solan,NH22,30.896636,77.010096,Rock              Slide,NA,
3503,HP/SOL/53F01/2017/227,Solan,NH22,30.896778,77.010295,Rock              Slide,NA,
3504,HP/SOL/53B13/2017/11,Solan,,30.896848,76.95866,Rock              Fall,NA,
3505,HP/SOL/53F01/2017/216,Solan,Kheel Road,30.897072,77.059425,Rock              Slide,NA,
3506,HP/SOL/53F01/2017/214,Solan,NH22,30.897146,77.067726,Rock              Slide,NA,
3507,HP/SOL/53F01/2017/251,Solan,Nainetti road,30.897439,77.236082,Rock              Slide,NA,
3508,HP/SOL/53F01/2017/327,Solan,,30.897476,77.150871,Rock              Slide,NA,
3509,HP/SOL/53F01/2017/79,Solan,NH22,30.897526,77.030576,Rock              Slide,NA,
3510,HP/SOL/53F01/2017/225,Solan,NH22,30.897628,77.00749,Rock              Slide,NA,
3511,HP/SOL/53F01/2017/405,Solan,ShilliJoanji road,30.89792,77.14094,Rock              Slide,NA,
3512,HP/SHM/53F09/2017/64,Shimla,Bhanal village road,30.898306,77.626883,Debris            Slide,NA,
3513,HP/SOL/53F01/2017/78,Solan,NH22,30.898491,77.02965,Rock              Slide,NA,
3514,HP/SOL/53F01/2017/224,Solan,NH22,30.898526,77.006447,Rock              Slide,NA,
3515,HP/SOL/53F01/2017/215,Solan,NH22,30.898608,77.06676,Rock              Slide,NA,
3516,HP/SIR/53F05/2017/46,Sirmur,Palu,30.898664,77.330389,Rock              Fall,NA,
3517,HP/SOL/53F01/2017/228,Solan,NH22,30.898781,77.01385,Rock              Slide,NA,
3518,HP/SOL/53F01/2017/356,Solan,Near Kargano village,30.899053,77.211977,Rock              Slide,NA,
3519,HP/SOL/53F01/2017/222,Solan,NH22,30.899066,77.003609,Rock              Slide,NA,
3520,HP/SOL/53F01/2017/122,Solan,NH22,30.899471,77.023591,Rock              Slide,NA,
3521,HP/SOL/53F01/2017/330,Solan,JuanjiDharon ki dhar road,30.89948,77.160208,Rock              Slide,NA,
3522,HP/SOL/53F01/2017/355,Solan,Near Kargano village,30.89981,77.21152,Rock              Slide,NA,
3523,HP/SOL/53F01/2017/77,Solan,NH22,30.899875,77.026421,Rock              Slide,NA,
3524,HP/SOL/53F01/2017/31,Solan,ShilliJoanji road,30.899997,77.140924,Rock              Fall,NA,
3525,HP/SOL/53F01/2017/334,Solan,JuanjiDharon ki dhar road,30.900103,77.150393,Rock              Slide,NA,
3526,HP/SOL/53B13/2017/189,Solan,,30.900236,76.981206,Rock              Slide,NA,
3527,HP/SOL/53F01/2017/121,Solan,NH22,30.900279,77.014632,Rock              Slide,NA,
3528,HP/SOL/53F01/2017/331,Solan,JuanjiDharon ki dhar road,30.9003,77.162802,Rock              Slide,NA,
3529,HP/SOL/53F01/2017/223,Solan,NH22,30.900324,77.00474,Rock              Slide,NA,
3530,HP/SOL/53F01/2017/249,Solan,Nainetti road,30.90066,77.23279,Rock              Slide,NA,
3531,HP/SOL/53F01/2017/354,Solan,Near Kargano village,30.90147,77.21163,Rock              Slide,NA,
3532,HP/SHM/53F09/2017/63,Shimla,Bhanal village road,30.901497,77.621375,Debris            Slide,NA,
3533,HP/SOL/53F01/2017/329,Solan,JuanjiDharon ki dhar road,30.901852,77.151717,Rock              Slide,NA,
3534,HP/SOL/53F01/2017/328,Solan,JuanjiDharon ki dhar road,30.901977,77.151311,Rock              Slide,NA,
3535,HP/SOL/53B13/2017/183,Solan,ParwanooGunaiPatta road,30.902668,76.936177,Rock              Slide,NA,
3536,HP/SOL/53B13/2017/31,Solan,GarkhalDeoni road,30.902975,76.980774,Debris            Slide,NA,
3537,HP/SOL/53F01/2017/362,Solan,ShilliJoanji road,30.903611,77.138734,Rock              Slide,NA,
3538,HP/SOL/53F01/2017/353,Solan,Near Kargano village,30.903656,77.212209,Rock              Slide,NA,
3539,HP/SOL/53F01/2017/217,Solan,,30.903772,77.061856,Rock              Slide,NA,
3540,HP/SHI/53F13/2016/15,Shimla,NEAR CHANNOG CHANNOG-NH-,30.9038,77.766,Debris            Slide,NA,
3541,HP/SHM/53F09/2017/62,Shimla,Bhanal village road,30.903889,77.621064,Debris            Slide,NA,
3542,HP/SOL/53B13/2017/39,Solan,GarkhalSirrir road,30.904196,76.991836,Debris            Slide,NA,
3543,HP/SOL/53B13/2017/147,Solan,GarkhalJagjitnagar road,30.904423,76.982099,Rock              Slide,NA,
3544,HP/SOL/53B13/2017/32,Solan,GarkhalDeoni road,30.904484,76.980738,Debris            Slide,NA,
3545,HP/SOL/53F01/2017/248,Solan,Nainetti road,30.904583,77.239732,Rock              Slide,NA,
3546,HP/SOL/53F01/2017/93,Solan,GodaChail road,30.904657,77.196755,Rock              Slide,NA,
3547,HP/SOL/53F01/2017/323,Solan,KutharKasauli road,30.904726,77.198756,Rock              Slide,NA,
3548,HP/SOL/53F01/2017/437,Solan,,30.90473,77.060887,Rock              Slide,NA,
3549,HP/SHI/53F13/2016/13,Shimla,NEAR CHANNOG CHANNOG-NH-,30.9048,77.763,Debris            Slide,NA,
3550,HP/SOL/53B13/2017/196,Solan,ParwanooGunaiPatta road,30.904859,76.935264,Rock              Slide,NA,
3551,HP/SHI/53F13/2016/14,Shimla,NEAR CHANNOG CHANNOG-NH-,30.9051,77.7624,Debris            Slide,NA,
3552,HP/SHM/53F09/2017/60,Shimla,Lojnath village road,30.905117,77.626186,Debris            Slide,NA,
3553,HP/SHI/53F13/2016/19,Shimla,THANGAR VILLAGE,30.906,77.7937,Debris            Slide,NA,
3554,HP/SOL/53F01/2017/86,Solan,NH22,30.906291,77.090743,Rock              Slide,NA,
3555,HP/SHI/53F13/2016/18,Shimla,NEAR THANGAR VILLAGE,30.9063,77.7991,Rock              Slide,NA,
3556,HP/SOL/53F01/2017/87,Solan,NH22,30.906822,77.09233,Rock              Slide,NA,
3557,HP/SOL/53F01/2017/352,Solan,Near Kargano village,30.906966,77.21392,Rock              Slide,NA,
3558,HP/SHI/53F13/2016/1,Shimla,THANGAR VILLAGE,30.907,77.792,Rock              Fall,NA,
3559,HP/SOL/53F01/2017/350,Solan,Near Kargano village,30.907006,77.221143,Rock              Slide,NA,
3560,HP/SOL/53F01/2017/402,Solan,,30.90702,77.190193,Rock              Slide,NA,
3561,HP/SOL/53F01/2017/91,Solan,ChailYashwantnagar link road,30.907223,77.22755,Rock              Slide,NA,
3562,HP/SOL/53F01/2017/324,Solan,,30.907249,77.206257,Rock              Slide,NA,
3563,HP/SOL/53B13/2017/195,Solan,ParwanooGunaiPatta road,30.907433,76.934292,Rock              Slide,NA,
3564,HP/SOL/53F01/2017/92,Solan,ChailYashwantnagar link road,30.90782,77.2286,Rock              Slide,NA,
3565,HP/SHM/53F09/2017/59,Shimla,Gunsa village,30.907908,77.629325,Debris            Slide,NA,
3566,HP/SOL/53F01/2017/94,Solan,GodaChail road,30.908,77.19749,Rock              Slide,NA,
3567,HP/SOL/53F01/2017/95,Solan,GodaChail road,30.908035,77.204098,Rock              Slide,NA,
3568,HP/SOL/53B13/2017/184,Solan,ParwanooGunaiPatta road,30.908132,76.9337,Rock              Slide,NA,
3569,HP/SOL/53F01/2017/90,Solan,ChailYashwantnagar link road,30.908252,77.224965,Rock              Slide,NA,
3570,HP/SOL/53F01/2017/96,Solan,GodaChail road,30.908374,77.201081,Rock              Slide,NA,
3571,HP/SOL/53F01/2017/351,Solan,Near Kargano village,30.908488,77.218944,Rock              Slide,NA,
3572,HP/SHM/53F09/2017/58,Shimla,SH06 Rarth village road,30.908614,77.628403,Debris            Slide,NA,
3573,HP/SOL/53F01/2017/404,Solan,SolanShilli road,30.908706,77.122519,Rock              Slide,NA,
3574,HP/SOL/53F01/2017/89,Solan,ChailYashwantnagar link road,30.909269,77.222942,Rock              Slide,NA,
3575,HP/SOL/53F01/2017/98,Solan,GodaChail road,30.909435,77.20544,Rock              Slide,NA,
3576,HP/SOL/53F01/2017/238,Solan,SolanShilli road,30.909439,77.118684,Rock              Slide,NA,
3577,HP/SOL/53F01/2017/97,Solan,GodaChail road,30.909693,77.198448,Rock              Slide,NA,
3578,HP/SHI/53F13/2016/8,Shimla,THANGAR VILLAGE,30.9099,77.7871,Debris            Slide,NA,
3579,HP/SHM/53F09/2017/15,Shimla,"NeruaTharoch link road,near",30.909944,77.675336,Rock cum debris   Slide,NA,
3580,HP/SOL/53F01/2017/55,Solan,DharampurSubathu Road,30.910091,77.027754,Debris            Slide,NA,
3581,HP/SOL/53B13/2017/185,Solan,ParwanooGunaiPatta road,30.910364,76.932616,Rock              Slide,NA,
3582,HP/SOL/53F01/2017/88,Solan,ChailYashwantnagar link road,30.91118,77.207816,Rock              Slide,NA,
3583,HP/SOL/53F01/2017/326,Solan,Shillikaccha road,30.911181,77.12003,Rock              Slide,NA,
3584,HP/SOL/53F01/2017/35,Solan,SolanShilli road,30.911577,77.126676,Rock              Fall,NA,
3585,HP/SOL/53F01/2017/412,Solan,,30.911664,77.243725,Rock              Slide,NA,
3586,HP/SOL/53F01/2017/403,Solan,Shillikaccha road,30.911714,77.11979,Rock              Slide,NA,
3587,HP/SHM/53F09/2017/61,Shimla,Bhanal village road,30.912794,77.623992,Debris            Slide,NA,
3588,HP/SOL/53F01/2017/358,Solan,SolanShilli road,30.912822,77.126771,Rock              Slide,NA,
3589,HP/SOL/53F01/2017/325,Solan,KatniKandaDharampur road,30.912947,77.005231,Rock              Slide,NA,
3590,HP/SOL/53F01/2017/321,Solan,SolanShilli road,30.913034,77.137025,Rock              Slide,NA,
3591,HP/SHI/53F13/2016/12,Shimla,NEAR PANJAR,30.9136,77.7528,Debris            Slide,NA,
3592,HP/SOL/53F01/2017/205,Solan,ChailYashwantnagar link road,30.914252,77.231778,Rock              Slide,NA,
3593,HP/SOL/53F01/2017/208,Solan,GodaChail road,30.914625,77.20788,Rock              Slide,NA,
3594,HP/SOL/53F01/2017/99,Solan,GodaChail road,30.915068,77.209231,Rock              Slide,NA,
3595,HP/SHI/53F13/2016/11,Shimla,NEAR PANJAR,30.9154,77.7518,Debris            Slide,NA,
3596,HP/SOL/53F01/2017/209,Solan,GodaChail road,30.915508,77.212906,Rock              Slide,NA,
3597,HP/SOL/53F01/2017/397,Solan,ChailYashwantnagar link road,30.915762,77.22758,Rock              Slide,NA,
3598,HP/SOL/53F01/2017/207,Solan,GodaChail road,30.91595,77.206625,Rock              Slide,NA,
3599,HP/SHI/53F13/2016/5,Shimla,NEAR MANEWATI VILLAGE,30.916,77.8022,Debris            Subsidence,NA,
3600,HP/SHI/53F13/2016/9,Shimla,TIKRI VILLAGE,30.9166,77.7581,Debris            Slide,NA,
3601,HP/SOL/53F01/2017/253,Solan,SaporaDiothi road,30.916641,77.074628,Rock              Slide,NA,
3602,HP/SOL/53F01/2017/206,Solan,ChailYashwantnagar link road,30.916646,77.235939,Rock              Slide,NA,
3603,HP/SHI/53F13/2016/10,Shimla,TIKRI VILLAGE,30.9167,77.7595,Debris            Slide,NA,
3604,HP/SOL/53F01/2017/339,Solan,DharampurSubathu Road,30.91703,77.029941,Rock              Slide,NA,
3605,HP/SOL/53F01/2017/254,Solan,DharampurSubathu Road,30.91732,77.0752,Rock              Slide,NA,
3606,HP/SOL/53F01/2017/15,Solan,DharampurSubathu Road,30.91732,77.0752,Rock              Fall,NA,
3607,HP/SOL/53F01/2017/47,Solan,DharampurSubathu Road,30.91732,77.0752,Debris            Slide,NA,
3608,HP/SHI/53F13/2016/2,Shimla,NEAR MAYOTI VILLAGEMAYOTI-,30.918,77.8008,Debris            Slide,NA,
3609,HP/SHI/53F13/2016/3,Shimla,NEAR MAYOTI VILLAGEMAYOTI-,30.9207,77.7985,Rock              Fall,NA,
3610,HP/SOL/53F01/2017/11,Solan,GodaChail road,30.922028,77.212733,Rock              Fall,NA,
3611,HP/SHM/53F09/2017/57,Shimla,SH08 Bodna village,30.922503,77.63505,Debris            Slide,NA,
3612,HP/SHM/53F09/2017/9,Shimla,"Nerwa, near Bodna bridge",30.923531,77.639489,Rock cum debris   Slide,NA,
3613,HP/SOL/53B13/2017/38,Solan,Right bank of khad,30.923997,76.95519,Debris            Slide,NA,
3614,HP/SOL/53F01/2017/211,Solan,GodaChail road,30.92471,77.226922,Rock              Slide,NA,
3615,HP/SIR/53F05/2017/69,Sirmur,Shalogni,30.925825,77.334836,Rock cum debris   Slide,NA,
3616,HP/SOL/53F01/2017/401,Solan,Ashwini khadShilli road,30.926205,77.143252,Rock              Slide,NA,
3617,HP/SHM/53F09/2017/10,Shimla,Nerwa/Basasam,30.926208,77.644786,Debris            Slide,NA,
3618,HP/SOL/53B13/2017/178,Solan,PattaHaripur road,30.926297,76.87877,Rock              Slide,NA,
3619,HP/SOL/53F01/2017/100,Solan,GodaChail road,30.926651,77.227834,Rock              Slide,NA,
3620,HP/SOL/53B13/2017/48,Solan,,30.926983,76.854978,Debris            Slide,NA,
3621,HP/SOL/53B13/2017/177,Solan,PattaHaripur road,30.927068,76.879745,Rock              Slide,NA,
3622,HP/SOL/53F01/2017/213,Solan,NH22,30.927509,77.113524,Rock              Slide,NA,
3623,HP/SIR/53F05/2017/70,Sirmur,Shalogni,30.927514,77.337169,Debris            Slide,NA,
3624,HP/SIR/53F05/2017/68,Sirmur,Ruhata,30.927536,77.337189,Debris            Slide,NA,
3625,HP/SOL/53F01/2017/154,Solan,DharampurSubathu Road,30.928258,77.018968,Rock              Slide,NA,
3626,HP/SIR/53F05/2017/1,Sirmur,MDR3 Shalhech to Chandol,30.9285,77.33983,Rock cum debris   Slide,NA,
3627,HP/SOL/53F01/2017/357,Solan,Ashwini khadShilli road,30.928619,77.159695,Rock              Slide,NA,
3628,HP/SIR/53F05/2017/10,Sirmur,Shalogni Village/MDR3,30.928833,77.3405,Rock cum debris   Slide,NA,
3629,HP/SOL/53F01/2017/210,Solan,GodaChail road,30.93157,77.236354,Rock              Slide,NA,
3630,HP/SIR/53F05/2017/55,Sirmur,Pain Kufar,30.931869,77.381769,Debris            Slide,NA,
3631,HP/SOL/53B13/2017/176,Solan,PattaHaripur road,30.932532,76.876294,Rock              Slide,NA,
3632,HP/SHM/53F09/2017/16,Shimla,NeruaChopal link road,30.934011,77.597464,Rock cum debris   Slide,NA,
3633,HP/SHM/53F09/2017/17,Shimla,Bamrar Tikiri link road,30.934269,77.597369,Debris            Slide,NA,
3634,HP/SOL/53B13/2017/116,Solan,KatniKandaDharampur road,30.934788,76.99855,Rock              Slide,NA,
3635,HP/SOL/53F01/2017/3,Solan,DharampurSubathu Road,30.934913,77.043677,Rock              Fall,NA,
3636,HP/SIR/53F05/2017/65,Sirmur,Sanora,30.935403,77.354514,Rock cum debris   Slide,NA,
3637,HP/SOL/53B13/2017/175,Solan,PattaHaripur road,30.936427,76.877137,Rock              Slide,NA,
3638,HP/SOL/53B13/2017/174,Solan,PattaHaripur road,30.937327,76.876837,Rock              Slide,NA,
3639,HP/SOL/53B13/2017/115,Solan,KatniKandaDharampur road,30.937612,76.997998,Rock              Slide,NA,
3640,HP/SOL/53F01/2017/190,Solan,DharampurSubathu Road,30.938228,77.041741,Rock              Slide,NA,
3641,HP/SIR/53F05/2017/72,Sirmur,ChaILaKumarhatti Road,30.9395,77.336031,Rock cum debris   Slide,NA,
3642,HP/SOL/53F01/2017/436,Solan,Ashwini khadShilli road,30.939703,77.175375,Rock              Slide,NA,
3643,HP/SOL/53F01/2017/212,Solan,NH22,30.939976,77.13175,Rock              Slide,NA,
3644,HP/SOL/53F01/2017/400,Solan,Ashni khadChail road,30.940348,77.165848,Rock              Slide,NA,
3645,HP/SHM/53F09/2017/23,Shimla,Phalauna,30.942389,77.546414,Rock cum debris   Slide,NA,
3646,HP/SIR/53F05/2017/57,Sirmur,Manwan,30.942442,77.396494,Rock cum debris   Slide,NA,
3647,HP/SOL/53F01/2017/26,Solan,ChambaghatGuggaghat road,30.944039,77.076152,Rock              Fall,NA,
3648,HP/SOL/53B13/2017/103,Solan,PattaHaripur road,30.944879,76.880998,Rock              Slide,NA,
3649,HP/SHM/53F09/2017/22,Shimla,Phalauna,30.945919,77.542019,Debris            Slide,NA,
3650,HP/SHM/53F09/2017/18,Shimla,Kathiyana,30.946236,77.542325,Debris            Slide,NA,
3651,HP/SHM/53F09/2017/21,Shimla,Phalauna,30.94655,77.541781,Rock cum debris   Slide,NA,
3652,HP/SHM/53F09/2017/2,Shimla,ChaupalJinkinpul road,30.946617,77.582478,Debris            Slide,NA,
3653,HP/SHM/53F09/2017/1,Shimla,"Thana, link road",30.947172,77.571233,Debris,Slide,2011
3654,HP/SHM/53F09/2017/20,Shimla,Phalauna,30.947183,77.540006,Debris            Slide,NA,
3655,HP/SOL/53B13/2017/114,Solan,KatniKandaDharampur road,30.947873,76.997248,Rock              Slide,NA,
3656,HP/SIR/53F05/2017/76,Sirmur,Dhaniya Ser,30.949322,77.330133,Debris            Slide,NA,
3657,HP/SOL/53F01/2017/432,Solan,KandaghatChail road,30.949714,77.218654,Rock              Slide,NA,
3658,HP/SOL/53F01/2017/417,Solan,ChambaghatGuggaghat road,30.950297,77.078917,Rock              Slide,NA,
3659,HP/SIR/53F05/2017/77,Sirmur,Sangthara,30.950367,77.327433,Debris            Slide,NA,
3660,HP/SOL/53B13/2017/173,Solan,KutharKasauli road,30.951481,76.950667,Rock              Slide,NA,
3661,HP/SOL/53B13/2017/47,Solan,,30.952565,76.88466,Debris            Slide,NA,
3662,HP/SOL/53B13/2017/43,Solan,PattaHaripur road,30.95262,76.901854,Debris            Slide,NA,
3663,HP/SOL/53B13/2017/165,Solan,KuthadMairapatta road,30.952809,76.924678,Rock              Slide,NA,
3664,HP/SOL/53B13/2017/102,Solan,PattaHaripur road,30.953036,76.901858,Rock              Slide,NA,
3665,HP/SOL/53B13/2017/113,Solan,KuthadArlaDharampur road,30.953334,76.993108,Rock              Slide,NA,
3666,HP/SIR/53F05/2017/74,Sirmur,Dhaniya Ser,30.953506,77.327781,Rock cum debris   Slide,NA,
3667,HP/SIR/53F05/2017/48,Sirmur,Sanghthara,30.953611,77.327778,Rock cum debris   Slide,NA,
3668,HP/SIR/53F05/2017/73,Sirmur,Chandol,30.95365,77.327764,Rock cum debris   Slide,NA,
3669,HP/SIR/53F05/2017/61,Sirmur,Sangthara,30.953656,77.327689,Debris            Slide,NA,
3670,HP/SIR/53F05/2017/78,Sirmur,Rori,30.9537,77.327589,Rock cum debris   Slide,NA,
3671,HP/SIR/53F05/2017/66,Sirmur,Sanghthara,30.953731,77.327622,Debris            Slide,NA,
3672,HP/SOL/53B13/2017/141,Solan,BatauliNawanagar road,30.953843,76.850593,Rock              Slide,NA,
3673,HP/SIR/53F05/2017/83,Sirmur,Jagher,30.953942,77.304828,Debris            Slide,NA,
3674,HP/SOL/53F01/2017/16,Solan,DharampurSubathu Road,30.954098,77.014505,Rock              Fall,NA,
3675,HP/SIR/53F05/2017/64,Sirmur,Tali Bhujal,30.9547,77.443581,Debris            Slide,NA,
3676,HP/SOL/53F01/2017/67,Solan,Ashni khadChail road,30.954873,77.17745,Debris            Slide,NA,
3677,HP/SOL/53B13/2017/26,Solan,PattaHaripur road,30.955032,76.906567,Debris            Slide,NA,
3678,HP/SOL/53B13/2017/164,Solan,KuthadMairapatta road,30.955436,76.923019,Rock              Slide,NA,
3679,HP/SOL/53B13/2017/35,Solan,KuthadMairapatta road,30.955912,76.917313,Debris            Slide,NA,
3680,HP/SOL/53B13/2017/166,Solan,KuthadMairapatta road,30.957539,76.914894,Rock              Slide,NA,
3681,HP/SOL/53B13/2017/136,Solan,PattaJoharji road,30.957655,76.902279,Rock              Slide,NA,
3682,HP/SOL/53B13/2017/167,Solan,Mairapatta,30.95937,76.906912,Rock              Slide,NA,
3683,HP/SOL/53F01/2017/431,Solan,KandaghatChail road,30.959403,77.168658,Rock              Slide,NA,
3684,HP/SHM/53F09/2017/19,Shimla,Phalauna,30.959831,77.543514,Rock cum debris   Slide,NA,
3685,HP/SOL/53B13/2017/58,Solan,DharampurSubathu Road,30.960069,76.996297,Rock              Slide,NA,
3686,HP/SOL/53B13/2017/24,Solan,KuthadMairapatta road,30.960088,76.926241,Debris            Slide,NA,
3687,HP/SIR/53F05/2017/67,Sirmur,Kotla,30.96125,77.323761,Rock cum debris   Slide,NA,
3688,HP/SIR/53F05/2017/59,Sirmur,Koti Mawga,30.961372,77.326417,Rock cum debris   Slide,NA,
3689,HP/SOL/53B13/2017/122,Solan,DharampurSubathu Road,30.961609,76.995689,Rock              Slide,NA,
3690,HP/SOL/53F01/2017/399,Solan,Ashni khadChail road,30.961874,77.156345,Rock              Slide,NA,
3691,HP/SOL/53B13/2017/168,Solan,PattaGoeta road,30.962301,76.909687,Rock              Slide,NA,
3692,HP/SIR/53F05/2017/80,Sirmur,Kotla,30.962572,77.323425,Rock              Slide,NA,
3693,HP/SHM/53F09/2017/3,Shimla,"SH 8, ChaukiyaJinkinpul road",30.962953,77.587925,Rock cum debris   Slide,NA,
3694,HP/SOL/53B13/2017/143,Solan,,30.963094,76.864011,Rock              Slide,NA,
3695,HP/SOL/53B13/2017/191,Solan,Right bank of khad,30.963779,76.830635,Rock              Slide,NA,
3696,HP/SIR/53F05/2017/75,Sirmur,"Kotla,SH06",30.963906,77.324464,Debris            Slide,NA,
3697,HP/SHM/53F09/2017/8,Shimla,"SH08, ChaupalNerwa Road",30.963911,77.596819,Rock cum debris   Slide,NA,
3698,HP/SIR/53F05/2017/79,Sirmur,Kotla Bangi,30.963919,77.32435,Rock              Slide,NA,
3699,HP/SHM/53F09/2017/5,Shimla,Jinkinpul road,30.963958,77.596794,Rock cum debris   Slide,NA,
3700,HP/SOL/53B13/2017/144,Solan,,30.963972,76.8693,Rock              Slide,NA,
3701,HP/SIR/53F05/2017/60,Sirmur,ChailaKumarhatti Road,30.964125,77.325186,Rock cum debris   Slide,NA,
3702,HP/SOL/53B13/2017/62,Solan,SubathuKuthad road,30.964164,76.967211,Rock              Slide,NA,
3703,HP/SIR/53F05/2017/53,Sirmur,Kotla Bangi,30.964175,77.325281,Debris            Slide,NA,
3704,HP/SOL/53B13/2017/194,Solan,Right bank of khad,30.964178,76.832526,Rock              Slide,NA,
3705,HP/SOL/53B13/2017/186,Solan,KuthadArlaDharampur road,30.964213,76.985701,Rock              Slide,NA,
3706,HP/SOL/53B13/2017/192,Solan,Right bank of khad,30.964376,76.831185,Rock              Slide,NA,
3707,HP/SOL/53B13/2017/169,Solan,BatauliNawanagar road,30.964665,76.854868,Rock              Slide,NA,
3708,HP/SOL/53B13/2017/3,Solan,KuthadMairapatta road,30.964706,76.927868,Rock              Fall,NA,
3709,HP/SOL/53B13/2017/193,Solan,Right bank of khad,30.96481,76.831678,Rock              Slide,NA,
3710,HP/SOL/53F01/2017/204,Solan,KunSolan road,30.96499,77.055292,Rock              Slide,NA,
3711,HP/SOL/53B13/2017/137,Solan,PattaJoharji road,30.965031,76.895209,Rock              Slide,NA,
3712,HP/SOL/53B13/2017/25,Solan,DharampurSubathu Road,30.965108,76.992414,Debris            Slide,NA,
3713,HP/SHM/53F09/2017/6,Shimla,20m away from LS99,30.965131,77.591956,Debris            Slide,NA,
3714,HP/SHM/53F09/2017/7,Shimla,ChaupalJhankinipul Road,30.96515,77.593672,Rock cum debris   Slide,NA,
3715,HP/SOL/53B13/2017/162,Solan,SubathuKuthad road,30.965437,76.979839,Rock              Slide,NA,
3716,HP/SOL/53B13/2017/101,Solan,KutharKasauli road,30.965641,76.958071,Rock              Slide,NA,
3717,HP/SOL/53B13/2017/2,Solan,KuthadMairapatta road,30.965653,76.926301,Rock              Fall,NA,
3718,HP/SOL/53B13/2017/123,Solan,DharampurSubathu Road,30.965675,76.992112,Rock              Slide,NA,
3719,HP/SIR/53F09/2017/56,Sirmur,SH06 ChailaKumarhatti Road,30.965892,77.325575,Debris            Slide,NA,
3720,HP/SOL/53B13/2017/163,Solan,SubathuKuthad road,30.965918,76.97869,Rock              Slide,NA,
3721,HP/SOL/53B13/2017/161,Solan,SubathuKuthad road,30.966239,76.979414,Rock              Slide,NA,
3722,HP/SIR/53F05/2017/11,Sirmur,Shalhech,30.966339,77.324081,Rock cum debris   Slide,NA,
3723,HP/SOL/53F01/2017/413,Solan,DharampurSubathu Road,30.966409,77.002124,Rock              Slide,NA,
3724,HP/SOL/53B13/2017/160,Solan,SubathuKuthad road,30.966964,76.980068,Rock              Slide,NA,
3725,HP/SHM/53F09/2017/52,Shimla,Kotla bangi,30.967364,77.321517,Debris            Slide,NA,
3726,HP/SIR/53F05/2017/71,Sirmur,ChailaKumarhatti Road,30.967447,77.322214,Rock cum debris   Slide,NA,
3727,HP/SOL/53B13/2017/142,Solan,,30.967744,76.863116,Rock              Slide,NA,
3728,HP/SOL/53B13/2017/159,Solan,SubathuKuthad road,30.967923,76.979826,Rock              Slide,NA,
3729,HP/SOL/53B13/2017/170,Solan,BatauliNawanagar road,30.968014,76.859864,Rock              Slide,NA,
3730,HP/SOL/53B13/2017/77,Solan,KuthadMairapatta road,30.968292,76.925895,Rock              Slide,NA,
3731,HP/SOL/53B13/2017/171,Solan,BatauliNawanagar road,30.968657,76.861843,Rock              Slide,NA,
3732,HP/SOL/53B13/2017/138,Solan,PattaJoharji road,30.968747,76.896709,Rock              Slide,NA,
3733,HP/SOL/53F01/2017/203,Solan,KunSolan road,30.968776,77.053398,Rock              Slide,NA,
3734,HP/SHM/53F09/2017/4,Shimla,Jinkinpul road,30.968833,77.572453,Debris            Slide,NA,
3735,HP/SOL/53B13/2017/158,Solan,SubathuKuthad road,30.969034,76.980295,Rock              Slide,NA,
3736,HP/SOL/53B13/2017/76,Solan,KuthadMairapatta road,30.969243,76.926792,Rock              Slide,NA,
3737,HP/SOL/53F01/2017/66,Solan,KandaghatChail road,30.969542,77.189594,Debris            Slide,NA,
3738,HP/SOL/53F01/2017/65,Solan,GarkhalSirrir road,30.969685,77.122364,Debris            Slide,NA,
3739,HP/SOL/53F01/2017/430,Solan,KandaghatChail road,30.969805,77.12016,Rock              Slide,NA,
3740,HP/SOL/53B13/2017/75,Solan,KuthadMairapatta road,30.970155,76.925414,Rock              Slide,NA,
3741,HP/SOL/53F01/2017/202,Solan,ShiorRoad,30.970224,77.053056,Rock              Slide,NA,
3742,HP/SOL/53F01/2017/418,Solan,SumanaKandaghat road,30.970598,77.084896,Rock              Slide,NA,
3743,HP/SOL/53B13/2017/156,Solan,Right bank of Kuthad Nadi,30.97146,76.979585,Rock              Slide,NA,
3744,HP/SIR/53F05/2017/63,Sirmur,Shilabag,30.971519,77.323575,Rock cum debris   Slide,NA,
3745,HP/SOL/53B13/2017/155,Solan,SubathuKuthad road,30.972031,76.980185,Rock              Slide,NA,
3746,HP/SOL/53B13/2017/157,Solan,,30.972233,76.976929,Rock              Slide,NA,
3747,HP/SOL/53B13/2017/36,Solan,PattaGoeta road,30.972295,76.906196,Debris            Slide,NA,
3748,HP/SIR/53F05/2017/81,Sirmur,ChailaKumarhatti Road,30.972511,77.313744,Rock cum debris   Slide,NA,
3749,HP/SOL/53F01/2017/201,Solan,BalianaKun nala road,30.972789,77.058295,Rock              Slide,NA,
3750,HP/SOL/53B13/2017/37,Solan,PattaGoeta road,30.972927,76.906208,Debris            Slide,NA,
3751,HP/SOL/53B13/2017/153,Solan,SubathuKuthad road,30.973314,76.979191,Rock              Slide,NA,
3752,HP/SOL/53B13/2017/139,Solan,PattaJoharji road,30.973475,76.893604,Rock              Slide,NA,
3753,HP/SOL/53B13/2017/74,Solan,KuthadMairapatta road,30.973967,76.925331,Rock              Slide,NA,
3754,HP/SOL/53B13/2017/154,Solan,Left bank of Kuthad Nadi,30.974059,76.975653,Rock              Slide,NA,
3755,HP/SOL/53B13/2017/70,Solan,KuthadMairapatta road,30.974386,76.937435,Rock              Slide,NA,
3756,HP/SOL/53B13/2017/69,Solan,KuthadMairapatta road,30.974772,76.937005,Rock              Slide,NA,
3757,HP/SOL/53F01/2017/429,Solan,SanjNH22 link road,30.974819,77.108052,Rock              Slide,NA,
3758,HP/SOL/53B13/2017/112,Solan,Near Subathu,30.974991,76.982327,Rock              Slide,NA,
3759,HP/SOL/53B13/2017/66,Solan,KuthadMairapatta road,30.975,76.942444,Rock              Slide,NA,
3760,HP/SIR/53F05/2017/82,Sirmur,ChailaKumarhatti Road,30.975025,77.317136,Debris            Slide,NA,
3761,HP/SOL/53B13/2017/63,Solan,KutharKasauli road,30.975103,76.953916,Rock              Slide,NA,
3762,HP/SOL/53B13/2017/17,Solan,KuthadMairapatta road,30.97575,76.92565,Debris            Slide,NA,
3763,HP/SOL/53B13/2017/68,Solan,KuthadMairapatta road,30.97602,76.937421,Rock              Slide,NA,
3764,HP/SOL/53B13/2017/65,Solan,KuthadMairapatta road,30.976037,76.945143,Rock              Slide,NA,
3765,HP/SOL/53B13/2017/7,Solan,KuthadMairapatta road,30.976421,76.945683,Rock              Fall,NA,
3766,HP/SOL/53B13/2017/64,Solan,KuthadMairapatta road,30.976516,76.946654,Rock              Slide,NA,
3767,HP/SOL/53B13/2017/73,Solan,KuthadMairapatta road,30.976988,76.92638,Rock              Slide,NA,
3768,HP/SOL/53F01/2017/348,Solan,SanjNH22 link road,30.977001,77.105915,Rock              Slide,NA,
3769,HP/SOL/53B13/2017/67,Solan,KuthadMairapatta road,30.977004,76.936696,Rock              Slide,NA,
3770,HP/SOL/53B13/2017/71,Solan,KuthadMairapatta road,30.977199,76.932055,Rock              Slide,NA,
3771,HP/SOL/53B13/2017/72,Solan,KuthadMairapatta road,30.977676,76.931012,Rock              Slide,NA,
3772,HP/SOL/53B13/2017/42,Solan,KuthadMairapatta road,30.979125,76.94979,Debris            Slide,NA,
3773,HP/SOL/53B13/2017/92,Solan,NH22,30.979381,76.97742,Rock              Slide,NA,
3774,HP/SOL/53B13/2017/41,Solan,KuthadMairapatta road,30.979588,76.948847,Debris            Slide,NA,
3775,HP/SOL/53B13/2017/152,Solan,Near Subathu,30.979588,76.980165,Rock              Slide,NA,
3776,HP/SOL/53F01/2017/308,Solan,SanjNH22 link road,30.979731,77.07515,Rock              Slide,NA,
3777,HP/SHM/53F09/2017/55,Shimla,Link road to Katian Majhar,30.979769,77.322931,Rock cum debris   Slide,NA,
3778,HP/SOL/53F01/2017/307,Solan,,30.980393,77.083214,Rock              Slide,NA,
3779,HP/SOL/53B13/2017/40,Solan,KuthadMairapatta road,30.980756,76.949201,Debris            Slide,NA,
3780,HP/SOL/53B13/2017/28,Solan,PattaJoharji road,30.980823,76.89441,Debris            Slide,NA,
3781,HP/SOL/53B13/2017/151,Solan,Near Subathu,30.980929,76.98054,Rock              Slide,NA,
3782,HP/SOL/53B13/2017/87,Solan,SubathuKuthad road,30.981547,76.983358,Rock              Slide,NA,
3783,HP/SHM/53F09/2017/13,Shimla,Tharoch link road,30.981881,77.684592,Rock cum debris   Slide,NA,
3784,HP/SHM/53F09/2017/14,Shimla,Tharoch link road,30.981986,77.683294,Debris            Slide,NA,
3785,HP/SOL/53B13/2017/29,Solan,PattaJoharji road,30.982054,76.894788,Debris            Slide,NA,
3786,HP/SOL/53B13/2017/86,Solan,Subathu Cannt,30.982066,76.983947,Rock              Slide,NA,
3787,HP/SOL/53B13/2017/150,Solan,Near Subathu,30.982387,76.980452,Rock              Slide,NA,
3788,HP/SHM/53F09/2017/12,Shimla,TharochKyarla link road,30.982506,77.685283,Debris            Slide,NA,
3789,HP/SOL/53F01/2017/310,Solan,SanjNH22 link road,30.982829,77.074985,Rock              Slide,NA,
3790,HP/SOL/53F01/2017/309,Solan,SanjNH22 link road,30.983104,77.072447,Rock              Slide,NA,
3791,HP/SOL/53B13/2017/30,Solan,PattaJoharji road,30.983153,76.895417,Debris            Slide,NA,
3792,HP/SOL/53B13/2017/149,Solan,SubathuKuthad road,30.983818,76.979525,Rock              Slide,NA,
3793,HP/SOL/53B13/2017/118,Solan,DoduwalSai road,30.984414,76.790083,Rock              Slide,NA,
3794,HP/SOL/53B13/2017/117,Solan,DoduwalSai road,30.984768,76.789477,Rock              Slide,NA,
3795,HP/SOL/53F01/2017/311,Solan,SanjNH22 link road,30.985041,77.073711,Rock              Slide,NA,
3796,HP/SOL/53B13/2017/89,Solan,SubathuKuthad road,30.985208,76.978685,Rock              Slide,NA,
3797,HP/SOL/53F01/2017/349,Solan,SanjNH22 link road,30.986208,77.096791,Rock              Slide,NA,
3798,HP/SOL/53B13/2017/148,Solan,SubathuKuthad road,30.986215,76.978108,Rock              Slide,NA,
3799,HP/SOL/53F01/2017/75,Solan,,30.987111,77.074595,Rock              Slide,NA,
3800,HP/SOL/53B13/2017/88,Solan,SubathuKuthad road,30.987179,76.977797,Rock              Slide,NA,
3801,HP/SHM/53F09/2017/53,Shimla,SH06 ChailaKumarhatti Road,30.987711,77.333103,Rock cum debris   Slide,NA,
3802,HP/SOL/53F01/2017/76,Solan,,30.9878,77.058347,Rock              Slide,NA,
3803,HP/SHM/53F09/2017/54,Shimla,SH06 ChailaKumarhatti Road,30.988111,77.335172,Debris            Slide,NA,
3804,HP/SOL/53B13/2017/187,Solan,,30.988659,76.954281,Rock              Slide,NA,
3805,HP/SOL/53F01/2017/306,Solan,SanjNH22 link road,30.989036,77.085864,Rock              Slide,NA,
3806,HP/SOL/53F01/2017/6,Solan,SanjNH22 link road,30.989096,77.096293,Rock              Fall,NA,
3807,HP/SHM/53F09/2017/11,Shimla,Pundrara Tharoch road,30.990911,77.679597,Rock cum debris   Slide,NA,
3808,HP/SOL/53B13/2017/188,Solan,,30.991608,76.908602,Rock              Slide,NA,
3809,HP/SOL/53B13/2017/119,Solan,DoduwalSai road,30.992165,76.802701,Rock              Slide,NA,
3810,HP/SOL/53F01/2017/434,Solan,KandaghatChail road,30.992278,77.214205,Rock              Slide,NA,
3811,HP/SOL/53F01/2017/433,Solan,KandaghatChail road,30.993487,77.216216,Rock              Slide,NA,
3812,HP/SOL/53B13/2017/140,Solan,SaiBhupnagar road,30.995612,76.832468,Rock              Slide,NA,
3813,HP/SOL/53B13/2017/1,Solan,JatrogChandi road,30.999955,76.941804,Rock              Fall,NA,
3814,HP/SHI/53E08/2016/81,Shimla,TajnelSH-6,31.002944,77.363611,Rock cum debris   Slide,NA,
3815,HP/SHI/53E08/2016/82,Shimla,SH-6,31.002944,77.363611,Rock cum debris   Slide,NA,
3816,HP/SOL/53E04/2017/257,Solan,CHAURI,31.006806,77.061694,Debris            Slide,NA,
3817,HP/SOL/53E04/2017/230,Solan,SHOGI KASUMPTI ROAD,31.008583,77.092889,Debris            Slide,NA,
3818,HP/SHI/53E08/2016/72,Shimla,BalagSH-6,31.00872,77.37487,Rock cum debris   Slide,NA,
3819,HP/SOL/53A16/2017/247,Solan,BARAGAON,31.010417,76.893389,Debris            Slide,NA,
3820,HP/SOL/53A16/2017/248,Solan,RAURI,31.015611,76.929389,Rock              Slide,NA,
3821,HP/SOL/53E04/2017/256,Solan,CHAURI,31.016639,77.059778,Debris            Slide,NA,
3822,HP/SOL/53E04/2017/255,Solan,KASUMPTI CHAURI ROAD,31.016694,77.062528,Debris            Slide,NA,
3823,HP/SOL/53A16/2017/249,Solan,NUNHATTI,31.016778,76.971583,Rock              Slide,NA,
3824,HP/SOL/53A16/2017/3,Solan,"SH 9,NUNHATTI",31.01725,76.966806,Debris            Slide,NA,
3825,HP/SOL/53E04/2017/258,Solan,"GAITY THEATRE, SHIMLA",31.017472,77.074667,Debris            Slide,NA,
3826,HP/SOL/53A16/2017/4,Solan,"SH 9, NUNHATTI",31.017722,76.96575,Rock              Slide,NA,
3827,HP/SOL/53A16/2017/250,Solan,NUNHATTI MAMLING KUFAR,31.020083,76.984528,Rock              Slide,NA,
3828,HP/SHI/53E04/2017/228,Shimla,SHOGI KASUMPTI ROAD,31.0205,77.202083,Debris          Slide,NA,
3829,HP/SOL/53E04/2017/254,Solan,KASUMPTI CHAURI ROAD,31.021833,77.069083,Debris,Slide,2017
3830,HP/SOL/53A16/2017/193,Solan,CHIKNI KHAD,31.021972,76.837667,Rock            Slide,NA,
3831,HP/SOL/53A16/2017/5,Solan,"SH 9, NUNHATTI",31.022278,76.9615,Rock            Slide,NA,
3832,HP/SHI/53E04/2017/1,Shimla,RAULI,31.022861,77.214306,Rock            Slide,NA,
3833,HP/SHI/53E04/2017/3,Shimla,RATGMU,31.024222,77.228972,Rock            Slide,NA,
3834,HP/SHI/53E04/2017/2,Shimla,SHIRGULI,31.027361,77.218,Debris          Slide,NA,
3835,HP/SOL/53E04/2017/248,Solan,KASUMPTI CHAURI ROAD,31.027583,77.004028,Rock            Slide,NA,
3836,HP/SOL/53E04/2017/247,Solan,KASUMPTI CHAURI ROAD,31.027694,77.002306,Rock            Slide,NA,
3837,HP/SOL/53A16/2017/240,Solan,MATKANDA,31.028861,76.902528,Debris          Slide,NA,
3838,HP/SOL/53E04/2017/253,Solan,KASUMPTI CHAURI ROAD,31.030215,77.070946,Debris,Slide,2017
3839,HP/SOL/53A16/2017/239,Solan,BORTI,31.032833,76.910278,Rock            Slide,NA,
3840,HP/SHI/53E04/2017/227,Shimla,SHOGI KASUMPTI ROAD,31.033389,77.19175,Rock            Slide,NA,
3841,HP/SOL/53A16/2017/194,Solan,SWANI,31.033833,76.828139,Debris          Slide,NA,
3842,HP/SHI/53E04/2017/226,Shimla,SHOGI KASUMPTI ROAD,31.033861,77.192944,Rock            Slide,NA,
3843,HP/SOL/53A16/2017/238,Solan,BORTI,31.034639,76.910917,Debris          Slide,NA,
3844,HP/SOL/53A16/2017/195,Solan,SWANI,31.034944,76.826639,Debris          Slide,NA,
3845,HP/SOL/53A16/2017/192,Solan,DHAR,31.035056,76.846806,Debris          Slide,NA,
3846,HP/SHI/53E04/2017/11,Shimla,NH 22,31.035389,77.120861,Rock            Slide,NA,
3847,HP/SOL/53E04/2017/252,Solan,KASUMPTI CHAURI ROAD,31.035806,77.051306,Debris          Slide,NA,
3848,HP/SOL/53A16/2017/191,Solan,BASIAN KANAITA,31.035861,76.842528,Debris          Slide,NA,
3849,HP/SHI/53E04/2017/225,Shimla,SHOGI KASUMPTI ROAD,31.036861,77.191111,Rock            Slide,NA,
3850,HP/SOL/53E04/2017/249,Solan,KASUMPTI CHAURI ROAD,31.037028,77.006139,Rock            Slide,NA,
3851,HP/SHI/53E04/2017/224,Shimla,SHOGI KASUMPTI ROAD,31.039333,77.19175,Rock            Slide,NA,
3852,HP/SOL/53A16/2017/190,Solan,BASIAN KANAITA,31.039583,76.842611,Debris          Slide,NA,
3853,HP/SHI/53E04/2017/22,Shimla,SHIMLA,31.039722,77.120861,Rock            Slide,NA,
3854,HP/SOL/53E04/2017/250,Solan,KASUMPTI CHAURI ROAD,31.039861,77.011028,Debris          Slide,NA,
3855,HP/SOL/53A16/2017/6,Solan,SH 9,31.04,76.959389,Debris          Slide,NA,
3856,HP/SHI/53E04/2017/223,Shimla,SHOGI KASUMPTI ROAD,31.040056,77.192194,Debris          Slide,NA,
3857,HP/SOL/53A16/2017/237,Solan,BHAWANIPUR,31.040278,76.909444,Debris          Slide,NA,
3858,HP/SHI/53E04/2017/220,Shimla,"NH 88,JUTOGH",31.040833,77.182111,Debris          Slide,NA,
3859,HP/SHI/53E04/2017/221,Shimla,SHOGI KASUMPTI ROAD,31.040861,77.179917,Debris          Slide,NA,
3860,HP/SHI/53E04/2017/222,Shimla,SHOGI KASUMPTI ROAD,31.04325,77.19575,Rock            Slide,NA,
3861,HP/SOL/53E04/2017/251,Solan,KASUMPTI CHAURI ROAD,31.043917,77.041361,Debris          Slide,NA,
3862,HP/SOL/53A16/2017/236,Solan,BHAWANIPUR,31.044306,76.910222,Debris          Slide,NA,
3863,HP/SOL/53A16/2017/196,Solan,JABAL,31.045,76.817833,Debris          Slide,NA,
3864,HP/SOL/53A16/2017/241,Solan,DHAKRANA,31.045389,76.869389,Debris          Slide,NA,
3865,HP/SHI/53E04/2017/219,Shimla,DADOG,31.046806,77.185056,Debris          Slide,NA,
3866,HP/SOL/53A16/2017/7,Solan,SH 9,31.046917,76.959194,Rock            Slide,NA,
3867,HP/SOL/53A16/2017/245,Solan,AUNTI,31.048306,76.855389,Rock            Slide,NA,
3868,HP/SOL/53A16/2017/246,Solan,AUNTI,31.049028,76.854333,Rock            Slide,NA,
3869,HP/SOL/53A16/2017/54,Solan,SH 9,31.049611,76.90975,Rock            Slide,NA,
3870,HP/SOL/53A16/2017/242,Solan,AUNTI,31.049694,76.863528,Debris          Slide,NA,
3871,HP/SOL/53A16/2017/243,Solan,AUNTI,31.05,76.862611,Debris          Slide,NA,
3872,HP/SOL/53A16/2017/8,Solan,SH 9,31.050667,76.958806,Rock            Slide,NA,
3873,HP/SHI/53E08/2016/5,Shimla,"Down slope of Deha, SH-8",31.051563,77.457642,Debris          Slide,NA,
3874,HP/SHI/53E04/2017/193,Shimla,NH 88,31.05175,77.154444,Rock            Slide,NA,
3875,HP/SOL/53A16/2017/189,Solan,BEPAD,31.052056,76.839083,Debris          Slide,NA,
3876,HP/SHI/53E04/2017/194,Shimla,NUNHATTI MAMLING KUFAR,31.052222,77.155111,Rock            Slide,NA,
3877,HP/SHI/53E04/2017/178,Shimla,"SH 13, NALDERA",31.052472,77.135944,Debris          Slide,NA,
3878,HP/SOL/53A16/2017/244,Solan,AUNTI,31.052556,76.858361,Debris            Slide,NA,
3879,HP/SHI/53E04/2017/192,Shimla,NH 88,31.052611,77.151222,Rock              Slide,NA,
3880,HP/SHI/53E08/2016/49,Shimla,SH-5,31.053099,77.332741,Rock cum debris   Slide,NA,
3881,HP/SHI/53E04/2017/195,Shimla,NUNHATTI MAMLING KUFAR,31.053139,77.15675,Rock              Slide,NA,
3882,HP/SHI/53E04/2017/179,Shimla,NH 88,31.053194,77.135667,Debris            Slide,NA,
3883,HP/SHI/53E04/2017/196,Shimla,NUNHATTI MAMLING KUFAR,31.053556,77.155,Debris            Slide,NA,
3884,HP/SHI/53E04/2017/180,Shimla,NH 88,31.05388,77.135229,Rock              Slide,NA,
3885,HP/SHI/53E04/2017/197,Shimla,NUNHATTI MAMLING KUFAR,31.054806,77.155,Rock              Slide,NA,
3886,HP/SOL/53E04/2017/237,Solan,SHOGI KASUMPTI ROAD,31.055083,77.033389,Rock              Slide,NA,
3887,HP/SHI/53E08/2016/30,Shimla,Thana JubbarSH-5; 500m ahead,31.055161,77.339203,Debris            Slide,NA,
3888,HP/SHI/53E08/2016/29,Shimla,Thana JubbarSH-5; 300m ahead,31.055161,77.339203,Rock cum debris   Slide,NA,
3889,HP/SOL/53E04/2017/235,Solan,SHOGI KASUMPTI ROAD,31.055306,77.029194,Debris            Slide,NA,
3890,HP/SHI/53E08/2016/88,Shimla,BehlogSH-8,31.055367,77.429726,Rock,NA,
3891,HP/SOL/53E04/2017/236,Solan,SHOGI KASUMPTI ROAD,31.055472,77.031694,Debris            Slide,NA,
3892,HP/SHI/53E08/2016/28,Shimla,"Thana Jubbar, SH-5",31.055485,77.342964,Debris            Slide,NA,
3893,HP/SOL/53E04/2017/234,Solan,SHOGI KASUMPTI ROAD,31.055694,77.024889,Rock              Slide,NA,
3894,HP/SOL/53A16/2017/188,Solan,BEPAD,31.055778,76.838278,Debris            Slide,NA,
3895,HP/SHI/53E04/2017/181,Shimla,NH 88,31.05625,77.13425,Debris            Slide,NA,
3896,HP/SHI/53E04/2017/45,Shimla,"SH 13,NALDERA",31.056333,77.134361,Rock              Slide,NA,
3897,HP/SOL/53A16/2017/187,Solan,BEPAD,31.056667,76.835333,Debris            Slide,NA,
3898,HP/SOL/53A16/2017/9,Solan,SH 9,31.056833,76.956389,Debris            Slide,NA,
3899,HP/SHI/53E16/2016/52,Shimla,SNAILNH-72,31.0569,77.8245,Debris            Slide,NA,
3900,HP/SHI/53E04/2017/200,Shimla,ANJI,31.056917,77.151333,Debris            Slide,NA,
3901,HP/SHI/53E04/2017/198,Shimla,BASHIL,31.056972,77.156667,Debris            Slide,NA,
3902,HP/SHI/53E04/2017/201,Shimla,SANJAULI,31.057,77.15025,Debris            Slide,NA,
3903,HP/SHI/53E04/2017/182,Shimla,NH 88,31.057389,77.132444,Rock              Slide,NA,
3904,HP/SHI/53E04/2017/199,Shimla,NERI,31.057583,77.152472,Rock              Slide,NA,
3905,HP/SHI/53E04/2017/202,Shimla,ANJI,31.057583,77.150167,Debris            Slide,NA,
3906,HP/SHI/53E16/2016/53,Shimla,SNAILNH-72,31.0594,77.8256,Debris            Slide,NA,
3907,HP/SHI/53E04/2017/218,Shimla,"NH 88,JUTOGH",31.05975,77.182861,Debris            Slide,NA,
3908,HP/SHI/53E16/2016/103,Shimla,NH-72,31.06,77.82216,Debris            Slide,NA,
3909,HP/SHI/53E04/2017/183,Shimla,NH 88,31.061004,77.131536,Debris            Slide,NA,
3910,HP/SHI/53E04/2017/203,Shimla,ANJI,31.061194,77.149889,Rock              Slide,NA,
3911,HP/SOL/53E04/2017/238,Solan,SHOGI KASUMPTI ROAD,31.061722,77.039611,Debris            Slide,NA,
3912,HP/SHI/53E08/2016/11,Shimla,TikkarSH-5,31.061754,77.33345,Debris            Flow,NA,
3913,HP/SHI/53E16/2016/32,Shimla,SANAIL KHAD,31.0623,77.8168,Debris            Slide,NA,
3914,HP/SOL/53A12/2017/73,Solan,"NH 21, KHORANI",31.062833,76.738917,Debris            Slide,NA,
3915,HP/SOL/53A12/2017/47,Solan,"SH 16,SERI",31.062833,76.738917,Rock              Slide,NA,
3916,HP/SHI/53E16/2016/15,Shimla,NEAR SNAILNH-72,31.0629,77.8214,Debris            Fall,NA,
3917,HP/SHI/53E08/2016/27,Shimla,"Tikkar, SH-5",31.062944,77.336197,Debris            Slide,NA,
3918,HP/SHI/53E04/2017/214,Shimla,SH 16,31.063,77.175472,Debris            Slide,NA,
3919,HP/SOL/53A16/2017/197,Solan,SERTHI,31.063028,76.794278,Debris            Slide,NA,
3920,HP/SHI/53E04/2017/213,Shimla,TARADEVI,31.063528,77.174278,Rock              Slide,NA,
3921,HP/SOL/53A12/2017/78,Solan,"NH 21,PALACHAD",31.063667,76.745333,Debris            Slide,NA,
3922,HP/SOL/53A12/2017/52,Solan,"SH 16,KUSRI",31.063667,76.745333,Debris            Slide,NA,
3923,HP/SHI/53E04/2017/217,Shimla,"NH 22, TARADEVI",31.063972,77.180528,Debris            Slide,NA,
3924,HP/SHI/53E04/2017/212,Shimla,"NH 22, TARADEVI",31.064083,77.17375,Debris            Slide,NA,
3925,HP/SOL/53A12/2017/74,Solan,"NH 21, KHORANI",31.064806,76.742056,Debris            Slide,NA,
3926,HP/SOL/53A12/2017/48,Solan,"SH 16,KUSRI",31.064806,76.742056,Debris            Slide,NA,
3927,HP/SHI/53E04/2017/216,Shimla,"NH 22, TARADEVI",31.064861,77.179583,Debris            Slide,NA,
3928,HP/SOL/53A12/2017/77,Solan,"NH 21,PALACHAD",31.064944,76.744417,Rock              Slide,NA,
3929,HP/SOL/53A12/2017/51,Solan,"SH 16,KUSRI",31.064944,76.744417,Rock              Slide,NA,
3930,HP/SOL/53A12/2017/76,Solan,"NH 21,PALACHAD",31.064972,76.744111,Debris            Slide,NA,
3931,HP/SOL/53A12/2017/50,Solan,"SH 16,KUSRI",31.064972,76.744111,Rock              Slide,NA,
3932,HP/SHI/53E16/2016/179,Shimla,NEAR SANJOGNEAR SANJOG,31.065,77.7777,Debris            Fall,NA,
3933,HP/SOL/53A16/2017/53,Solan,SH 9,31.065167,76.91425,Debris            Slide,NA,
3934,HP/SOL/53A12/2017/75,Solan,"NH 21,PALACHAD",31.065194,76.743472,Debris            Slide,NA,
3935,HP/SOL/53A12/2017/79,Solan,"NH 21,PALACHAD",31.065194,76.666444,Rock              Slide,NA,
3936,HP/SOL/53A12/2017/49,Solan,"SH 16,KUSRI",31.065194,76.743472,Debris            Slide,NA,
3937,HP/SOL/53A12/2017/53,Solan,"SH 16,KUSRI",31.065194,76.666444,Debris            Slide,NA,
3938,HP/SHI/53E04/2017/204,Shimla,ANJI,31.065444,77.151861,Debris            Slide,NA,
3939,HP/SOL/53E04/2017/233,Solan,SHOGI KASUMPTI ROAD,31.065472,77.003861,Rock              Slide,NA,
3940,HP/SHI/53E04/2017/205,Shimla,BANI,31.065583,77.152722,Debris            Slide,NA,
3941,HP/SHI/53E04/2017/211,Shimla,NH 22,31.065667,77.171167,Rock              Slide,NA,
3942,HP/SHI/53E16/2016/51,Shimla,SNAIL,31.0663,77.8244,Debris            Slide,NA,
3943,HP/SHI/53E08/2016/78,Shimla,SH-8; road to Choppal,31.0667,77.402412,Rock cum debris   Slide,NA,
3944,HP/SHI/53E04/2017/206,Shimla,JABLU,31.066833,77.153389,Debris            Slide,NA,
3945,HP/SOL/53E04/2017/232,Solan,SHOGI KASUMPTI ROAD,31.067639,77.002306,Rock              Slide,NA,
3946,HP/SHI/53E04/2017/187,Shimla,SH 13,31.068289,77.132789,Debris            Slide,NA,
3947,HP/SHI/53E08/2016/63,Shimla,"Baddar, SH-8",31.068392,77.39164,Rock              Slide,NA,
3948,HP/SHI/53E16/2016/42,Shimla,NH-72,31.0685,77.8172,Debris            Slide,NA,
3949,HP/SOL/53E04/2017/239,Solan,SHOGI KASUMPTI ROAD,31.068639,77.041583,Debris            Slide,NA,
3950,HP/SOL/53A16/2017/211,Solan,SH 16,31.068972,76.849944,Rock              Slide,NA,
3951,HP/SHI/53E04/2017/210,Shimla,"NH 22, TARADEVI",31.069028,77.168694,Debris            Slide,NA,
3952,HP/SOL/53E04/2017/240,Solan,SHOGI KASUMPTI ROAD,31.069056,77.043361,Debris,Slide,2017
3953,HP/SHI/53E04/2017/207,Shimla,"NH 22, TARADEVI",31.069528,77.161694,Rock              Slide,NA,
3954,HP/SHI/53E04/2017/215,Shimla,SHIMLA,31.069639,77.190389,Debris            Slide,NA,
3955,HP/SHI/53E04/2017/188,Shimla,NH 88,31.070526,77.13116,Debris            Slide,NA,
3956,HP/SOL/53A16/2017/229,Solan,SH 16,31.070556,76.994083,Rock              Slide,NA,
3957,HP/SOL/53A16/2017/212,Solan,SH 16,31.070806,76.866667,Debris            Slide,NA,
3958,HP/SOL/53E04/2017/231,Solan,SHOGI KASUMPTI ROAD,31.070889,77.000861,Rock              Slide,NA,
3959,HP/SHI/53E16/2016/50,Shimla,SNAIL,31.0714,77.8118,Debris            Slide,NA,
3960,HP/SOL/53A16/2017/228,Solan,SH 16,31.0715,76.992167,Rock              Slide,NA,
3961,HP/SHI/53E04/2017/209,Shimla,"NH 22, TARADEVI",31.071528,77.170833,Debris            Slide,NA,
3962,HP/SOL/53A16/2017/210,Solan,SH 16,31.071778,76.847806,Debris            Slide,NA,
3963,HP/SHI/53E08/2016/53,Shimla,"Maripool, SH-6",31.07196,77.382294,Rock cum debris   Slide,NA,
3964,HP/SOL/53A16/2017/230,Solan,SH 16,31.072222,76.998167,Debris            Slide,NA,
3965,HP/SOL/53A16/2017/227,Solan,SH 16,31.072417,76.992389,Rock              Slide,NA,
3966,HP/SOL/53A16/2017/52,Solan,SH 9,31.072722,76.918722,Debris            Slide,NA,
3967,HP/SHI/53E16/2016/49,Shimla,SNAIL,31.0728,77.8221,Debris            Slide,NA,
3968,HP/SHI/53E04/2017/208,Shimla,"NH 22, TARADEVI",31.072861,77.171056,Rock              Fall,NA,
3969,HP/SOL/53A16/2017/226,Solan,SH 16,31.073139,76.992306,Rock              Slide,NA,
3970,HP/SOL/53A16/2017/235,Solan,SH 9,31.073194,76.918944,Debris            Slide,NA,
3971,HP/SHI/53E16/2016/100,Shimla,Near Kuddu - Darman road,31.0732,77.7823,Debris            Slide,NA,
3972,HP/SOL/53A16/2017/51,Solan,SH 9,31.073639,76.919028,Rock              Slide,NA,
3973,HP/SHI/53E16/2016/45,Shimla,UTROL-NH-72 LINK ROAD,31.0737,77.7839,Debris            Slide,NA,
3974,HP/SOL/53A16/2017/48,Solan,SH 9,31.074361,76.938806,Debris            Slide,NA,
3975,HP/SOL/53A16/2017/186,Solan,TAMU,31.074417,76.821556,Debris            Slide,NA,
3976,HP/SOL/53A16/2017/44,Solan,SH 9,31.074556,76.943944,Debris            Slide,NA,
3977,HP/SOL/53A16/2017/47,Solan,SH 9,31.074639,76.939194,Rock              Slide,NA,
3978,HP/SOL/53A16/2017/50,Solan,SH 9,31.074972,76.935139,Rock              Slide,NA,
3979,HP/SHI/53E16/2016/57,Shimla,NEAR KUDDUNH-72-,31.0751,77.8105,Debris            Fall,NA,
3980,HP/SOL/53A16/2017/49,Solan,SH 9,31.075111,76.935972,Rock              Slide,NA,
3981,HP/SOL/53A16/2017/55,Solan,SH 9,31.075167,76.8975,Debris            Slide,NA,
3982,HP/SOL/53A16/2017/46,Solan,SH 9,31.075333,76.940139,Debris            Slide,NA,
3983,HP/SHI/53E16/2016/168,Shimla,NEAR KUDDUKUDDU-,31.0757,77.8056,Debris            Fall,NA,
3984,HP/SHI/53E04/2017/26,Shimla,CHHOTA SHIMLA,31.075944,77.182333,Rock              Slide,NA,
3985,HP/SOL/53A16/2017/45,Solan,SH 9,31.076139,76.943167,Debris            Slide,NA,
3986,HP/SOL/53A16/2017/185,Solan,RAMSHAHR,31.076222,76.802222,Debris            Slide,NA,
3987,HP/SOL/53A16/2017/198,Solan,BAKRUDI,31.076528,76.778306,Rock              Slide,NA,
3988,HP/SOL/53A16/2017/213,Solan,SH 16,31.07725,76.86025,Debris            Slide,NA,
3989,HP/SOL/53A16/2017/178,Solan,SH 16,31.077556,76.752722,Rock              Slide,NA,
3990,HP/SHI/53E04/2017/25,Shimla,CHHOTA SHIMLA,31.077922,77.185267,Rock              Slide,NA,
3991,HP/SHI/53E16/2016/165,Shimla,NEAR KUDDUKUDDU-DARMAN,31.078,77.7817,Debris            Slide,NA,
3992,HP/SOL/53A16/2017/179,Solan,SH 16,31.078194,76.756639,Debris            Slide,NA,
3993,HP/SOL/53A16/2017/214,Solan,SH 16,31.07875,76.86125,Debris            Slide,NA,
3994,HP/SHI/53E04/2017/24,Shimla,CHHOTA SHIMLA,31.07923,77.184984,Rock              Slide,NA,
3995,HP/SHI/53E08/2016/89,Shimla,TalaiSH-5,31.079746,77.307343,Rock cum debris   Slide,NA,
3996,HP/SOL/53A16/2017/43,Solan,"KOTHI,SH 9",31.080667,76.953278,Rock              Slide,NA,
3997,HP/SOL/53A16/2017/184,Solan,RAMSHAHR,31.080972,76.80325,Rock              Slide,NA,
3998,HP/SHI/53E16/2016/167,Shimla,KUDDU-DHARMANKUDDU-,31.0813,77.7984,Debris            Fall,NA,
3999,HP/SHI/53E04/2017/23,Shimla,NH 22,31.081616,77.185323,Rock              Slide,NA,
4000,HP/SOL/53E04/2017/241,Solan,SHOGI KASUMPTI ROAD,31.082222,77.052389,Debris            Slide,NA,
4001,HP/SOL/53A16/2017/120,Solan,KOTHI,31.082639,76.954806,Rock              Slide,NA,
4002,HP/SOL/53A16/2017/183,Solan,"SH 16,RAMSHAHR",31.083417,76.790944,Rock              Slide,NA,
4003,HP/SHI/53E16/2016/55,Shimla,LEFT BANK OF,31.0835,77.8089,Debris            Slide,NA,
4004,HP/SOL/53A16/2017/182,Solan,SH 16,31.083667,76.785806,Rock              Slide,NA,
4005,HP/SOL/53A16/2017/215,Solan,SH 16,31.084083,76.863167,Debris            Slide,NA,
4006,HP/SHI/53E16/2016/43,Shimla,NEAR PAHAR,31.0841,77.7901,Debris            Slide,NA,
4007,HP/SHI/53E16/2016/112,Shimla,KUDDU-DHARMANKUDDU-,31.0841,77.7937,Debris            Slide,NA,
4008,HP/SOL/53E04/2017/242,Solan,SHOGI KASUMPTI ROAD,31.08425,77.060278,Debris,Slide,2017
4009,HP/SHI/53E08/2016/24,Shimla,Fagu roadSH-5,31.084267,77.306457,Rock cum debris   Slide,NA,
4010,HP/SOL/53A16/2017/72,Solan,JANDU,31.084444,76.843333,Debris            Slide,NA,
4011,HP/SOL/53A16/2017/71,Solan,JANDU,31.084472,76.844083,Debris            Slide,NA,
4012,HP/SHI/53E16/2016/197,Shimla,DARKOTIKUDDU-DARMAN,31.0845,77.7912,Debris            Slide,NA,
4013,HP/SHI/53E04/2017/184,Shimla,NH 88,31.084833,77.135972,Debris            Slide,NA,
4014,HP/SOL/53A16/2017/73,Solan,JANDU,31.085028,76.841167,Debris            Slide,NA,
4015,HP/SHI/53E08/2016/8,Shimla,Chella-Sainj roadSH-6,31.085105,77.389778,Rock cum debris   Slide,NA,
4016,HP/SHI/53E04/2017/21,Shimla,SHIMLA,31.08525,77.190972,Rock              Slide,NA,
4017,HP/SOL/53A16/2017/74,Solan,JANDU,31.085389,76.840917,Debris            Slide,NA,
4018,HP/SOL/53A16/2017/181,Solan,SH 16,31.085611,76.77825,Debris            Slide,NA,
4019,HP/SOL/53A16/2017/56,Solan,SH 9,31.086194,76.886417,Rock              Slide,NA,
4020,HP/SOL/53A16/2017/209,Solan,MATULI,31.086222,76.832222,Debris            Slide,NA,
4021,HP/SHI/53E16/2016/56,Shimla,NEAR DARKOTI,31.0863,77.7894,Debris            Slide,NA,
4022,HP/SOL/53A16/2017/199,Solan,"SH 16,RAMSHAHR",31.086306,76.80425,Debris            Slide,NA,
4023,HP/SOL/53A16/2017/208,Solan,MATULI,31.086361,76.831778,Debris            Slide,NA,
4024,HP/SOL/53A16/2017/200,Solan,"SH 16,RAMSHAHR",31.086472,76.8075,Debris            Slide,NA,
4025,HP/SOL/53A16/2017/207,Solan,MATULI,31.086806,76.830861,Debris            Slide,NA,
4026,HP/SOL/53A16/2017/218,Solan,SH 9,31.086806,76.885722,Debris            Slide,NA,
4027,HP/SOL/53A16/2017/216,Solan,SH 16,31.086861,76.8615,Debris            Slide,NA,
4028,HP/SOL/53A16/2017/201,Solan,"SH 16,RAMSHAHR",31.086861,76.808417,Rock              Slide,NA,
4029,HP/SOL/53A16/2017/180,Solan,SH 16,31.086917,76.775611,Rock              Slide,NA,
4030,HP/SOL/53A16/2017/202,Solan,"SH 16,RAMSHAHR",31.087028,76.811083,Debris            Slide,NA,
4031,HP/SOL/53A16/2017/57,Solan,SH 9,31.087167,76.883083,Debris            Slide,NA,
4032,HP/SHI/53E16/2016/159,Shimla,KATINDA,31.0873,77.8043,Debris            Fall,NA,
4033,HP/SOL/53A16/2017/206,Solan,MATULI,31.087361,76.830667,Debris            Slide,NA,
4034,HP/SOL/53A16/2017/217,Solan,SH 16,31.087722,76.860333,Debris            Slide,NA,
4035,HP/SOL/53A16/2017/70,Solan,BHANER,31.087722,76.849583,Debris            Slide,NA,
4036,HP/SOL/53A16/2017/76,Solan,MATULI,31.08775,76.833778,Debris            Slide,NA,
4037,HP/SOL/53A16/2017/75,Solan,MATULI,31.087917,76.834194,Debris            Slide,NA,
4038,HP/SOL/53A16/2017/58,Solan,SH 16,31.088028,76.87375,Rock              Slide,NA,
4039,HP/SOL/53A16/2017/119,Solan,KUNIHAR PAPLOTA ROAD,31.088194,76.948861,Rock              Slide,NA,
4040,HP/SOL/53A16/2017/118,Solan,KUNIHAR PAPLOTA ROAD,31.088361,76.950861,Rock              Slide,NA,
4041,HP/SHI/53E04/2017/20,Shimla,BANOG,31.088417,77.193639,Rock              Slide,NA,
4042,HP/SOL/53A16/2017/64,Solan,SH 16,31.088417,76.85875,Rock              Slide,NA,
4043,HP/SOL/53A16/2017/69,Solan,BHANER,31.088472,76.850972,Rock              Slide,NA,
4044,HP/SOL/53A16/2017/255,Solan,SH 16,31.088486,76.773674,Debris            Slide,NA,
4045,HP/SOL/53A16/2017/59,Solan,SH 16,31.089056,76.870417,Rock              Topple,NA,
4046,HP/SOL/53A16/2017/203,Solan,MATULI,31.089083,76.827833,Debris            Slide,NA,
4047,HP/SOL/53A16/2017/66,Solan,SH 16,31.089083,76.856528,Debris            Slide,NA,
4048,HP/SOL/53A16/2017/117,Solan,PAPLOTA,31.089222,76.951167,Debris            Slide,NA,
4049,HP/SHI/53E04/2017/148,Shimla,SH 16,31.089389,77.063667,Rock              Slide,NA,
4050,HP/SOL/53A16/2017/204,Solan,MATULI,31.089444,76.83,Rock              Slide,NA,
4051,HP/SOL/53A16/2017/65,Solan,SH 16,31.089694,76.857472,Rock              Slide,NA,
4052,HP/SHI/53E16/2016/62,Shimla,NEAR KATINDA VILLAGE,31.0898,77.8061,Debris            Slide,NA,
4053,HP/SOL/53A16/2017/205,Solan,MATULI,31.089889,76.828972,Rock              Slide,NA,
4054,HP/SOL/53A16/2017/67,Solan,DIGAL,31.09,76.855944,Debris            Slide,NA,
4055,HP/SHI/53E16/2016/63,Shimla,NEAR KATINDA VILLAGE,31.0902,77.8061,Debris            Slide,NA,
4056,HP/SOL/53A16/2017/68,Solan,DIGAL,31.0905,76.854389,Debris            Slide,NA,
4057,HP/SHI/53E12/2016/69,Shimla,Kothara,31.091038,77.667861,Rock cum debris   Slide,NA,
4058,HP/SHI/53E12/2016/13,Shimla,,31.09104,77.667862,Rock              Slide,NA,
4059,HP/SHI/53E16/2016/73,Shimla,DHANASAR,31.0912,77.8413,Debris            Slide,NA,
4060,HP/SHI/53E12/2016/22,Shimla,Kariali Village road,31.091306,77.729639,Rock cum debris   Slide,NA,
4061,HP/SOL/53A16/2017/60,Solan,SH 16,31.091306,76.865694,Debris            Slide,NA,
4062,HP/SHI/53E12/2016/65,Shimla,"Kothara village, SH-10",31.09132,77.6657,Rock              Slide,NA,
4063,HP/SHI/53E04/2017/185,Shimla,NH 88,31.091366,77.12689,Rock              Slide,NA,
4064,HP/SOL/53A16/2017/116,Solan,PAPLOTA,31.091778,76.946611,Debris            Slide,NA,
4065,HP/SHI/53E16/2016/58,Shimla,NEAR KUDDUNH-72-,31.0925,77.7918,Debris            Slide,NA,
4066,HP/SHI/53E16/2016/21,Shimla,NH-72NH-72,31.0926,77.7936,Debris            Slide,NA,
4067,HP/SOL/53A16/2017/61,Solan,SH 16,31.092667,76.866111,Debris            Slide,NA,
4068,HP/SOL/53A16/2017/77,Solan,BANROTA,31.093083,76.797778,Debris            Slide,NA,
4069,HP/SHI/53E04/2017/17,Shimla,BANOG,31.093806,77.205694,Debris            Slide,NA,
4070,HP/SHI/53E04/2017/149,Shimla,SH 16,31.094167,77.110528,Rock              Slide,NA,
4071,HP/SHI/53E16/2016/75,Shimla,DHANASAR,31.0942,77.8322,Debris            Slide,NA,
4072,HP/SHI/53E12/2016/25,Shimla,Mehana Village road,31.094278,77.737361,Rock cum debris   Slide,NA,
4073,HP/SHI/53E16/2016/81,Shimla,DHANASAR,31.0943,77.8306,Debris            Slide,NA,
4074,HP/SHI/53E16/2016/77,Shimla,DHANASAR,31.0943,77.8372,Debris            Slide,NA,
4075,HP/SHI/53E16/2016/78,Shimla,DHANASAR,31.0943,77.838,Debris            Slide,NA,
4076,HP/SHI/53E16/2016/158,Shimla,BADOT VILLAGEBADOT-NH-72,31.0943,77.7663,Debris            Slide,NA,
4077,HP/SHI/53E16/2016/79,Shimla,DHANASAR,31.0944,77.8292,Debris            Slide,NA,
4078,HP/SHI/53E16/2016/76,Shimla,DHANASAR,31.0945,77.833,Debris            Slide,NA,
4079,HP/SHI/53E16/2016/80,Shimla,DHANASAR,31.0946,77.8298,Debris            Slide,NA,
4080,HP/SHI/53E12/2016/21,Shimla,Shamot Village road,31.094756,77.737806,Rock cum debris   Slide,NA,
4081,HP/SHI/53E12/2016/68,Shimla,close to S81,31.09483,77.165135,Rock cum debris   Slide,NA,
4082,HP/SHI/53E08/2016/14,Shimla,ChharabraNH-5,31.094837,77.280403,Rock              Slide,NA,
4083,HP/SHI/53E12/2016/55,Shimla,,31.09486,77.165138,Rock              Fall,NA,
4084,HP/SOL/53A16/2017/62,Solan,SH 16,31.094889,76.864972,Debris            Slide,NA,
4085,HP/SHI/53E16/2016/157,Shimla,BADOT VILLAGEBADOT-NH-72,31.095,77.7669,Debris            Slide,NA,
4086,HP/SHI/53E12/2016/24,Shimla,Shamot Village road,31.095083,77.738,Rock cum debris   Slide,NA,
4087,HP/SHI/53E16/2016/74,Shimla,DHANASAR,31.0952,77.8296,Debris            Slide,NA,
4088,HP/SHI/53E12/2016/20,Shimla,Dhapli Village road,31.095333,77.740444,Rock cum debris   Slide,NA,
4089,HP/SHI/53E16/2016/152,Shimla,BADOT VILLAGEBADOT-NH-72,31.0956,77.7675,Debris            Slide,NA,
4090,HP/SHI/53E04/2017/16,Shimla,SANJAULI,31.095611,77.206222,Rock              Fall,NA,
4091,HP/SHI/53E04/2017/18,Shimla,BANOG,31.095694,77.204167,Debris            Slide,NA,
4092,HP/SHI/53E08/2016/9,Shimla,ChellaSH-10,31.095874,77.411568,Rock cum debris   Slide,NA,
4093,HP/SHI/53E04/2017/146,Shimla,SH 13,31.095917,77.126333,Rock              Slide,NA,
4094,HP/SHI/53E08/2016/25,Shimla,"Chella, SH-10",31.095974,77.412964,Rock cum debris   Slide,NA,
4095,HP/SHI/53E16/2016/66,Shimla,JILTARI VILLAGEJILTARI LINK,31.096,77.8177,Debris            Slide,NA,
4096,HP/SHI/53E16/2016/67,Shimla,JILTARI VILLAGEJILTARI LINK,31.0961,77.8132,Debris            Slide,NA,
4097,HP/SHI/53E08/2016/10,Shimla,Guri; near Sainj crossingTheog-,31.096306,77.410806,Rock cum debris   Slide,NA,
4098,HP/SHI/53E08/2016/26,Shimla,Near Sainj crossing Theog-,31.096306,77.410806,Rock cum debris   Slide,NA,
4099,HP/SHI/53E04/2017/116,Shimla,DHAROG,31.096417,77.125139,Debris            Slide,NA,
4100,HP/SHI/53E08/2016/65,Shimla,"Gumma, NH-5",31.096874,77.421112,Rock              Slide,NA,
4101,HP/SHI/53E16/2016/65,Shimla,JILTARI VILLAGEJILTARI LINK,31.097,77.813,Debris            Slide,NA,
4102,HP/SHI/53E12/2016/23,Shimla,Dhapli Village road,31.097111,77.742972,Rock cum debris   Slide,NA,
4103,HP/SHI/53E12/2016/58,Shimla,"Sanawa, SH-10",31.09757,77.63583,Rock cum debris   Slide,NA,
4104,HP/SHI/53E12/2016/2,Shimla,close to LS99,31.09768,77.64944,Rock cum debris   Slide,NA,
4105,HP/SHI/53E16/2016/48,Shimla,LEFT BANK OF PABBAR,31.0977,77.7924,Debris            Slide,NA,
4106,HP/SHI/53E08/2016/60,Shimla,Near BalogSH-10; Theog,31.097738,77.383789,Rock cum debris   Slide,NA,
4107,HP/SHI/53E04/2017/19,Shimla,BANOG,31.097944,77.202361,Debris            Slide,NA,
4108,HP/SHI/53E12/2016/27,Shimla,"Sanawa, SH-10",31.09796,77.63983,Rock cum debris   Slide,NA,
4109,HP/SHI/53E12/2016/1,Shimla,SH-10,31.09796,77.63983,Rock cum debris   Slide,NA,
4110,HP/SHI/53E16/2016/64,Shimla,NEAR KATINDA VILLAGE,31.0981,77.8141,Debris            Slide,NA,
4111,HP/SHI/53E12/2016/49,Shimla,Kothara village,31.09814,77.66337,Debris,Slide,2016
4112,HP/SHI/53E12/2016/4,Shimla,"Pola, SH-10",31.0982,77.65271,Rock cum debris   Slide,NA,
4113,HP/SHI/53E12/2016/6,Shimla,"Paraunthi, SH-10",31.09844,77.64867,Rock cum debris   Subsidence,NA,
4114,HP/SOL/53A16/2017/1,Solan,"SH9,DATTU",31.098444,76.964556,Rock              Slide,NA,
4115,HP/SHI/53E12/2016/40,Shimla,close to LS93 SH-10,31.09852,77.64069,Rock cum debris   Slide,NA,
4116,HP/SHI/53E12/2016/28,Shimla,"Sanawa, SH-10",31.09853,77.64067,Rock cum debris   Slide,NA,
4117,HP/SHI/53E08/2016/58,Shimla,"Talai, SH-10; Theog Rohru Road",31.098639,77.37999,Rock cum debris   Slide,NA,
4118,HP/SHI/53E16/2016/22,Shimla,NH-72NH-72,31.0987,77.7827,Debris            Slide,NA,
4119,HP/SHI/53E16/2016/156,Shimla,BADOT VILLAGEBADOT-NH-72,31.099,77.7641,Debris            Slide,NA,
4120,HP/SOL/53A16/2017/63,Solan,SH 16,31.099083,76.863139,Rock              Slide,NA,
4121,HP/SHI/53E12/2016/19,Shimla,Markandli Village road,31.0993,77.745042,Rock cum debris   Slide,NA,
4122,HP/SHI/53E12/2016/5,Shimla,PolaSH-10,31.09941,77.65573,Rock cum debris   Slide,NA,
4123,HP/SHI/53E16/2016/39,Shimla,NEAR SAMOT VILLAGE,31.0995,77.7502,Debris            Slide,NA,
4124,HP/SHI/53E12/2016/18,Shimla,Markandli Village road,31.099508,77.750528,Rock cum debris   Slide,NA,
4125,HP/SHI/53E08/2016/13,Shimla,Downslope of Gharesh,31.099623,77.314316,Rock cum debris   Subsidence,NA,
4126,HP/SHI/53E12/2016/31,Shimla,"Pola, SH-10",31.09966,77.65614,Rock cum debris   Slide,NA,
4127,HP/SHI/53E12/2016/59,Shimla,Baina,31.09971,77.63147,Rock cum debris   Slide,NA,
4128,HP/SHI/53E12/2016/67,Shimla,"Sanawa, SH-10",31.09974,77.64156,Rock cum debris   Slide,NA,
4129,HP/SHI/53E08/2016/42,Shimla,TalaiSH-10,31.099918,77.375748,Rock cum debris   Slide,NA,
4130,HP/SHI/53E08/2016/94,Shimla,"Chamiyana, NH-05",31.100048,77.267799,Rock              Slide,NA,
4131,HP/SHI/53E08/2016/69,Shimla,near Haat Bus StopTheog-,31.100106,77.406006,Debris            Slide,NA,
4132,HP/SHI/53E04/2017/189,Shimla,NH 88,31.100306,77.130306,Debris            Slide,NA,
4133,HP/SHI/53E08/2016/70,Shimla,Haat Theog-Hatkoti Road,31.10035,77.407519,Debris            Slide,NA,
4134,HP/SHI/53E16/2016/20,Shimla,NH-72NH-72,31.1004,77.7842,Debris            Slide,NA,
4135,HP/SHI/53E08/2016/67,Shimla,Haat Theog-Hatkoti Road,31.100467,77.406944,Debris            Slide,NA,
4136,HP/SHI/53E08/2016/68,Shimla,Haat Theog-Hatkoti Road,31.100467,77.406944,Debris            Slide,NA,
4137,HP/SHI/53E04/2017/27,Shimla,CHHOTA SHIMLA,31.100472,77.142028,Rock              Fall,NA,
4138,HP/SHI/53E12/2016/60,Shimla,,31.10076,77.65759,Debris            Slide,NA,
4139,HP/SOL/53A16/2017/159,Solan,RAMSHAHR SWARGHAT ROAD,31.100917,76.785278,Rock              Slide,NA,
4140,HP/SOL/53A16/2017/113,Solan,KATAL,31.100917,76.916833,Rock              Slide,NA,
4141,HP/SHI/53E04/2017/15,Shimla,"NH 22,DHALLI",31.101,77.206139,Rock              Slide,NA,
4142,HP/SHI/53E08/2016/12,Shimla,ChellaSH-10,31.101578,77.431976,Rock cum debris   Slide,NA,
4143,HP/SHI/53E08/2016/32,Shimla,SH-10; Theog Rohru Road,31.101723,77.372231,Rock cum debris   Slide,NA,
4144,HP/SHI/53E08/2016/47,Shimla,"Upslope of Dasaun village, SH-",31.102173,77.369621,Rock cum debris   Slide,NA,
4145,HP/SHI/53E08/2016/91,Shimla,Theog; 50m E of S41NH-5,31.102322,77.370338,Rock cum debris   Slide,NA,
4146,HP/SHI/53E08/2016/48,Shimla,"Theog, NH-5",31.102322,77.370338,Rock cum debris   Slide,NA,
4147,HP/SHI/53E08/2016/35,Shimla,"Upslope of Dasaun village, SH-",31.102497,77.3703,Rock              Slide,NA,
4148,HP/SHI/53E12/2016/48,Shimla,ParaunthiSH-10,31.10259,77.64954,Rock cum debris   Slide,NA,
4149,HP/SHIM/53E04/2017/01,Shimla,"Dhalli landslide. NH-5, near Dhalli.",31.102716,77.204228,Rock,Slide,2002
4150,HP/SHI/53E04/2017/14,Shimla,"NH 22,DHALLI",31.103139,77.203778,Rock              Slide,NA,
4151,HP/SHI/53E08/2016/54,Shimla,"Gajeri, SH-10",31.103266,77.384041,Rock cum debris   Slide,NA,
4152,HP/SHI/53E08/2016/52,Shimla,Bishnog Theog-Hatkoti Road,31.1035,77.401056,Rock cum debris   Slide,NA,
4153,HP/SHI/53E08/2016/73,Shimla,BishnogTheog-Hatkoti Road,31.103556,77.399389,Rock cum debris   Slide,NA,
4154,HP/SHI/53E08/2016/79,Shimla,BishnogTheog-Hatkoti Road,31.103611,77.4,Rock              Slide,NA,
4155,HP/SHI/53E12/2016/39,Shimla,"near Jubbal, SH-10",31.10369,77.64783,Rock              Slide,NA,
4156,HP/SHI/53E08/2016/21,Shimla,BishnogTheog-Hatkoti Road,31.104056,77.401944,Rock cum debris   Slide,NA,
4157,HP/SHI/53E16/2016/69,Shimla,JILTARI VILLAGE,31.1045,77.8242,Debris            Slide,NA,
4158,HP/SHI/53E16/2016/151,Shimla,NEAR CHANDERPUR,31.1047,77.7585,Rock              Slide,NA,
4159,HP/SHI/53E16/2016/68,Shimla,KATINDA,31.1049,77.824,Debris            Slide,NA,
4160,HP/SHI/53E04/2017/229,Shimla,SHOGI KASUMPTI ROAD,31.104912,77.1742,Rock              Slide,NA,
4161,HP/SHI/53E08/2016/57,Shimla,"Gajeri, SH-10",31.105181,77.382896,Debris,NA,
4162,HP/SHI/53E08/2016/77,Shimla,near GummaSH-10,31.105268,77.452622,Rock cum debris   Slide,NA,
4163,HP/SHI/53E08/2016/34,Shimla,"Near Gumti Mata Temple, SH-",31.105368,77.369927,Rock cum debris   Slide,NA,
4164,HP/SOL/53A16/2017/115,Solan,KALOWA,31.105472,76.922583,Rock              Slide,NA,
4165,HP/SHI/53E08/2016/36,Shimla,"Gajeri, SH-10",31.105537,77.382103,Rock cum debris   Slide,NA,
4166,HP/SHI/53E16/2016/155,Shimla,NEAR CHANDERPUR,31.1056,77.7612,Rock              Slide,NA,
4167,HP/SHI/53E08/2016/50,Shimla,"Gajeri, SH-10",31.105656,77.382462,Rock cum debris   Slide,NA,
4168,HP/SOL/53A16/2017/2,Solan,SH 9,31.105833,76.968194,Rock              Slide,NA,
4169,HP/SHI/53E04/2017/191,Shimla,NH 88,31.106083,77.11275,Rock              Slide,NA,
4170,HP/SHI/53E16/2016/171,Shimla,NEAR MANDALNH-72 -JAGTAN,31.1061,77.996,Debris            Slide,NA,
4171,HP/SHI/53E08/2016/33,Shimla,"Near LS75, SH-10",31.106157,77.369286,Rock cum debris   Slide,NA,
4172,HP/SHI/53E08/2016/22,Shimla,,31.106216,77.382462,Rock cum debris   Slide,NA,
4173,HP/SHI/53E16/2016/61,Shimla,KATINDA,31.1063,77.8325,Debris            Slide,NA,
4174,HP/SHI/53E12/2016/63,Shimla,upslope of Baina,31.10655,77.63225,Rock cum debris   Slide,NA,
4175,HP/SHI/53E08/2016/76,Shimla,SH-10,31.106694,77.389028,Rock cum debris   Slide,NA,
4176,HP/SHI/53E08/2016/2,Shimla,Opposite bankNH-22,31.106989,77.389092,Debris            Slide,NA,
4177,HP/SHI/53E08/2016/20,Shimla,SH-10,31.107028,77.388556,Rock cum debris   Slide,NA,
4178,HP/SHI/53E08/2016/75,Shimla,SH-10,31.107083,77.387167,Rock cum debris   Slide,NA,
4179,HP/SHI/53E08/2016/15,Shimla,Kufri; near Indian Hotel,31.1071,77.255264,Rock cum debris   Slide,NA,
4180,HP/SHI/53E08/2016/16,Shimla,Kufri; near Indian Hotel,31.1071,77.255264,Rock cum debris   Slide,NA,
4181,HP/SHI/53E04/2017/186,Shimla,NH 88,31.107167,77.204472,Debris            Slide,NA,
4182,HP/SHI/53E04/2017/150,Shimla,SH 16,31.107194,77.112528,Rock              Slide,NA,
4183,HP/SHI/53E08/2016/74,Shimla,SH-10,31.107219,77.389167,Rock cum debris   Slide,NA,
4184,HP/SHI/53E08/2016/56,Shimla,"Kun Village, SH-10",31.107294,77.38073,Debris            Slide,NA,
4185,HP/SHI/53E12/2016/35,Shimla,"Jubbal, SH-10",31.10755,77.67498,Debris            Slide,NA,
4186,HP/SHI/53E12/2016/36,Shimla,"Jubbal, SH-10",31.10755,77.67498,Debris            Slide,NA,
4187,HP/SHI/53E08/2016/61,Shimla,"Bhuban ghat, SH-10",31.107569,77.385071,Rock cum debris   Slide,NA,
4188,HP/SHI/53E08/2016/43,Shimla,Kun VillageSH-10,31.107893,77.381928,Rock cum debris   Slide,NA,
4189,HP/SOL/53A16/2017/91,Solan,SH 9,31.107917,76.970306,Rock              Slide,NA,
4190,HP/SHI/53E04/2017/177,Shimla,JUTOGH PAHL ROAD,31.108111,77.206778,Rock              Slide,NA,
4191,HP/SHI/53E08/2016/37,Shimla,"Kun Village, SH-10",31.108263,77.38105,Rock cum debris   Slide,NA,
4192,HP/SHI/53E08/2016/41,Shimla,"Bhuban ghat, SH-10; Theog",31.108582,77.383919,NA                Slide,NA,
4193,HP/SHI/53E04/2017/151,Shimla,SH 16,31.108694,77.10625,Rock              Slide,NA,
4194,HP/SHI/53E08/2016/84,Shimla,Kufri Bus StopNH-5,31.108722,77.251528,Rock cum debris   Slide,NA,
4195,HP/SHI/53E12/2016/33,Shimla,"Majhauli, SH-10",31.108891,77.564758,Rock cum debris   Slide,NA,
4196,HP/SHI/53E08/2016/85,Shimla,Kufri Bus StopNH-5,31.109139,77.251722,Rock cum debris   Slide,NA,
4197,HP/SHI/53E08/2016/4,Shimla,"Bhuban ghat, SH-10",31.109406,77.382774,Rock cum debris   Slide,NA,
4198,HP/SHI/53E08/2016/83,Shimla,Kufri Bus StopNH-5,31.109556,77.251861,Rock cum debris   Slide,NA,
4199,HP/SHI/53E12/2016/32,Shimla,"Majoli, SH-10",31.109753,77.563294,Rock cum debris   Slide,NA,
4200,HP/SHI/53E08/2016/86,Shimla,KufriNH-5,31.110611,77.251833,Rock cum debris   Slide,NA,
4201,HP/SHI/53E08/2016/87,Shimla,KufriNH-5,31.111194,77.252039,Rock cum debris   Slide,NA,
4202,HP/SHI/53E12/2016/9,Shimla,SH-10,31.11173,77.68563,Rock              Slide,NA,
4203,HP/SOL/53A16/2017/160,Solan,RAMSHAHR SWARGHAT ROAD,31.111778,76.779806,Debris            Slide,NA,
4204,HP/SOL/53A16/2017/177,Solan,"SH 9,MAJHIAR",31.111861,76.9745,Rock              Slide,NA,
4205,HP/SHI/53E16/2016/173,Shimla,JAGTAN VILLAGENH-72 -,31.112,77.8079,Rock              Fall,NA,
4206,HP/SHI/53E12/2016/34,Shimla,"Kalot, SH-10",31.112,77.55761,Rock cum debris   Slide,NA,
4207,HP/SOL/53A16/2017/161,Solan,RAMSHAHR SWARGHAT ROAD,31.112028,76.779806,Debris            Slide,NA,
4208,HP/SHI/53E16/2016/9,Shimla,NH-72 -JAGTAN LINK ROADNH-,31.1125,77.7719,Rock              Topple,NA,
4209,HP/SHI/53E16/2016/40,Shimla,MASINA VILLAGE,31.1125,77.769,Debris            Slide,NA,
4210,HP/SHI/53E04/2017/4,Shimla,CHANAIYAN,31.112972,77.249167,Debris            Slide,NA,
4211,HP/SHI/53E16/2016/54,Shimla,NEAR GILTARI,31.1132,77.8314,Debris            Slide,NA,
4212,HP/SHI/53E08/2016/51,Shimla,2km towards Fagu from Nangal,31.113266,77.322838,Rock cum debris   Slide,NA,
4213,HP/SOL/53A16/2017/112,Solan,SARGERU,31.113694,76.904028,Debris            Slide,NA,
4214,HP/SHI/53E16/2016/31,Shimla,MASINA VILLAGE,31.1139,77.7637,Debris            Slide,NA,
4215,HP/SHI/53E12/2016/29,Shimla,"Kharapathar, SH-10",31.1139,77.62801,Rock cum debris   Slide,NA,
4216,HP/SHI/53E04/2017/5,Shimla,NH 22,31.113972,77.248889,Rock              Slide,NA,
4217,HP/SHI/53E12/2016/43,Shimla,"Tiki village, SH-10",31.11399,77.61181,Rock cum debris   Slide,NA,
4218,HP/SHI/53E16/2016/164,Shimla,SARASWATINAGAR 6 KMS,31.1142,77.7669,Debris            Slide,NA,
4219,HP/SHI/53E16/2016/198,Shimla,NEAR KANOHALNH-72 -JAGTAN,31.1144,77.793,Debris            Fall,NA,
4220,HP/SHI/53E12/2016/26,Shimla,"Chiwa, SH-10",31.11442,77.69076,Rock,Slide,2014
4221,HP/SHI/53E04/2017/6,Shimla,NH 22,31.114472,77.249056,Debris            Slide,NA,
4222,HP/SHI/53E04/2017/28,Shimla,NH 22,31.114722,77.221806,Rock              Slide,NA,
4223,HP/SHI/53E04/2017/13,Shimla,NH 22,31.114917,77.223722,Debris            Slide,NA,
4224,HP/SHI/53E04/2017/29,Shimla,NH 22,31.115,77.222167,Rock              Slide,NA,
4225,HP/SHI/53E04/2017/30,Shimla,NH 22,31.115278,77.221833,Debris            Slide,NA,
4226,HP/SHI/53E08/2016/64,Shimla,"Janog, NH-5",31.115555,77.363358,Rock cum debris   Slide,NA,
4227,HP/SHI/53E16/2016/203,Shimla,NEAR BHADOTNEAR BHADOT,31.116,77.7617,Rock              Fall,NA,
4228,HP/SHI/53E12/2016/37,Shimla,"Down slope of Kotla village, SH-",31.116238,77.521728,Rock cum debris   Slide,NA,
4229,HP/SOL/53A16/2017/111,Solan,SARGERU,31.116861,76.902306,Debris            Slide,NA,
4230,HP/SHI/53E12/2016/38,Shimla,"Down slope of Dangral village,",31.116905,77.516258,Rock              Slide,NA,
4231,HP/SHI/53E16/2016/30,Shimla,MASINA VILLAGE,31.1171,77.7666,Debris            Slide,NA,
4232,HP/SHI/53E12/2016/1,Shimla,SH-10,31.117109,77.503708,Debris            Slide,NA,
4233,HP/SHI/53E16/2016/174,Shimla,JARSALI VILLAGENH-72 -,31.1172,77.8121,Rock              Fall,NA,
4234,HP/SHI/53E16/2016/176,Shimla,JAGTAN-JARSALI ROADNH-72-,31.1173,77.8098,Debris            Slide,NA,
4235,HP/SHI/53E12/2016/30,Shimla,SH-10,31.117325,77.507385,Rock              Slide,NA,
4236,HP/SHI/53E08/2016/71,Shimla,GummaSH-10,31.117489,77.493713,Rock cum debris   Slide,NA,
4237,HP/SHI/53E08/2016/95,Shimla,Jangal Tungla NH-22,31.117632,77.36647,Rock cum debris   Slide,NA,
4238,HP/SHI/53E08/2016/3,Shimla,SH-10; Theog Kotkhai Road,31.117668,77.359543,Rock cum debris   Slide,NA,
4239,HP/SHI/53E12/2016/47,Shimla,near KharapatharSH-10,31.11769,77.61803,Rock cum debris   Slide,NA,
4240,HP/SHI/53E12/2016/11,Shimla,SH-10,31.117804,77.525513,Rock cum debris   Slide,NA,
4241,HP/SHI/53E12/2016/12,Shimla,SH-10,31.117804,77.525513,Rock cum debris   Slide,NA,
4242,HP/SHI/53E08/2016/96,Shimla,Theog NH-05,31.118151,77.361641,Rock              Slide,NA,
4243,HP/SHI/53E04/2017/8,Shimla,NH 22,31.118194,77.237917,Rock              Fall,NA,
4244,HP/SHI/53E04/2017/7,Shimla,NH 22,31.118222,77.238917,Debris            Slide,NA,
4245,HP/SHI/53E08/2016/44,Shimla,"Tinger, SH-10; Theog Kotkhai",31.118729,77.358879,Rock cum debris   Slide,NA,
4246,HP/SHI/53E04/2017/9,Shimla,NH 22,31.118778,77.234972,Debris            Slide,NA,
4247,HP/SHI/53E08/2016/66,Shimla,"Gumma, SH-10",31.118906,77.488396,Rock cum debris   Slide,NA,
4248,HP/SHI/53E08/2016/23,Shimla,Nangal Devi templeNH-22,31.118944,77.335991,Rock              Slide,NA,
4249,HP/SHI/53E12/2016/64,Shimla,"Mehana, SH-10",31.11909,77.7048,Rock cum debris   Slide,NA,
4250,HP/SHI/53E08/2016/1,Shimla,Nangal Devi templeNH-22,31.119146,77.335495,Rock cum debris   Subsidence,NA,
4251,HP/SHI/53E12/2016/57,Shimla,SH-10,31.11918,77.70919,Rock cum debris   Slide,NA,
4252,HP/SHI/53E04/2017/12,Shimla,NH 22,31.119278,77.232917,Debris            Slide,NA,
4253,HP/SHI/53E04/2017/10,Shimla,NH 22,31.119583,77.233889,Rock              Slide,NA,
4254,HP/SHI/53E16/2016/172,Shimla,NEAR JARSALI VILLAGENH-72-,31.1196,77.8129,Rock              Fall,NA,
4255,HP/SHI/53E16/2016/46,Shimla,NEAR MANDALMANDAL ROAD,31.1199,77.7705,Debris            Flow,NA,
4256,HP/SHI/53E16/2016/200,Shimla,NEAR MANDALNH-72 -JAGTAN,31.1199,77.7761,Rock              Fall,NA,
4257,HP/SHI/53E16/2016/175,Shimla,NEAR JARSALI VILLAGENH-72-,31.12,77.8145,Debris            Slide,NA,
4258,HP/SHI/53E16/2016/14,Shimla,NEAR MANDALNH-72 -JAGTAN,31.12,77.7758,Rock              Topple,NA,
4259,HP/SHI/53E16/2016/47,Shimla,NEAR MANDALMANDAL ROAD,31.1201,77.7702,Debris            Slide,NA,
4260,HP/SHI/53E12/2016/15,Shimla,SH-10,31.12052,77.62494,Rock              Slide,NA,
4261,HP/SHI/53E16/2016/35,Shimla,JARSALI VILLAGE,31.1208,77.8146,Debris            Slide,NA,
4262,HP/SHI/53E16/2016/163,Shimla,THANATHANA LINK ROAD,31.121,77.7709,Debris            Slide,NA,
4263,HP/SHI/53E04/2017/190,Shimla,NH 88,31.121306,77.357,Rock              Slide,NA,
4264,HP/SHI/53E16/2016/44,Shimla,NEAR JARSALI VILLAGE,31.1215,77.8138,Debris            Slide,NA,
4265,HP/SOL/53A16/2017/162,Solan,RAMSHAHR SWARGHAT ROAD,31.121722,76.774556,Rock              Slide,NA,
4266,HP/SHI/53E08/2016/90,Shimla,Kharel - Himri road,31.122169,77.473885,Rock              Slide,NA,
4267,HP/SOL/53A16/2017/219,Solan,CHILAD,31.1245,76.867222,Debris            Slide,NA,
4268,HP/SHI/53E12/2016/66,Shimla,SH-10,31.12468,77.72181,Rock              Slide,NA,
4269,HP/SHI/53E12/2016/41,Shimla,HatkotiKatasu Rd,31.12551,77.74635,Rock cum debris   Slide,NA,
4270,HP/SOL/53A16/2017/220,Solan,"SH 9, DANGRI",31.126056,76.96225,Debris            Slide,NA,
4271,HP/SHI/53E16/2016/128,Shimla,RANWI KHAD BRIDGERANWI,31.1263,77.7562,Rock              Fall,NA,
4272,HP/SOL/53A16/2017/223,Solan,PANJLI,31.126694,76.85,Debris            Slide,NA,
4273,HP/SOL/53A16/2017/78,Solan,CHALIANI,31.127111,76.813528,Debris            Slide,NA,
4274,HP/SOL/53A16/2017/172,Solan,KANOLA,31.127222,76.759222,Rock              Slide,NA,
4275,HP/SOL/53A16/2017/173,Solan,KANOLA,31.127222,76.759222,Rock              Slide,NA,
4276,HP/SOL/53A16/2017/221,Solan,CHILAD,31.127472,76.864361,Rock              Slide,NA,
4277,HP/SHI/53E04/2017/31,Shimla,EKANTWAN,31.128444,77.227361,Rock              Slide,NA,
4278,HP/SHI/53E04/2017/152,Shimla,SH 16,31.128639,77.093028,Rock              Slide,NA,
4279,HP/SOL/53A16/2017/171,Solan,KANOLA,31.128833,76.758639,Debris            Slide,NA,
4280,HP/SHI/53E08/2016/19,Shimla,PWD road towards Himri,31.129377,77.48143,Rock cum debris   Slide,NA,
4281,HP/SOL/53A16/2017/222,Solan,OKHU,31.129583,76.857278,Soil              Creep,NA,
4282,HP/SHI/53E08/2016/59,Shimla,Near Himri PWD road,31.130604,77.47924,Rock cum debris   Slide,NA,
4283,HP/SHI/53E04/2017/155,Shimla,SH 16,31.131778,77.109611,Rock              Slide,NA,
4284,HP/SHI/53E04/2017/153,Shimla,SH 16,31.132,77.108778,Debris            Slide,NA,
4285,HP/SOL/53A16/2017/170,Solan,KANOLA,31.132306,76.761417,Debris            Slide,NA,
4286,HP/SOL/53A16/2017/163,Solan,RAMSHAHR SWARGHAT ROAD,31.132583,76.764806,Debris            Slide,NA,
4287,HP/SHI/53E04/2017/32,Shimla,SH 13,31.132639,77.224444,Rock              Slide,NA,
4288,HP/SOL/53A16/2017/164,Solan,RAMSHAHR SWARGHAT ROAD,31.133083,76.765278,Debris            Slide,NA,
4289,HP/SOL/53A16/2017/224,Solan,PANJLI,31.133139,76.845139,Debris            Slide,NA,
4290,HP/SHI/53E12/2016/44,Shimla,Chagaunti Gad Link road,31.133181,77.497833,Debris            Slide,NA,
4291,HP/SHI/53E08/2016/45,Shimla,Gajeri-Himri road,31.13345,77.473358,Rock              Slide,NA,
4292,HP/SHI/53E16/2016/41,Shimla,NEAR KYARKU,31.1335,77.7566,Debris            Slide,NA,
4293,HP/SHI/53E16/2016/38,Shimla,NEAR KYARKU,31.1338,77.7576,Debris            Slide,NA,
4294,HP/SHI/53E16/2016/154,Shimla,NEAR KAYARKU VILLAGE,31.1338,77.7607,Rock              Slide,NA,
4295,HP/SOL/53A16/2017/114,Solan,SANUN,31.13425,76.945472,Debris            Slide,NA,
4296,HP/SHI/53E12/2016/7,Shimla,Hatkoti,31.13437,77.74463,Rock              Slide,NA,
4297,HP/SHI/53E12/2016/52,Shimla,Hatkoti,31.13437,77.74463,Debris            Slide,NA,
4298,HP/SHI/53E16/2016/153,Shimla,NEAR KAYARKU VILLAGE,31.1347,77.7645,Rock              Slide,NA,
4299,HP/SHI/53E12/2016/46,Shimla,30m north of L101,31.134847,77.498431,Debris            Slide,NA,
4300,HP/SHI/53E12/2016/54,Shimla,Opposite bank of Thana village,31.134848,77.498436,Rock              Slide,NA,
4301,HP/SHI/53E12/2016/45,Shimla,Chagaunti Gad,31.134848,77.498436,Debris            Slide,NA,
4302,HP/SOL/53A16/2017/169,Solan,KANOLA,31.135028,76.760722,Rock              Slide,NA,
4303,HP/SOL/53A16/2017/168,Solan,KANOLA,31.135472,76.760472,Debris            Slide,NA,
4304,HP/SHI/53E04/2017/33,Shimla,SH 13,31.136444,77.224333,Rock              Slide,NA,
4305,HP/SHI/53E16/2016/127,Shimla,NH-72-JHARSALI LINK ROADNH-,31.1366,77.7826,Debris            Subsidence,NA,
4306,HP/SHI/53E04/2017/156,Shimla,SH 13,31.136722,77.111694,Rock              Slide,NA,
4307,HP/SHI/53E04/2017/115,Shimla,KHAHANTU,31.137139,77.239611,Debris            Slide,NA,
4308,HP/SOL/53A16/2017/165,Solan,RAMSHAHR SWARGHAT ROAD,31.137556,76.763222,Debris            Slide,NA,
4309,HP/SOL/53A16/2017/10,Solan,ARKI PIPLUGHAT ROAD,31.137917,76.958417,Rock              Slide,NA,
4310,HP/SHI/53E08/2016/6,Shimla,Downslope of Khanas DeviNH-,31.138346,77.384682,Rock              Slide,NA,
4311,HP/SOL/53A16/2017/11,Solan,ARKI PIPLUGHAT ROAD,31.138417,76.956944,Rock              Slide,NA,
4312,HP/SOL/53A16/2017/79,Solan,BADHOKA,31.138917,76.804028,Debris            Slide,NA,
4313,HP/SHI/53E04/2017/34,Shimla,SH 13,31.139639,77.224,Rock              Slide,NA,
4314,HP/SHI/53E04/2017/157,Shimla,SH 16,31.139972,77.111583,Rock              Slide,NA,
4315,HP/SOL/53A16/2017/110,Solan,BALERA,31.14,76.879778,Debris            Slide,NA,
4316,HP/SHI/53E16/2016/86,Shimla,NEAR BHOLAR VILLAGE BHOLAR,31.1401,77.7737,Debris            Slide,NA,
4317,HP/SHI/53E04/2017/35,Shimla,SH 13,31.140417,77.223417,Rock              Slide,NA,
4318,HP/SHI/53E04/2017/158,Shimla,SH 16,31.141583,77.112444,Debris            Slide,NA,
4319,HP/SOL/53A16/2017/225,Solan,TOLDU,31.141667,76.842278,Debris            Slide,NA,
4320,HP/SOL/53A16/2017/109,Solan,BALERA,31.141833,76.879972,Debris            Slide,NA,
4321,HP/SHI/53E16/2016/178,Shimla,NEAR GHUNSAGHUNSA ROAD,31.1419,77.7559,Rock              Fall,NA,
4322,HP/SOL/53A16/2017/12,Solan,ARKI PIPLUGHAT ROAD,31.142222,76.953361,Debris            Slide,NA,
4323,HP/SHI/53E04/2017/36,Shimla,SH 13,31.14225,77.221056,Rock              Slide,NA,
4324,HP/SHI/53E12/2016/50,Shimla,Riyog,31.142284,77.498573,Debris            Slide,NA,
4325,HP/SHI/53E12/2016/53,Shimla,Opposite bank of Thana village,31.142284,77.498573,Rock              Slide,NA,
4326,HP/SOL/53A16/2017/166,Solan,RAMSHAHR SWARGHAT ROAD,31.142694,76.760778,Debris            Slide,NA,
4327,HP/SOL/53A16/2017/13,Solan,ARKI PIPLUGHAT ROAD,31.143,76.954306,Rock              Slide,NA,
4328,HP/SHI/53E04/2017/160,Shimla,SH 16,31.143194,77.114861,Rock              Slide,NA,
4329,HP/SOL/53A16/2017/167,Solan,LOANRU,31.143333,76.760361,Rock              Slide,NA,
4330,HP/SHI/53E04/2017/159,Shimla,SH 16,31.143361,77.113389,Rock              Slide,NA,
4331,HP/SHI/53E04/2017/37,Shimla,SH 13,31.143389,77.216389,Debris            Slide,NA,
4332,HP/SHI/53E16/2016/87,Shimla,NEAR BHOLAR VILLAGE BHOLAR,31.1434,77.7765,Debris            Slide,NA,
4333,HP/SHI/53E16/2016/88,Shimla,NEAR BHOLAR VILLAGE BHOLAR,31.1438,77.7769,Debris            Slide,NA,
4334,HP/SHI/53E04/2017/166,Shimla,BAROHI,31.144278,77.078306,Debris            Slide,NA,
4335,HP/SOL/53A16/2017/174,Solan,RAMSHAHR SWARGHAT ROAD,31.144611,76.761028,Debris            Slide,NA,
4336,HP/SHI/53E16/2016/177,Shimla,JAGTAN-JARSALI ROADNH-72-,31.1448,77.7791,Debris            Slide,NA,
4337,HP/SHI/53E12/2016/14,Shimla,Andreli,31.145028,77.403833,Rock cum debris   Slide,NA,
4338,HP/SHI/53E12/2016/61,Shimla,,31.145194,77.402861,Rock cum debris   Slide,NA,
4339,HP/SHI/53E16/2016/83,Shimla,NEAR BHOLAR VILLAGE BHOLAR,31.1453,77.7779,Debris            Slide,NA,
4340,HP/SHI/53E16/2016/89,Shimla,NEAR BHOLAR VILLAGE BHOLAR,31.1456,77.7772,Debris            Slide,NA,
4341,HP/SHI/53E12/2016/56,Shimla,Bari,31.145611,77.401389,Rock cum debris   Slide,NA,
4342,HP/SHI/53E16/2016/90,Shimla,NEAR BHOLAR VILLAGE BHOLAR,31.146,77.7793,Debris            Slide,NA,
4343,HP/SHI/53E16/2016/84,Shimla,NEAR BHOLAR VILLAGE BHOLAR,31.1463,77.7777,Debris            Slide,NA,
4344,HP/SOL/53A16/2017/14,Solan,ARKI PIPLUGHAT ROAD,31.146556,76.953167,Debris            Slide,NA,
4345,HP/SOL/53A16/2017/80,Solan,CHALIANI,31.147194,76.797472,Debris            Slide,NA,
4346,HP/SOL/53A16/2017/81,Solan,CHALIANI,31.147417,76.79575,Debris            Slide,NA,
4347,HP/SHI/53E04/2017/167,Shimla,"SH 13,NALDERA",31.148806,77.07625,Debris            Slide,NA,
4348,HP/SOL/53A16/2017/175,Solan,RAMSHAHR SWARGHAT ROAD,31.149472,76.763278,Debris            Slide,NA,
4349,HP/SHI/53E04/2017/164,Shimla,"NH 88,JUTOGH",31.149556,77.114389,Rock              Slide,NA,
4350,HP/SHI/53E04/2017/117,Shimla,SH 16,31.149556,77.036056,Debris            Slide,NA,
4351,HP/SHI/53E04/2017/65,Shimla,DARABLA,31.150306,77.077222,Rock              Slide,NA,
4352,HP/SHI/53E12/2016/8,Shimla,,31.15104,77.72745,Rock              Fall,NA,
4353,HP/SHI/53E12/2016/42,Shimla,DholaLink road,31.151907,77.509178,Rock cum debris   Slide,NA,
4354,HP/SHI/53E16/2016/85,Shimla,NEAR BHOLAR VILLAGE BHOLAR,31.1527,77.7849,Debris            Slide,NA,
4355,HP/SHI/53E16/2016/82,Shimla,NEAR BHOLAR VILLAGE BHOLAR,31.153,77.7857,Debris            Slide,NA,
4356,HP/SHI/53E04/2017/109,Shimla,BASANTPUR KARIALI ROAD,31.153556,77.037694,Rock              Slide,NA,
4357,HP/SHI/53E04/2017/173,Shimla,JUTOGH PAHL ROAD,31.153583,77.037806,Debris            Slide,NA,
4358,HP/SOL/53A16/2017/233,Solan,SH 9,31.153583,77.037806,Debris            Slide,NA,
4359,HP/SHI/53E16/2016/91,Shimla,NEAR BHOLAR VILLAGE BHOLAR,31.1541,77.7837,Debris          Slide,NA,
4360,HP/SHI/53E04/2017/168,Shimla,BAROHI,31.154111,77.074056,Debris          Slide,NA,
4361,HP/SHI/53E04/2017/118,Shimla,NH 88,31.154194,77.032944,Rock            Slide,NA,
4362,HP/SHI/53E04/2017/175,Shimla,JUTOGH PAHL ROAD,31.154389,77.032583,Rock            Slide,NA,
4363,HP/SOL/53A16/2017/232,Solan,SH 9,31.154611,77.039722,Rock            Slide,NA,
4364,HP/SHI/53E04/2017/98,Shimla,SH 13,31.154722,77.039917,Debris          Slide,NA,
4365,HP/SHI/53E16/2016/72,Shimla,NEAR BHOLAR VILLAGE BHOLAR,31.1549,77.7844,Debris          Slide,NA,
4366,HP/SHI/53E04/2017/174,Shimla,JUTOGH PAHL ROAD,31.156917,77.209278,Debris          Slide,NA,
4367,HP/SHI/53E04/2017/38,Shimla,SH 13,31.1585,77.205222,Debris          Slide,NA,
4368,HP/SOL/53A16/2017/132,Solan,MATLOG,31.159917,76.896361,Rock            Slide,NA,
4369,HP/SHI/53E16/2016/59,Shimla,NEAR BAKHIRNA VILLAGE,31.1602,77.7637,Debris          Slide,NA,
4370,HP/SHI/53E04/2017/169,Shimla,PANTI,31.160472,77.063361,Rock            Slide,NA,
4371,HP/SHI/53E12/2016/10,Shimla,,31.16061,77.72372,Debris,Slide,2011
4372,HP/SHI/53E04/2017/170,Shimla,PANTI,31.161028,77.058556,Rock            Slide,NA,
4373,HP/SHI/53E04/2017/76,Shimla,KADARGHAT,31.161028,77.0585,Rock            Slide,NA,
4374,HP/SHI/53E04/2017/176,Shimla,JUTOGH PAHL ROAD,31.161222,77.030639,Debris          Slide,NA,
4375,HP/SHI/53E04/2017/87,Shimla,BASANTPUR KARIALI ROAD,31.161389,77.053167,Rock            Slide,NA,
4376,HP/SHI/53E04/2017/171,Shimla,PANTI,31.161472,77.057333,Debris          Slide,NA,
4377,HP/SHI/53E16/2016/60,Shimla,NEAR BAKHIRNA VILLAGE,31.1617,77.7577,Debris          Slide,NA,
4378,HP/SHI/53E04/2017/172,Shimla,JUTOGH PAHL ROAD,31.161722,77.045528,Debris          Slide,NA,
4379,HP/SHI/53E16/2016/148,Shimla,CHOPARI VILLAGE CHOPARI-NH,31.1618,77.776,Rock            Fall,NA,
4380,HP/SHI/53E16/2016/149,Shimla,CHOPARI VILLAGE CHOPARI-NH,31.1619,77.7741,Rock            Fall,NA,
4381,HP/SHI/53E04/2017/120,Shimla,NH 88,31.162639,77.035417,Debris          Slide,NA,
4382,HP/SHI/53E16/2016/150,Shimla,CHOPARI VILLAGE CHOPARI-NH,31.1629,77.7731,Rock            Fall,NA,
4383,HP/SOL/53E04/2017/243,Solan,SHOGI KASUMPTI ROAD,31.163444,77.015667,Debris          Slide,NA,
4384,HP/SHI/53E04/2017/119,Shimla,NH 88,31.163778,77.028639,Debris          Slide,NA,
4385,HP/SOL/53A16/2017/133,Solan,MATLOG,31.163944,76.897528,Rock            Slide,NA,
4386,HP/SHI/53E04/2017/161,Shimla,SH 16,31.164111,77.114944,Debris          Slide,NA,
4387,HP/SHI/53E04/2017/162,Shimla,SH 16,31.164139,77.114111,Debris          Slide,NA,
4388,HP/SOL/53A16/2017/108,Solan,CHAMARDI,31.164222,76.861083,Debris          Slide,NA,
4389,HP/SOL/53E04/2017/244,Solan,KASUMPTI,31.164444,77.010111,Debris,Slide,2017
4390,HP/SOL/53E04/2017/245,Solan,KASUMPTI,31.164833,77.006861,Debris          Slide,NA,
4391,HP/SHI/53E04/2017/114,Shimla,NATLI KANDA,31.164972,77.232889,Rock            Fall,NA,
4392,HP/SHI/53E16/2016/71,Shimla,CHOPARI VILLAGE CHOPARI-NH,31.1652,77.7772,Debris          Slide,NA,
4393,HP/SOL/53E04/2017/246,Solan,KASUMPTI,31.165417,77.005194,Debris          Slide,NA,
4394,HP/SHI/53E16/2016/12,Shimla,SIDROTINH-72-SIDROTI LINK,31.1666,77.7634,Debris          Subsidence,NA,
4395,HP/SOL/53A16/2017/234,Solan,NH 88,31.166833,77.000333,Rock            Slide,NA,
4396,HP/SHI/53E16/2016/99,Shimla,NEAR SIDROTI VILLAGRE,31.1684,77.767,Debris          Fall,NA,
4397,HP/SHI/53E16/2016/70,Shimla,CHOPARI VILLAGE CHOPARI-NH,31.1684,77.767,Debris          Slide,NA,
4398,HP/SHI/53E04/2017/121,Shimla,GHANDAL HALOG ROAD,31.169361,77.036639,Rock            Slide,NA,
4399,HP/SOL/53A16/2017/15,Solan,ARKI PIPLUGHAT ROAD,31.169528,76.939556,Rock            Slide,NA,
4400,HP/SHI/53E04/2017/39,Shimla,SH 13,31.17,77.204361,Debris          Slide,NA,
4401,HP/SHI/53E08/2016/97,Shimla,Sadhu,31.17093,77.77254,Rock,Slide,2015
4402,HP/SOL/53A16/2017/134,Solan,PANHARU,31.171167,76.891417,Rock            Slide,NA,
4403,HP/SOL/53A16/2017/135,Solan,PANHARU,31.171667,76.890167,Debris            Slide,NA,
4404,HP/SOL/53A16/2017/136,Solan,PANHARU,31.172083,76.889583,Rock              Slide,NA,
4405,HP/SOL/53A16/2017/176,Solan,RAMSHAHR SWARGHAT,31.172222,76.756306,Debris            Slide,NA,
4406,HP/SOL/53A16/2017/16,Solan,ARKI PIPLUGHAT ROAD,31.173222,76.935056,Debris            Slide,NA,
4407,HP/SHI/53E04/2017/113,Shimla,BASANTPUR KARIALI ROAD,31.174806,77.229528,Rock              Slide,NA,
4408,HP/SOL/53A16/2017/137,Solan,BAGH,31.175639,76.88025,Debris            Slide,NA,
4409,HP/SOL/53A16/2017/254,Solan,"SH 9,DADWANI",31.175639,76.971889,Rock              Slide,NA,
4410,HP/SOL/53A16/2017/102,Solan,JAINAGAR,31.176194,76.851194,Debris            Slide,NA,
4411,HP/SHI/53E16/2016/129,Shimla,NEAR GWASAROHRU-GWASA,31.1763,77.822,Debris            Slide,NA,
4412,HP/SHI/53E12/2016/51,Shimla,Menthali Rohru road,31.17728,77.72623,Debris,Slide,2014
4413,HP/SOL/53A12/2017/72,Solan,"NH 21, DADWAL",31.177361,76.690861,Debris            Slide,NA,
4414,HP/SOL/53A12/2017/46,Solan,"NH 21A,JHARNI",31.177361,76.690861,Rock              Slide,NA,
4415,HP/SHI/53E04/2017/112,Shimla,BASANTPUR KARIALI ROAD,31.178167,77.226778,Rock              Slide,NA,
4416,HP/SOL/53A12/2017/70,Solan,"NH 21, DADWAL",31.178556,76.697389,Debris            Slide,NA,
4417,HP/SOL/53A12/2017/44,Solan,"NH 21A,JHARNI",31.178556,76.697389,Debris            Slide,NA,
4418,HP/SHI/53E16/2016/206,Shimla,NEAR GWASAROHRU-GWASA,31.1791,77.8228,Debris            Fall,NA,
4419,HP/SOL/53A12/2017/71,Solan,"NH 21, DADWAL",31.179639,76.694444,Debris            Slide,NA,
4420,HP/SOL/53A12/2017/45,Solan,"NH 21A,JHARNI",31.179639,76.694444,Debris            Slide,NA,
4421,HP/SHI/53E16/2016/195,Shimla,NEAR LOHARDIROHRU-SIDROTI,31.1797,77.751,Rock              Slide,NA,
4422,HP/SHI/53E12/2016/16,Shimla,Sadu,31.1798,77.7254,Rock              Slide,NA,
4423,HP/SHI/53E12/2016/17,Shimla,SH-10,31.1798,77.7254,Rock              Slide,NA,
4424,HP/SHI/53E04/2017/111,Shimla,BASANTPUR KARIALI ROAD,31.179917,77.222083,Rock              Slide,NA,
4425,HP/SHI/53E16/2016/114,Shimla,NEAR LOHARDIROHRU-SIDROTI,31.1804,77.7569,Debris            Flow,NA,
4426,HP/SHI/53E04/2017/163,Shimla,"NH 88,JUTOGH",31.180528,77.122083,Debris            Slide,NA,
4427,HP/SHI/53E04/2017/110,Shimla,NH 88,31.180694,77.221389,Rock              Slide,NA,
4428,HP/SHI/53E16/2016/194,Shimla,DOGARIROHRU-GWASA LINK,31.1813,77.816,Debris            Fall,NA,
4429,HP/SOL/53A16/2017/131,Solan,DAYOTHAL,31.181722,76.892694,Debris            Slide,NA,
4430,HP/SHI/53E04/2017/122,Shimla,JAMOG,31.182528,77.031278,Rock              Slide,NA,
4431,HP/SOL/53A12/2017/11,Solan,BHINI,31.183778,76.749778,Debris            Slide,NA,
4432,HP/SOL/53A12/2017/54,Solan,NH 21,31.183778,76.749778,Rock              Slide,NA,
4433,HP/SHI/53E04/2017/165,Shimla,NH 88,31.183833,77.173861,Rock              Slide,NA,
4434,HP/SHI/53E04/2017/40,Shimla,SH 13,31.183917,77.1865,Rock              Slide,NA,
4435,HP/SHI/53E04/2017/154,Shimla,SH 16,31.184611,77.170028,Debris            Slide,NA,
4436,HP/SHI/53E08/2016/40,Shimla,Annu Chalanag-Annu road,31.185091,77.359528,Rock cum debris   Slide,NA,
4437,HP/SOL/53A16/2017/103,Solan,PANJAL,31.186028,76.854778,Rock              Slide,NA,
4438,HP/SHI/53E04/2017/41,Shimla,"SH 13,NALDERA",31.186139,77.169639,Debris            Slide,NA,
4439,HP/SOL/53A16/2017/231,Solan,NH 88,31.186139,76.990389,Rock              Slide,NA,
4440,HP/SOL/53A16/2017/130,Solan,DAYOTHAL,31.186444,76.899083,Rock              Slide,NA,
4441,HP/SOL/53A16/2017/251,Solan,NH 88,31.186556,76.990861,Rock              Slide,NA,
4442,HP/SOL/53A16/2017/129,Solan,DAYOTHAL,31.187083,76.89875,Rock              Slide,NA,
4443,HP/SOL/53A16/2017/252,Solan,NH 88,31.187139,76.99,Rock              Slide,NA,
4444,HP/SOL/53A16/2017/128,Solan,DAYOTHAL,31.187222,76.897389,Rock              Slide,NA,
4445,HP/SHI/53E16/2016/107,Shimla,NEAR BAGIROHRU-GWASA LINK,31.1874,77.8127,Debris            Slide,NA,
4446,HP/SHI/53E04/2017/42,Shimla,"SH 13,NALDERA",31.1875,77.170472,Debris            Slide,NA,
4447,HP/SOL/53A12/2017/69,Solan,"NH 21, SWARGHAT",31.187833,76.694444,Rock              Slide,NA,
4448,HP/SOL/53A12/2017/43,Solan,"NH 21A,KUNDLU",31.187833,76.694444,Debris            Slide,NA,
4449,HP/SOL/53A16/2017/253,Solan,NH 88,31.187917,76.990222,Rock              Slide,NA,
4450,HP/SHI/53E04/2017/123,Shimla,HALOG,31.187972,77.036306,Rock              Slide,NA,
4451,HP/SHI/53E04/2017/43,Shimla,"SH 13,NALDERA",31.188833,77.170083,Debris            Slide,NA,
4452,HP/SOL/53A16/2017/127,Solan,DAYOTHAL,31.189111,76.896333,Rock              Slide,NA,
4453,HP/SOL/53A16/2017/101,Solan,JABAL,31.189194,76.839917,Rock              Slide,NA,
4454,HP/SHI/53E12/2016/62,Shimla,Turan,31.18981,77.73194,Rock cum debris   Slide,NA,
4455,HP/SHI/53E12/2016/3,Shimla,Rumda,31.18981,77.73194,Rock              Slide,NA,
4456,HP/SOL/53A16/2017/17,Solan,ARKI PIPLUGHAT ROAD,31.190917,76.9245,Debris            Slide,NA,
4457,HP/SHI/53E04/2017/124,Shimla,HALOG,31.190972,77.039083,Debris            Slide,NA,
4458,HP/SOL/53A16/2017/107,Solan,JANWAL,31.191417,76.855083,Rock              Slide,NA,
4459,HP/SOL/53A16/2017/41,Solan,NH 88,31.191722,76.983194,Rock              Slide,NA,
4460,HP/SHI/53E08/2016/93,Shimla,At 189km milestone NH-22,31.192312,77.879547,Rock              Topple,NA,
4461,HP/SOL/53A16/2017/42,Solan,NH 88,31.192889,76.9805,Rock              Slide,NA,
4462,HP/SHI/53E04/2017/108,Shimla,BASANTPUR KARIALI ROAD,31.193417,77.212417,Rock              Slide,NA,
4463,HP/SHI/53E04/2017/107,Shimla,BASANTPUR KARIALI ROAD,31.193944,77.210833,Rock              Slide,NA,
4464,HP/SHI/53E04/2017/105,Shimla,BASANTPUR KARIALI ROAD,31.194556,77.204111,Rock              Slide,NA,
4465,HP/SHI/53E04/2017/125,Shimla,HALOG SILAHARA ROAD,31.194559,77.042922,Debris            Slide,NA,
4466,HP/SHI/53E04/2017/106,Shimla,BASANTPUR KARIALI ROAD,31.194667,77.207167,Rock              Slide,NA,
4467,HP/SHI/53E04/2017/127,Shimla,HALOG SILAHARA ROAD,31.195667,77.046972,Rock              Fall,NA,
4468,HP/SOL/53A12/2017/65,Solan,KALSA,31.196028,76.693806,Debris            Slide,NA,
4469,HP/SOL/53A12/2017/39,Solan,NH 21A,31.196028,76.693806,Debris            Slide,NA,
4470,HP/SHI/53E04/2017/126,Shimla,HALOG SILAHARA ROAD,31.196861,77.043028,Rock              Slide,NA,
4471,HP/SHI/53E04/2017/44,Shimla,"SH 13,NALDERA",31.197111,77.159611,Rock              Slide,NA,
4472,HP/SHI/53E04/2017/46,Shimla,#N/A #N/A,31.197917,77.155528,Debris            Slide,NA,
4473,HP/SHI/53E04/2017/128,Shimla,HALOG SILAHARA ROAD,31.198222,77.052222,Rock              Slide,NA,
4474,HP/SOL/53A16/2017/151,Solan,PIPLUGHAT BAHADURPUR,31.198333,76.913639,Debris            Slide,NA,
4475,HP/SHI/53E04/2017/104,Shimla,BASANTPUR KARIALI ROAD,31.198444,77.201139,Debris            Slide,NA,
4476,HP/SHI/53E04/2017/103,Shimla,BASANTPUR KARIALI ROAD,31.19875,77.199694,Debris            Slide,NA,
4477,HP/SHI/53E04/2017/89,Shimla,BASANTPUR KARIALI ROAD,31.19875,77.217639,Rock              Fall,NA,
4478,HP/SOL/53A12/2017/68,Solan,"NH 21, SWARGHAT",31.198806,76.685944,Debris            Slide,NA,
4479,HP/SOL/53A12/2017/42,Solan,NH 21A,31.198806,76.685944,Debris            Slide,NA,
4480,HP/SOL/53A16/2017/123,Solan,PIPLUGHAT BAHADURPUR,31.198972,76.913861,Debris            Slide,NA,
4481,HP/SHI/53E16/2016/184,Shimla,CHANSIL GHATICHANSIL GHATI-,31.199,77.9901,Debris            Slide,NA,
4482,HP/SOL/53A12/2017/64,Solan,BHINI,31.199,76.703861,Debris            Slide,NA,
4483,HP/SOL/53A12/2017/38,Solan,NH 21A,31.199,76.703861,Debris            Slide,NA,
4484,HP/SOL/53A16/2017/150,Solan,PIPLUGHAT BAHADURPUR,31.199111,76.912611,Debris            Slide,NA,
4485,HP/SOL/53A12/2017/55,Solan,NH 21,31.199222,76.744472,Debris            Slide,NA,
4486,HP/SOL/53A12/2017/12,Solan,KALSA,31.199222,76.744472,Debris            Slide,NA,
4487,HP/SHI/53E16/2016/185,Shimla,CHANSIL GHATICHANSIL GHATI-,31.1993,77.9904,Debris            Slide,NA,
4488,HP/SHI/53E04/2017/145,Shimla,SH 13,31.1995,77.150278,Rock              Slide,NA,
4489,HP/SOL/53A12/2017/66,Solan,BAHN,31.199583,76.685972,Debris            Slide,NA,
4490,HP/SOL/53A12/2017/40,Solan,NH 21A,31.199583,76.685972,Rock              Slide,NA,
4491,HP/SHI/53E04/2017/48,Shimla,SH 13,31.199694,77.150444,Rock              Slide,NA,
4492,HP/SHI/53E16/2016/186,Shimla,CHANSIL GHATICHANSIL GHATI-,31.1998,77.9912,Debris            Slide,NA,
4493,HP/SOL/53A16/2017/122,Solan,PIPLUGHAT BAHADURPUR,31.199833,76.912444,Debris            Slide,NA,
4494,HP/SHI/53E16/2016/102,Shimla,"Near Dali, NH-72-Dali link road",31.1999,77.8576,Rock              Slide,NA,
4495,HP/SOL/53A16/2017/18,Solan,ARKI PIPLUGHAT ROAD,31.199944,76.91975,Debris            Slide,NA,
4496,HP/SHI/53E04/2017/129,Shimla,HALOG SILAHARA ROAD,31.2,77.057028,Rock              Slide,NA,
4497,HP/SHI/53E16/2016/187,Shimla,CHANSIL GHATICHANSIL GHATI-,31.2003,77.9917,Debris            Slide,NA,
4498,HP/SHI/53E16/2016/145,Shimla,NEAR CHANSIL GHATITIKRI-,31.2005,77.9895,Debris            Slide,NA,
4499,HP/SHI/53E04/2017/47,Shimla,SH 13,31.200556,77.14975,Rock              Slide,NA,
4500,HP/SOL/53A16/2017/124,Solan,PIPLUGHAT BAHADURPUR,31.200611,76.910222,Rock              Slide,NA,
4501,HP/SHI/53E16/2016/188,Shimla,CHANSIL GHATICHANSIL GHATI-,31.2007,77.9923,Debris            Slide,NA,
4502,HP/SHI/53E04/2017/49,Shimla,SH 13,31.200889,77.146306,Rock              Slide,NA,
4503,HP/SOL/53A12/2017/67,Solan,"NH 21, SWARGHAT",31.201194,76.684028,Debris            Slide,NA,
4504,HP/SOL/53A12/2017/41,Solan,NH 21A,31.201194,76.684028,Debris            Slide,NA,
4505,HP/SHI/53E04/2017/147,Shimla,SH 16,31.201278,77.152417,Rock              Slide,NA,
4506,HP/SHI/53E04/2017/130,Shimla,HALOG SILAHARA ROAD,31.201306,77.057139,Rock              Slide,NA,
4507,HP/SHI/53E16/2016/189,Shimla,CHANSIL GHATICHANSIL GHATI-,31.2017,77.9934,Debris            Slide,NA,
4508,HP/SHI/53E16/2016/190,Shimla,CHANSIL GHATICHANSIL GHATI-,31.202,77.994,Debris            Slide,NA,
4509,HP/SOL/53A16/2017/125,Solan,PIPLUGHAT BAHADURPUR,31.202111,76.905917,Debris            Slide,NA,
4510,HP/SOL/53A16/2017/19,Solan,ARKI PIPLUGHAT ROAD,31.2025,76.917917,Debris            Slide,NA,
4511,HP/SOL/53A16/2017/126,Solan,PIPLUGHAT BAHADURPUR,31.202528,76.898972,Rock              Slide,NA,
4512,HP/SHI/53E04/2017/141,Shimla,SH 16,31.202667,77.133444,Debris            Slide,NA,
4513,HP/SHI/53E16/2016/191,Shimla,CHANSIL GHATICHANSIL GHATI-,31.203,77.995,Debris            Slide,NA,
4514,HP/SHI/53E16/2016/146,Shimla,NEAR CHANSIL GHATITIKRI-,31.203,77.9897,Debris            Slide,NA,
4515,HP/SHI/53E04/2017/50,Shimla,SH 13,31.203056,77.136056,Rock              Slide,NA,
4516,HP/SHI/53E08/2016/80,Shimla,KaligarMatiyana-Rohru Road,31.20314,77.407928,Rock              Slide,NA,
4517,HP/SHI/53E04/2017/144,Shimla,#N/A #N/A,31.203194,77.136056,Rock              Slide,NA,
4518,HP/SHI/53E04/2017/131,Shimla,HALOG SILAHARA ROAD,31.204444,77.059361,Rock              Slide,NA,
4519,HP/SHI/53E08/2016/92,Shimla,Kaligar - Matiyana-Rohru Road,31.204536,77.409523,Rock cum debris   Slide,NA,
4520,HP/SHI/53E04/2017/101,Shimla,SH 13,31.205,77.176667,Debris            Slide,NA,
4521,HP/SHI/53E16/2016/144,Shimla,NEAR CHANSIL GHATITIKRI-,31.2051,77.9945,Debris            Slide,NA,
4522,HP/SHI/53E04/2017/102,Shimla,BASANTPUR,31.20525,77.189361,Rock              Slide,NA,
4523,HP/SHI/53E04/2017/132,Shimla,HALOG SILAHARA ROAD,31.205528,77.059861,Rock              Slide,NA,
4524,HP/SHI/53E16/2016/142,Shimla,NEAR CHANSIL GHATITIKRI-,31.2057,77.9899,Debris            Slide,NA,
4525,HP/SHI/53E16/2016/143,Shimla,NEAR CHANSIL GHATITIKRI-,31.2061,77.9943,Debris            Slide,NA,
4526,HP/SHI/53E16/2016/196,Shimla,SANDASU-KASHDHAR,31.2062,77.7924,Debris            Fall,NA,
4527,HP/SHI/53E16/2016/13,Shimla,NEAR JHATWARIROHRU-,31.2066,77.8039,Debris            Subsidence,NA,
4528,HP/SOL/53A12/2017/63,Solan,"NH 21, SWARGHAT",31.206639,76.71075,Debris            Slide,NA,
4529,HP/SOL/53A12/2017/37,Solan,"NH 21A,GUJJAR HATTI",31.206639,76.71075,Debris            Slide,NA,
4530,HP/SOL/53A16/2017/100,Solan,LOHARGHAT,31.206917,76.821222,Rock              Slide,NA,
4531,HP/SHI/53E04/2017/51,Shimla,SH 13,31.207,77.131583,Rock              Slide,NA,
4532,HP/SHI/53E04/2017/143,Shimla,SH 13,31.207083,77.131667,Debris            Slide,NA,
4533,HP/SHI/53E04/2017/133,Shimla,HALOG SILAHARA ROAD,31.207083,77.068667,Debris            Slide,NA,
4534,HP/SOL/53A16/2017/104,Solan,BAROG,31.207139,76.838056,Debris            Slide,NA,
4535,HP/SHI/53E04/2017/134,Shimla,HALOG SILAHARA ROAD,31.207278,77.068278,Rock              Slide,NA,
4536,HP/SHI/53E04/2017/88,Shimla,NH 88,31.207333,77.204972,Rock cum debris   Slide,NA,
4537,HP/SHI/53E08/2016/18,Shimla,NH-22,31.207495,77.418839,Rock cum debris   Slide,NA,
4538,HP/SHI/53E16/2016/141,Shimla,NEAR CHANSIL GHATITIKRI-,31.2075,77.9952,Debris            Slide,NA,
4539,HP/SHI/53E16/2016/106,Shimla,"Near Sainji, Sandsu - Kashdhar",31.2079,77.7975,Debris            Slide,NA,
4540,HP/SOL/53A16/2017/40,Solan,NH 88,31.207972,76.977861,Rock              Slide,NA,
4541,HP/SOL/53A16/2017/121,Solan,SOSHWAR,31.208028,76.926944,Debris            Slide,NA,
4542,HP/SHI/53E16/2016/94,Shimla,SAMOLI-CHIRGAON NH-72,31.2081,77.7771,Earth             Slide,NA,
4543,HP/SHI/53E04/2017/86,Shimla,BASANTPUR KARIALI ROAD,31.208306,77.202472,Rock              Slide,NA,
4544,HP/SOL/53A16/2017/99,Solan,LOHARGHAT,31.208611,76.820167,Debris            Slide,NA,
4545,HP/SHI/53E04/2017/135,Shimla,HALOG SILAHARA ROAD,31.208944,77.066722,Debris            Slide,NA,
4546,HP/SOL/53A12/2017/62,Solan,"NH 21, SWARGHAT",31.209083,76.713917,Debris            Slide,NA,
4547,HP/SOL/53A12/2017/36,Solan,"NH 21A,GUJJAR HATTI",31.209083,76.713917,Debris            Slide,NA,
4548,HP/SHI/53E16/2016/134,Shimla,NEAR CHANSIL GHATITIKRI-,31.2091,77.9937,Debris            Slide,NA,
4549,HP/SHI/53E16/2016/135,Shimla,NEAR CHANSIL GHATITIKRI-,31.2092,77.9885,Debris            Slide,NA,
4550,HP/SHI/53E16/2016/37,Shimla,NEAR SIMOLI VILLAGE,31.2096,77.7797,Debris            Slide,NA,
4551,HP/SHI/53E16/2016/182,Shimla,CHANSIL GHATICHANSIL GHATI-,31.2099,77.9989,Debris            Slide,NA,
4552,HP/SHI/53E16/2016/109,Shimla,JITATANH-72-DALI LINK ROAD,31.21,77.8633,Debris            Slide,NA,
4553,HP/SHI/53E16/2016/131,Shimla,NEAR CHANSIL GHATITIKRI-,31.2102,77.088,Debris            Slide,NA,
4554,HP/SHI/53E16/2016/181,Shimla,CHANSIL GHATICHANSIL GHATI-,31.2103,77.9984,Debris            Slide,NA,
4555,HP/SHI/53E16/2016/136,Shimla,NEAR CHANSIL GHATITIKRI-,31.2103,77.9865,Debris            Slide,NA,
4556,HP/SHI/53E04/2017/85,Shimla,KADARGHAT,31.210333,77.198667,Rock              Slide,NA,
4557,HP/SHI/53E16/2016/139,Shimla,NEAR CHANSIL GHATITIKRI-,31.2106,77.9853,Debris            Slide,NA,
4558,HP/SHI/53E16/2016/183,Shimla,CHANSIL GHATICHANSIL GHATI-,31.2107,77.9985,Debris            Slide,NA,
4559,HP/SHI/53E16/2016/138,Shimla,NEAR CHANSIL GHATITIKRI-,31.2108,77.986,Debris            Slide,NA,
4560,HP/SHI/53E16/2016/133,Shimla,NEAR CHANSIL GHATITIKRI-,31.211,77.9978,Debris            Slide,NA,
4561,HP/SHI/53E04/2017/52,Shimla,SH 13,31.211028,77.129972,Rock              Slide,NA,
4562,HP/SOL/53A12/2017/61,Solan,"NH 21, SWARGHAT",31.211778,76.715694,Debris            Slide,NA,
4563,HP/SOL/53A12/2017/35,Solan,"NH 21A,GUJJAR HATTI",31.211778,76.715694,Debris            Slide,NA,
4564,HP/SHI/53E04/2017/53,Shimla,SH 13,31.211806,77.128472,Debris            Slide,NA,
4565,HP/SHI/53E16/2016/132,Shimla,NEAR CHANSIL GHATITIKRI-,31.2125,77.9966,Debris            Slide,NA,
4566,HP/SHI/53E08/2016/62,Shimla,1km from Matiyana towards,31.212559,77.406349,Rock cum debris   Slide,NA,
4567,HP/SHI/53E16/2016/16,Shimla,NEAR BIJORI,31.2126,77.7723,Debris            Slide,NA,
4568,HP/SHI/53E16/2016/162,Shimla,ROHRU-CHIRGAONNH-72,31.2129,77.7897,Earth             Slide,NA,
4569,HP/SHI/53E16/2016/161,Shimla,ROHRU-CHIRGAONNH-72,31.2132,77.7926,Debris            Slide,NA,
4570,HP/SHI/53E16/2016/147,Shimla,NEAR CHANSIL GHATITIKRI-,31.2133,77.9814,Debris            Slide,NA,
4571,HP/SHI/53E16/2016/201,Shimla,ROHRU-CHIRGAONNH-72,31.2133,77.7929,Rock              Slide,NA,
4572,HP/SHI/53E16/2016/137,Shimla,NEAR CHANSIL GHATITIKRI-,31.2135,77.9807,Debris            Slide,NA,
4573,HP/SHI/53E04/2017/55,Shimla,SH 13,31.213556,77.122222,Rock              Slide,NA,
4574,HP/SHI/53E16/2016/140,Shimla,NEAR CHANSIL GHATITIKRI-,31.2136,77.98,Debris            Slide,NA,
4575,HP/SOL/53A16/2017/105,Solan,MALEN,31.213722,76.835222,Rock              Slide,NA,
4576,HP/SHI/53E04/2017/84,Shimla,KADARGHAT,31.213917,77.197,Debris            Slide,NA,
4577,HP/SHI/53E04/2017/54,Shimla,SH 13,31.213944,77.124917,Rock              Slide,NA,
4578,HP/SHI/53E16/2016/202,Shimla,ROHRU-CHIRGAONNH-72,31.2143,77.7957,Rock              Slide,NA,
4579,HP/SHI/53E16/2016/180,Shimla,NEAR KASHDHARNH-72-,31.2145,77.8728,Debris            Slide,NA,
4580,HP/SHI/53E04/2017/99,Shimla,NH 88,31.2145,77.1515,Rock              Slide,NA,
4581,HP/BIL/53A16/2017/39,Bilaspur,BAHADURPUR,31.214583,76.963083,Debris            Slide,NA,
4582,HP/SHI/53E08/2016/38,Shimla,Upslope of Kiara PWD road,31.214821,77.374748,Rock cum debris   Slide,NA,
4583,HP/SOL/53A12/2017/60,Solan,NH 21,31.214833,76.715722,Rock              Slide,NA,
4584,HP/SOL/53A12/2017/34,Solan,NH 21A,31.214833,76.715722,Debris            Slide,NA,
4585,HP/SHI/53E08/2016/7,Shimla,Narainti PWD road,31.215439,77.384125,Rock cum debris   Slide,NA,
4586,HP/SHI/53E08/2016/31,Shimla,Narainti PWD road,31.215439,77.384125,Rock              Subsidence,NA,
4587,HP/SHI/53E04/2017/97,Shimla,SH 13,31.2155,77.16125,Rock              Slide,NA,
4588,HP/SHI/53E16/2016/93,Shimla,SAMOLI-CHIRGAON NH-72,31.2157,77.7785,Earth             Slide,NA,
4589,HP/SHI/53E08/2016/39,Shimla,Kuinal villageBharana link road,31.216143,77.365433,Rock cum debris   Slide,NA,
4590,HP/SHI/53E08/2016/46,Shimla,Kathal Link road,31.21616,77.357826,Rock cum debris   Slide,NA,
4591,HP/SHI/53E08/2016/55,Shimla,Batlog Bharana link road,31.216203,77.371254,Rock cum debris   Slide,NA,
4592,HP/SOL/53A12/2017/56,Solan,NH 21,31.216306,76.728167,Rock              Slide,NA,
4593,HP/SOL/53A12/2017/13,Solan,BAHN,31.216306,76.728167,Debris            Slide,NA,
4594,HP/SHI/53E04/2017/83,Shimla,KADARGHAT,31.217,77.2074,Debris            Slide,NA,
4595,HP/SHI/53E04/2017/81,Shimla,KADARGHAT,31.217111,77.208944,Debris            Slide,NA,
4596,HP/SHI/53E16/2016/166,Shimla,BIJORI-KOTARA ROADBIJORI-,31.2172,77.7821,Debris            Slide,NA,
4597,HP/SHI/53E16/2016/205,Shimla,NEAR BADIYARABADIYARA,31.2173,77.8306,Rock              Fall,NA,
4598,HP/SHI/53E16/2016/207,Shimla,NEAR MASLINH-72,31.2173,77.8501,Debris            Slide,NA,
4599,HP/SOL/53A16/2017/38,Solan,NH 88,31.217306,76.9615,Rock              Slide,NA,
4600,HP/SOL/53A16/2017/37,Solan,NH 88,31.217556,76.960611,Debris            Slide,NA,
4601,HP/SHI/53E16/2016/7,Shimla,ROHRU-CHIRGAONNH-72,31.2176,77.8362,Rock              Fall,NA,
4602,HP/SOL/53A12/2017/59,Solan,NH 21,31.217722,76.723611,Rock              Slide,NA,
4603,HP/SOL/53A12/2017/33,Solan,"NH 21A,BAWARAN",31.217722,76.723611,Debris            Slide,NA,
4604,HP/SHI/53E16/2016/199,Shimla,ROHRU-CHIRGAONNH-72,31.2178,77.8135,Rock              Slide,NA,
4605,HP/SHI/53E04/2017/82,Shimla,KADARGHAT,31.217917,77.205944,Debris          Slide,NA,
4606,HP/SHI/53E04/2017/56,Shimla,SH 13,31.218194,77.118056,Rock            Fall,NA,
4607,HP/SHI/53E04/2017/100,Shimla,SH 13,31.218222,77.134278,Rock            Slide,NA,
4608,HP/SHI/53E04/2017/57,Shimla,SH 13,31.218556,77.119583,Rock            Fall,NA,
4609,HP/SHI/53E04/2017/96,Shimla,SH 13,31.219028,77.155472,Debris          Slide,NA,
4610,HP/SHI/53E04/2017/137,Shimla,HALOG SILAHARA ROAD,31.219111,77.087222,Rock            Slide,NA,
4611,HP/SHI/53E16/2016/115,Shimla,NEAR MASLINH-72,31.2192,77.8495,Debris          Flow,NA,
4612,HP/SHI/53E04/2017/139,Shimla,HALOG SILAHARA ROAD,31.21925,77.110306,Debris          Slide,NA,
4613,HP/SHI/53E16/2016/113,Shimla,NEAR AMBOIAMBOI ROAD,31.2193,77.8303,Debris          Slide,NA,
4614,HP/SHI/53E04/2017/140,Shimla,HALOG SILAHARA ROAD,31.219667,77.124639,Rock            Slide,NA,
4615,HP/SHI/53E04/2017/80,Shimla,#N/A #N/A,31.219861,77.209778,Rock            Slide,NA,
4616,HP/SHI/53E04/2017/142,Shimla,SH 13,31.22,77.153,Rock            Fall,NA,
4617,HP/SHI/53E04/2017/95,Shimla,SH 13,31.220004,77.152551,Rock            Slide,NA,
4618,HP/SOL/53A16/2017/106,Solan,SHOLI,31.220083,76.834722,Debris          Slide,NA,
4619,HP/SHI/53E08/2016/17,Shimla,BatlogPWD road,31.220173,77.380218,Rock            Fall,NA,
4620,HP/SHI/53E04/2017/79,Shimla,KADARGHAT,31.220556,77.209056,Rock            Slide,NA,
4621,HP/SOL/53A16/2017/82,Solan,NH 21,31.22075,76.777861,Rock            Slide,NA,
4622,HP/SHI/53E04/2017/75,Shimla,SHANAWAG,31.220778,77.221472,Rock            Slide,NA,
4623,HP/SHI/53E16/2016/121,Shimla,"NEAR TIKRITIKRI-LAROT ROAD,",31.2208,77.976,Debris          Slide,NA,
4624,HP/SOL/53A16/2017/34,Solan,NH 88,31.220972,76.947972,Rock            Slide,NA,
4625,HP/SOL/53A16/2017/35,Solan,NH 88,31.221,76.953,Rock            Slide,NA,
4626,HP/SOL/53A12/2017/58,Solan,NH 21,31.221139,76.724056,Debris          Slide,NA,
4627,HP/SOL/53A12/2017/32,Solan,"NH 21A,BAWARAN",31.221139,76.724056,Debris          Slide,NA,
4628,HP/SOL/53A16/2017/147,Solan,NH 21,31.221306,76.771528,Debris          Slide,NA,
4629,HP/SHI/53E16/2016/108,Shimla,KASHDHARNH-72-KASHDHAR,31.2214,77.8818,Debris          Slide,NA,
4630,HP/SHI/53E04/2017/94,Shimla,SH 13,31.221583,77.147,Debris          Slide,NA,
4631,HP/SOL/53A16/2017/148,Solan,NH 21,31.22175,76.77075,Rock            Slide,NA,
4632,HP/SHI/53E04/2017/77,Shimla,NH 88,31.22225,77.2165,Rock            Slide,NA,
4633,HP/SOL/53A12/2017/57,Solan,NH 21,31.222306,76.7235,Debris          Slide,NA,
4634,HP/SOL/53A12/2017/31,Solan,"NH 21A,BAWARAN",31.222306,76.7235,Rock            Slide,NA,
4635,HP/SOL/53A16/2017/149,Solan,NH 21,31.222639,76.768222,Rock            Slide,NA,
4636,HP/SHI/53E04/2017/93,Shimla,SH 13,31.224,77.142222,Debris          Slide,NA,
4637,HP/SHI/53E04/2017/136,Shimla,"HALOG SILAHARA ROAD,",31.224083,77.073833,Rock            Slide,NA,
4638,HP/SHI/53E16/2016/130,Shimla,BADIYARA BRIDGEBADIYARA,31.2247,77.845,Rock            Fall,NA,
4639,HP/SHI/53E16/2016/118,Shimla,"NEAR TIKRITIKRI-LAROT ROAD,",31.2249,77.9649,Debris          Slide,NA,
4640,HP/SHI/53E04/2017/92,Shimla,SH 13,31.225083,77.137417,Rock            Slide,NA,
4641,HP/SOL/53A16/2017/36,Solan,KARARA,31.225194,76.966861,Rock            Slide,NA,
4642,HP/SHI/53E16/2016/19,Shimla,NEAR BHAMANALANEAR,31.2255,77.7571,Rock            Slide,NA,
4643,HP/SHI/53E04/2017/78,Shimla,KADARGHAT,31.225611,77.215861,Rock            Slide,NA,
4644,HP/SHI/53E16/2016/17,Shimla,NEAR GUMMAJANGLA-GUMMA,31.2257,77.8333,Debris          Slide,NA,
4645,HP/SOL/53A16/2017/152,Solan,NH 21,31.225806,76.760889,Rock            Slide,NA,
4646,HP/SHI/53E04/2017/91,Shimla,SH 13,31.225944,77.134611,Debris          Slide,NA,
4647,HP/SHI/53E04/2017/90,Shimla,BASANTPUR KARIALI ROAD,31.2265,77.133139,Rock            Fall,NA,
4648,HP/SOL/53A16/2017/83,Solan,"NH 21,JAMLI",31.226861,76.77725,Rock            Fall,NA,
4649,HP/SOL/53A16/2017/20,Solan,SYARI,31.226944,76.905861,Debris          Slide,NA,
4650,HP/SOL/53A16/2017/153,Solan,NH 21,31.227639,76.759917,Rock            Slide,NA,
4651,HP/SHI/53E04/2017/58,Shimla,SH 13,31.228,77.128111,Rock            Topple,NA,
4652,HP/BIL/53A12/2017/97,Bilaspur,"NH 21A,JHARNI",31.228028,76.678472,Debris          Slide,NA,
4653,HP/BIL/53A12/2017/21,Bilaspur,"NH 21, KHORANI",31.228028,76.678472,Debris          Slide,NA,
4654,HP/SOL/53A16/2017/97,Solan,JAMLI,31.228056,76.786111,Rock            Slide,NA,
4655,HP/SOL/53A16/2017/154,Solan,NH 21,31.228194,76.759889,Debris          Slide,NA,
4656,HP/SHI/53E16/2016/18,Shimla,NEAR BHAMANALANEAR,31.2282,77.7607,Rock            Slide,NA,
4657,HP/SHI/53E16/2016/1,Shimla,Near Bhatwari village - NH72-,31.2283,77.8956,Debris          Slide,NA,
4658,HP/SHI/53E16/2016/119,Shimla,"NEAR TIKRITIKRI-LAROT ROAD,",31.2285,77.9554,Debris          Slide,NA,
4659,HP/BIL/53A12/2017/96,Bilaspur,"NH 21A,KUNDLU",31.22875,76.684639,Debris          Slide,NA,
4660,HP/BIL/53A12/2017/20,Bilaspur,"NH 21, KHORANI",31.22875,76.684639,Debris          Slide,NA,
4661,HP/SOL/53A16/2017/98,Solan,LAG,31.228944,76.791472,Debris          Slide,NA,
4662,HP/SHI/53E15/2016/38,Shimla,Near Jhalwari Link road,31.2295,77.8095,Debris          Slide,NA,
4663,HP/SOL/53A16/2017/155,Solan,NH 21,31.229694,76.759667,Rock            Slide,NA,
4664,HP/SHI/53E16/2016/36,Shimla,ROHRU-CHIRGAONNH-72,31.2301,77.8554,Debris          Slide,NA,
4665,HP/SHI/53E04/2017/61,Shimla,CHABA,31.230111,77.122694,Debris          Slide,NA,
4666,HP/SOL/53A16/2017/156,Solan,NH 21,31.230111,76.760194,Debris          Slide,NA,
4667,HP/BIL/53A12/2017/103,Bilaspur,"SH 16,KUSRI",31.230167,76.666556,Rock            Slide,NA,
4668,HP/BIL/53A12/2017/27,Bilaspur,"NH 21,PALACHAD",31.230167,76.666556,Debris          Slide,NA,
4669,HP/SHI/53E04/2017/138,Shimla,HALOG SILAHARA ROAD,31.230278,77.078083,Rock            Slide,NA,
4670,HP/SHI/53E15/2016/39,Shimla,Near Jhalwari Link road,31.2303,77.8133,Debris          Slide,NA,
4671,HP/SOL/53A16/2017/157,Solan,NH 21,31.230361,76.759778,Debris          Slide,NA,
4672,HP/SOL/53A16/2017/33,Solan,NH 88,31.230472,76.943972,Debris          Slide,NA,
4673,HP/SHI/53E04/2017/74,Shimla,SHANAWAG,31.230639,77.221722,Rock            Slide,NA,
4674,HP/BIL/53A12/2017/93,Bilaspur,NH 21A,31.230694,76.694806,Rock            Slide,NA,
4675,HP/BIL/53A16/2017/158,Bilaspur,NH 21,31.230694,76.759306,Debris          Slide,NA,
4676,HP/BIL/53A12/2017/17,Bilaspur,"NH 21, DADWAL",31.230694,76.694806,Debris          Slide,NA,
4677,HP/SHI/53E16/2016/116,Shimla,TIKARI TIKRI-LAROT ROAD,31.2309,77.9304,Debris          Slide,NA,
4678,HP/SHI/53E16/2016/193,Shimla,NEAR CHIRGAONCHIRGAON-,31.2311,77.8825,Debris          Flow,NA,
4679,HP/BIL/53A12/2017/94,Bilaspur,NH 21A,31.231278,76.691944,Debris          Slide,NA,
4680,HP/BIL/53A12/2017/18,Bilaspur,"NH 21, DADWAL",31.231278,76.691944,Debris          Slide,NA,
4681,HP/BIL/53A16/2017/96,Bilaspur,JAMLI,31.231361,76.779833,Debris          Slide,NA,
4682,HP/BIL/53A12/2017/99,Bilaspur,"NH 21A,JHARNI",31.231556,76.673194,Rock            Slide,NA,
4683,HP/BIL/53A12/2017/23,Bilaspur,"NH 21,PALACHAD",31.231556,76.673194,Debris          Slide,NA,
4684,HP/BIL/53A12/2017/104,Bilaspur,"SH 16,KUSRI",31.231583,76.660667,Rock            Slide,NA,
4685,HP/BIL/53A12/2017/28,Bilaspur,PALACHAD JANALI ROAD,31.231583,76.660667,Rock            Slide,NA,
4686,HP/BIL/53A12/2017/102,Bilaspur,"SH 16,KUSRI",31.231833,76.668444,Debris          Slide,NA,
4687,HP/BIL/53A12/2017/26,Bilaspur,"NH 21,PALACHAD",31.231833,76.668444,Rock            Slide,NA,
4688,HP/SHI/53E15/2016/37,Shimla,Near Jhalwari Link road,31.232,77.8141,Debris          Slide,NA,
4689,HP/BIL/53A12/2017/100,Bilaspur,"SH 16,SERI",31.232306,76.671444,Rock            Slide,NA,
4690,HP/BIL/53A12/2017/24,Bilaspur,"NH 21,PALACHAD",31.232306,76.671444,Rock            Slide,NA,
4691,HP/BIL/53A12/2017/95,Bilaspur,NH 21A,31.232444,76.686833,Debris          Slide,NA,
4692,HP/BIL/53A12/2017/19,Bilaspur,"NH 21, DADWAL",31.232444,76.686833,Debris          Slide,NA,
4693,HP/SOL/53A16/2017/138,Solan,NH 88,31.232528,76.852083,Debris          Slide,NA,
4694,HP/SHI/53E16/2016/192,Shimla,NEAR CHIRGAONCHIRGAON-,31.2326,77.8843,Debris          Subsidence,NA,
4695,HP/SHI/53E04/2017/73,Shimla,KARIALI,31.232833,77.221056,Debris          Slide,NA,
4696,HP/BIL/53A12/2017/98,Bilaspur,"NH 21A,JHARNI",31.232972,76.675,Debris          Slide,NA,
4697,HP/BIL/53A12/2017/22,Bilaspur,"NH 21,PALACHAD",31.232972,76.675,Debris          Slide,NA,
4698,HP/SHI/53E16/2016/123,Shimla,NEAR SUNDASUSANDASU-,31.233,77.8893,Debris          Flow,NA,
4699,HP/BIL/53A12/2017/92,Bilaspur,NH 21A,31.233361,76.69675,Debris          Slide,NA,
4700,HP/BIL/53A12/2017/16,Bilaspur,"NH 21, SWARGHAT",31.233361,76.69675,Rock            Slide,NA,
4701,HP/SHI/53E04/2017/72,Shimla,KARIALI,31.233583,77.231528,Debris          Slide,NA,
4702,HP/BIL/53A12/2017/101,Bilaspur,"SH 16,KUSRI",31.234278,76.668833,Debris          Slide,NA,
4703,HP/BIL/53A12/2017/25,Bilaspur,"NH 21,PALACHAD",31.234278,76.668833,Debris          Slide,NA,
4704,HP/BIL/53A12/2017/90,Bilaspur,"NH 21A,GUJJAR HATTI",31.234444,76.708944,Debris          Slide,NA,
4705,HP/BIL/53A12/2017/14,Bilaspur,"NH 21, SWARGHAT",31.234444,76.708944,Debris          Slide,NA,
4706,HP/BIL/53A12/2017/91,Bilaspur,NH 21A,31.234472,76.698778,Debris          Slide,NA,
4707,HP/BIL/53A12/2017/15,Bilaspur,"NH 21, SWARGHAT",31.234472,76.698778,Debris          Slide,NA,
4708,HP/SHI/53E16/2016/125,Shimla,NEAR SUNDASUSANDASU-,31.2345,77.8956,Debris          Slide,NA,
4709,HP/SOL/53A16/2017/22,Solan,SYARI,31.235139,76.901361,Debris          Slide,NA,
4710,HP/SOL/53A16/2017/21,Solan,SYARI,31.235306,76.901333,Debris          Slide,NA,
4711,HP/SOL/53A16/2017/23,Solan,SYARI,31.235417,76.900194,Debris          Slide,NA,
4712,HP/BIL/53A12/2017/80,Bilaspur,"NH 21,PALACHAD",31.236222,76.745111,Debris          Slide,NA,
4713,HP/SOL/53A16/2017/24,Solan,SYARI,31.236222,76.899639,Debris          Slide,NA,
4714,HP/BIL/53A12/2017/1,Bilaspur,NH 21,31.236222,76.745111,Rock            Slide,NA,
4715,HP/SOL/53A16/2017/32,Solan,NH 88,31.236417,76.923194,Debris          Slide,NA,
4716,HP/SHI/53E16/2016/104,Shimla,Chirgaon,31.2365,77.8817,Debris          Slide,NA,
4717,HP/SHI/53E16/2016/170,Shimla,NEAR SANDASU BRIDGENH-72,31.2365,77.8945,Rock            Slide,NA,
4718,HP/SHI/53E16/2016/204,Shimla,NEAR SADANSHUNH-72,31.2368,77.8951,Rock            Fall,NA,
4719,HP/SOL/53A16/2017/25,Solan,SYARI,31.236861,76.899861,Debris          Slide,NA,
4720,HP/SHI/53E16/2016/11,Shimla,NEAR SANDASU NH-72,31.2369,77.8898,Debris          Subsidence,NA,
4721,HP/BIL/53A12/2017/81,Bilaspur,PALACHAD JANALI ROAD,31.236917,76.745028,Rock            Slide,NA,
4722,HP/BIL/53A12/2017/2,Bilaspur,NH 21,31.236917,76.745028,Debris          Slide,NA,
4723,HP/BIL/53A16/2017/143,Bilaspur,BAHADURPUR,31.236944,76.842028,Rock            Slide,NA,
4724,HP/SHI/53E16/2016/34,Shimla,UKHOTI VILLAGENH-72,31.2373,77.8872,Debris          Slide,NA,
4725,HP/BIL/53A16/2017/95,Bilaspur,NH 21,31.237333,76.775944,Debris          Slide,NA,
4726,HP/SHI/53E16/2016/24,Shimla,NEAR JHALWARI,31.2377,77.8138,Debris          Slide,NA,
4727,HP/SHI/53E04/2017/71,Shimla,KARIALI,31.237778,77.235694,Debris          Slide,NA,
4728,HP/SHI/53E04/2017/70,Shimla,DARABLA,31.238472,77.233389,Debris          Slide,NA,
4729,HP/SHI/53E16/2016/101,Shimla,"Near Sharli, NH-72",31.2388,77.9107,Debris          Slide,NA,
4730,HP/BIL/53A16/2017/139,Bilaspur,BAHADURPUR,31.238972,76.852667,Debris          Slide,NA,
4731,HP/SHI/53E16/2016/29,Shimla,NEAR GUMMAJANGLA-GUMMA,31.2392,77.8449,Debris          Slide,NA,
4732,HP/BIL/53A16/2017/140,Bilaspur,BAHADURPUR,31.239361,76.852028,Rock            Slide,NA,
4733,HP/SHI/53E16/2016/10,Shimla,Shiladesh,31.2394,77.9428,Rock            Fall,NA,
4734,HP/SHI/53E16/2016/26,Shimla,NEAR GUMMAJANGLA-GUMMA,31.2395,77.8411,Debris          Slide,NA,
4735,HP/BIL/53A16/2017/146,Bilaspur,MENTHI,31.239556,76.797306,Rock            Slide,NA,
4736,HP/BIL/53A16/2017/141,Bilaspur,BAHADURPUR,31.239694,76.852,Debris          Slide,NA,
4737,HP/BIL/53A12/2017/82,Bilaspur,PALACHAD JANALI ROAD,31.239944,76.742667,Debris          Slide,NA,
4738,HP/BIL/53A12/2017/3,Bilaspur,NH 21,31.239944,76.742667,Rock            Slide,NA,
4739,HP/BIL/53A16/2017/142,Bilaspur,BAHADURPUR,31.240194,76.850222,Rock            Slide,NA,
4740,HP/BIL/53A16/2017/144,Bilaspur,BHAJUN,31.240861,76.808611,Rock            Slide,NA,
4741,HP/BIL/53A16/2017/84,Bilaspur,NH 21,31.240861,76.777083,Rock            Slide,NA,
4742,HP/BIL/53A12/2017/83,Bilaspur,PALACHAD JANALI ROAD,31.240889,76.737361,Debris          Slide,NA,
4743,HP/BIL/53A12/2017/4,Bilaspur,NH 21,31.240889,76.737361,Debris          Slide,NA,
4744,HP/SHI/53E16/2016/126,Shimla,NEAR DENWARIDENWARI,31.2412,77.9001,Rock            Slide,NA,
4745,HP/BIL/53A16/2017/145,Bilaspur,BHAJUN,31.241236,76.80667,Rock            Slide,NA,
4746,HP/SOL/53A16/2017/26,Solan,CHAMAKADI,31.241389,76.899194,Debris          Slide,NA,
4747,HP/SHI/53E16/2016/95,Shimla,NEAR DENWARI,31.2414,77.8878,Debris          Slide,NA,
4748,HP/SHI/53E16/2016/122,Shimla,"NEAR TIKRITIKRI-LAROT ROAD,",31.2416,77.9413,Debris          Slide,NA,
4749,HP/BIL/53A16/2017/85,Bilaspur,NH 21,31.241694,76.777944,Rock            Slide,NA,
4750,HP/SHI/53E16/2016/28,Shimla,NEAR GUMMAJANGLA-GUMMA,31.2418,77.8468,Debris          Slide,NA,
4751,HP/SHI/53E15/2016/18,Shimla,Near Andhra Power house,31.2418,77.8753,Debris          Slide,NA,
4752,HP/BIL/53A12/2017/84,Bilaspur,"NH 21A,BAWARAN",31.242167,76.733306,Rock            Slide,NA,
4753,HP/BIL/53A12/2017/5,Bilaspur,NH 21,31.242167,76.733306,Debris          Slide,NA,
4754,HP/SOL/53A16/2017/27,Solan,NH 88,31.242222,76.895306,Debris          Slide,NA,
4755,HP/BIL/53A16/2017/86,Bilaspur,NH 21,31.242694,76.778528,Debris          Slide,NA,
4756,HP/SHI/53E04/2017/67,Shimla,DARABLA,31.243139,77.236444,Rock            Slide,NA,
4757,HP/SOL/53A16/2017/28,Solan,NH 88,31.243139,76.896056,Debris          Slide,NA,
4758,HP/SOL/53A16/2017/29,Solan,NH 88,31.243167,76.900472,Debris          Slide,NA,
4759,HP/BIL/53A16/2017/87,Bilaspur,NH 21,31.243194,76.777917,Debris          Slide,NA,
4760,HP/SHI/53E04/2017/66,Shimla,NH 88,31.243417,77.239111,Rock            Slide,NA,
4761,HP/BIL/53A12/2017/89,Bilaspur,"NH 21A,GUJJAR HATTI",31.243417,76.721861,Debris          Slide,NA,
4762,HP/BIL/53A12/2017/10,Bilaspur,"NH 21, SWARGHAT",31.243417,76.721861,Debris          Slide,NA,
4763,HP/BIL/53A16/2017/88,Bilaspur,NH 21,31.243611,76.77675,Debris          Slide,NA,
4764,HP/SHI/53E04/2017/63,Shimla,DARABIA,31.243778,77.246944,Debris          Slide,NA,
4765,HP/SHI/53E04/2017/68,Shimla,DARABLA,31.243944,77.235278,Rock            Slide,NA,
4766,HP/SHI/53E04/2017/62,Shimla,"SH 13, SUNI",31.244,77.247333,Debris          Slide,NA,
4767,HP/BIL/53A12/2017/105,Bilaspur,"SH 16,KUSRI",31.244,76.631139,Debris          Slide,NA,
4768,HP/BIL/53A12/2017/29,Bilaspur,PALACHAD JANALI ROAD,31.244,76.631139,Debris          Slide,NA,
4769,HP/SHI/53E04/2017/60,Shimla,KHAIRA,31.244083,77.179278,Rock            Slide,NA,
4770,HP/SHI/53E16/2016/92,Shimla,NEAR DENWARI,31.2442,77.897,Debris          Slide,NA,
4771,HP/SHI/53E16/2016/25,Shimla,NEAR JANGLAJANGLA ROAD,31.2442,77.8267,Debris          Slide,NA,
4772,HP/BIL/53A16/2017/89,Bilaspur,NH 21,31.24425,76.776417,Debris          Slide,NA,
4773,HP/SHI/53E04/2017/64,Shimla,DARABLA,31.244306,77.2415,Debris          Slide,NA,
4774,HP/SHI/53E04/2017/69,Shimla,DARABLA,31.244361,77.234722,Debris          Slide,NA,
4775,HP/BIL/53A16/2017/90,Bilaspur,NH 21,31.244611,76.774333,Debris          Slide,NA,
4776,HP/SHI/53E16/2016/27,Shimla,NEAR GUMMAJANGLA-GUMMA,31.245,77.8394,Debris          Slide,NA,
4777,HP/SHI/53E16/2016/169,Shimla,NEAR TIKRINH-72,31.2452,77.9293,Debris          Slide,NA,
4778,HP/BIL/53A16/2017/92,Bilaspur,NH 21,31.245278,76.773333,Debris          Slide,NA,
4779,HP/BIL/53A12/2017/85,Bilaspur,"NH 21A,BAWARAN",31.245389,76.732722,Debris          Slide,NA,
4780,HP/BIL/53A12/2017/6,Bilaspur,NH 21,31.245389,76.732722,Rock            Slide,NA,
4781,HP/BIL/53A16/2017/93,Bilaspur,NH 21,31.246194,76.773333,Rock            Fall,NA,
4782,HP/SHI/53E15/2016/79,Shimla,Near Dagolichirgaon - Rohal,31.2468,77.8743,Debris          Slide,NA,
4783,HP/SHI/53E04/2017/59,Shimla,SH 13,31.247056,77.210056,Rock            Slide,NA,
4784,HP/SHI/53E16/2016/96,Shimla,NEAR DENWARI,31.2471,77.9026,Debris          Slide,NA,
4785,HP/BIL/53A12/2017/106,Bilaspur,"SH 16,KUSRI",31.247194,76.619417,Debris          Slide,NA,
4786,HP/BIL/53A12/2017/30,Bilaspur,PALACHAD JANALI ROAD,31.247194,76.619417,Debris          Slide,NA,
4787,HP/SHI/53E15/2016/80,Shimla,Near Dagolichirgaon - Rohal,31.2472,77.873,Debris          Slide,NA,
4788,HP/BIL/53A12/2017/86,Bilaspur,"NH 21A,BAWARAN",31.248639,76.730444,Debris          Slide,NA,
4789,HP/BIL/53A12/2017/7,Bilaspur,NH 21,31.248639,76.730444,Rock            Slide,NA,
4790,HP/BIL/53A12/2017/88,Bilaspur,"NH 21A,GUJJAR HATTI",31.24875,76.723944,Debris          Slide,NA,
4791,HP/BIL/53A12/2017/9,Bilaspur,"NH 21, SWARGHAT",31.24875,76.723944,Debris          Slide,NA,
4792,HP/BIL/53A12/2017/87,Bilaspur,NH 21A,31.248889,76.726944,Debris          Slide,NA,
4793,HP/BIL/53A12/2017/8,Bilaspur,"NH 21, SWARGHAT",31.248889,76.726944,Debris          Slide,NA,
4794,HP/SHI/53E16/2016/97,Shimla,NEAR DENWARI,31.249,77.9008,Debris          Slide,NA,
4795,HP/SHI/53E16/2016/33,Shimla,NEAR TIKRINH-72,31.2492,77.9433,Debris          Slide,NA,
4796,HP/SOL/53A16/2017/30,Solan,NH 88,31.249611,76.913278,Debris          Slide,NA,
4797,HP/BIL/53A16/2017/94,Bilaspur,NH 21,31.249722,76.771611,Rock            Slide,NA,
4798,HP/BIL/53A15/2015/329,Bilaspur,,31.250003,76.771361,Rock,Slide,2015
4799,HP/SOL/53A16/2017/31,Solan,NH 88,31.250139,76.912944,Debris          Slide,NA,
4800,HP/SHI/53E16/2016/98,Shimla,NEAR DENWARI,31.2502,77.9026,Debris          Slide,NA,
4801,HP/SHI/53E03/2015/36,Shimla,,31.250972,77.248528,Rock            Slide,NA,
4802,HP/SHI/53E07/2016/85,Shimla,Narkanda,31.251583,77.464861,Debris          Slide,NA,
4803,HP/SHI/53E07/2016/22,Shimla,Narkanda,31.251667,77.473333,Debris          Slide,NA,
4804,HP/SHI/53E07/2016/56,Shimla,Malghi,31.252,77.29925,Debris          Slide,NA,
4805,HP/SHI/53E03/2015/37,Shimla,,31.252028,77.215417,Rock            Slide,NA,
4806,HP/SHI/53E07/2016/62,Shimla,Malghi,31.252222,77.297111,Rock            Slide,NA,
4807,HP/SHI/53E16/2016/120,Shimla,"TIKARI TIKRI-LAROT ROAD, 5KM",31.253,77.9372,Debris          Slide,NA,
4808,HP/SHI/53E07/2016/53,Shimla,Malghi,31.253083,77.296222,Rock            Slide,NA,
4809,HP/BIL/53A15/2015/347,Bilaspur,,31.253139,76.770028,Rock,Slide,2015
4810,HP/BIL/53A15/2015/212,Bilaspur,,31.2535,76.770056,Debris,Slide,2015
4811,HP/BIL/53A15/2015/336,Bilaspur,,31.253778,76.770944,Rock,Slide,2015
4812,HP/MAN/53E03/2015/165,Mandi,,31.253999,77.089273,Debris          Slide,NA,
4813,HP/SHI/53E07/2016/64,Shimla,Narkanda,31.254278,77.479861,Rock            Slide,NA,
4814,HP/SHI/53E15/2016/94,Shimla,Pekha village,31.2548,77.9756,Rock            Slide,NA,
4815,HP/SHI/53E07/2016/21,Shimla,Narkanda,31.255306,77.477778,Rock            Slide,NA,
4816,HP/SHI/53E07/2016/54,Shimla,Malghi,31.256139,77.292889,Rock            Slide,NA,
4817,HP/BIL/53A15/2015/110,Bilaspur,,31.256889,76.832667,Rock            Slide,NA,
4818,HP/SHI/53E07/2016/39,Shimla,Alta Khad,31.258,77.598333,Rock            Slide,NA,
4819,HP/SHI/53E07/2016/40,Shimla,Alta Khad,31.258028,77.598556,Rock            Slide,NA,
4820,HP/SHI/53E11/2016/46,Shimla,South of Nagadhar,31.258444,77.514583,Rock            Slide,NA,
4821,HP/BIL/53A15/2015/217,Bilaspur,,31.258472,76.767722,Debris,Slide,2015
4822,HP/SHI/53E11/2016/90,Shimla,South of Nagadhar,31.258722,77.515111,Rock            Slide,NA,
4823,HP/SHI/53E11/2016/50,Shimla,South of Nagadhar,31.25875,77.516278,Debris          Slide,NA,
4824,HP/SHI/53E11/2016/47,Shimla,South of Nagadhar,31.25975,77.517833,Debris          Slide,NA,
4825,HP/SHI/53E07/2016/57,Shimla,Panewar,31.259861,77.300167,Debris          Slide,NA,
4826,HP/SHI/53E11/2016/18,Shimla,South of Nagadhar,31.259917,77.513139,Debris          Slide,NA,
4827,HP/SHI/53E11/2016/48,Shimla,South of Nagadhar,31.259972,77.518722,Rock            Slide,NA,
4828,HP/MAN/53E03/2015/166,Mandi,,31.260067,77.096134,Debris          Slide,NA,
4829,HP/MAN/53E03/2015/276,Mandi,,31.260639,77.073278,Rock,Slide,2015
4830,HP/SHI/53E07/2016/82,Shimla,North of Narkanda - NH-05,31.261917,77.447639,Debris          Slide,NA,
4831,HP/BIL/53A15/2015/227,Bilaspur,,31.262639,76.766444,Debris,Slide,2015
4832,HP/SHI/53E15/2016/59,Shimla,"Ramai village, Ramai - NH - 72 -",31.2632,77.9935,Debris          Slide,NA,
4833,HP/SHI/53E15/2016/61,Shimla,Near Amboi village,31.2645,77.9948,Debris          Slide,NA,
4834,HP/SHI/53E11/2016/49,Shimla,Jatral,31.265222,77.55075,Rock            Slide,NA,
4835,HP/SHI/53E15/2016/47,Shimla,Tandi Khad,31.2653,77.9266,Debris          Subsidence,NA,
4836,HP/SHI/53E07/2016/3,Shimla,Nihri,31.265694,77.469944,Rock            Slide,NA,
4837,HP/SHI/53E15/2016/60,Shimla,"Ramai village, Ramai - NH - 72 -",31.2657,77.9954,Debris          Slide,NA,
4838,HP/SHI/53E15/2016/49,Shimla,Bakora village,31.2657,77.9321,Debris          Slide,NA,
4839,HP/SHI/53E15/2016/50,Shimla,Bakora village,31.2664,77.9516,Debris          Slide,NA,
4840,HP/SHI/53E11/2016/104,Shimla,Shila,31.266417,77.561028,Debris          Slide,NA,
4841,HP/SHI/53E07/2016/71,Shimla,Sarra,31.268,77.481306,Debris          Slide,NA,
4842,HP/SHI/53E11/2016/82,Shimla,Guni,31.268472,77.645222,Rock            Slide,NA,
4843,HP/SHI/53E11/2016/103,Shimla,Shila,31.268667,77.563694,Rock            Slide,NA,
4844,HP/MAN/53E03/2015/91,Mandi,,31.269056,77.067389,Debris          Slide,NA,
4845,HP/SHI/53E07/2016/15,Shimla,Pharnal,31.26925,77.451222,Debris          Slide,NA,
4846,HP/SHI/53E11/2016/76,Shimla,Chhamni Khad,31.269361,77.671306,Rock            Slide,NA,
4847,HP/SHI/53E07/2016/79,Shimla,"Pharnal, NH-05",31.269389,77.453833,Debris          Slide,NA,
4848,HP/SHI/53E07/2016/8,Shimla,"Pharnal, NH-05",31.270361,77.444,Debris          Fall,NA,
4849,HP/SHI/53E11/2016/45,Shimla,Addu,31.271194,77.566722,Debris          Slide,NA,
4850,HP/BIL/53A15/2015/126,Bilaspur,,31.271668,76.804999,Debris          Slide,NA,
4851,HP/BIL/53A15/2015/183,Bilaspur,,31.271816,76.804435,Debris          Slide,NA,
4852,HP/BIL/53A15/2015/89,Bilaspur,,31.272054,76.798522,Debris          Slide,NA,
4853,HP/MAN/53E03/2015/277,Mandi,,31.272222,77.065556,Rock            Slide,NA,
4854,HP/SHI/53E07/2016/58,Shimla,Bag,31.272833,77.334611,Debris          Slide,NA,
4855,HP/BIL/53A15/2015/87,Bilaspur,,31.272909,76.802969,Debris          Slide,NA,
4856,HP/MAN/53E03/2015/116,Mandi,,31.272914,77.040969,Debris          Slide,NA,
4857,HP/SHI/53E07/2016/68,Shimla,Varubagh,31.273083,77.431833,Rock            Slide,NA,
4858,HP/BIL/53A15/2015/88,Bilaspur,,31.273239,76.802816,Debris          Slide,NA,
4859,HP/SHI/53E11/2016/95,Shimla,Nagadhar,31.273806,77.517167,Rock            Slide,NA,
4860,HP/MAN/53E03/2015/76,Mandi,,31.274278,77.084833,Debris          Slide,NA,
4861,HP/SHI/53E11/2016/54,Shimla,Addu,31.274806,77.558389,Debris          Slide,NA,
4862,HP/SHI/53E11/2016/78,Shimla,Garema,31.2755,77.675278,Rock            Slide,NA,
4863,HP/SHI/53E07/2016/65,Shimla,North of Narkanda-NH-05,31.27575,77.451972,Rock            Slide,NA,
4864,HP/BIL/53A15/2015/303,Bilaspur,,31.275989,76.762472,Debris,Slide,2013
4865,HP/SHI/53E07/2016/7,Shimla,Kungal Khad,31.276028,77.618167,Rock            Slide,NA,
4866,HP/SHI/53E07/2016/72,Shimla,North of Narkanda - NH-05,31.276056,77.451972,Rock            Slide,NA,
4867,HP/MAN/53E03/2015/75,Mandi,,31.276361,77.058694,Rock            Slide,NA,
4868,HP/SHI/53E07/2016/96,Shimla,Odi,31.276389,77.448333,Rock            Slide,NA,
4869,HP/BIL/53A15/2015/293,Bilaspur,,31.277036,76.763667,Debris,Slide,2015
4870,HP/SHI/53E11/2016/73,Shimla,Dhopa Dhar,31.277111,77.507194,Rock            Slide,NA,
4871,HP/SHI/53E15/2016/90,Shimla,Goansari village,31.2774,77.8816,Debris          Slide,NA,
4872,HP/BIL/53A15/2015/310,Bilaspur,,31.277575,76.762417,Debris,Slide,2015
4873,HP/BIL/53A15/2015/153,Bilaspur,,31.277694,76.76025,Debris,Slide,2015
4874,HP/SHI/53E15/2016/4,Shimla,Near Devidhar NH-72 -,31.278,77.8159,Rock            Fall,NA,
4875,HP/SHI/53E11/2016/72,Shimla,Dhopa Dhar,31.278333,77.509556,Debris          Slide,NA,
4876,HP/SHI/53E07/2016/98,Shimla,North of Narkanda - NH-05,31.278889,77.450528,Rock            Slide,NA,
4877,HP/SHI/53E07/2016/43,Shimla,Kungal Khad,31.279389,77.620472,Debris          Slide,NA,
4878,HP/SHI/53E07/2016/91,Shimla,Chalonti dhar,31.2805,77.432167,Rock            Slide,NA,
4879,HP/SHI/53E15/2016/5,Shimla,Near Dagolichirgaon - Rohal,31.2806,77.8819,Rock            Fall,NA,
4880,HP/BIL/53A15/2015/127,Bilaspur,,31.280694,76.791472,Debris          Slide,NA,
4881,HP/BIL/53A15/2015/73,Bilaspur,,31.280833,76.791083,Debris          Slide,NA,
4882,HP/BIL/53A15/2015/114,Bilaspur,,31.280997,76.78966,Rock            Slide,NA,
4883,HP/SHI/53E07/2016/38,Shimla,Bam Tikri,31.281389,77.584667,Debris,Slide,2016
4884,HP/SHI/53E07/2016/41,Shimla,Punan,31.282444,77.591861,Rock            Slide,NA,
4885,HP/SHI/53E15/2016/92,Shimla,Near Pyana village Chirgaon -,31.2827,77.8836,Debris          Flow,NA,
4886,HP/BIL/53A11/2018/2,Bilaspur,Naina Devi road,31.28298,76.54415,Rock            Slide,NA,
4887,HP/SHI/53E11/2016/94,Shimla,Sandh,31.283056,77.518833,Debris          Slide,NA,
4888,HP/SHI/53E15/2016/2,Shimla,Near Devidhar NH-72 -,31.2833,77.8103,Debris          Slide,NA,
4889,HP/MAN/53E03/2015/168,Mandi,,31.284574,77.082024,Debris          Slide,NA,
4890,HP/SHI/53E07/2016/86,Shimla,"North of Bah, MDR-22",31.285167,77.320556,Debris          Slide,NA,
4891,HP/SHI/53E07/2016/63,Shimla,"Bhanalag, NH-05",31.285222,77.444722,Rock            Fall,NA,
4892,HP/SHI/53E11/2016/21,Shimla,Butti Khad,31.285417,77.513333,Earth           Slide,NA,
4893,HP/SHI/53E15/2016/107,Shimla,Near Bhatwari village,31.2856,77.9943,Debris          Slide,NA,
4894,HP/SHI/53E11/2016/17,Shimla,Sandh,31.286194,77.525389,Rock            Slide,NA,
4895,HP/SHI/53E11/2016/80,Shimla,Thali Gad,31.286611,77.676944,Rock            Slide,NA,
4896,HP/MAN/53E03/2015/198,Mandi,,31.286854,77.077472,Debris          Slide,NA,
4897,HP/SHI/53E11/2016/42,Shimla,Arsehel Dhar,31.287722,77.660611,Rock            Slide,NA,
4898,HP/SHI/53E07/2016/37,Shimla,Siara Gad,31.288333,77.643222,Debris          Slide,NA,
4899,HP/MAN/53E03/2015/167,Mandi,,31.289331,77.094557,Debris          Slide,NA,
4900,HP/SHI/53E15/2016/9,Shimla,Goansari village,31.2896,77.8852,Rock            Fall,NA,
4901,HP/SHI/53E07/2016/93,Shimla,"Bhanalag, NH-05",31.289972,77.442917,Debris          Slide,NA,
4902,HP/SHI/53E15/2016/8,Shimla,Near Banoti - NH 72 -Devidhar,31.2901,77.8087,Rock            Fall,NA,
4903,HP/SHI/53E07/2016/6,Shimla,Bhali,31.290167,77.629333,Rock            Slide,NA,
4904,HP/SHI/53E07/2016/60,Shimla,"Bhanalag, NH-05",31.290667,77.451222,Rock            Slide,NA,
4905,HP/SHI/53E07/2016/61,Shimla,Paror,31.290861,77.340389,Rock            Slide,NA,
4906,HP/SHI/53E11/2016/102,Shimla,Kabdhar,31.290917,77.536556,Debris          Slide,NA,
4907,HP/SHI/53E15/2016/41,Shimla,Near Nigala village - NH-72 -,31.2923,77.8006,Debris          Slide,NA,
4908,HP/BIL/53A11/2018/20,Bilaspur,Near Kohna village,31.293446,76.728856,Rock            Slide,NA,
4909,HP/SHI/53E07/2016/84,Shimla,"Bhanalag, NH-05",31.293556,77.444083,Debris          Slide,NA,
4910,HP/SHI/53E15/2016/142,Shimla,Goansari village,31.2937,77.887,Rock            Fall,NA,
4911,HP/MAN/53E03/2015/66,Mandi,,31.293917,77.126192,Debris          Slide,NA,
4912,HP/BIL/53A11/2018/33,Bilaspur,Near Kohnavillage,31.294035,76.72633,Rock            Slide,NA,
4913,HP/SHI/53E15/2016/40,Shimla,Near Banoti village- NH-72 -,31.2946,77.8072,Debris          Slide,NA,
4914,HP/SHI/53E07/2016/42,Shimla,North of Narkanda-NH-5,31.295167,77.642667,Rock            Slide,NA,
4915,HP/SHI/53E11/2016/79,Shimla,Sharmali,31.297778,77.6915,Debris          Slide,NA,
4916,HP/SHI/53E15/2016/146,Shimla,Goansari village,31.2979,77.8845,Debris          Slide,NA,
4917,HP/SHI/53E15/2016/34,Shimla,NH-72-Devidhar Link road,31.2981,77.8041,Debris          Slide,NA,
4918,HP/SHI/53E11/2016/77,Shimla,Sharmali,31.298306,77.691806,Rock            Slide,NA,
4919,HP/SHI/53E07/2016/97,Shimla,Karoli,31.2985,77.648111,Rock            Slide,NA,
4920,HP/SHI/53E11/2016/23,Shimla,Jahudim,31.299222,77.527556,Debris          Slide,NA,
4921,HP/SHI/53E16/2016/23,Shimla,NH-72-DUMRERA LINK ROAD,31.3006,77.8016,Debris          Slide,NA,
4922,HP/SHI/53E07/2016/92,Shimla,"South of Kumharsain,NH-05",31.300778,77.442889,Rock            Slide,NA,
4923,HP/BIL/53A11/2018/9,Bilaspur,Naina Devi road,31.3008,76.54985,Rock            Slide,NA,
4924,HP/BIL/53A11/2018/8,Bilaspur,Naina Devi road,31.301,76.54967,Rock            Slide,NA,
4925,HP/BIL/53A11/2018/3,Bilaspur,Naina Devi road,31.30103,76.53672,Rock            Creep,NA,
4926,HP/SHI/53E15/2016/75,Shimla,Jabal Diversion,31.3015,77.8878,Debris          Slide,NA,
4927,HP/SHI/53E15/2016/7,Shimla,NH-72- Dumrere link road,31.3019,77.7986,Rock            Fall,NA,
4928,HP/SHI/53E07/2016/95,Shimla,"South of Kumharsain,NH-05",31.302083,77.442306,Rock            Slide,NA,
4929,HP/MAN/53E03/2015/210,Mandi,,31.302158,77.053029,Debris          Slide,NA,
4930,HP/MAN/53E03/2015/108,Mandi,,31.302194,77.022833,Debris          Slide,NA,
4931,HP/SHI/53E15/2016/35,Shimla,Near Dumerera NH-72-,31.3023,77.795,Rock            Fall,NA,
4932,HP/MAN/53E03/2015/208,Mandi,,31.302524,77.052257,Debris          Slide,NA,
4933,HP/MAN/53E03/2015/209,Mandi,,31.302528,77.052475,Debris          Slide,NA,
4934,HP/MAN/53E03/2015/118,Mandi,,31.302778,77.023722,Rock            Slide,NA,
4935,HP/BIL/53A15/2015/211,Bilaspur,,31.303072,76.770156,Debris,Slide,2015
4936,HP/MAN/53E03/2015/119,Mandi,,31.303168,77.023874,Debris          Slide,NA,
4937,HP/SHI/53E15/2016/144,Shimla,"Near Rohal, river channel(",31.3033,77.8872,Debris          Slide,NA,
4938,HP/SHI/53E15/2016/63,Shimla,Banwari village,31.3035,77.991,Debris          Slide,NA,
4939,HP/BIL/53A11/2018/4,Bilaspur,Naina Devi road,31.30353,76.54342,Rock            Slide,NA,
4940,HP/BIL/53A11/2018/7,Bilaspur,Naina Devi road,31.3036,76.53538,Debris          Slide,NA,
4941,HP/SHI/53E15/2016/62,Shimla,Banwari village,31.3037,77.9906,Debris          Slide,NA,
4942,HP/BIL/53A11/2018/5,Bilaspur,Naina Devi road,31.30377,76.54117,Rock            Slide,NA,
4943,HP/MAN/53E03/2015/117,Mandi,,31.304167,77.0235,Debris          Slide,NA,
4944,HP/BIL/53A11/2018/1,Bilaspur,Naina Devi road,31.3046,76.54012,Rock            Slide,NA,
4945,HP/SHI/53E11/2016/93,Shimla,Kofradhar,31.304722,77.536861,Debris          Slide,NA,
4946,HP/MAN/53E03/2015/120,Mandi,,31.304918,77.02329,Debris          Slide,NA,
4947,HP/MAN/53E03/2015/122,Mandi,,31.305186,77.022925,Debris          Slide,NA,
4948,HP/BIL/53A11/2018/48,Bilaspur,Samletu,31.305708,76.703832,Rock            Slide,NA,
4949,HP/SHI/53E11/2016/55,Shimla,Kofradhar,31.305917,77.536833,Rock            Slide,NA,
4950,HP/MAN/53A15/2015/133,Mandi,,31.306002,76.981748,Debris          Slide,NA,
4951,HP/SHI/53E07/2016/10,Shimla,"Kumharsain,NH-05",31.306722,77.449083,Rock            Slide,NA,
4952,HP/SHI/53E07/2016/67,Shimla,"Kumharsain,NH-05",31.306806,77.449389,Rock            Slide,NA,
4953,HP/SHI/53E07/2016/66,Shimla,Kandreri,31.307278,77.62925,Rock            Slide,NA,
4954,HP/SHI/53E11/2016/85,Shimla,Sharmali,31.307472,77.679611,Rock            Slide,NA,
4955,HP/SHI/53E07/2016/94,Shimla,"Kumharsain,NH-05",31.307917,77.436528,Rock            Slide,NA,
4956,HP/SHI/53E07/2016/11,Shimla,"Kumharsain,NH-05",31.308028,77.434778,Rock            Slide,NA,
4957,HP/MAN/53A15/2015/70,Mandi,,31.308051,76.983487,Debris          Slide,NA,
4958,HP/MAN/53A15/2015/69,Mandi,,31.308126,76.986544,Debris          Slide,NA,
4959,HP/SOL/53A15/2015/160,Solan,,31.308266,76.973264,Debris          Slide,NA,
4960,HP/SHI/53E15/2016/77,Shimla,Near Byuarghodi,31.3083,77.8837,Debris          Slide,NA,
4961,HP/MAN/53E03/2015/197,Mandi,,31.308551,77.049424,Debris          Slide,NA,
4962,HP/SHI/53E11/2016/75,Shimla,Sharmali,31.308722,77.682139,Rock            Slide,NA,
4963,HP/MAN/53E03/2015/274,Mandi,,31.309194,77.122472,Rock,Slide,2015
4964,HP/SHI/53E11/2016/106,Shimla,Sharmali,31.30925,77.683722,Rock            Slide,NA,
4965,HP/SHI/53E11/2016/43,Shimla,Sungri,31.30925,77.700583,Rock            Slide,NA,
4966,HP/SHI/53E11/2016/83,Shimla,Sungri,31.309278,77.700111,Debris          Slide,NA,
4967,HP/SHI/53E15/2016/145,Shimla,Byuri Village,31.3093,77.8827,Rock            Slide,NA,
4968,HP/BIL/53A15/2015/74,Mandi,,31.309944,76.981417,Debris          Slide,NA,
4969,HP/MAN/53A15/2015/71,Mandi,,31.31026,76.98098,Debris          Slide,NA,
4970,HP/MAN/53A15/2015/161,Mandi,,31.310444,76.992174,Debris          Slide,NA,
4971,HP/SHI/53E11/2016/81,Shimla,Sungri,31.310722,77.694333,Rock            Slide,NA,
4972,HP/SHI/53E11/2016/53,Shimla,Shalech,31.310833,77.539528,Rock            Slide,NA,
4973,HP/SHI/53E15/2016/76,Shimla,Near Byuar,31.311,77.8872,Debris          Slide,NA,
4974,HP/SHI/53E07/2016/78,Shimla,"Kumharsain,NH-05",31.311056,77.439806,Earth           Slide,NA,
4975,HP/SHI/53E07/2016/16,Shimla,"Kumharsain,NH-05",31.311083,77.453528,Debris          Slide,NA,
4976,HP/SHI/53E07/2016/20,Shimla,"Kumharsain,NH-05",31.312444,77.45425,Rock            Slide,NA,
4977,HP/MAN/53E03/2015/275,Mandi,,31.313139,77.131,Debris          Slide,NA,
4978,HP/SHI/53E07/2016/36,Shimla,MDR-22,31.31325,77.337667,Debris          Slide,NA,
4979,HP/BIL/53A15/2015/282,Bilaspur,,31.313778,76.763667,Rock,Slide,2015
4980,HP/SHI/53E07/2016/89,Shimla,Kandreri,31.314306,77.612778,Debris          Slide,NA,
4981,HP/SHI/53E07/2016/51,Shimla,Dhansha,31.314444,77.633139,Debris          Slide,NA,
4982,HP/SHI/53E07/2016/87,Shimla,Kandreri,31.314583,77.612972,Debris          Slide,NA,
4983,HP/MAN/53E03/2015/55,Mandi,,31.3149,77.014217,Debris          Slide,NA,
4984,HP/SHI/53E11/2016/74,Shimla,Shalech,31.315889,77.533667,Rock            Slide,NA,
4985,HP/BIL/53A11/2018/42,Bilaspur,Ghwanal,31.316065,76.536287,Debris          Slide,NA,
4986,HP/BIL/53A11/2018/41,Bilaspur,,31.318553,76.535858,Rock            Slide,NA,
4987,HP/MAN/53E03/2015/273,Mandi,,31.319,77.120167,Rock            Slide,NA,
4988,HP/SHI/53E15/2016/139,Shimla,Near Tandiwali,31.3199,77.8852,Rock            Fall,NA,
4989,HP/SHI/53E15/2016/74,Shimla,Near Tandiwal,31.3205,77.884,Debris          Slide,NA,
4990,HP/SHI/53E07/2016/70,Shimla,Sumni,31.321028,77.403833,Rock            Fall,NA,
4991,HP/SHI/53E15/2016/89,Shimla,Near Hingori - NH 72 - Rohal,31.3212,77.8681,Debris          Slide,NA,
4992,HP/SHI/53E11/2016/96,Shimla,Jajoli,31.322056,77.512028,Debris          Slide,NA,
4993,HP/MAN/53E03/2015/192,Mandi,,31.322424,77.038034,Debris          Slide,NA,
4994,HP/MAN/53E03/2015/191,Mandi,,31.322694,77.03775,Debris          Slide,NA,
4995,HP/SHI/53E15/2016/10,Shimla,"Near Hingori, right bank NH-72-",31.3227,77.8874,Debris          Slide,NA,
4996,HP/SHI/53E15/2016/140,Shimla,Near Hingarinh - 72 -Rohal LInk,31.3227,77.8879,Rock            Fall,NA,
4997,HP/BIL/53A11/2018/17,Bilaspur,Hrishikesh,31.323091,76.737065,Rock            Slide,NA,
4998,HP/BIL/53A15/2015/25,Bilaspur,,31.323419,76.875422,Debris          Slide,NA,
4999,HP/SHI/53E07/2016/50,Shimla,Sharog,31.3235,77.61,Debris          Slide,NA,
5000,HP/SHI/53E07/2016/88,Shimla,Sharog,31.323528,77.609694,Rock            Slide,NA,
5001,HP/MAN/53E03/2015/196,Mandi,,31.323556,77.037167,Debris          Slide,NA,
5002,HP/MAN/53A15/2015/201,Mandi,,31.323624,76.969346,Debris          Slide,NA,
5003,HP/BIL/53A15/2015/24,Bilaspur,,31.323702,76.875317,Debris          Slide,NA,
5004,HP/SOL/53A15/2015/142,Solan,,31.323766,76.900864,Debris          Slide,NA,
5005,HP/BIL/53A15/2015/23,Bilaspur,,31.323974,76.875264,Debris          Slide,NA,
5006,HP/SHI/53E15/2016/88,Shimla,Hingori Khad near Tandiwali,31.3242,77.8738,Debris          Slide,NA,
5007,HP/MAN/53E03/2015/193,Mandi,,31.324264,77.038188,Debris          Slide,NA,
5008,HP/BIL/53A15/2015/22,Bilaspur,,31.32443,76.875179,Debris          Slide,NA,
5009,HP/MAN/53E03/2015/195,Mandi,,31.324472,77.038111,Debris          Slide,NA,
5010,HP/BIL/53A15/2015/21,Bilaspur,,31.324769,76.875025,Debris          Slide,NA,
5011,HP/MAN/53A15/2015/2,Mandi,,31.324927,76.99688,Debris          Slide,NA,
5012,HP/SHI/53E15/2016/87,Shimla,Near Hingori - NH 72 - Rohal,31.3251,77.8701,Debris          Slide,NA,
5013,HP/MAN/53A15/2015/57,Mandi,,31.325217,76.987676,Debris          Slide,NA,
5014,HP/SHI/53E07/2016/74,Shimla,Khabar,31.325444,77.405056,Rock            Slide,NA,
5015,HP/MAN/53E03/2015/190,Mandi,,31.325518,77.029832,Debris          Slide,NA,
5016,HP/SHI/53E07/2016/9,Shimla,Khabar,31.325833,77.406139,Debris          Slide,NA,
5017,HP/MAN/53A15/2015/202,Mandi,,31.327597,76.965616,Debris          Slide,NA,
5018,HP/MAN/53E03/2015/272,Mandi,,31.327806,77.171861,Rock,Slide,2015
5019,HP/SHI/53E07/2016/47,Shimla,South of Chakhati,31.329444,77.611639,Rock            Slide,NA,
5020,HP/SHI/53E15/2016/78,Shimla,Near Rohal - NH-72-Rohal link,31.3303,77.8958,Debris          Slide,NA,
5021,HP/BIL/53A15/2015/173,Bilaspur,,31.33075,76.771222,Debris          Slide,NA,
5022,HP/SOL/53A15/2015/162,Solan,,31.330794,76.935997,Debris          Slide,NA,
5023,HP/SHI/53E07/2016/2,Shimla,Kingal,31.331278,77.41675,Rock            Slide,NA,
5024,HP/SOL/53A15/2015/19,Solan,,31.332512,76.86912,Debris          Slide,NA,
5025,HP/BIL/53A15/2015/194,Bilaspur,,31.332722,76.773694,Debris          Slide,NA,
5026,HP/SOL/53A15/2015/141,Solan,,31.33323,76.926209,Debris          Slide,NA,
5027,HP/SHI/53E07/2016/49,Shimla,Chakhati,31.334056,77.609222,Rock            Slide,NA,
5028,HP/SOL/53A15/2015/20,Solan,,31.334567,76.868967,Debris          Slide,NA,
5029,HP/SHI/53E07/2016/13,Shimla,"Kingal,NH-05",31.334639,77.421611,Debris          Slide,NA,
5030,HP/SHI/53E15/2016/138,Shimla,Jatwaninh - 72- Rohal Link road,31.3348,77.9145,Debris          Slide,NA,
5031,HP/SHI/53E11/2016/108,Shimla,Bhera Khad,31.334972,77.53225,Rock            Slide,NA,
5032,HP/MAN/53E03/2015/188,Mandi,,31.335069,77.017197,Debris          Slide,NA,
5033,HP/SHI/53E07/2016/77,Shimla,"South of Luhri, NH05",31.335333,77.435722,Debris          Slide,NA,
5034,HP/MAN/53E07/2016/76,Mandi,"North of Luhri, NH305",31.335444,77.422306,Rock            Slide,NA,
5035,HP/SHI/53E07/2016/25,Shimla,"South of Luhri, NH05",31.336194,77.429667,Rock            Slide,NA,
5036,HP/SHI/53E07/2016/59,Shimla,Jhamol,31.336472,77.392194,Rock            Slide,NA,
5037,HP/SHI/53E15/2016/72,Shimla,Near Tandwari NH-72- Rohal,31.3366,77.8914,Debris          Slide,NA,
5038,HP/SHI/53E07/2016/32,Shimla,"South of Luhri, NH05",31.337111,77.434556,Rock            Slide,NA,
5039,HP/MAN/53A15/2015/170,Mandi,,31.337464,76.952659,Debris          Slide,NA,
5040,HP/SHI/53E07/2016/90,Shimla,Jhamol,31.337528,77.392833,Rock            Slide,NA,
5041,HP/MAN/53A15/2015/169,Mandi,,31.338274,76.952842,Debris          Slide,NA,
5042,HP/MAN/53E03/2015/3,Mandi,,31.338608,77.003835,Debris          Slide,NA,
5043,HP/MAN/53A15/2015/56,Mandi,,31.338642,76.952169,Debris          Slide,NA,
5044,HP/SHI/53E07/2016/52,Shimla,Jhamol,31.339056,77.394611,Rock            Slide,NA,
5045,HP/BIL/53A15/2015/18,Bilaspur,,31.339788,76.85829,Debris          Slide,NA,
5046,HP/BIL/53A15/2015/42,Bilaspur,,31.340139,76.780278,Debris          Slide,NA,
5047,HP/BIL/53A15/2015/17,Bilaspur,,31.340306,76.857998,Debris          Slide,NA,
5048,HP/BIL/53A15/2015/16,Bilaspur,,31.340607,76.85776,Debris          Slide,NA,
5049,HP/SHI/53E07/2016/26,Shimla,"Sainji, NH05",31.341139,77.448778,Debris          Slide,NA,
5050,HP/SHI/53E07/2016/48,Shimla,Chakhati,31.341556,77.608389,Debris          Slide,NA,
5051,HP/BIL/53A15/2015/31,Bilaspur,,31.342713,76.790647,Debris          Slide,NA,
5052,HP/BIL/53A15/2015/33,Mandi,,31.343274,76.959695,Debris          Slide,NA,
5053,HP/SHI/53E07/2016/55,Shimla,Chakhati,31.344556,77.609028,Debris          Slide,NA,
5054,HP/SHI/53E07/2016/69,Shimla,"Sainji, NH05",31.3465,77.455778,Debris          Slide,NA,
5055,HP/SHI/53E07/2016/31,Shimla,"Bithal,NH05",31.34825,77.474222,Debris          Slide,NA,
5056,HP/SOL/53A15/2015/134,Solan,,31.349924,76.872811,Debris          Slide,NA,
5057,HP/BIL/53A11/2018/44,Bilaspur,,31.350086,76.505033,Soil            Slide,NA,
5058,HP/MAN/53E03/2015/358,Mandi,,31.350444,77.009028,Rock            Slide,NA,
5059,HP/BIL/53A15/2015/28,Bilaspur,,31.350722,76.812963,Debris          Slide,NA,
5060,HP/BIL/53A15/2015/27,Bilaspur,,31.351069,76.8131,Debris          Slide,NA,
5061,HP/MAN/53E03/2015/53,Mandi,,31.351343,77.02617,Debris          Slide,NA,
5062,HP/MAN/53E03/2015/54,Mandi,,31.351392,77.02627,Debris          Slide,NA,
5063,HP/MAN/53E03/2015/51,Mandi,,31.351488,77.024845,Debris          Slide,NA,
5064,HP/MAN/53E07/2016/18,Mandi,Jabla,31.3515,77.272472,Debris          Fall,NA,
5065,HP/MAN/53E03/2015/49,Mandi,,31.351861,77.006861,Rock            Slide,NA,
5066,HP/MAN/53E03/2015/359,Mandi,,31.351861,77.006861,Rock            Slide,NA,
5067,HP/SOL/53A15/2015/44,Solan,,31.352306,76.876944,Debris          Slide,NA,
5068,HP/MAN/53E03/2015/335,Mandi,,31.352611,77.022083,Rock            Slide,NA,
5069,HP/BIL/53A15/2015/26,Bilaspur,,31.352944,76.813111,Debris          Slide,NA,
5070,HP/MAN/53E03/2015/50,Mandi,,31.352972,77.012139,Rock            Slide,NA,
5071,HP/MAN/53A15/2015/61,Mandi,,31.353076,76.9291,Debris          Slide,NA,
5072,HP/MAN/53E03/2015/360,Mandi,,31.3535,77.011028,Rock            Slide,NA,
5073,HP/MAN/53E03/2015/331,Mandi,,31.3535,77.011028,Rock            Slide,NA,
5074,HP/MAN/53E03/2015/78,Mandi,,31.353596,77.053735,Debris          Slide,NA,
5075,HP/MAN/53E03/2015/48,Mandi,,31.353679,77.012941,Debris          Slide,NA,
5076,HP/MAN/53E03/2015/333,Mandi,,31.354861,77.018667,Rock            Slide,NA,
5077,HP/MAN/53E03/2015/334,Mandi,,31.354917,77.02025,Rock            Slide,NA,
5078,HP/MAN/53E03/2015/332,Mandi,,31.355139,77.01675,Rock            Slide,NA,
5079,HP/MAN/53A15/2015/65,Mandi,,31.355227,76.927341,Debris          Slide,NA,
5080,HP/BIL/53A11/2018/24,Bilaspur,Near Kallar,31.35556,76.724121,Debris          Slide,NA,
5081,HP/SHI/53E11/2016/22,Shimla,Sarot Dhar,31.356111,77.69875,Debris          Fall,NA,
5082,HP/SOL/53A15/2015/43,Solan,,31.356537,76.882982,Debris          Slide,NA,
5083,HP/BIL/53A15/2015/163,Bilaspur,,31.357787,76.806054,Debris          Slide,NA,
5084,HP/MAN/53A15/2015/171,Mandi,,31.358383,76.931037,Debris          Slide,NA,
5085,HP/MAN/53E03/2015/337,Mandi,,31.359778,77.025889,Earth           Creep,NA,
5086,HP/SOL/53A15/2015/203,Solan,,31.360083,76.894611,Debris          Slide,NA,
5087,HP/MAN/53E03/2015/338,Mandi,,31.360222,77.025167,Debris          Slide,NA,
5088,HP/SOL/53A15/2015/140,Solan,,31.360265,76.893557,Debris          Slide,NA,
5089,HP/SOL/53A15/2015/139,Solan,,31.361221,76.8777,Debris          Slide,NA,
5090,HP/MAN/53E03/2015/245,Mandi,,31.361917,77.068167,Rock            Slide,NA,
5091,HP/MAN/53E07/2016/5,Mandi,"Teshan, NH 305",31.36225,77.397833,Debris          Slide,NA,
5092,HP/SHI/53E11/2016/89,Shimla,Chokaru,31.362389,77.710194,Rock            Slide,NA,
5093,HP/MAN/53E07/2016/83,Mandi,Jachh,31.362583,77.294139,Rock            Slide,NA,
5094,HP/SOL/53A15/2015/46,Solan,,31.36262,76.877068,Debris          Slide,NA,
5095,HP/SHI/53E15/2016/19,Shimla,Maralu Khaddarkali - Taklech,31.3637,77.7947,Debris          Slide,NA,
5096,HP/MAN/53E03/2015/339,Mandi,,31.364056,77.020861,Debris          Slide,NA,
5097,HP/MAN/53A15/2015/135,Mandi,,31.364306,76.873361,Rock,Slide,2015
5098,HP/BIL/53A15/2015/132,Bilaspur,,31.364643,76.808144,Debris          Slide,NA,
5099,HP/MAN/53E07/2016/17,Mandi,Kelodhar,31.365111,77.268833,Rock            Slide,NA,
5100,HP/MAN/53E03/2015/246,Mandi,,31.365167,77.065167,Rock            Slide,NA,
5101,HP/MAN/53A15/2015/48,Mandi,,31.366101,76.879948,Debris          Slide,NA,
5102,HP/MAN/53A15/2015/47,Mandi,,31.366587,76.879689,Debris          Slide,NA,
5103,HP/MAN/53E03/2015/341,Mandi,,31.366806,77.016694,Rock            Slide,NA,
5104,HP/MAN/53E03/2015/340,Mandi,,31.367278,77.016972,Rock            Slide,NA,
5105,HP/SHI/53E15/2016/71,Shimla,"Darkali village, Darkali - Taklech",31.3674,77.7945,Debris          Flow,NA,
5106,HP/MAN/53A15/2015/199,Mandi,,31.367631,76.991875,Debris          Slide,NA,
5107,HP/MAN/53A15/2015/138,Mandi,,31.367771,76.87573,Debris          Slide,NA,
5108,HP/BIL/53A11/2018/21,Bilaspur,Near Tarer village,31.368176,76.728395,Debris          Slide,NA,
5109,HP/MAN/53A15/2015/200,Mandi,,31.368361,76.990944,Debris          Slide,NA,
5110,HP/MAN/53A15/2015/15,Mandi,,31.368378,76.875522,Debris          Slide,NA,
5111,HP/MAN/53A15/2015/13,Mandi,,31.368465,76.875437,Debris          Slide,NA,
5112,HP/MAN/53A15/2015/14,Mandi,,31.368587,76.87524,Debris          Slide,NA,
5113,HP/SHI/53E15/2016/44,Shimla,Bayasu hill,31.3691,77.8744,Rock            Slide,NA,
5114,HP/SHI/53E15/2016/6,Shimla,Radoli village road,31.3693,77.7828,Debris          Fall,NA,
5115,HP/MAN/53A15/2015/9,Mandi,,31.369431,76.875083,Debris          Slide,NA,
5116,HP/MAN/53A15/2015/12,Mandi,,31.36962,76.874834,Debris          Slide,NA,
5117,HP/MAN/53A15/2015/41,Mandi,,31.369734,76.90843,Debris          Slide,NA,
5118,HP/MAN/53A15/2015/137,Mandi,,31.369978,76.874833,Rock            Slide,NA,
5119,HP/BIL/53A11/2018/29,Bilaspur,Tarer,31.37013,76.730505,Debris          Slide,NA,
5120,HP/BIL/53A11/2018/43,Bilaspur,Balagad,31.370313,76.607073,Rock            Slide,NA,
5121,HP/MAN/53A15/2015/136,Mandi,,31.370723,76.874706,Rock            Slide,NA,
5122,HP/MAN/53E03/2015/97,Mandi,,31.371202,77.077347,Debris          Slide,NA,
5123,HP/BIL/53A11/2018/45,Bilaspur,Balagad,31.371255,76.607179,Rock            Slide,NA,
5124,HP/MAN/53A15/2015/7,Mandi,,31.371333,76.874167,Debris,Slide,2015
5125,HP/MAN/53A15/2015/4,Mandi,,31.371492,76.873965,Debris          Slide,NA,
5126,HP/MAN/53E03/2015/342,Mandi,,31.371583,77.011167,Debris          Slide,NA,
5127,HP/MAN/53A15/2015/8,Mandi,,31.371832,76.873793,Debris          Slide,NA,
5128,HP/BIL/53A15/2015/164,Bilaspur,,31.371893,76.808052,Debris          Slide,NA,
5129,HP/BIL/53A15/2015/86,Bilaspur,,31.372137,76.808009,Debris          Slide,NA,
5130,HP/MAN/53A15/2015/306,Mandi,,31.372361,76.87325,Rock,Slide,2015
5131,HP/SHI/53E15/2016/43,Shimla,Near Darkali village,31.3727,77.7867,Debris          Slide,NA,
5132,HP/MAN/53A15/2015/11,Mandi,,31.37288,76.873205,Debris          Slide,NA,
5133,HP/BIL/53A11/2018/41,Bilaspur,,31.372884,76.606182,Rock            Slide,NA,
5134,HP/SHI/53E11/2016/7,Shimla,South of Chikri,31.372889,77.718194,Rock            Slide,NA,
5135,HP/SHI/53E11/2016/64,Shimla,"Phirnu, MDR-22",31.373333,77.377278,Rock            Slide,NA,
5136,HP/BIL/53A11/2018/34,Bilaspur,Kallar,31.373353,76.6033,Debris          Slide,NA,
5137,HP/MAN/53A15/2015/45,Mandi,,31.373887,76.872571,Debris          Slide,NA,
5138,HP/MAN/53A15/2015/125,Mandi,,31.374245,76.871974,Debris          Slide,NA,
5139,HP/SHI/53E11/2016/20,Shimla,Balti dhar,31.3755,77.70225,Rock            Slide,NA,
5140,HP/MAN/53A15/2015/64,Mandi,,31.37664,76.879788,Rock            Slide,NA,
5141,HP/SHI/53E11/2016/57,Shimla,Taklech,31.376722,77.727083,Rock            Slide,NA,
5142,HP/MAN/53A15/2015/307,Mandi,,31.376806,76.860111,Rock,Slide,2015
5143,HP/MAN/53A15/2015/63,Mandi,,31.376813,76.880487,Rock            Slide,NA,
5144,HP/MAN/53A15/2015/62,Mandi,,31.377444,76.879528,Rock            Slide,NA,
5145,HP/SHI/53E11/2016/3,Shimla,Khanortu,31.377444,77.703889,Rock            Slide,NA,
5146,HP/MAN/53E07/2016/44,Mandi,Shiladhar,31.37825,77.281278,Rock            Slide,NA,
5147,HP/MAN/53E07/2016/46,Mandi,Shiladhar,31.378306,77.278361,Rock            Slide,NA,
5148,HP/SHI/53E11/2016/56,Shimla,Khanortu,31.378306,77.7035,Rock            Slide,NA,
5149,HP/SHI/53E11/2016/52,Shimla,Khanortu,31.378583,77.703444,Rock            Slide,NA,
5150,HP/MAN/53E03/2015/343,Mandi,,31.37875,77.019389,Earth           Creep,NA,
5151,HP/BIL/53A11/2018/49,Bilaspur,,31.379408,76.738103,Debris          Slide,NA,
5152,HP/MAN/53E07/2016/29,Mandi,Chaber,31.380278,77.300389,Rock            Slide,NA,
5153,HP/MAN/53E03/2015/344,Mandi,,31.3805,77.018944,Debris          Slide,NA,
5154,HP/MAN/53E03/2015/349,Mandi,,31.380556,77.025861,Rock            Slide,NA,
5155,HP/SHI/53E11/2016/58,Shimla,Chikri,31.380694,77.721389,Debris          Slide,NA,
5156,HP/MAN/53A15/2015/172,Mandi,,31.381098,76.922049,Debris          Slide,NA,
5157,HP/MAN/53E07/2016/27,Mandi,Chaber,31.381222,77.302306,Debris          Slide,NA,
5158,HP/MAN/53E03/2015/345,Mandi,,31.381278,77.01775,Rock            Slide,NA,
5159,HP/MAN/53E03/2015/205,Mandi,,31.381333,77.099306,Debris          Slide,NA,
5160,HP/MAN/53A15/2015/175,Mandi,,31.381752,76.920624,Debris          Slide,NA,
5161,HP/MAN/53E03/2015/206,Mandi,,31.382,77.098361,Rock,Slide,2015
5162,HP/MAN/53E07/2016/28,Mandi,Chaber,31.382028,77.306222,Rock            Slide,NA,
5163,HP/SHI/53E11/2016/107,Shimla,Bata Newal,31.382083,77.71525,Debris          Slide,NA,
5164,HP/MAN/53E07/2016/45,Mandi,Rathiala,31.382167,77.273361,Rock            Slide,NA,
5165,HP/MAN/53E03/2015/145,Mandi,,31.382361,77.091139,Debris          Slide,NA,
5166,HP/MAN/53E03/2015/204,Mandi,,31.382611,77.091194,Rock            Slide,NA,
5167,HP/MAN/53E03/2015/346,Mandi,,31.382778,77.01775,Rock            Slide,NA,
5168,HP/MAN/53E03/2015/350,Mandi,,31.383,77.025944,Debris          Slide,NA,
5169,HP/MAN/53A15/2015/39,Mandi,,31.383762,76.919826,Debris          Slide,NA,
5170,HP/MAN/53A15/2015/38,Mandi,,31.383799,76.919933,Debris          Slide,NA,
5171,HP/MAN/53E03/2015/5,Mandi,,31.384044,77.040794,Debris          Slide,NA,
5172,HP/MAN/53E03/2015/6,Mandi,,31.384292,77.040894,Debris          Slide,NA,
5173,HP/MAN/53E03/2015/95,Mandi,,31.384456,77.108634,Debris          Slide,NA,
5174,HP/MAN/53E03/2015/352,Mandi,,31.3845,77.029456,Debris          Slide,NA,
5175,HP/SHI/53E11/2016/25,Shimla,Nithar,31.384528,77.552639,Debris          Slide,NA,
5176,HP/MAN/53E03/2015/353,Mandi,,31.384667,77.029833,Debris          Slide,NA,
5177,HP/MAN/53E03/2015/77,Mandi,,31.384848,77.060702,Debris          Slide,NA,
5178,HP/SHI/53E11/2016/11,Shimla,"Talai, NH-05",31.386972,77.624667,Debris          Slide,NA,
5179,HP/SHI/53E11/2016/88,Shimla,Jewari,31.387,77.672139,Rock            Slide,NA,
5180,HP/SHI/53E11/2016/1,Shimla,"Talai, NH-05",31.387194,77.618944,Debris,Slide,1999
5181,HP/MAN/53E03/2015/98,Mandi,,31.387215,77.133207,Debris          Slide,NA,
5182,HP/SHI/53E11/2016/44,Shimla,North of Nithar,31.387528,77.569639,Debris          Slide,NA,
5183,HP/SHI/53E11/2016/34,Shimla,Chalari,31.387778,77.687694,Rock            Slide,NA,
5184,HP/BIL/53A15/2015/308,Bilaspur,,31.388167,76.857972,Rock,Fall,2015
5185,HP/SHI/53E11/2016/41,Shimla,Datnagar,31.388722,77.577194,Debris          Slide,NA,
5186,HP/SHI/53E11/2016/10,Shimla,"Nisru, NH-05",31.388917,77.613611,Debris,Slide,1999
5187,HP/BIL/53A15/2015/309,Bilaspur,,31.389611,76.857139,Rock,Slide,2015
5188,HP/SHI/53E11/2016/105,Shimla,"South of Nogli, NH-05",31.390278,77.630417,Debris          Slide,NA,
5189,HP/KUL/53E11/2016/69,Kullu,REUSHAL,31.390944,77.540833,Debris          Slide,NA,
5190,HP/KUL/53E11/2016/65,Kullu,KHOGU,31.391556,77.555083,Rock            Slide,NA,
5191,HP/KUL/53E11/2016/70,Kullu,REUSHAL,31.391722,77.543389,Debris          Slide,NA,
5192,HP/SHI/53E11/2016/61,Shimla,Chalari,31.391778,77.692222,Debris          Slide,NA,
5193,HP/BIL/53A15/2015/295,Bilaspur,,31.391889,76.762,Rock,Slide,2015
5194,HP/SHI/53E11/2016/59,Shimla,Chalari,31.392444,77.694667,Rock            Slide,NA,
5195,HP/BIL/53A11/2018/47,Bilaspur,Kjail,31.392473,76.667707,Debris          Slide,NA,
5196,HP/BIL/53A11/2018/26,Bilaspur,Kjail,31.392577,76.668394,Debris          Slide,NA,
5197,HP/SHI/53E11/2016/16,Shimla,"Datnagar, NH05",31.392667,77.585222,Debris          Slide,NA,
5198,HP/SHI/53E11/2016/26,Shimla,"Datnagar, NH05",31.393056,77.583389,Debris          Slide,NA,
5199,HP/SHI/53E11/2016/86,Shimla,Chalari,31.393583,77.699111,Debris          Slide,NA,
5200,HP/BIL/53A15/2015/296,Bilaspur,,31.393833,76.764861,Rock,Topple,2015
5201,HP/BIL/53A15/2015/297,Bilaspur,,31.393889,76.76525,Debris,Slide,2015
5202,HP/MAN/53A15/2015/176,Mandi,,31.39407,76.912115,Debris          Slide,NA,
5203,HP/MAN/53E03/2015/265,Mandi,,31.394139,77.167361,Rock            Slide,NA,
5204,HP/BIL/53A15/2015/298,Bilaspur,,31.394722,76.76525,Debris,Slide,2015
5205,HP/BIL/53A15/2015/299,Bilaspur,,31.394722,76.765139,Rock,Slide,2015
5206,HP/KUL/53E11/2016/4,Kullu,JALORI,31.395056,77.513806,Rock            Slide,NA,
5207,HP/SHI/53E15/2016/45,Shimla,Near Barkal village,31.3951,77.7529,Debris          Slide,NA,
5208,HP/SHI/53E11/2016/14,Shimla,Naltinal,31.395222,77.647806,Debris          Slide,NA,
5209,HP/KUL/53E11/2016/71,Kullu,JALORI,31.395306,77.512667,Debris          Slide,NA,
5210,HP/KUL/53E11/2016/36,Kullu,JALORI,31.395722,77.508861,Rock            Slide,NA,
5211,HP/BIL/53A15/2015/300,Bilaspur,,31.396167,76.767306,Debris,Slide,2015
5212,HP/SHI/53E11/2016/60,Shimla,Chalari,31.396722,77.698778,Rock            Slide,NA,
5213,HP/MAN/53E03/2015/247,Mandi,,31.397972,77.08575,Debris          Slide,NA,
5214,HP/KUL/53E11/2016/62,Kullu,LAGAUNI,31.398528,77.533361,Debris          Slide,NA,
5215,HP/MAN/53E03/2015/10,Mandi,,31.398644,77.027514,Debris          Slide,NA,
5216,HP/KUL/53E11/2016/63,Kullu,CHALATHAR,31.399194,77.540333,Rock            Slide,NA,
5217,HP/MAN/53E03/2015/93,Mandi,,31.399291,77.18943,Debris          Slide,NA,
5218,HP/MAN/53E03/2015/266,Mandi,,31.399444,77.157833,Rock,Slide,2015
5219,HP/MAN/53E03/2015/354,Mandi,,31.399639,77.027472,Rock            Slide,NA,
5220,HP/MAN/53E03/2015/351,Mandi,,31.399639,77.027056,Debris          Slide,NA,
5221,HP/SHI/53E15/2016/109,Shimla,Near Jogni - Punar road,31.3998,77.7807,Rock            Slide,NA,
5222,HP/MAN/53E03/2015/248,Mandi,,31.399917,77.08875,Debris          Slide,NA,
5223,HP/BIL/53A15/2015/238,Bilaspur,,31.399972,76.767139,Debris,Slide,2010
5224,HP/BIL/53A15/2015/249,Bilaspur,,31.399972,76.767139,Debris,Slide,2015
5225,HP/SHI/53E15/2016/115,Shimla,Near Jogni - Punar road,31.4,77.7643,Rock            Slide,NA,
5226,HP/SHI/53E11/2016/84,Shimla,Bangu Jhakhar,31.400028,77.429222,Rock            Slide,NA,
5227,HP/BIL/53A15/2015/260,Bilaspur,,31.400306,76.800167,Debris,Slide,2015
5228,HP/SHI/53E15/2016/108,Shimla,Near Jogni - Punar road,31.4011,77.7665,Rock            Slide,NA,
5229,HP/BIL/53A07/2018/23,Bilaspur,,31.401139,76.461471,Debris          Slide,NA,
5230,HP/BIL/53A15/2015/269,Bilaspur,,31.401417,76.801417,Debris,Slide,2015
5231,HP/SHI/53E15/2016/16,Shimla,Near Punar - Jogni road,31.4017,77.7824,Rock            Slide,NA,
5232,HP/SHI/53E15/2016/11,Shimla,Near Punar-pat foot track,31.4023,77.7834,Rock            Slide,NA,
5233,HP/SHI/53E15/2016/110,Shimla,Near Jogni - Punar road,31.4023,77.7838,Rock            Slide,NA,
5234,HP/MAN/53E03/2015/207,Mandi,,31.402306,77.047778,Debris          Slide,NA,
5235,HP/SHI/53E15/2016/112,Shimla,Near Jogni - Punar road,31.4025,77.7705,Rock            Fall,NA,
5236,HP/SHI/53E15/2016/15,Shimla,Near Punar - Jogni road,31.4025,77.7847,Rock            Slide,NA,
5237,HP/MAN/53E03/2015/267,Mandi,,31.402583,77.160722,Debris,Slide,2015
5238,HP/SHI/53E15/2016/113,Shimla,Near Jogni - Punar road,31.4028,77.7714,Rock            Fall,NA,
5239,HP/SHI/53E15/2016/114,Shimla,Near Jogni - Punar road,31.4029,77.7717,Rock            Fall,NA,
5240,HP/SHI/53E15/2016/56,Shimla,Pat - Punar track,31.403,77.7945,Debris          Slide,NA,
5241,HP/SHI/53E15/2016/122,Shimla,Punar - Pat track,31.403,77.7961,Rock            Slide,NA,
5242,HP/SHI/53E15/2016/136,Shimla,Near Munish - Punar Link road,31.4032,77.7722,Rock            Slide,NA,
5243,HP/SHI/53E15/2016/14,Shimla,Punar - Jogni road,31.4033,77.7869,Rock            Slide,NA,
5244,HP/SHI/53E11/2016/51,Shimla,"Nogli, NH05",31.403528,77.632861,Debris          Slide,NA,
5245,HP/MAN/53E03/2015/123,Mandi,,31.403639,77.144667,Debris          Slide,NA,
5246,HP/MAN/53E03/2015/121,Mandi,,31.403944,77.14825,Debris          Slide,NA,
5247,HP/KUL/53E07/2016/33,Kullu,"ANI,NH-305",31.404009,77.413987,Rock            Slide,NA,
5248,HP/MAN/53E07/2016/19,Mandi,Sundru,31.404111,77.272167,Rock            Slide,NA,
5249,HP/BIL/53A07/2018/20,Bilaspur,Nangal-NainaDevi road,31.404214,76.401625,Debris          Slide,NA,
5250,HP/BIL/53A07/2018/5,Bilaspur,Nangal-Naina Devi road,31.404324,76.404011,Rock            Slide,NA,
5251,HP/BIL/53A07/2018/21,Bilaspur,Nangal-Naina Devi road,31.404336,76.402316,Debris          Slide,NA,
5252,HP/MAN/53A15/2015/90,Mandi,,31.404398,76.87614,Debris          Slide,NA,
5253,HP/SHI/53E11/2016/2,Shimla,Darsa,31.404628,77.680134,Debris,Slide,1983
5254,HP/MAN/53E03/2015/250,Mandi,,31.40475,77.090778,Rock            Slide,NA,
5255,HP/MAN/53E03/2015/268,Mandi,,31.404889,77.098056,Debris          Slide,NA,
5256,HP/BIL/53A07/2018/13,Bilaspur,Near Bhakra Dam,31.405,76.429549,Rock            Slide,NA,
5257,HP/SHI/53E15/2016/121,Shimla,Jogni - Munish road,31.4052,77.7536,Debris          Slide,NA,
5258,HP/SHI/53E15/2016/111,Shimla,Near Jogni - Punar road,31.4053,77.7752,Rock            Fall,NA,
5259,HP/SHI/53E15/2016/13,Shimla,Punar - Jogni road,31.4054,77.7749,Rock            Slide,NA,
5260,HP/SHI/53E15/2016/135,Shimla,Near Munish - Punar Link road,31.4054,77.7741,Rock            Slide,NA,
5261,HP/SHI/53E15/2016/57,Shimla,Pat - Punar track,31.4055,77.8015,Debris          Slide,NA,
5262,HP/MAN/53E03/2015/251,Mandi,,31.405528,77.093722,Rock            Slide,NA,
5263,HP/BIL/53A07/2018/3,Bilaspur,Nangal-Naina Devi road,31.405531,76.427294,Debris          Slide,NA,
5264,HP/SHI/53E15/2016/124,Shimla,Jogni - Munish road,31.4058,77.7554,Debris          Slide,NA,
5265,HP/BIL/53A07/2018/6,Bilaspur,Nangal-Naina Devi road,31.405972,76.405216,Debris          Slide,NA,
5266,HP/SHI/53E15/2016/119,Shimla,Munish - Jogni road,31.406,77.7573,Debris          Slide,NA,
5267,HP/SHI/53E15/2016/120,Shimla,Munish - Jogni road,31.4063,77.7574,Debris          Slide,NA,
5268,HP/SHI/53E15/2016/58,Shimla,Pat - Punar track,31.4063,77.8021,Debris          Slide,NA,
5269,HP/BIL/53A11/2018/27,Bilaspur,Amarpur,31.406413,76.695828,Debris          Slide,NA,
5270,HP/BIL/53A07/2018/2,Bilaspur,Nangal-Naina Devi road,31.406455,76.405643,Rock            Slide,NA,
5271,HP/SHI/53E11/2016/100,Shimla,"Nogli, NH-05",31.406472,77.630167,Debris            Slide,NA,
5272,HP/SHI/53E15/2016/17,Shimla,Punar - Pat foot track,31.4068,77.7776,Rock              Slide,NA,
5273,HP/SHI/53E11/2016/6,Shimla,"Nogli, NH05",31.406806,77.63,Debris,Slide,1999
5274,HP/BIL/53A07/2018/4,Bilaspur,Nangal-Naina Devi road,31.406964,76.423814,Debris            Slide,NA,
5275,HP/SHI/53E15/2016/91,Shimla,Near Thala,31.407,77.7567,Debris            Slide,NA,
5276,HP/SHI/53E15/2016/3,Shimla,Pat village Punar - Pat foot track,31.4071,77.8122,Rock              Flow,NA,
5277,HP/SHI/53E15/2016/12,Shimla,Punar - Jogni road,31.4077,77.7667,Rock              Slide,NA,
5278,HP/SHI/53E15/2016/123,Shimla,Jogni - Munish road,31.4083,77.7602,Debris            Slide,NA,
5279,HP/SHI/53E15/2016/53,Shimla,Pat - Punar track,31.4086,77.8032,Debris            Slide,NA,
5280,HP/BIL/53A11/2018/25,Bilaspur,Sunani,31.408903,76.677604,Soil              Slide,NA,
5281,HP/BIL/53A15/2015/283,Bilaspur,,31.408917,76.774944,Rock,Slide,2015
5282,HP/BIL/53A15/2015/284,Bilaspur,,31.408942,76.771808,Rock,Slide,2015
5283,HP/SHI/53E15/2016/118,Shimla,Near Munish - Jogni road,31.4091,77.7618,Rock              Slide,NA,
5284,HP/SHI/53E11/2016/13,Shimla,"Shatal, MDR-28",31.409111,77.626,Rock              Slide,NA,
5285,HP/BIL/53A11/2018/6,Bilaspur,Berthin-Suhani-Bhager road,31.40912,76.67253,Debris            Slide,NA,
5286,HP/MAN/53A15/2015/185,Mandi,,31.409207,76.957634,Debris            Slide,NA,
5287,HP/MAN/53A15/2015/186,Mandi,,31.40941,76.957562,Debris            Slide,NA,
5288,HP/BIL/53A07/2018/14,Bilaspur,Near Bhakra dam,31.409432,76.43598,Rock cum debris   Slide,NA,
5289,HP/BIL/53A11/2018/11,Bilaspur,,31.40978,76.67352,Rock              Slide,NA,
5290,HP/BIL/53A11/2018/37,Bilaspur,"Near Bridge, Sunhani",31.40978,76.67352,Rock              Slide,NA,
5291,HP/BIL/53A07/2018/7,Bilaspur,Nangal-Naina Devi road,31.409952,76.418826,Debris            Slide,NA,
5292,HP/SHI/53E15/2016/24,Shimla,Near Munish Link road,31.41,77.7632,Debris            Slide,NA,
5293,HP/BIL/53A07/2018/22,Bilaspur,Nangal-Naina Devi road,31.410712,76.444025,Rock              Slide,NA,
5294,HP/SHI/53E15/2016/55,Shimla,Pat - Punar track,31.4109,77.816,Debris            Slide,NA,
5295,HP/SHI/53E15/2016/25,Shimla,Near Munish Link road,31.411,77.7642,Debris            Slide,NA,
5296,HP/SHI/53E11/2016/109,Shimla,"Kalna, NH-05",31.411444,77.626,Debris            Slide,NA,
5297,HP/MAN/53E03/2015/271,Mandi,,31.411472,77.203778,Rock,Slide,2015
5298,HP/BIL/53A07/2018/8,Bilaspur,Chukath,31.412485,76.427845,Rock              Slide,NA,
5299,HP/SHI/53E15/2016/125,Shimla,Near Munish Link road,31.4125,77.7637,Debris            Slide,NA,
5300,HP/BIL/53A15/2015/32,Mandi,,31.412708,76.871778,Debris            Slide,NA,
5301,HP/BIL/53A07/2018/1,Bilaspur,Nangal-Naina Devi road,31.412841,76.412893,Debris            Slide,NA,
5302,HP/MAN/53E03/2015/261,Mandi,,31.413278,77.109194,Debris            Slide,NA,
5303,HP/SHI/53E15/2016/128,Shimla,Near Munish Link road,31.4133,77.766,Rock              Slide,NA,
5304,HP/BIL/53A15/2015/109,Bilaspur,,31.413389,76.789083,Debris,Slide,2015
5305,HP/MAN/53E03/2015/259,Mandi,,31.413472,77.109278,Rock              Slide,NA,
5306,HP/BIL/53A15/2015/280,Bilaspur,,31.413667,76.793528,Rock,Fall,2015
5307,HP/BIL/53A15/2015/281,Bilaspur,,31.413833,76.793722,Rock,Fall,2015
5308,HP/SHI/53E11/2016/110,Shimla,"Shatal, MDR-28",31.414361,77.623056,Rock              Creep,NA,
5309,HP/SHI/53E15/2016/26,Shimla,Near Munish Link road,31.4144,77.7642,Debris            Slide,NA,
5310,HP/SHI/53E15/2016/130,Shimla,Near Munish Link road,31.4144,77.7674,Debris            Fall,NA,
5311,HP/SHI/53E15/2016/30,Shimla,Near Munish Link road,31.4146,77.7675,Debris            Slide,NA,
5312,HP/SHI/53E15/2016/117,Shimla,Near Munish - Jogni road,31.415,77.7682,Rock              Slide,NA,
5313,HP/SHI/53E15/2016/27,Shimla,Near Munish Link road,31.4151,77.7649,Debris            Slide,NA,
5314,HP/SHI/53E15/2016/28,Shimla,Near Munish Link road,31.4151,77.7655,Debris            Slide,NA,
5315,HP/MAN/53E03/2015/348,Mandi,,31.415139,77.041278,Rock              Slide,NA,
5316,HP/MAN/53E03/2015/355,Mandi,,31.415139,77.041278,Debris            Slide,NA,
5317,HP/SHI/53E15/2016/29,Shimla,Near Munish Link road,31.4153,77.7657,Debris            Slide,NA,
5318,HP/MAN/53E03/2015/356,Mandi,,31.415639,77.042194,Rock              Slide,NA,
5319,HP/BIL/53A15/2015/82,Bilaspur,,31.415668,76.768577,Debris            Slide,NA,
5320,HP/SHI/53E15/2016/131,Shimla,Near Munish Link road,31.4159,77.7675,Debris            Fall,NA,
5321,HP/SHI/53E15/2016/133,Shimla,Near Munish Link road,31.4161,77.7684,Debris          Fall,NA,
5322,HP/MAN/53E03/2015/257,Mandi,,31.416194,77.113139,Rock,Slide,2015
5323,HP/SHI/53E07/2016/73,Shimla,"Malgi, NH-305",31.416278,77.39175,Rock            Fall,NA,
5324,HP/MAN/53E03/2015/258,Mandi,,31.416417,77.111028,Rock            Slide,NA,
5325,HP/MAN/53E03/2015/67,Mandi,,31.417046,77.135168,Debris          Slide,NA,
5326,HP/SHI/53E15/2016/132,Shimla,Near Munish Link road,31.4172,77.7636,Debris          Fall,NA,
5327,HP/SHI/53E15/2016/54,Shimla,Pat - Punar track,31.4175,77.8124,Debris          Slide,NA,
5328,HP/MAN/53E03/2015/68,Mandi,,31.417516,77.135714,Debris          Slide,NA,
5329,HP/MAN/53E03/2015/357,Mandi,,31.418139,77.042806,Rock            Slide,NA,
5330,HP/MAN/53A15/2015/184,Mandi,,31.418606,76.940827,Debris          Slide,NA,
5331,HP/MAN/53E03/2015/270,Mandi,,31.41875,77.200611,Rock,Slide,2011
5332,HP/MAN/53E03/2015/256,Mandi,,31.418972,77.118361,Rock            Slide,NA,
5333,HP/MAN/53A15/2015/72,Mandi,,31.41961,76.866591,Debris          Slide,NA,
5334,HP/SHI/53E15/2016/129,Shimla,Near Munish Link road,31.4198,77.7679,Rock            Slide,NA,
5335,HP/SHI/53E15/2016/134,Shimla,Near Munish Link road,31.4198,77.7672,Debris          Slide,NA,
5336,HP/MAN/53E03/2015/255,Mandi,,31.419889,77.123139,Rock            Slide,NA,
5337,HP/SHI/53E15/2016/126,Shimla,Near Munish Link road,31.42,77.7691,Debris          Slide,NA,
5338,HP/MAN/53A15/2015/312,Mandi,,31.420444,76.923222,Debris,Slide,2015
5339,HP/MAN/53A15/2015/313,Mandi,,31.420444,76.923222,Debris,Slide,2015
5340,HP/SHI/53E15/2016/127,Shimla,Near Munish Link road,31.4205,77.7699,Debris          Slide,NA,
5341,HP/BIL/53A07/2018/9,Bilaspur,Sanhal,31.421352,76.437612,Debris          Slide,NA,
5342,HP/MAN/53E03/2015/253,Mandi,,31.421861,77.133111,Debris          Slide,NA,
5343,HP/MAN/53A15/2015/131,Mandi,,31.422049,76.942461,Debris          Slide,NA,
5344,HP/BIL/53A11/2018/22,Bilaspur,Takamad,31.422168,76.7484,Rock            Slide,NA,
5345,HP/MAN/53A15/2015/124,Mandi,,31.422288,76.86514,Debris          Slide,NA,
5346,HP/MAN/53E03/2015/213,Mandi,,31.422778,77.043944,Rock            Slide,NA,
5347,HP/MAN/53A15/2015/311,Mandi,#N/A #N/A,31.422833,76.923889,Debris,Slide,2015
5348,HP/MAN/53E03/2015/159,Mandi,,31.422972,77.014465,Debris          Slide,NA,
5349,HP/BIL/53A07/2018/10,Bilaspur,Thapal,31.423278,76.437385,Soil            Slide,NA,
5350,HP/MAN/53E03/2015/146,Mandi,,31.423826,77.019057,Debris          Slide,NA,
5351,HP/BIL/53A07/2018/11,Bilaspur,Baba Balaknath road,31.424102,76.438355,Debris          Slide,NA,
5352,HP/MAN/53E03/2015/144,Mandi,,31.424416,77.003781,Debris          Slide,NA,
5353,HP/MAN/53E03/2015/254,Mandi,,31.425083,77.123472,Rock            Slide,NA,
5354,HP/BIL/53A07/2018/12,Bilaspur,Near Kosri Camp,31.42535,76.438063,Debris          Slide,NA,
5355,HP/MAN/53A15/2015/60,Mandi,,31.42545,76.896104,Debris          Slide,NA,
5356,HP/MAN/53A15/2015/318,Mandi,,31.4255,76.917811,Debris          Slide,NA,
5357,HP/SHI/53E11/2016/5,Shimla,"Randal, NH05",31.42625,77.622583,Debris,Slide,1999
5358,HP/MAN/53E07/2016/14,Mandi,Garjob,31.426472,77.289944,Rock            Slide,NA,
5359,HP/MAN/53E03/2015/244,Mandi,,31.4265,77.075306,Earth           Creep,NA,
5360,HP/MAN/53A15/2015/317,Mandi,,31.42675,76.916261,Debris          Slide,NA,
5361,HP/BIL/53A07/2018/15,Bilaspur,Kosni Camp,31.426957,76.437632,Soil            Slide,NA,
5362,HP/MAN/53A15/2015/316,Mandi,,31.427389,76.915083,Rock            Slide,NA,
5363,HP/BIL/53A07/2018/24,Bilaspur,Kosni camp,31.427515,76.438312,Debris          Slide,NA,
5364,HP/SHI/53E11/2016/12,Shimla,Deothi,31.427639,77.724472,Debris          Slide,NA,
5365,HP/BIL/53A15/2015/285,Bilaspur,,31.427778,76.763444,Debris,Slide,2015
5366,HP/MAN/53E03/2015/158,Mandi,,31.428026,77.014498,Debris          Slide,NA,
5367,HP/BIL/53A15/2015/34,Mandi,,31.428594,76.833306,Debris,Slide,2015
5368,HP/MAN/53A15/2015/84,Mandi,,31.428806,76.874859,Debris          Slide,NA,
5369,HP/BIL/53A07/2018/25,Bilaspur,Kosni camp,31.428907,76.440083,Debris          Slide,NA,
5370,HP/MAN/53A15/2015/85,Mandi,,31.429266,76.874636,Debris          Slide,NA,
5371,HP/MAN/53A15/2015/81,Mandi,,31.429901,76.998616,Debris          Slide,NA,
5372,HP/MAN/53A15/2015/79,Mandi,,31.430416,76.999132,Debris          Slide,NA,
5373,HP/MAN/53A15/2015/80,Mandi,,31.430548,76.999576,Debris          Slide,NA,
5374,HP/SHI/53E11/2016/97,Shimla,"Kolar, NH-05",31.430833,77.624778,Debris          Slide,NA,
5375,HP/BIL/53A07/2018/16,Bilaspur,Kosni camp,31.430937,76.44023,Debris          Slide,NA,
5376,HP/KUL/53E07/2016/30,Kullu,"BARI,NH-305",31.431149,77.382836,Rock            Slide,NA,
5377,HP/BIL/53A15/2015/286,Bilaspur,,31.43125,76.771139,Debris,Slide,2015
5378,HP/BIL/53A07/2018/26,Bilaspur,Baba Balaknath road,31.431527,76.43999,Debris          Slide,NA,
5379,HP/MAN/53E03/2015/252,Mandi,,31.431722,77.139944,Debris          Slide,NA,
5380,HP/MAN/53E03/2015/234,Mandi,,31.432056,77.019778,Rock            Slide,NA,
5381,HP/SHI/53E15/2016/116,Shimla,Near Munish - Jogni road,31.4323,77.7656,Rock            Slide,NA,
5382,HP/MAN/53A15/2015/101,Mandi,,31.432333,76.867957,Debris          Slide,NA,
5383,HP/MAN/53E03/2015/235,Mandi,,31.432639,77.019861,Debris          Slide,NA,
5384,HP/MAN/53A15/2015/305,Mandi,,31.432861,76.782889,Debris,Slide,2015
5385,HP/MAN/53A15/2015/100,Mandi,,31.433129,76.867694,Debris          Slide,NA,
5386,HP/MAN/53E03/2015/236,Mandi,,31.433333,77.020833,Rock            Slide,NA,
5387,HP/BIL/53A15/2015/96,Bilaspur,,31.433472,76.834361,Debris,Slide,2015
5388,HP/MAN/53A15/2015/99,Mandi,,31.433787,76.870047,Debris          Slide,NA,
5389,HP/BIL/53A15/2015/287,Bilaspur,,31.433833,76.771278,Rock,Slide,2015
5390,HP/BIL/53A11/2018/19,Bilaspur,Rohana,31.434065,76.747127,Rock            Slide,NA,
5391,HP/MAN/53E03/2015/237,Mandi,,31.434417,77.054556,Debris,Slide,2015
5392,HP/SHI/53E11/2016/87,Shimla,Chalini,31.434667,77.741083,Rock            Slide,NA,
5393,HP/MAN/53E03/2015/115,Mandi,,31.434722,77.054444,Debris          Slide,NA,
5394,HP/KUL/53E07/2016/35,Kullu,ANI GAD,31.435067,77.397666,Rock            Slide,NA,
5395,HP/MAN/53A15/2015/304,Mandi,,31.435111,76.835917,Debris,Slide,2015
5396,HP/BIL/53A15/2015/302,Bilaspur,,31.435333,76.830528,Debris,Slide,2015
5397,HP/MAN/53E03/2015/214,Mandi,,31.435417,77.051139,Rock            Slide,NA,
5398,HP/SHI/53E11/2016/33,Shimla,Ropru,31.435556,77.618944,Debris          Slide,NA,
5399,HP/MAN/53A15/2015/59,Mandi,,31.435607,76.884127,Debris          Slide,NA,
5400,HP/BIL/53A15/2015/301,Bilaspur,,31.435889,76.830389,Debris,Slide,2015
5401,HP/MAN/53A15/2015/58,Mandi,,31.435933,76.884101,Debris          Slide,NA,
5402,HP/MAN/53E03/2015/239,Mandi,,31.436722,77.057611,Rock            Slide,NA,
5403,HP/MAN/53E03/2015/215,Mandi,,31.437083,77.050083,Debris          Slide,NA,
5404,HP/MAN/53A15/2015/130,Mandi,,31.437205,76.895272,Debris          Slide,NA,
5405,HP/BIL/53A15/2015/288,Bilaspur,,31.437278,76.772944,Debris,Slide,2015
5406,HP/MAN/53E03/2015/102,Mandi,,31.4375,77.053417,Debris          Slide,NA,
5407,HP/MAN/53A15/2015/92,Mandi,,31.43762,76.842598,Debris          Slide,NA,
5408,HP/BIL/53A15/2015/289,Bilaspur,,31.437806,76.77425,Debris,Slide,2015
5409,HP/MAN/53A15/2015/314,Mandi,,31.437806,76.916278,Debris,Slide,2015
5410,HP/MAN/53A15/2015/315,Mandi,,31.437806,76.915083,Rock,Slide,2015
5411,HP/KIN/53I03/2018/1,Kinnaur,NW of Sangla,31.43796,78.23262,Rock            Slide,NA,
5412,HP/MAN/53E03/2015/240,Mandi,,31.438194,77.060472,Debris,Slide,2015
5413,HP/MAN/53E03/2015/103,Mandi,,31.43825,77.053389,Debris          Slide,NA,
5414,HP/KUL/53E07/2016/24,Kullu,NH-305,31.438389,77.422667,Debris          Slide,NA,
5415,HP/KUL/53E07/2016/23,Kullu,"ANI,NH-305",31.438861,77.423028,Debris          Slide,NA,
5416,HP/MAN/53E03/2015/243,Mandi,,31.439083,77.071972,Debris          Slide,NA,
5417,HP/MAN/53E03/2015/241,Mandi,,31.439167,77.063278,Debris,Slide,2015
5418,HP/SHI/53E11/2016/40,Shimla,North of Kamsar,31.439389,77.7295,Debris          Slide,NA,
5419,HP/MAN/53A15/2015/83,Mandi,,31.440231,76.84616,Debris          Slide,NA,
5420,HP/MAN/53E03/2015/242,Mandi,,31.4405,77.071722,Rock,Slide,2015
5421,HP/MAN/53A15/2015/29,Mandi,,31.440618,76.851247,Debris          Slide,NA,
5422,HP/MAN/53A15/2015/30,Mandi,,31.440751,76.851271,Debris          Slide,NA,
5423,HP/SHI/53E11/2016/39,Shimla,North of Kamsar,31.440833,77.729889,Rock            Slide,NA,
5424,HP/MAN/53E03/2015/105,Mandi,,31.441389,77.0525,Debris          Slide,NA,
5425,HP/BIL/53A15/2015/290,Bilaspur,,31.441528,76.769694,Debris,Slide,2015
5426,HP/KUL/53E07/2016/1,Kullu,"ROPRI,NH-305",31.44175,77.425528,Debris          Slide,NA,
5427,HP/BIL/53A07/2018/17,Bilaspur,Kusiala,31.442258,76.43175,Debris          Slide,NA,
5428,HP/MAN/53E03/2015/229,Mandi,,31.442389,77.048667,Debris          Slide,NA,
5429,HP/BIL/53A11/2018/15,Bilaspur,Rohin,31.442439,76.748191,Rock            Slide,NA,
5430,HP/MAN/53E03/2015/104,Mandi,,31.442517,77.049028,Rock            Slide,NA,
5431,HP/MAN/53E03/2015/230,Mandi,,31.443611,77.045556,Debris,Slide,2015
5432,HP/SHI/53E11/2016/37,Shimla,Khuech,31.443694,77.664639,Rock            Topple,NA,
5433,HP/SHI/53E11/2016/38,Shimla,Khuech,31.444167,77.664806,Rock            Slide,NA,
5434,HP/MAN/53A15/2015/111,Mandi,,31.444194,76.85675,Debris          Slide,NA,
5435,HP/MAN/53E03/2015/233,Mandi,,31.445,77.047222,Debris          Slide,NA,
5436,HP/BIL/53A15/2015/294,Bilaspur,,31.445583,76.765667,Rock,Slide,2015
5437,HP/MAN/53A15/2015/40,Mandi,,31.445914,76.949996,Debris          Slide,NA,
5438,HP/BIL/53A15/2015/291,Bilaspur,,31.4465,76.771611,Rock,Slide,2015
5439,HP/BIL/53A15/2015/35,Mandi,,31.447917,76.983778,Rock            Slide,NA,
5440,HP/MAN/53A15/2015/189,Mandi,,31.448762,76.863025,Debris          Slide,NA,
5441,HP/MAN/53A15/2015/187,Mandi,,31.448773,76.863337,Debris          Slide,NA,
5442,HP/MAN/53E03/2015/232,Mandi,,31.448889,77.048056,Debris          Slide,NA,
5443,HP/SHI/53E15/2016/51,Shimla,Rama village,31.4493,77.7752,Debris,Slide,2008
5444,HP/MAN/53E03/2015/231,Mandi,,31.449444,77.048889,Rock            Slide,NA,
5445,HP/KUL/53E07/2016/75,Kullu,KANDI,31.449917,77.365306,Debris          Slide,NA,
5446,HP/SHI/53E15/2016/66,Shimla,Near Bhajawa village- Rampur -,31.45,77.8014,Debris          Slide,NA,
5447,HP/SHI/53E15/2016/67,Shimla,Near Bhajawa village- Rampur -,31.45,77.8014,Debris,Slide,2016
5448,HP/MAN/53E03/2015/149,Mandi,,31.451389,77.037222,Debris          Slide,NA,
5449,HP/SHI/53E15/2016/93,Shimla,"Darang village, Mashnu -",31.4517,77.771,Debris,Slide,2014
5450,HP/MAN/53E03/2015/148,Mandi,,31.451729,77.036811,Debris          Slide,NA,
5451,HP/BIL/53A15/2015/292,Bilaspur,,31.451806,76.774833,Rock,Slide,2015
5452,HP/SHI/53E15/2016/52,Shimla,"Darang village, Darang -",31.4519,77.766,Debris,Slide,2014
5453,HP/MAN/53E03/2015/228,Mandi,,31.451944,77.049722,Rock            Slide,NA,
5454,HP/SHI/53E15/2016/141,Shimla,Darang Ghatimashni - Darang,31.4528,77.7552,Debris,Slide,2014
5455,HP/HAM/53A11/2018/10,Hamirpur,Jwalaji-Talai road,31.45283,76.52828,Soil            Slide,NA,
5456,HP/HAM/53A11/2018/38,Hamirpur,Jwalaji Talai road,31.45283,76.52828,Soil            Slide,NA,
5457,HP/MAN/53E03/2015/113,Mandi,,31.453611,77.040556,Rock            Slide,NA,
5458,HP/MAN/53A15/2015/319,Mandi,,31.454444,76.860278,Rock            Slide,NA,
5459,HP/MAN/53E03/2015/106,Mandi,,31.45475,77.04325,Rock            Slide,NA,
5460,HP/BIL/53A07/2018/18,Bilaspur,Dobar Uparla,31.454763,76.427575,Rock            Fall,NA,
5461,HP/MAN/53E03/2015/147,Mandi,,31.455222,77.043056,Rock            Slide,NA,
5462,HP/SHI/53E15/2016/36,Shimla,Mashnu - Darang Ghati raod,31.4562,77.7574,Debris          Slide,NA,
5463,HP/MAN/53A15/2015/129,Mandi,,31.456845,76.879195,Debris          Slide,NA,
5464,HP/MAN/53E03/2015/226,Mandi,,31.457225,77.034889,Debris          Slide,NA,
5465,HP/MAN/53E03/2015/225,Mandi,,31.457528,77.051667,Debris          Slide,NA,
5466,HP/BIL/53A07/2018/19,Bilaspur,Badaun,31.457957,76.42628,Debris          Slide,NA,
5467,HP/MAN/53A15/2015/128,Mandi,,31.458492,76.876708,Debris          Slide,NA,
5468,HP/SHI/53E15/2016/70,Shimla,Sunda village- Rampur -Mishnu,31.46,77.8046,Debris          Slide,NA,
5469,HP/BIL/53A11/2018/16,Bilaspur,Kalri Ghumarwin,31.461272,76.691696,Rock            Slide,NA,
5470,HP/SHI/53E15/2016/1,Shimla,Bagawat village link road,31.4616,77.8373,Debris,Slide,2014
5471,HP/KUL/53E07/2016/34,Kullu,RANABAGH,31.461917,77.328833,Debris          Slide,NA,
5472,HP/BIL/53A11/2018/13,Bilaspur,Baddu,31.461931,76.713604,Debris          Slide,NA,
5473,HP/KUL/53E07/2016/80,Kullu,ANI GAD,31.462564,77.413462,Debris          Slide,NA,
5474,HP/SHI/53E15/2016/68,Shimla,Rampur -Mishnu road,31.4626,77.816,Debris          Slide,NA,
5475,HP/SHI/53E11/2016/98,Shimla,"Khaltu, NH-05",31.462667,77.674917,Debris          Slide,NA,
5476,HP/MAN/53A15/2015/279,Mandi,,31.462861,76.824361,Debris,Slide,2015
5477,HP/MAN/53A15/2015/278,Mandi,,31.463806,76.828861,Debris,Slide,2015
5478,HP/KUL/53E07/2016/4,Kullu,"GADHARI, NH-3056",31.464444,77.427111,Debris          Slide,NA,
5479,HP/BIL/53A11/2018/14,Bilaspur,Tobka,31.464463,76.727516,Rock            Slide,NA,
5480,HP/BIL/53A11/2018/12,Bilaspur,,31.464645,76.727313,Rock            Slide,NA,
5481,HP/MAN/53A15/2015/182,Mandi,,31.465122,76.943879,Debris          Slide,NA,
5482,HP/SHI/53E11/2016/32,Shimla,"Dashada, NH-05",31.4655,77.675417,Rock            Slide,NA,
5483,HP/BIL/53A11/2018/36,Bilaspur,Glasy,31.465745,76.708196,Debris          Slide,NA,
5484,HP/MAN/53E03/2015/224,Mandi,,31.46575,77.019944,Debris          Slide,NA,
5485,HP/BIL/53A11/2018/35,Bilaspur,Glasy,31.4665,76.708931,Debris          Slide,NA,
5486,HP/MAN/53E03/2015/320,Mandi,,31.466806,77.023694,Rock            Slide,NA,
5487,HP/SHI/53E11/2016/67,Shimla,Dashada,31.466806,77.693694,Rock            Slide,NA,
5488,HP/SHI/53E11/2016/99,Shimla,Dashada,31.466889,77.693722,Rock            Slide,NA,
5489,HP/BIL/53A11/2018/30,Bilaspur,Kothi,31.467255,76.72597,Debris          Slide,NA,
5490,HP/SHI/53E15/2016/42,Shimla,Near Bushahr,31.4674,77.8046,Debris,Slide,2004
5491,HP/SHI/53E15/2016/137,Shimla,Near Majehwali -,31.4674,77.7572,Debris          Slide,NA,
5492,HP/MAN/53E03/2015/321,Mandi,,31.467444,77.023417,Rock,Slide,2015
5493,HP/MAN/53E03/2015/322,Mandi,,31.467583,77.023333,Rock,Slide,2015
5494,HP/SHI/53E15/2016/96,Shimla,Bagawat village link road,31.4678,77.831,Debris,Slide,2008
5495,HP/SHI/53E15/2016/95,Shimla,Bagawat village link road,31.4679,77.8308,Debris,Slide,2008
5496,HP/SHI/53E11/2016/101,Shimla,Dashada,31.468472,77.683417,Rock            Slide,NA,
5497,HP/MAN/53E03/2015/323,Mandi,,31.468694,77.022917,Rock            Topple,NA,
5498,HP/MAN/53A15/2015/112,Mandi,,31.468944,76.866083,Debris          Slide,NA,
5499,HP/MAN/53E03/2015/325,Mandi,,31.469167,77.023611,Debris,Slide,2015
5500,HP/SHI/53E11/2016/66,Shimla,Dashada,31.469306,77.686361,Rock            Slide,NA,
5501,HP/SHI/53E15/2016/86,Shimla,"Left bank of Buri Khad, near",31.4699,77.759,Debris,Slide,2008
5502,HP/SHI/53E11/2016/8,Shimla,Barauri Gad,31.469972,77.705028,Debris          Slide,NA,
5503,HP/MAN/53E03/2015/326,Mandi,,31.470556,77.019444,Debris          Slide,NA,
5504,HP/SHI/53E11/2016/68,Shimla,,31.470639,77.693722,Debris          Slide,NA,
5505,HP/SHI/53E15/2016/99,Shimla,Near Kinnu - Mashnu road,31.471,77.7968,Debris,Slide,2012
5506,HP/SHI/53E15/2016/85,Shimla,"Left bank of Buri Khad, near",31.471,77.7596,Debris,Slide,2008
5507,HP/SHI/53E11/2016/24,Shimla,Dashada,31.472167,77.693417,Debris          Slide,NA,
5508,HP/KUL/53E07/2016/81,Kullu,"GADHARI,NH-305",31.472389,77.423222,Rock            Slide,NA,
5509,HP/SHI/53E15/2016/65,Shimla,Rampur -Mishnu road,31.4724,77.7515,Debris,Slide,2011
5510,HP/MAN/53A15/2015/220,Mandi,,31.472889,76.978972,Debris          Slide,NA,
5511,HP/BIL/53A11/2018/28,Bilaspur,Palsoti,31.472966,76.725561,Debris          Slide,NA,
5512,HP/BIL/53A11/2018/39,Bilaspur,Palsoti,31.473431,76.725488,Debris          Slide,NA,
5513,HP/MAN/53A15/2015/179,Mandi,,31.473768,76.937481,Debris          Slide,NA,
5514,HP/MAN/53A15/2015/219,Mandi,,31.474056,76.980694,Debris          Slide,NA,
5515,HP/SHI/53E15/2016/69,Shimla,Near Kunni village- Rampur -,31.4741,77.7884,Debris          Slide,NA,
5516,HP/BIL/53A11/2018/36,Bilaspur,Glasy,31.47428,76.70677,Debris          Slide,NA,
5517,HP/SHI/53E15/2016/84,Shimla,"Left bank of Buri Khad, near",31.4753,77.7623,Debris,Slide,2014
5518,HP/MAN/53A15/2015/181,Mandi,,31.475778,76.935939,Debris          Slide,NA,
5519,HP/MAN/53A15/2015/180,Mandi,,31.475922,76.935669,Debris          Slide,NA,
5520,HP/MAN/53A15/2015/143,Mandi,,31.476072,76.972735,Debris          Slide,NA,
5521,HP/SHI/53E15/2016/106,Shimla,Near Pithwi road,31.4762,77.7887,Debris,Slide,2014
5522,HP/SHI/53E15/2016/105,Shimla,Near Pithwi road,31.4763,77.7885,Debris,Slide,2014
5523,HP/MAN/53A15/2015/221,Mandi,,31.476556,76.982306,Rock            Fall,NA,
5524,HP/MAN/53A15/2015/264,Mandi,,31.476583,76.866306,Debris,Slide,2015
5525,HP/SHI/53E15/2016/83,Shimla,"Left bank of Manglad Khad,",31.4769,77.7635,Debris,Slide,2008
5526,HP/BIL/53A11/2018/31,Bilaspur,Palsoti,31.476992,76.726122,Debris          Slide,NA,
5527,HP/SHI/53E11/2016/19,Shimla,"Brauni, NH-05",31.477056,77.685139,Rock            Slide,NA,
5528,HP/SHI/53E15/2016/82,Shimla,"Left bank of Manglad Khad,",31.4771,77.7644,Debris,Slide,2008
5529,HP/MAN/53E03/2015/150,Mandi,,31.478056,77.021111,Debris          Slide,NA,
5530,HP/BIL/53A11/2018/46,Bilaspur,Paniala,31.478496,76.726436,Rock            Slide,NA,
5531,HP/MAN/53E03/2015/155,Mandi,,31.478507,77.104096,Debris          Slide,NA,
5532,HP/MAN/53A15/2015/178,Mandi,,31.47898,76.936939,Debris          Slide,NA,
5533,HP/MAN/53A15/2015/107,Mandi,,31.479778,76.978167,Rock            Slide,NA,
5534,HP/SHI/53E15/2016/81,Shimla,Left bank of Manglad Khad,31.4801,77.7633,Debris,Slide,2008
5535,HP/MAN/53A15/2015/216,Mandi,,31.480139,76.978667,Rock            Slide,NA,
5536,HP/MAN/53A15/2015/218,Mandi,,31.480333,76.979556,Rock            Slide,NA,
5537,HP/SHI/53E15/2016/48,Shimla,Mashnu - Gharat road,31.4809,77.7807,Debris          Fall,NA,
5538,HP/MAN/53E03/2015/327,Mandi,,31.481389,77.016111,Debris,Slide,2015
5539,HP/SHI/53E15/2016/64,Shimla,Near Majehwali- Ratanpur road,31.4814,77.7521,Debris,Slide,2011
5540,HP/SHI/53E15/2016/33,Shimla,"Near Majehwali, Left bank of",31.4815,77.7654,Debris,Slide,2008
5541,HP/MAN/53A15/2015/262,Mandi,,31.482194,76.871361,Rock            Slide,NA,
5542,HP/MAN/53A15/2015/263,Mandi,,31.482194,76.871361,Rock,Slide,2015
5543,HP/BIL/53A11/2018/18,Bilaspur,Harlog link road,31.482253,76.748987,Rock            Slide,NA,
5544,HP/SHI/53E11/2016/92,Shimla,Jhakri,31.482278,77.694694,Debris          Slide,NA,
5545,HP/MAN/53E03/2015/324,Mandi,,31.482333,77.023342,Rock            Slide,NA,
5546,HP/SHI/53E15/2016/46,Shimla,Mashnu - Gharat road,31.4825,77.7813,Debris,Slide,2013
5547,HP/SHI/53E15/2016/100,Shimla,Near Pithwi road,31.4835,77.7861,Debris,Slide,2013
5548,HP/SHI/53E15/2016/97,Shimla,Near Pithwi road,31.4836,77.787,Debris,Slide,2013
5549,HP/MAN/53E03/2015/157,Mandi,,31.483613,77.097351,Debris          Slide,NA,
5550,HP/MAN/53A15/2015/222,Mandi,,31.483667,76.979833,Rock            Slide,NA,
5551,HP/SHI/53E11/2016/28,Shimla,Jhakri,31.483722,77.69425,Rock            Slide,NA,
5552,HP/MAN/53A15/2015/223,Mandi,,31.4839,76.980944,Rock            Slide,NA,
5553,HP/SHI/53E15/2016/101,Shimla,Near Pithwi road,31.4839,77.7868,Debris,Slide,2013
5554,HP/SHI/53E15/2016/102,Shimla,Near Pithwi road,31.4841,77.7875,Debris,Slide,2014
5555,HP/SHI/53E11/2016/91,Shimla,Jhakri,31.484361,77.693722,Rock            Slide,NA,
5556,HP/SHI/53E15/2016/104,Shimla,Near Pithwi road,31.4844,77.7895,Debris,Slide,2014
5557,HP/SHI/53E15/2016/32,Shimla,Near Majehwali - Ratanpur road,31.4846,77.7646,Debris,Slide,2014
5558,HP/BIL/53A11/2018/23,Bilaspur,Near Harlog village,31.484872,76.749791,Rock            Slide,NA,
5559,HP/SHI/53E15/2016/103,Shimla,Near Pithwi road,31.4849,77.7896,Debris,Slide,2014
5560,HP/SHI/53E11/2016/29,Shimla,Jhakri,31.485056,77.69,Rock              Creep,NA,
5561,HP/SHI/53E15/2016/98,Shimla,Near Pithwi road,31.4852,77.7902,Debris,Slide,2014
5562,HP/BIL/53A11/2018/32,Bilaspur,,31.485209,76.74558,Rock              Slide,NA,
5563,HP/KUL/53E07/2016/12,Kullu,BUNG BINDRABAN,31.485444,77.415889,Debris            Slide,NA,
5564,HP/SHI/53E11/2016/30,Shimla,Jhakri,31.485639,77.694417,Debris            Slide,NA,
5565,HP/SHI/53E15/2016/31,Shimla,"Near Majehwali village,Power",31.486,77.7677,Debris,Slide,2014
5566,HP/MAN/53A15/2015/174,Mandi,,31.486309,76.919012,Debris            Slide,NA,
5567,HP/BIL/53A11/2018/39,Bilaspur,Palsoti,31.48635,76.745336,Rock              Slide,NA,
5568,HP/SHI/53E11/2016/31,Shimla,Jhakri,31.486528,77.693528,Debris            Slide,NA,
5569,HP/MAN/53A15/2015/154,Mandi,,31.486866,76.918407,Debris            Slide,NA,
5570,HP/SHI/53E11/2016/15,Shimla,Jakhi,31.486889,77.693083,Debris            Slide,NA,
5571,HP/SHI/53E15/2016/143,Shimla,Kurgu village,31.4882,77.7827,Debris            Fall,NA,
5572,HP/SHI/53E11/2016/27,Shimla,Goplapur,31.488833,77.748639,Debris            Slide,NA,
5573,HP/MAN/53E03/2015/156,Mandi,,31.48905,77.074652,Debris            Slide,NA,
5574,HP/MAN/53A15/2015/177,Mandi,,31.489063,76.898423,Debris            Slide,NA,
5575,HP/MAN/53E03/2015/328,Mandi,,31.490278,77.016667,Rock              Slide,NA,
5576,HP/MAN/53E03/2015/330,Mandi,,31.491389,77.018611,Debris            Slide,NA,
5577,HP/MAN/53E03/2015/151,Mandi,,31.492056,77.086913,Rock              Slide,NA,
5578,HP/BIL/53A11/2018/40,Bilaspur,Paniala,31.494605,76.728114,Debris            Slide,NA,
5579,HP/SHI/53E11/2016/35,Shimla,Jhakri,31.494694,77.696083,Rock              Slide,NA,
5580,HP/MAN/53A15/2015/52,Mandi,,31.49602,76.930852,Debris            Slide,NA,
5581,HP/SHI/53E15/2016/20,Shimla,Right bank of Manglad Khad,31.4961,77.7618,Debris,Slide,2014
5582,HP/KUL/53E11/2016/9,Kullu,PAJANDA,31.498833,77.535528,Rock              Composite,NA,
5583,HP/MAN/53A14/2015/323,Mandi,"Chaumukhi,NH 21",31.500456,76.873523,Rock              Slide,NA,
5584,HP/KUL/53E10/2016/35,Kullu,Shalat,31.501,77.551,Rock              Slide,NA,
5585,HP/UNA/53A06/2018/5,Una,Mandli-Raipur Marg,31.501728,76.390533,Debris            Slide,NA,
5586,HP/SHI/53E10/2016/3,Shimla,"Gaso, NH-22",31.501958,77.715174,Debris            Fall,NA,
5587,HP/SHI/53E10/2016/1,Shimla,"Gaso, NH-22",31.502677,77.718566,Debris            Slide,NA,
5588,HP/KUL/53E10/2016/41,Kullu,Sikan,31.502952,77.552995,Rock cum debris   Slide,NA,
5589,HP/KUL/53E10/2016/7,Kullu,Sikan,31.503018,77.550619,Rock              Slide,NA,
5590,HP/KUL/53E10/2016/4,Kullu,Sikan,31.503776,77.551342,Rock              Slide,NA,
5591,HP/MAN/53A14/2015/330,Mandi,"Chaumukhi,NH 21",31.505179,76.874903,Rock              Slide,NA,
5592,HP/MAN/53A14/2015/329,Mandi,"Chaumukhi,NH 21",31.505636,76.875234,Debris            Slide,NA,
5593,HP/KUL/53E10/2016/10,Kullu,W of Kindla,31.505909,77.702348,Rock              Slide,NA,
5594,HP/MAN/53A14/2015/328,Mandi,"Chaumukhi,NH 21",31.505919,76.875198,Rock cum debris   Slide,NA,
5595,HP/KUL/53E06/2016/121,Kullu,Dogri,31.507,77.406,Debris            Slide,NA,
5596,HP/KUL/53E06/2016/91,Kullu,Dogri,31.507,77.409,Debris            Slide,NA,
5597,HP/MAN/53A14/2015/327,Mandi,"Chaumukhi,NH 21",31.507053,76.87491,Rock              Slide,NA,
5598,HP/MAN/53A14/2015/332,Mandi,Naura PF,31.508,76.944,Rock              Slide,NA,
5599,HP/KIN/53E14/2016/34,Kinnaur,Near Chot - Kanda village,31.5085,77.9697,Debris,Slide,2004
5600,HP/KIN/53E14/2016/33,Kinnaur,Near Chot - Kanda village,31.5089,77.9645,Debris,Slide,2004
5601,HP/KIN/53E14/2016/35,Kinnaur,Near Chot - Kanda village,31.5089,77.9679,Debris,Slide,2004
5602,HP/MAN/53A14/2015/335,Mandi,Near Naura,31.50953,76.934773,Rock              Slide,NA,
5603,HP/MAN/53A14/2015/348,Mandi,"Mechhna,NH 21",31.512402,76.87501,Debris            Slide,NA,
5604,HP/MAN/53A14/2015/331,Mandi,NW of Ropri,31.513953,76.932246,Rock              Slide,NA,
5605,HP/KUL/53E06/2016/53,Kullu,Raupa,31.514,77.409,Debris            Slide,NA,
5606,HP/SHI/53E14/2016/127,Shimla,West of Kotla,31.514952,77.754392,Rock              Slide,NA,
5607,HP/MAN/53A14/2015/333,Mandi,Naura PF,31.516,76.955,Rock              Slide,NA,
5608,HP/SHI/53E14/2016/122,Shimla,West of Kotla,31.516,77.757,Debris            Slide,NA,
5609,HP/SHI/53E14/2016/126,Shimla,West of Kotla,31.516133,77.753339,Rock              Slide,NA,
5610,HP/KUL/53E06/2016/59,Kullu,Shahi Gad,31.516226,77.414864,Debris            Slide,NA,
5611,HP/KUL/53E14/2016/96,Kullu,Rai Gad,31.516572,77.791754,Debris            Slide,NA,
5612,HP/MAN/53A14/2015/334,Mandi,Naura PF,31.517,76.954,Rock              Slide,NA,
5613,HP/KUL/53E06/2016/139,Kullu,Near Khanang,31.517071,77.405926,Rock cum debris   Slide,NA,
5614,HP/KUL/53E06/2016/28,Kullu,Shahi gad Shahi Gad,31.518799,77.419779,Debris,Slide,2003
5615,HP/KUL/53E06/2016/3,Kullu,Shahi gad Shai Gad,31.519192,77.419157,Debris,Slide,2000
5616,HP/KUL/53E06/2016/57,Kullu,Shahi Gad,31.519218,77.417408,Debris,Slide,2003
5617,HP/KUL/53E06/2016/4,Kullu,Shahi gad Shahi Gad,31.519512,77.417872,Debris,Slide,2003
5618,HP/KUL/53E06/2016/11,Kullu,Ramatan,31.520469,77.41117,Debris            Slide,NA,
5619,HP/MAN/53A14/2015/352,Mandi,Bannan,31.521245,76.92756,Rock              Slide,NA,
5620,HP/KIN/53I02/2018/1,Kinnaur,Urni,31.52154,78.12664,Debris            Slide,NA,
5621,HP/KIN/53I02/2018/2,Kinnaur,Near Tapri,31.52167,78.13348,Debris            Slide,NA,
5622,HP/KIN/53E14/2016/30,Kinnaur,Right bank of Panchot Khad,31.5218,77.9817,Debris,Slide,2004
5623,HP/KUL/53E10/2016/36,Kullu,Dogri,31.522011,77.686259,Rock              Slide,NA,
5624,HP/KIN/53E14/2016/12,Kinnaur,"Near Chout Kanda village,",31.5225,77.9713,Debris            Slide,NA,
5625,HP/KUL/53E06/2016/58,Kullu,"Gal,NH 305",31.522647,77.402893,Debris            Slide,NA,
5626,HP/MAN/53E06/2016/144,Mandi,Kandidhar,31.523,77.292,Rock              Slide,NA,
5627,HP/KUL/53E10/2016/29,Kullu,S of Dogri,31.523847,77.686826,Rock              Slide,NA,
5628,HP/MAN/53A09/2018/1,Mandi,,31.524389,76.737806,Debris            Subsidence,NA,
5629,HP/KUL/53E06/2016/2,Kullu,Shahi gad Shai Gad,31.524505,77.420686,Debris,Slide,2000
5630,HP/KIN/53E15/2016/23,Kinnaur,Right bank of Solding Khad,31.5252,77.9174,Debris,Slide,2011
5631,HP/KIN/53E15/2016/22,Kinnaur,Right bank of Solding Khad,31.5259,77.9165,Debris,Slide,2011
5632,HP/KUL/53E06/2016/120,Kullu,Rashand,31.526068,77.399496,Rock              Slide,NA,
5633,HP/KUL/53E06/2016/7,Kullu,Buwai,31.52727,77.402439,Debris,Slide,2003
5634,HP/KUL/53E10/2016/11,Kullu,South of Chhilar,31.528093,77.564507,Rock              Fall,NA,
5635,HP/KIN/53E15/2016/21,Kinnaur,Right bank of Solding Khad,31.529,77.9162,Debris,Slide,2011
5636,HP/KUL/53E10/2016/17,Kullu,South of Chhilar,31.529201,77.566091,Rock              Slide,NA,
5637,HP/SHI/53E14/2016/119,Shimla,North of Kotla,31.529459,77.75353,Rock              Slide,NA,
5638,HP/KIN/53E14/2016/55,Kinnaur,"Nichar forest, Nichar - Chout",31.5295,77.9779,Debris            Slide,NA,
5639,HP/KUL/53E06/2016/140,Kullu,Oari Thach,31.529799,77.337534,Rock              Slide,NA,
5640,HP/KUL/53E06/2016/141,Kullu,Oari Thach,31.530345,77.332414,Rock              Slide,NA,
5641,HP/KUL/53E06/2016/23,Kullu,North of Jharaunu,31.530394,77.389595,Rock cum debris   Slide,NA,
5642,HP/KUL/53E06/2016/12,Kullu,Alutu P.F,31.530974,77.382122,Rock cum debris   Subsidence,NA,
5643,HP/SHI/53E14/2016/118,Shimla,Kaowil,31.531891,77.751954,Rock              Slide,NA,
5644,HP/KIN/53E14/2016/14,Kinnaur,Chot - Kanda village,31.5326,77.9801,Debris            Slide,NA,
5645,HP/KUL/53E10/2016/14,Kullu,Chhilar,31.533,77.574,Rock              Slide,NA,
5646,HP/KIN/53E14/2016/9,Kinnaur,"Near Bari village, Left bank of",31.5334,77.9095,Debris            Slide,NA,
5647,HP/KUL/53E06/2016/22,Kullu,North of Buwai,31.533677,77.393729,Debris            Slide,NA,
5648,HP/KUL/53E10/2016/22,Kullu,Neo Kundar,31.533724,77.701169,Rock cum debris   Slide,NA,
5649,HP/KUL/53E06/2016/5,Kullu,North of Buwai,31.533745,77.391748,Debris            Slide,NA,
5650,HP/SHI/53E14/2016/95,Shimla,NW of Jeori,31.533759,77.770637,Debris            Slide,NA,
5651,HP/KUL/53E10/2016/9,Kullu,Barijan,31.534,77.669,Debris            Slide,NA,
5652,HP/KIN/53E14/2016/52,Kinnaur,"Nichar Chot, Nichar - Chout",31.5343,77.9813,Rock              Slide,NA,
5653,HP/KUL/53E06/2016/39,Kullu,"Jalori, NH 305",31.536389,77.372309,Debris            Subsidence,NA,
5654,HP/KIN/53E14/2016/26,Kinnaur,Left bank of Solding Khad,31.5365,77.9086,Debris,Slide,2010
5655,HP/MAN/53A10/2018/1,Mandi,,31.536583,76.534306,Debris            Slide,NA,
5656,HP/KUL/53E10/2016/18,Kullu,Neo Kundar,31.536667,77.699076,Rock              Slide,NA,
5657,HP/SHI/53E14/2016/115,Shimla,North of Jeori,31.537,77.77,Rock cum debris   Slide,NA,
5658,HP/KIN/53I06/2018/3,Kinnaur,Reckong Peo,31.53742,77.28949,Rock cum debris   Slide,NA,
5659,HP/KUL/53E06/2016/29,Kullu,"Jalora,NH 305",31.537558,77.370625,Debris            Slide,NA,
5660,HP/KIN/53E14/2016/29,Kinnaur,Left bank of Solding Khad,31.5385,77.9039,Debris,Slide,2010
5661,HP/Shimla/53E/14/2021/01,Shimla,#N/A #N/A,31.53866667,77.78386389,Rock              Slide,NA,
5662,HP/KIN/53E14/2016/57,Shimla,Kandlu Chaunda,31.538673,77.83723,Rock              Slide,NA,
5663,HP/MAN/53A10/2018/2,Mandi,,31.539222,76.531056,Debris            Slide,NA,
5664,HP/KUL/53E10/2016/23,Kullu,Dogri,31.539238,77.706786,Debris            Slide,NA,
5665,HP/KIN/53E14/2016/53,Kinnaur,"Nichar Chot, Nichar - Chout",31.5393,77.9861,Rock              Slide,NA,
5666,HP/KUL/53E06/2016/30,Kullu,"NE of Jalori,NH 305",31.54009,77.37928,Rock cum debris,Slide,2000
5667,HP/KIN/53E14/2016/3,Kinnaur,Near Burcha Wangtu - Burcha,31.5411,77.9992,Debris            Slide,NA,
5668,HP/KIN/53E14/2016/80,Kinnaur,"Nichar forest, Nichar - Chout",31.5416,77.9886,Debris            Slide,NA,
5669,HP/KIN/53E14/2016/27,Kinnaur,Left bank of Solding Khad,31.5418,77.9051,Debris,Slide,2010
5670,HP/BIL/53A06/2018/2,Bilaspur,Lama,31.542146,76.274045,Debris            Slide,NA,
5671,HP/KUL/53E06/2016/35,Kullu,"NE of Jalori,NH 305",31.542157,77.381474,Rock cum debris,Slide,2000
5672,HP/KIN/53E14/2016/28,Kinnaur,Left bank of Solding Khad,31.5424,77.9091,Debris,Slide,2010
5673,HP/MAN/53A14/2015/350,Mandi,Near Leda,31.542453,76.835807,Rock              Slide,NA,
5674,HP/MAN/53E02/2015/148,Mandi,Bagi village road,31.542556,77.094917,Rock cum debris   Slide,NA,
5675,HP/SHI/53E14/2016/105,Shimla,Shinti,31.542803,77.77108,Rock              Slide,NA,
5676,HP/MAN/53E02/2015/149,Mandi,Bagi village road,31.543361,77.089917,Rock cum debris   Slide,NA,
5677,HP/BIL/53A06/2018/3,Bilaspur,Lama,31.543511,76.2744,Debris            Slide,NA,
5678,HP/KUL/53E10/2016/12,Kullu,Badar,31.543735,77.567992,Rock              Slide,NA,
5679,HP/KUL/53E06/2016/133,Kullu,Bali Chowki,31.544724,77.266896,Rock              Slide,NA,
5680,HP/KUL/53E10/2016/28,Kullu,Sagopha,31.545376,77.54561,Rock              Fall,NA,
5681,HP/KIN/53E14/2016/36,Kinnaur,Right bank of Solding Khad,31.5459,77.9135,Debris,Slide,2011
5682,HP/MAN/53E02/2015/150,Mandi,Bagi village road,31.546056,77.076611,Rock cum debris   Slide,NA,
5683,HP/SHI/53E14/2016/117,Shimla,Madara,31.546569,77.780994,Rock              Fall,NA,
5684,HP/MAN/53E02/2015/126,Mandi,Lag valley,31.546611,77.20825,Debris            Slide,NA,
5685,HP/SHI/53E14/2016/123,Shimla,S of Madhara,31.546664,77.776478,Rock cum debris   Slide,NA,
5686,HP/KUL/53E10/2016/6,Kullu,Damah,31.546743,77.566484,Debris            Slide,NA,
5687,HP/KIN/53E14/2016/6,Kinnaur,Right bank of Solding Khad,31.5471,77.9101,Debris,Slide,2014
5688,HP/KIN/53E14/2016/1,Kinnaur,Right bank of Solding Khad(,31.5471,77.9101,Debris,Slide,2014
5689,HP/KUL/53E10/2016/5,Kullu,Damah,31.547476,77.56661,Debris            Slide,NA,
5690,HP/KIN/53E14/2016/2,Kinnaur,"Near Nichar, Pilingi - Nichar",31.5478,77.9816,Debris,Slide,2010
5691,HP/MAN/53A10/2018/3,Mandi,Khelag,31.548083,76.5675,Debris            Slide,NA,
5692,HP/MAN/53A10/2018/4,Mandi,,31.548417,76.566417,Debris            Slide,NA,
5693,HP/MAN/53A10/2018/5,Mandi,,31.548528,76.564278,Debris            Slide,NA,
5694,HP/KUL/53E10/2016/40,Kullu,Sikaseri,31.549,77.701,Debris            Slide,NA,
5695,HP/KUL/53E06/2016/25,Kullu,"North of Jalori,NH 305",31.549424,77.377331,Rock cum debris   Slide,NA,
5696,HP/KIN/53E14/2016/8,Kinnaur,"Near Bari village, Left bank of",31.5497,77.9101,Debris,Slide,2010
5697,HP/KIN/53E14/2016/85,Kinnaur,Near Kangos village Nichar link,31.5497,77.9215,Debris            Slide,NA,
5698,HP/KUL/53E10/2016/8,Kullu,S of Malua,31.549712,77.681945,Debris            Slide,NA,
5699,HP/KUL/53E10/2016/27,Kullu,Kalidhar,31.550923,77.675566,Debris            Slide,NA,
5700,HP/KIN/53E14/2016/10,Kinnaur,Nichar Eklavya school,31.5516,77.9723,Debris,Slide,2008
5701,HP/KIN/53E14/2016/49,Kinnaur,"Palingini village, Nichar link",31.5517,77.9187,Debris            Slide,NA,
5702,HP/KIN/53E14/2016/56,Kinnaur,"Near Kangos village, Nichar link",31.5521,77.9635,Debris            Slide,NA,
5703,HP/KIN/53E14/2016/50,Kinnaur,Near Solding NH-22,31.5523,77.9152,Debris            Slide,NA,
5704,HP/SHI/53E14/2016/106,Shimla,Kiao,31.55258,77.784831,Rock              Slide,NA,
5705,HP/MAN/53A10/2018/6,Mandi,,31.552611,76.522083,Debris            Slide,NA,
5706,HP/KIN/53E14/2016/48,Kinnaur,"Palingini village, Nichar link road",31.5529,77.9194,Debris            Slide,NA,
5707,HP/KUL/53E10/2016/13,Kullu,Kandoshila,31.553,77.546,Rock cum debris,Slide,2014
5708,HP/KIN/53E14/2016/91,Kinnaur,Near Solding bridge NH-22,31.5531,77.9126,Rock              Fall,NA,
5709,HP/KIN/53E14/2016/42,Kinnaur,Left bank of Solding Khad,31.5533,77.9054,Debris            Slide,NA,
5710,HP/SHI/53E14/2016/107,Shimla,Kiao,31.553734,77.786244,Rock              Slide,NA,
5711,HP/MAN/53E02/2015/127,Mandi,Lag valley,31.553806,77.203611,Debris            Slide,NA,
5712,HP/MAN/53E02/2015/128,Mandi,Lag valley,31.554444,77.204444,Debris            Slide,NA,
5713,HP/MAN/53E02/2015/130,Mandi,Chail Chawk-Gogar Pandoh,31.5545,77.196778,Debris            Slide,NA,
5714,HP/SHI/53E14/2016/108,Shimla,Kiao,31.554684,77.78922,Rock              Slide,NA,
5715,HP/KUL/53E10/2016/20,Kullu,North of jaon,31.555,77.573,Debris            Slide,NA,
5716,HP/SHI/53E14/2016/120,Shimla,North of Dharail,31.555,77.809,Rock              Slide,NA,
5717,HP/KUL/53E10/2016/15,Kullu,Sarahan,31.555057,77.527401,Rock              Fall,NA,
5718,HP/HAM/53A09/2018/2,Hamirpur,Sivnagar - Bhauda road,31.555167,76.680417,Debris            Slide,NA,
5719,HP/MAN/53E02/2015/129,Mandi,Chail Chawk-Gogar Pandoh,31.555639,77.20375,Debris            Slide,NA,
5720,HP/KUL/53E06/2016/36,Kullu,"North of Jalori,NH 305",31.556248,77.37588,Rock cum debris   Slide,NA,
5721,HP/SHI/53E14/2016/116,Shimla,Bara Bond,31.556529,77.807827,Debris            Slide,NA,
5722,HP/KUL/53E10/2016/31,Kullu,Bahan,31.556553,77.664333,Rock cum debris   Slide,NA,
5723,HP/KUL/53E10/2016/16,Kullu,Sarahan,31.556753,77.527724,Rock              Fall,NA,
5724,HP/KIN/53E14/2016/70,Kinnaur,NH-72,31.557,77.9243,Rock              Fall,NA,
5725,HP/SHI/53E14/2016/109,Shimla,South of Kuthru,31.557164,77.808401,Rock              Slide,NA,
5726,HP/MAN/53E02/2015/133,Mandi,Chail Chawk-Gogar Pandoh,31.557222,77.1905,Rock cum debris   Slide,NA,
5727,HP/KIN/53E14/2016/44,Kinnaur,NH-22,31.5575,77.9952,Debris            Slide,NA,
5728,HP/KIN/53E14/2016/17,Kinnaur,Near Naptha Damnh - 22/ Right,31.5576,77.9986,Debris,Slide,2015
5729,HP/KUL/53E10/2016/39,Kullu,Jaon,31.558,77.574,Debris,Slide,2014
5730,HP/KUL/53E06/2016/6,Kullu,"Shojha,NH 305, MS 60",31.558,77.369,Debris,Slide,2013
5731,HP/MAN/53E02/2015/134,Mandi,Chail Chawk-Gogar Pandoh,31.558111,77.188472,Rock cum debris   Slide,NA,
5732,HP/MAN/53E02/2015/132,Mandi,Chail Chawk-Gogar Pandoh,31.558333,77.192917,Rock cum debris   Slide,NA,
5733,HP/KUL/53E06/2016/46,Kullu,"Shojha,NH 305",31.558414,77.370131,Debris            Slide,NA,
5734,HP/KIN/53E14/2016/7,Kinnaur,Left bank of Satluj NH-22,31.5587,77.9063,Rock              Fall,NA,
5735,HP/KIN/53E14/2016/67,Kinnaur,Left bank of Satluj NH-22,31.5587,77.9063,Rock              Fall,NA,
5736,HP/MAN/53E02/2015/131,Mandi,Chail Chawk-Gogar Pandoh,31.558722,77.194167,Debris            Slide,NA,
5737,HP/KUL/53E06/2016/37,Kullu,"Shojha,NH 305",31.558968,77.374525,Rock              Slide,NA,
5738,HP/MAN/53E02/2015/147,Mandi,Bagi village road,31.559083,77.114528,Rock cum debris   Slide,NA,
5739,HP/KUL/53E06/2016/143,Kullu,"Shojha,NH 305",31.55925,77.368416,Debris            Slide,NA,
5740,HP/KUL/53E06/2016/43,Kullu,"Shojha,NH 305",31.559267,77.368416,Debris            Slide,NA,
5741,HP/KIN/53E14/2016/13,Kinnaur,Near Naptha Damnh - 22/ Right,31.5593,77.9967,Earth             Topple,NA,
5742,HP/KUL/53E10/2016/21,Kullu,Jaon,31.56,77.571,Debris            Slide,NA,
5743,HP/KIN/53E14/2016/84,Kinnaur,NH22,31.56,77.9028,Rock              Topple,NA,
5744,HP/KIN/53E14/2016/69,Kinnaur,NH-72,31.5608,77.9771,Rock              Fall,NA,
5745,HP/KUL/53E06/2016/40,Kullu,"Jain,NH 305",31.560923,77.368597,Debris,Slide,2011
5746,HP/KUL/53E10/2016/19,Kullu,North of jaon,31.561,77.574,Debris            Slide,NA,
5747,HP/MAN/53A10/2018/7,Mandi,SH-32,31.561,76.571639,Debris            Slide,NA,
5748,HP/KIN/53E14/2016/21,Kinnaur,"Near Garsu village, Garsu-",31.5613,77.9197,Debris,Slide,2014
5749,HP/KIN/53E14/2016/40,Kinnaur,Near Kandhar village,31.5614,77.9999,Rock              Slide,NA,
5750,HP/KIN/53E14/2016/41,Kinnaur,Near Kandhar village,31.5614,77.9936,Rock              Slide,NA,
5751,HP/KIN/53E14/2016/81,Kinnaur,NH22,31.5615,77.8999,Rock              Fall,NA,
5752,HP/KIN/53E14/2016/24,Kinnaur,"Near Garsu village, Garsu-",31.5619,77.9103,Debris,Fall,2014
5753,HP/KIN/53E14/2016/37,Kinnaur,Near Kandhar village,31.562,77.9983,Rock              Slide,NA,
5754,HP/MAN/53E02/2015/136,Mandi,Chail Chawk-Gogar Pandoh,31.562056,77.176167,Rock cum debris   Slide,NA,
5755,HP/MAN/53E02/2015/151,Mandi,Badal Road,31.562083,77.062361,Rock cum debris   Slide,NA,
5756,HP/KIN/53E14/2016/59,Kinnaur,"Near Nathpa dam, NH-22/ Right",31.5623,77.9848,Debris            Slide,NA,
5757,HP/SHI/53E14/2016/93,Shimla,Near Taranda Link Road,31.5623,77.8879,Rock              Fall,NA,
5758,HP/MAN/53E02/2015/135,Mandi,Chail Chawk-Gogar Pandoh,31.562583,77.176083,Rock cum debris   Slide,NA,
5759,HP/MAN/53E02/2015/153,Mandi,Badal Road,31.562722,77.032111,Rock cum debris   Slide,NA,
5760,HP/KIN/53E14/2016/54,Kinnaur,NH22,31.5628,77.8984,Debris            Slide,NA,
5761,HP/SHI/53E14/2016/89,Shimla,Near Taranda Link Road,31.5629,77.8897,Rock              Fall,NA,
5762,HP/SHI/53E14/2016/4,Shimla,Nigulsari NH-22,31.563,77.883,Debris,Slide,2008
5763,HP/KIN/53E14/2016/82,Kinnaur,NH22,31.5631,77.8991,Rock              Fall,NA,
5764,HP/KIN/53E14/2016/97,Kinnaur,"N of Nigalsari, NH 22",31.563241,77.882993,Rock cum debris   Slide,NA,
5765,HP/MAN/53E02/2015/152,Mandi,Badal Road,31.56325,77.058583,Rock cum debris   Slide,NA,
5766,HP/KIN/53E14/2016/68,Kinnaur,"Near Nathpa dam, NH-22",31.5634,77.9697,Debris            Slide,NA,
5767,HP/KIN/53E14/2016/25,Kinnaur,"Near Garsu village, Garsu-",31.5635,77.918,Debris,Slide,2014
5768,HP/KIN/53E14/2016/66,Kinnaur,"Near Nathpa dam, NH-22",31.5636,77.968,Debris            Slide,NA,
5769,HP/MAN/53E02/2015/137,Mandi,Chail Chawk-Gogar Pandoh,31.563667,77.171694,Rock cum debris   Slide,NA,
5770,HP/KIN/53E14/2016/23,Kinnaur,"Near Garsu village, Garsu-",31.5639,77.9075,Debris,Slide,2014
5771,HP/KIN/53E14/2016/87,Kinnaur,NH22,31.5643,77.8973,Rock              Fall,NA,
5772,HP/KIN/53E14/2016/22,Kinnaur,"Near Garsu village, Garsu-",31.5646,77.905,Debris,Slide,2014
5773,HP/SHI/53E14/2016/88,Shimla,Near Taranda Link Road,31.5646,77.8923,Rock              Fall,NA,
5774,HP/SHI/53E14/2016/90,Shimla,Near Taranda Link Road,31.5646,77.8913,Rock              Fall,NA,
5775,HP/SHI/53E14/2016/110,Shimla,South of Kuthru,31.564803,77.809584,Rock              Slide,NA,
5776,HP/KUL/53E10/2016/2,Kullu,Dugalambar,31.564859,77.563673,Debris,Subsidence,2016
5777,HP/KUL/53E10/2016/37,Kullu,Bhujrigad P.F.,31.565,77.723,Rock cum debris   Slide,NA,
5778,HP/KIN/53E14/2016/65,Kinnaur,Nathpa - Kachrangathpa -,31.5652,77.9556,Rock,Slide,2014
5779,HP/KIN/53E14/2016/45,Kinnaur,Naer Nathpa Dam,31.5654,77.9832,Rock              Slide,NA,
5780,HP/KIN/53E14/2016/78,Kinnaur,NH22,31.5655,77.8961,Rock              Fall,NA,
5781,HP/KIN/53E14/2016/64,Kinnaur,Nathpa - Kachrangathpa -,31.5655,77.9563,Rock,Slide,2014
5782,HP/KIN/53E14/2016/76,Kinnaur,NH22,31.5656,77.8952,Rock              Fall,NA,
5783,HP/SHI/53E14/2016/111,Shimla,South of Kuthru,31.565682,77.809497,Rock              Slide,NA,
5784,HP/KIN/53E14/2016/83,Kinnaur,NH22,31.5659,77.8946,Rock              Fall,NA,
5785,HP/KIN/53E14/2016/15,Kinnaur,Near Garsugarsu - Chota Kamba,31.5659,77.9139,Debris            Slide,NA,
5786,HP/KIN/53E14/2016/103,Kinnaur,S of Bara Khamba,31.566165,77.871812,Debris            Slide,NA,
5787,HP/KIN/53E14/2016/43,Kinnaur,Upstream of Nathpa Dam,31.5664,77.9868,Rock              Slide,NA,
5788,HP/KIN/53E14/2016/77,Kinnaur,NH22,31.5665,77.8941,Rock              Fall,NA,
5789,HP/KUL/53E06/2016/24,Kullu,"Shojha, NH 305",31.566679,77.371747,Rock cum debris   Slide,NA,
5790,HP/KIN/53E14/2016/5,Kinnaur,"Taranda Mandir, NH22",31.5668,77.8924,Rock,Fall,2008
5791,HP/KIN/53E14/2016/86,Kinnaur,Near Chota Kamba link road,31.5669,77.9025,Debris            Slide,NA,
5792,HP/KIN/53E14/2016/39,Kinnaur,Near Kandhar village,31.5675,77.9934,Rock              Slide,NA,
5793,HP/MAN/53E02/2015/141,Mandi,Chail Chawk-Gogar Pandoh,31.567583,77.167417,Debris            Slide,NA,
5794,HP/MAN/53E02/2015/140,Mandi,Chail Chawk-Gogar Pandoh,31.567694,77.167889,Debris            Slide,NA,
5795,HP/SHI/53E14/2016/112,Shimla,South of Kuthru,31.567712,77.810594,Rock              Slide,NA,
5796,HP/SHI/53E14/2016/114,Shimla,South of Kuthru,31.567712,77.810594,Rock              Fall,NA,
5797,HP/KIN/53E14/2016/98,Kinnaur,SE of phagi,31.567726,77.835175,Rock cum debris   Fall,NA,
5798,HP/KUL/53E06/2016/18,Kullu,"Laduha,NH 305",31.567786,77.362042,Rock cum debris,Slide,2009
5799,HP/MAN/53E02/2015/142,Mandi,Bagi village road,31.567833,77.166194,Debris            Slide,NA,
5800,HP/KIN/53E14/2016/38,Kinnaur,Near Kandhar village,31.5679,77.9892,Rock              Slide,NA,
5801,HP/MAN/53E02/2015/143,Mandi,Bagi village road,31.568111,77.161472,Rock cum debris   Slide,NA,
5802,HP/MAN/53E02/2015/139,Mandi,Chail Chawk-Gogar Pandoh,31.568167,77.168,Rock cum debris   Slide,NA,
5803,HP/MAN/53E02/2015/138,Mandi,Chail Chawk-Gogar Pandoh,31.568389,77.168194,Debris            Slide,NA,
5804,HP/KUL/53E06/2016/119,Kullu,Ballidhar,31.569,77.316,Rock              Slide,NA,
5805,HP/SHI/53E14/2016/113,Shimla,South of Kuthru,31.569195,77.811002,Rock              Slide,NA,
5806,HP/MAN/53A14/2015/349,Mandi,"Sidhkot P.F, milestone-leda 3km",31.569361,76.819838,Rock              Slide,NA,
5807,HP/KIN/53E14/2016/71,Kinnaur,"Kandhar village, Kandhar link",31.5694,77.9989,Debris,Slide,2004
5808,HP/KIN/53E14/2016/62,Kinnaur,Nathpa - Kachrangathpa -,31.57,77.9485,Rock,Slide,2014
5809,HP/KUL/53E06/2016/47,Kullu,S of Chhabra P.F.,31.57,77.309,Rock              Slide,NA,
5810,HP/KIN/53E14/2016/61,Kinnaur,Nathpa - Kachrangathpa -,31.5701,77.9524,Rock,Slide,2014
5811,HP/KIN/53E14/2016/63,Kinnaur,Nathpa - Kachrangathpa -,31.5702,77.9493,Rock,Slide,2014
5812,HP/KIN/53E14/2016/18,Kinnaur,"Near Garsu village, Garsu-",31.5705,77.8968,Debris,Slide,2014
5813,HP/KIN/53E14/2016/124,Kinnaur,Chauhra,31.570709,77.862742,Debris            Slide,NA,
5814,HP/MAN/53E02/2015/146,Mandi,Bagi village road,31.570778,77.152028,Rock cum debris   Slide,NA,
5815,HP/KUL/53E06/2016/42,Kullu,"Jalora,NH 305",31.570806,77.363684,Rock,Slide,2001
5816,HP/KIN/53E14/2016/92,Kinnaur,Near Nathpa village,31.5709,77.9725,Debris,Slide,2014
5817,HP/KIN/53E14/2016/19,Kinnaur,"Near Garsu village, Garsu-",31.5709,77.8957,Debris,Slide,2014
5818,HP/KIN/53E14/2016/60,Kinnaur,Nathpa - Kachrangathpa -,31.5715,77.9534,Rock,Slide,2014
5819,HP/KIN/53E14/2016/125,Kinnaur,Chauhra,31.571821,77.863126,Debris            Slide,NA,
5820,HP/KIN/53E14/2016/104,Kinnaur,S of Phagi,31.572,77.824,Debris            Slide,NA,
5821,HP/KIN/53E14/2016/31,Kinnaur,"Right bank of Satluj, near",31.5724,77.9436,Debris,Slide,2014
5822,HP/KUL/53E06/2016/44,Kullu,"Jalora,NH 305",31.57286,77.362523,Debris,Slide,2005
5823,HP/KIN/53E14/2016/20,Kinnaur,"Near Garsu village, Garsu-",31.5732,77.8865,Debris,Slide,2014
5824,HP/HAM/53A09/2018/3,Hamirpur,,31.573306,76.734917,Debris            Slide,NA,
5825,HP/MAN/53A10/2018/8,Mandi,SH-32,31.573333,76.734889,Debris            Subsidence,NA,
5826,HP/KUL/53E10/2016/30,Kullu,Samatan,31.573476,77.581912,Debris            Slide,NA,
5827,HP/KIN/53E14/2016/101,Kinnaur,N of Chauhra,31.573542,77.857002,Rock              Fall,NA,
5828,HP/MAN/53E02/2015/144,Mandi,Bagi village road,31.573917,77.155611,Rock cum debris   Slide,NA,
5829,HP/KUL/53E06/2016/32,Kullu,Chhabra P.F.,31.573934,77.307064,Rock              Slide,NA,
5830,HP/KUL/53E06/2016/54,Kullu,Chhabra P.F.,31.574,77.31,Debris            Slide,NA,
5831,HP/KIN/53E14/2016/32,Kinnaur,Khachrang foot track,31.5742,77.9422,Debris,Slide,2014
5832,HP/KIN/53E14/2016/16,Kinnaur,Kachrang - Naptha foot track,31.5745,77.949,Debris,Slide,2016
5833,HP/KIN/53E14/2016/47,Kinnaur,Near Chota Kamba link road,31.5749,77.8933,Rock              Slide,NA,
5834,HP/KIN/53E14/2016/100,Kinnaur,S of Linge Dogri,31.574904,77.844893,Rock cum debris   Slide,NA,
5835,HP/MAN/53A14/2015/325,Mandi,"Pathri P.F,SH 13",31.575135,76.990257,Rock              Slide,NA,
5836,HP/KIN/53E14/2016/99,Kinnaur,Near Chota Kamba link road,31.5755,77.8947,Debris            Slide,NA,
5837,HP/KIN/53E14/2016/121,Kinnaur,N of Chauhra,31.576977,77.852405,Rock              Slide,NA,
5838,HP/KIN/53E14/2016/102,Kinnaur,Linge Dogri,31.578054,77.847901,Debris            Slide,NA,
5839,HP/KUL/53E06/2016/62,Kullu,Lambri,31.578159,77.40656,Rock              Slide,NA,
5840,HP/KIN/53E14/2016/75,Kinnaur,Near Nathpa village,31.5787,77.9706,Debris,Slide,2014
5841,HP/SHI/53E14/2016/94,Shimla,Kandri,31.578991,77.740336,Debris            Slide,NA,
5842,HP/KIN/53E14/2016/79,Kinnaur,Near Kachrang,31.5791,77.9485,Rock,Slide,2012
5843,HP/MAN/53E02/2015/145,Mandi,Bagi village road,31.579389,77.153444,Rock cum debris   Slide,NA,
5844,HP/MAN/53A14/2015/324,Mandi,"Near Baggi,SH 13",31.579519,76.989374,Rock              Slide,NA,
5845,HP/KIN/53E14/2016/58,Kinnaur,Near Rokchad,31.5799,77.9275,Rock              Slide,NA,
5846,HP/KIN/53E14/2016/74,Kinnaur,Near Nathpa village,31.5818,77.9663,Debris,Slide,2014
5847,HP/MAN/53A14/2015/313,Mandi,"Tamled,SH 32",31.582167,76.791972,Rock              Slide,NA,
5848,HP/MAN/53A14/2015/315,Mandi,"Dhol Khan,SH 32",31.583199,76.784971,Rock              Slide,NA,
5849,HP/KUL/53E06/2016/63,Kullu,Lambri,31.583298,77.403607,Rock              Slide,NA,
5850,HP/SHI/53E10/2016/24,Shimla,Kandri,31.583506,77.738558,Debris            Slide,NA,
5851,HP/KAN/53A09/2018/4,Kangra,Syoh - sandhol road,31.583639,76.649278,Debris            Slide,NA,
5852,HP/KAN/53A09/2018/5,Kangra,SH 19,31.58375,76.6345,Debris            Slide,NA,
5853,HP/MAN/53A14/2015/310,Mandi,"Dhol Khan,SH 32",31.584163,76.790932,Rock              Slide,NA,
5854,HP/SHI/53E10/2016/26,Shimla,Kandri,31.584286,77.737686,Debris            Slide,NA,
5855,HP/KUL/53E06/2016/64,Kullu,Lambri,31.584708,77.40242,Rock              Slide,NA,
5856,HP/MAN/53A14/2015/314,Mandi,"Dhol Khan,SH 32",31.585308,76.787509,Rock              Slide,NA,
5857,HP/MAN/53A14/2015/312,Mandi,"Jakherh,SH 32",31.585447,76.80053,Rock              Slide,NA,
5858,HP/SHI/53E10/2016/25,Shimla,Kandri,31.585666,77.737592,Debris            Slide,NA,
5859,HP/KIN/53E14/2016/46,Kinnaur,"Near forst RH, Kachrang, Left",31.5857,77.9423,Debris,Slide,2014
5860,HP/MAN/53A14/2015/311,Mandi,"Jakherh,SH 32",31.585925,76.800781,Rock              Slide,NA,
5861,HP/MAN/53A14/2015/346,Mandi,"Dhalwan,SH 32,Lunch",31.585976,76.77751,Rock cum debris,Slide,2009
5862,HP/KIN/53I06/2018/1,Kinnaur,Ribba,31.58605,78.37533,Debris            Slide,NA,
5863,HP/KUL/53E06/2016/65,Kullu,Lambri,31.586844,77.398687,Rock              Slide,NA,
5864,HP/KUL/53E10/2016/32,Kullu,Dimajan P.F.,31.587,77.596,Debris            Slide,NA,
5865,HP/MAN/53A14/2015/345,Mandi,"Dhalwan,SH 32",31.587649,76.777411,Rock              Slide,NA,
5866,HP/KIN/53E14/2016/51,Kinnaur,"Near Kacharng village, Left bank",31.5886,77.9398,Debris            Slide,NA,
5867,HP/KUL/53E10/2016/33,Kullu,Dimajan P.F.,31.589,77.595,Debris            Slide,NA,
5868,HP/MAN/53A14/2015/308,Mandi,"West of Gammun,SH 32",31.590036,76.809541,Debris            Slide,NA,
5869,HP/MAN/53A09/2018/6,Mandi,,31.590222,76.526861,Debris            Slide,NA,
5870,HP/MAN/53A14/2015/309,Mandi,"West of Gammun,SH 32",31.590575,76.807784,Rock              Slide,NA,
5871,HP/MAN/53A14/2015/322,Mandi,"Maslan,SH 32",31.591269,76.77591,Rock              Slide,NA,
5872,HP/UNA/53A02/2018/9,Una,Pallian R.F,31.591357,76.221398,Debris            Slide,NA,
5873,HP/UNA/53A02/2018/11,Una,Pallian P.F,31.59155,76.223237,Rock cum debris   Slide,NA,
5874,HP/UNA/53A02/2018/13,Una,Pallian P.F,31.591806,76.223469,Debris            Slide,NA,
5875,HP/UNA/53A02/2018/12,Una,Pallan P.Fi,31.591921,76.223987,Rock              Slide,NA,
5876,HP/KIN/53E14/2016/73,Kinnaur,"Solaring, Left bank of Solaring",31.5922,77.9365,Debris            Slide,NA,
5877,HP/MAN/53A14/2015/307,Mandi,"West of Gammun,SH 32",31.59263,76.809827,Rock              Slide,NA,
5878,HP/MAN/53A14/2015/321,Mandi,Maslan,31.592797,76.776176,Rock,Slide,2009
5879,HP/UNA/53A02/2018/10,Una,Pallian R.F,31.593546,76.221617,Debris            Slide,NA,
5880,HP/KUL/53E10/2016/34,Kullu,Dimajan P.F.,31.594,77.584,Rock cum debris   Slide,NA,
5881,HP/MAN/53A14/2015/320,Mandi,"Baira Sain,SH 32",31.594932,76.76288,Rock              Slide,NA,
5882,HP/MAN/53A14/2015/319,Mandi,"Chalah,SH 32",31.595002,76.760145,Rock              Slide,NA,
5883,HP/MAN/53A14/2015/306,Mandi,"Gammun,SH 32",31.596272,76.813063,Rock              Slide,NA,
5884,HP/MAN/53A14/2015/304,Mandi,"Gammun,SH 32",31.596669,76.819335,Debris            Slide,NA,
5885,HP/MAN/53A14/2015/318,Mandi,"Chalah,SH 32",31.596769,76.760781,Rock              Slide,NA,
5886,HP/MAN/53A14/2015/305,Mandi,"Gammun,SH 32",31.597208,76.816223,Rock              Slide,NA,
5887,HP/MAN/53A14/2015/317,Mandi,"North of Chalah,SH 32",31.598155,76.760334,Rock              Slide,NA,
5888,HP/KIN/53E14/2016/11,Kinnaur,Solaring village,31.5984,77.9356,Debris            Slide,NA,
5889,HP/KAN/53A09/2018/7,Kangra,Lambagaon-ropri road,31.598639,76.542389,Rock cum debris   Slide,NA,
5890,HP/MAN/53A14/2015/303,Mandi,"Dhanehr,SH 32",31.599424,76.822002,Debris            Slide,NA,
5891,HP/KIN/53E14/2016/72,Kinnaur,"Solaring, Left bank of Solaring",31.6001,77.9292,Debris            Slide,NA,
5892,HP/UNA/53A02/2018/151,Una,Chauki maniar R F,31.600625,76.220982,Rock cum debris   Slide,NA,
5893,HP/MAN/53A14/2015/316,Mandi,"Near Bhamla,SH 32",31.600687,76.752682,Rock              Slide,NA,
5894,HP/KUL/53E06/2016/124,Kullu,Sharungar,31.601,77.469,Debris            Slide,NA,
5895,HP/KUL/53E06/2016/134,Kullu,Bathad,31.601,77.481,Debris            Slide,NA,
5896,HP/UNA/53A02/2018/7,Una,Chauki Maniar R.F,31.601136,76.223583,Rock              Slide,NA,
5897,HP/UNA/53A02/2018/8,Una,Chauki manniar R F,31.60129,76.224104,Rock              Slide,NA,
5898,HP/UNA/53A02/2018/19,Una,Chauki maniar R.F,31.602506,76.206767,Rock              Slide,NA,
5899,HP/UNA/53A02/2018/18,Una,Chauki maniar R.F,31.603768,76.223054,Rock cum debris   Slide,NA,
5900,HP/KUL/53E06/2016/72,Kullu,Rangoot,31.604115,77.375841,Rock,Slide,2010
5901,HP/UNA/53A02/2018/20,Una,Chauki maniar P.F,31.604133,76.206089,Rock              Slide,NA,
5902,HP/KUL/53E06/2016/127,Kullu,Sum,31.604151,77.345989,Debris            Slide,NA,
5903,HP/UNA/53A02/2018/21,Una,Chauki maniar P.F,31.604466,76.205983,Rock              Slide,NA,
5904,HP/UNA/53A02/2018/17,Una,Chauki maniar P.F,31.604551,76.222847,Rock              Slide,NA,
5905,HP/KUL/53E06/2016/19,Kullu,"Mill, NH 305",31.60456,77.348681,Rock,Slide,2012
5906,HP/KUL/53E06/2016/1,Kullu,"Mill,NH 305",31.604587,77.348681,Rock,Slide,2008
5907,HP/UNA/53A02/2018/22,Una,Chauki maniar P.F,31.604746,76.205835,Rock              Slide,NA,
5908,HP/MAN/53A14/2015/326,Mandi,Pargi,31.604946,76.868089,Rock              Slide,NA,
5909,HP/KUL/53E06/2016/38,Kullu,"Sum,NH 305, MS 68",31.605096,77.348396,Rock,Slide,2012
5910,HP/KUL/53E06/2016/125,Kullu,MashyurP.F,31.605244,77.495824,Rock              Slide,NA,
5911,HP/MAN/53A10/2018/9,Mandi,Khelag,31.605361,76.560222,Rock cum debris   Slide,NA,
5912,HP/KUL/53E06/2016/80,Kullu,Rangoot,31.605461,77.380982,Rock,Slide,2004
5913,HP/MAN/53A09/2018/8,Mandi,,31.605583,76.553278,Rock              Slide,NA,
5914,HP/KUL/53E06/2016/81,Kullu,Rangoot,31.607098,77.377649,Rock              Slide,NA,
5915,HP/KUL/53E06/2016/136,Kullu,Pori,31.607265,77.318201,Rock              Slide,NA,
5916,HP/KUL/53E06/2016/82,Kullu,Rangoot,31.608047,77.377497,Rock              Slide,NA,
5917,HP/KUL/53E06/2016/142,Kullu,South of Pandhar,31.609406,77.309864,Debris            Slide,NA,
5918,HP/MAN/53E06/2016/100,Mandi,Thonag,31.609679,77.277673,Rock cum debris   Slide,NA,
5919,HP/KUL/53E10/2016/38,Shimla,S of Nandi,31.61025,77.723806,Debris            Slide,NA,
5920,HP/MAN/53E02/2015/154,Mandi,Badal Road,31.610444,77.065111,Rock cum debris   Slide,NA,
5921,HP/MAN/53E02/2015/155,Mandi,Badal Road,31.610444,77.065111,Rock cum debris   Slide,NA,
5922,HP/MAN/53E02/2015/156,Mandi,Badal Road,31.610444,77.065111,Rock cum debris   Slide,NA,
5923,HP/MAN/53E06/2016/97,Mandi,Swof Tikki,31.610519,77.266669,Rock cum debris   Slide,NA,
5924,HP/MAN/53E06/2016/98,Mandi,Batwada,31.610731,77.2927,Rock cum debris   Slide,NA,
5925,HP/MAN/53E06/2016/99,Mandi,Batwada,31.61097,77.297892,Rock cum debris   Slide,NA,
5926,HP/KUL/53E06/2016/68,Kullu,Kotladhar,31.611,77.351,Rock              Slide,NA,
5927,HP/MAN/53E06/2016/90,Mandi,South of Ukhli,31.611017,77.295184,Debris            Slide,NA,
5928,HP/MAN/53E06/2016/101,Mandi,Ghanyar,31.611582,77.281533,Rock cum debris   Slide,NA,
5929,HP/MAN/53E06/2016/96,Mandi,Batwada,31.615968,77.291941,Rock cum debris   Slide,NA,
5930,HP/MAN/53E02/2015/157,Mandi,Bagi village road,31.616722,77.065,Rock cum debris   Slide,NA,
5931,HP/MAN/53E02/2015/158,Mandi,Bagi village road,31.616722,77.065,Rock cum debris   Slide,NA,
5932,HP/KUL/53E06/2016/113,Kullu,Dogri,31.617,77.435,Rock              Slide,NA,
5933,HP/MAN/53E02/2015/159,Mandi,Bagi village road,31.617222,77.065333,Rock cum debris   Slide,NA,
5934,HP/MAN/53E06/2016/8,Mandi,Pokhri,31.619448,77.295793,Debris            Slide,NA,
5935,HP/KUL/53E06/2016/112,Kullu,Trilokpur,31.620144,77.338613,Rock              Fall,NA,
5936,HP/MAN/53A14/2015/302,Mandi,"Gadwahan,SH 32",31.620517,76.82528,Debris            Slide,NA,
5937,HP/MAN/53E02/2015/209,Mandi,Larji-Sainj road,31.621111,77.192722,Rock cum debris   Slide,NA,
5938,HP/MAN/53E02/2015/161,Mandi,Bagi village road,31.621139,77.06725,Rock cum debris   Slide,NA,
5939,HP/MAN/53E02/2015/162,Mandi,Bagi village road,31.621139,77.06725,Rock cum debris   Slide,NA,
5940,HP/MAN/53E02/2015/160,Mandi,Bagi village road,31.621333,77.067417,Rock cum debris   Slide,NA,
5941,HP/MAN/53A14/2015/300,Mandi,"Gadwahan,SH 32",31.621698,76.825154,Rock,Slide,2010
5942,HP/MAN/53A14/2015/301,Mandi,"Gadwahan,SH 32",31.621741,76.825403,Debris            Slide,NA,
5943,HP/MAN/53E02/2015/210,Mandi,Larji-Sainj road,31.621861,77.190667,Rock cum debris   Slide,NA,
5944,HP/MAN/53E02/2015/204,Mandi,Bajaura Mandi road,31.623806,77.19325,Debris            Slide,NA,
5945,HP/MAN/53E02/2015/205,Mandi,,31.623806,77.19325,Debris            Slide,NA,
5946,HP/MAN/53E02/2015/206,Mandi,,31.623806,77.19325,Debris            Slide,NA,
5947,HP/MAN/53E02/2015/207,Mandi,Larji-Sainj road,31.623806,77.19325,Debris            Slide,NA,
5948,HP/MAN/53E02/2015/208,Mandi,Larji-Sainj road,31.623806,77.19325,Debris            Slide,NA,
5949,HP/MAN/53E06/2016/56,Mandi,Khalwan P.F.,31.625492,77.282702,Debris            Slide,NA,
5950,HP/KUL/53E06/2016/106,Kullu,Khuladhar,31.626379,77.337103,Rock              Slide,NA,
5951,HP/KUL/53E06/2016/107,Kullu,Khuladhar,31.626831,77.332954,Rock              Slide,NA,
5952,HP/KUL/53E06/2016/9,Kullu,Kandhari,31.629,77.435,Debris            Slide,NA,
5953,HP/MAN/53A14/2015/293,Mandi,"Sapur,SH 32",31.629626,76.852282,Rock              Slide,NA,
5954,HP/MAN/53E02/2015/163,Mandi,Bagi village road,31.632028,77.074167,Debris            Slide,NA,
5955,HP/MAN/53E02/2015/167,Mandi,Bagi village road,31.633944,77.102167,Debris            Slide,NA,
5956,HP/HAM/53A09/2018/9,Hamirpur,SUJANPUR - KHAIRA ROAD,31.634028,76.517917,Debris            Slide,NA,
5957,HP/MAN/53E06/2016/16,Mandi,Kathangarh nala,31.634836,77.285125,Rock cum debris   Slide,NA,
5958,HP/MAN/53A14/2015/294,Mandi,"Balhl,SH 32",31.635553,76.843915,Rock              Slide,NA,
5959,HP/MAN/53A14/2015/295,Mandi,"East of Rewalsar,SH 32",31.636746,76.841414,Rock,Slide,2013
5960,HP/MAN/53E02/2015/202,Mandi,,31.637361,77.132417,Debris            Slide,NA,
5961,HP/MAN/53E02/2015/203,Mandi,,31.637361,77.132417,Debris            Slide,NA,
5962,HP/MAN/53A10/2018/10,Mandi,,31.638361,76.734028,Debris            Slide,NA,
5963,HP/MAN/53A14/2015/340,Mandi,North of Rewalsar,31.639253,76.833769,Rock              Slide,NA,
5964,HP/KUL/53E06/2016/104,Kullu,East of Khanethi,31.63961,77.306305,Rock cum debris   Slide,NA,
5965,HP/MAN/53E02/2015/164,Mandi,Bagi village road,31.640056,77.063361,Debris            Slide,NA,
5966,HP/MAN/53A14/2015/292,Mandi,"NE of Gahor, SH32",31.642319,76.874738,Rock              Slide,NA,
5967,HP/KUL/53E06/2016/75,Kullu,Rupa,31.642571,77.388943,Rock,Slide,1905
5968,HP/KUL/53E06/2016/76,Kullu,Nagini,31.643,77.405,Rock              Slide,NA,
5969,HP/KUL/53E06/2016/74,Kullu,Rupa,31.643344,77.389657,Rock,Fall,1905
5970,HP/MAN/53E02/2015/166,Mandi,Bagi village road,31.643639,77.056056,Debris            Slide,NA,
5971,HP/KUL/53E06/2016/26,Kullu,N of Gushaini,31.644202,77.436883,Debris            Slide,NA,
5972,HP/MAN/53E02/2015/165,Mandi,Bagi village road,31.644528,77.061111,Debris            Slide,NA,
5973,HP/KUL/53E06/2016/13,Kullu,Pali,31.645047,77.370674,Debris            Subsidence,NA,
5974,HP/MAN/53E02/2015/201,Mandi,,31.645556,77.131389,Debris            Slide,NA,
5975,HP/MAN/53A14/2015/290,Mandi,Hawani,31.646,76.883,Debris            Slide,NA,
5976,HP/MAN/53E02/2015/200,Mandi,,31.646056,77.130111,Debris            Slide,NA,
5977,HP/MAN/53E02/2015/199,Mandi,,31.646167,77.129333,Debris            Slide,NA,
5978,HP/MAN/53E02/2015/198,Mandi,,31.646389,77.128361,Debris            Slide,NA,
5979,HP/KUL/53E06/2016/77,Kullu,Muringa P.F.,31.646668,77.398615,Rock,Slide,1905
5980,HP/KUL/53E06/2016/48,Kullu,Sharandhar,31.646676,77.359055,Debris            Subsidence,NA,
5981,HP/UNA/53A02/2018/23,Una,"Gagret Juice factory slide Gagret, NH 3",31.647292,76.038832,Rock cum debris   Slide,NA,
5982,HP/KUL/53E06/2016/130,Kullu,Kaluropa,31.647446,77.368624,Rock              Slide,NA,
5983,HP/KUL/53E06/2016/51,Kullu,"Banjar,NH 305",31.647569,77.348753,Debris,Subsidence,2010
5984,HP/KUL/53E06/2016/73,Kullu,Maringa,31.648335,77.396785,Rock,Fall,1905
5985,HP/UNA/53A02/2018/14,Una,West of Gagret,31.648778,76.033907,Rock cum debris   Slide,NA,
5986,HP/MAN/53E02/2015/195,Mandi,,31.648889,77.123333,Debris            Slide,NA,
5987,HP/MAN/53E02/2015/196,Mandi,,31.648889,77.123333,Debris            Slide,NA,
5988,HP/MAN/53E02/2015/197,Mandi,,31.648889,77.123333,Debris            Slide,NA,
5989,HP/KUL/53E06/2016/126,Kullu,Paniali,31.649041,77.334064,Debris,Slide,2011
5990,HP/UNA/53A02/2018/15,Una,West of Gagret,31.649169,76.034143,Rock cum debris   Slide,NA,
5991,HP/MAN/53E02/2015/192,Mandi,Village road,31.64925,77.122333,Debris            Slide,NA,
5992,HP/MAN/53E02/2015/193,Mandi,Village road,31.64925,77.122333,Debris            Slide,NA,
5993,HP/MAN/53E02/2015/194,Mandi,,31.64925,77.122333,Debris            Slide,NA,
5994,HP/KUL/53E06/2016/41,Kullu,N of Bulbagi,31.649357,77.384288,Rock,Slide,2002
5995,HP/UNA/53A02/2018/16,Una,West of Gagret,31.649648,76.034221,Rock cum debris   Slide,NA,
5996,HP/KUL/53E06/2016/87,Kullu,Shail,31.649819,77.376705,Rock              Fall,NA,
5997,HP/KUL/53E06/2016/17,Kullu,"Paniali, NH 305",31.650968,77.337406,Debris,Subsidence,1996
5998,HP/MAN/53A14/2015/291,Mandi,"Chachol,SH 32, milestone 12",31.651689,76.880553,Rock              Slide,NA,
5999,HP/MAN/53E02/2015/187,Mandi,Village road,31.652056,77.120889,Debris            Slide,NA,
6000,HP/MAN/53E02/2015/188,Mandi,Village road,31.652056,77.123333,Debris            Slide,NA,
6001,HP/MAN/53E02/2015/189,Mandi,Village road,31.652056,77.123333,Debris            Slide,NA,
6002,HP/MAN/53E02/2015/190,Mandi,Village road,31.652056,77.123333,Debris            Slide,NA,
6003,HP/MAN/53E02/2015/191,Mandi,Village road,31.652056,77.123333,Debris            Slide,NA,
6004,HP/MAN/53E02/2015/186,Mandi,Village road,31.652778,77.113944,Debris            Slide,NA,
6005,HP/KUL/53E06/2016/95,Kullu,Khamirara,31.652992,77.30146,Rock              Slide,NA,
6006,HP/MAN/53E02/2015/184,Mandi,,31.653028,77.117917,Rock cum debris   Slide,NA,
6007,HP/KUL/53E06/2016/21,Kullu,N of Bulbagi,31.653166,77.385799,Rock,Slide,2000
6008,HP/MAN/53E02/2015/182,Mandi,,31.653167,77.119861,Rock cum debris   Slide,NA,
6009,HP/MAN/53E02/2015/185,Mandi,,31.653389,77.115833,Debris            Slide,NA,
6010,HP/KUL/53E06/2016/20,Kullu,N of Bulbagi,31.654348,77.385958,Rock,Slide,2003
6011,HP/MAN/53E02/2015/183,Mandi,,31.655083,77.108139,Rock cum debris   Slide,NA,
6012,HP/MAN/53E06/2016/88,Mandi,Maringa,31.655175,77.394371,Rock              Fall,NA,
6013,HP/KUL/53E06/2016/128,Kullu,N of Shikari P.F.,31.655944,77.317632,Rock cum debris   Slide,NA,
6014,HP/MAN/53E02/2015/122,Mandi,,31.656333,77.102417,Debris            Slide,NA,
6015,HP/MAN/53E06/2016/89,Mandi,Maringa,31.657352,77.389573,Rock              Fall,NA,
6016,HP/MAN/53E02/2015/168,Mandi,#N/A #N/A,31.657861,77.102667,Debris            Slide,NA,
6017,HP/MAN/53E02/2015/123,Mandi,Lag valley,31.657889,77.102667,Rock cum debris   Slide,NA,
6018,HP/KUL/53E06/2016/86,Kullu,N of Sharai,31.658059,77.329405,Rock              Slide,NA,
6019,HP/KUL/53E06/2016/45,Kullu,Sapnil,31.659024,77.387225,Rock              Slide,NA,
6020,HP/MAN/53E02/2015/170,Mandi,Bagi village road,31.659278,77.1045,Debris            Slide,NA,
6021,HP/MAN/53E02/2015/169,Mandi,Bagi village road,31.659333,77.103639,Debris            Slide,NA,
6022,HP/MAN/53E02/2015/124,Mandi,Lag valley,31.659639,77.10275,Rock cum debris   Slide,NA,
6023,HP/KUL/53E06/2016/122,Kullu,N of Ropa,31.659997,77.329747,Rock              Slide,NA,
6024,HP/MAN/53E06/2016/10,Mandi,Bochhari,31.661163,77.294513,Rock              Slide,NA,
6025,HP/MAN/53A14/2015/296,Mandi,"Mandlog,Near milestone 8 of",31.662,76.901,Rock              Slide,NA,
6026,HP/MAN/53A14/2015/297,Mandi,"Mandlog,Near milestone 8 of",31.662,76.901,Rock              Slide,NA,
6027,HP/MAN/53A14/2015/298,Mandi,"Mandlog,Near milestone 8 of",31.662,76.901,Rock              Slide,NA,
6028,HP/MAN/53A14/2015/299,Mandi,"Mandlog,Near milestone 8 of",31.662,76.901,Rock              Slide,NA,
6029,HP/MAN/53E02/2015/171,Mandi,Bagi village road,31.662639,77.097361,Debris            Slide,NA,
6030,HP/MAN/53E02/2015/173,Mandi,,31.662917,77.096917,Debris            Slide,NA,
6031,HP/MAN/53E02/2015/125,Mandi,Lag valley,31.662944,77.096861,Rock cum debris   Slide,NA,
6032,HP/MAN/53E02/2015/119,Mandi,Lag valley,31.663333,77.095833,Debris            Slide,NA,
6033,HP/MAN/53E02/2015/120,Mandi,Lag valley,31.663333,77.095833,Debris            Slide,NA,
6034,HP/KUL/53E06/2016/84,Kullu,Gushala,31.664198,77.33112,Rock              Slide,NA,
6035,HP/KUL/53E06/2016/14,Kullu,S of Ghatghar,31.664402,77.335612,Rock              Slide,NA,
6036,HP/MAN/53E02/2015/175,Mandi,,31.664722,77.097333,Debris            Slide,NA,
6037,HP/MAN/53E02/2015/174,Mandi,,31.664833,77.099444,Debris            Slide,NA,
6038,HP/MAN/53E06/2016/15,Mandi,S of Bauni,31.665344,77.29937,Debris            Slide,NA,
6039,HP/MAN/53E02/2015/172,Mandi,Bagi village road,31.665444,77.097361,Debris            Slide,NA,
6040,HP/KUL/53E06/2016/118,Kullu,"Manglaur, NH 305",31.665695,77.308252,Rock cum debris   Slide,NA,
6041,HP/MAN/53E06/2016/27,Mandi,Bauni,31.666007,77.299401,Debris            Slide,NA,
6042,HP/MAN/53E02/2015/181,Mandi,,31.666667,77.086778,Rock cum debris   Slide,NA,
6043,HP/KIN/53I06/2018/2,Kinnaur,North of Spellow,31.667555,78.459116,Rock              Slide,NA,
6044,HP/MAN/53E06/2016/50,Mandi,"N of Thanal, NH 305",31.667562,77.302261,Debris            Slide,NA,
6045,HP/MAN/53E02/2015/177,Mandi,Near Bagi,31.668472,77.090667,Debris            Slide,NA,
6046,HP/MAN/53E02/2015/180,Mandi,,31.668472,77.088333,Rock cum debris   Slide,NA,
6047,HP/MAN/53E02/2015/176,Mandi,,31.668472,77.090667,Debris            Slide,NA,
6048,HP/MAN/53E02/2015/121,Mandi,Lag valley,31.668556,77.088389,Debris            Slide,NA,
6049,HP/MAN/53E02/2015/178,Mandi,,31.669,77.088417,Debris            Slide,NA,
6050,HP/MAN/53E02/2015/179,Mandi,,31.669333,77.087611,Rock cum debris   Slide,NA,
6051,HP/KUL/53E06/2016/83,Kullu,Manjan,31.671199,77.307046,Rock              Fall,NA,
6052,HP/KUL/53E06/2016/117,Kullu,S of Manglaur,31.671695,77.315732,Rock              Slide,NA,
6053,HP/MAN/53A14/2015/347,Mandi,"Gaira,NH 21",31.671841,76.946194,Rock              Slide,NA,
6054,HP/KUL/53E06/2016/116,Kullu,Manglaur P.F,31.672504,77.316062,Rock,Slide,1996
6055,HP/KUL/53E06/2016/109,Kullu,N of Ghatghar,31.67328,77.335502,Rock              Fall,NA,
6056,HP/KUL/53E06/2016/110,Kullu,N of Ghatghar,31.673458,77.337767,Rock              Fall,NA,
6057,HP/MAN/53E06/2016/49,Mandi,"Dari,NH 305",31.674453,77.29229,Debris            Subsidence,NA,
6058,HP/KUL/53E06/2016/66,Kullu,Ritua,31.675502,77.301262,Rock              Slide,NA,
6059,HP/MAN/53A14/2015/341,Mandi,Salhaini,31.6757,76.809728,Rock cum debris   Slide,NA,
6060,HP/KUL/53E06/2016/108,Kullu,Ritua,31.676184,77.300374,Rock cum debris   Slide,NA,
6061,HP/MAN/53A14/2015/342,Mandi,Salhaini,31.676802,76.810506,Debris            Slide,NA,
6062,HP/MAN/53E02/2015/108,Mandi,Lag valley,31.677778,77.078417,Debris            Slide,NA,
6063,HP/MAN/53E02/2015/107,Mandi,Lag valley,31.678222,77.080639,Rock              Slide,NA,
6064,HP/MAN/53E02/2015/106,Mandi,Lag valley,31.679111,77.081333,Debris            Slide,NA,
6065,HP/KUL/53E06/2016/69,Kullu,N of Ritua,31.680469,77.297479,Rock              Slide,NA,
6066,HP/MAN/53E02/2015/105,Mandi,Lag valley,31.6805,77.083333,Debris            Slide,NA,
6067,HP/MAN/53E02/2015/109,Mandi,Lag valley,31.681194,77.086194,Rock              Fall,NA,
6068,HP/MAN/53E2/2017/02,Mandi,Deod slide NH-21 (Near Deod Village):,31.681417,77.086611,Rock cum debris,Slide,2017
6069,HP/MAN/53E02/2015/111,Mandi,Lag valley,31.681611,77.08675,Debris            Slide,NA,
6070,HP/MAN/53E02/2015/229,Mandi,Bhawash road,31.683639,77.077528,Rock cum debris   Slide,NA,
6071,HP/MAN/53E02/2015/226,Mandi,Bhawash road,31.684111,77.084194,Rock cum debris   Slide,NA,
6072,HP/MAN/53E2/2017/07,Mandi,Deod-Jogini stretch of NH-21 NH-21 (Along Deod-Jogini,31.684417,77.097278,Rock,Fall,2017
6073,HP/MAN/53E02/2015/227,Mandi,Bhawash road,31.684556,77.081944,Rock cum debris   Slide,NA,
6074,HP/MAN/53E02/2015/228,Mandi,Bhawash road,31.684611,77.080417,Rock cum debris   Slide,NA,
6075,HP/MAN/53E06/2016/111,Mandi,Trilokpur,31.686235,77.336237,Rock              Fall,NA,
6076,HP/MAN/53A14/2015/289,Mandi,"South of pajnet,SH 32",31.686664,76.917529,Rock              Slide,NA,
6077,HP/KUL/53E06/2016/60,Kullu,N OF Gopalpur,31.687348,77.304498,Rock cum debris   Slide,NA,
6078,HP/KUL/53E06/2016/67,Kullu,Bunga,31.688004,77.295602,Rock              Slide,NA,
6079,HP/MAN/53E02/2015/230,Mandi,Bhawash road,31.689194,77.084639,Rock cum debris   Slide,NA,
6080,HP/MAN/53E02/2015/231,Mandi,Bajaura-Mandi road,31.689194,77.084639,Debris            Slide,NA,
6081,HP/MAN/53E02/2015/232,Mandi,Bajaura-Mandi road,31.689194,77.085861,Debris            Slide,NA,
6082,HP/MAN/53E02/2015/233,Mandi,Batheri road,31.689361,77.086111,Debris            Slide,NA,
6083,HP/MAN/53E02/2015/234,Mandi,Batheri road,31.689389,77.086389,Debris            Slide,NA,
6084,HP/MAN/53A14/2015/288,Mandi,"Pajnet,SH 32",31.689432,76.920244,Rock,Slide,2013
6085,HP/KUL/53E06/2016/70,Kullu,N of Gopalpur,31.690113,77.309254,Rock              Slide,NA,
6086,HP/MAN/53E02/2015/113,Mandi,Lag valley,31.690528,77.249583,Debris            Slide,NA,
6087,HP/KUL/53E06/2016/115,Kullu,Bali Chowki,31.690583,77.287577,Rock,Fall,1970
6088,HP/KUL/53E06/2016/105,Kullu,N of Bunga,31.69067,77.298183,Rock              Slide,NA,
6089,HP/MAN/53E02/2015/110,Mandi,Lag valley,31.691889,77.131306,Debris            Slide,NA,
6090,HP/KUL/53E06/2016/71,Kullu,N of Gopalpur,31.69202,77.307156,Rock              Slide,NA,
6091,HP/KUL/53E06/2016/85,Kullu,Gopalpur,31.692183,77.316717,Rock              Slide,NA,
6092,HP/MAN/53A14/2015/287,Mandi,"South of Mandi, SH 32",31.692658,76.92238,Rock,Slide,2010
6093,HP/MAN/53E02/2015/104,Mandi,Lag valley,31.694167,77.15,Rock cum debris   Subsidence,NA,
6094,HP/MAN/53E02/2015/112,Mandi,Lag valley,31.694472,77.139361,Debris            Slide,NA,
6095,HP/KUL/53E06/2016/93,Kullu,NW of Bali,31.695367,77.279277,Debris            Slide,NA,
6096,HP/MAN/53E2/2017/03,Mandi,Dwada landslide Dwada [231/370 to NH-21 (Along Deod - Hanogi -,31.695978,77.15105,Rock,Fall,2014
6097,HP/MAN/53A14/2015/351,Mandi,"Chanaun,NH 70,Milestone 255",31.697959,76.908971,Rock              Slide,NA,
6098,HP/MAN/53A14/2015/286,Mandi,"South of Mandi, NH 70",31.698194,76.933262,Rock              Slide,NA,
6099,HP/KUL/53E06/2016/135,Kullu,N of Chakurtha,31.699286,77.279789,Rock              Slide,NA,
6100,HP/MAN/53A10/2018/11,Mandi,NH-70,31.699889,76.721444,Debris            Slide,NA,
6101,HP/KUL/53E06/2016/94,Kullu,W of Chakurtha,31.700061,77.277516,Debris            Slide,NA,
6102,HP/MAN/53E02/2015/116,Mandi,Lag valley,31.700667,77.221361,Debris            Slide,NA,
6103,HP/MAN/53E02/2015/117,Mandi,Lag valley,31.700667,77.221361,Debris            Slide,NA,
6104,HP/MAN/53E02/2015/118,Mandi,Lag valley,31.700667,77.221361,Debris            Slide,NA,
6105,HP/MAN/53E02/2015/103,Mandi,,31.701028,77.171694,Debris            Slide,NA,
6106,HP/MAN/53E02/2015/102,Mandi,Lag valley,31.701667,77.178639,Debris            Slide,NA,
6107,HP/KUL/53E06/2016/123,Kullu,Narauli,31.701949,77.319429,Rock cum debris   Slide,NA,
6108,HP/KUL/53E06/2016/103,Kullu,SE of Hurla,31.702517,77.276447,Rock              Slide,NA,
6109,HP/KUL/53E06/2016/102,Kullu,S of Phagwana,31.702782,77.279069,Rock              Slide,NA,
6110,HP/MAN/53E02/2015/114,Mandi,Lag valley,31.704,77.231806,Debris            Slide,NA,
6111,HP/KUL/53E06/2016/137,Kullu,S of Phagwana,31.705029,77.277393,Rock              Slide,NA,
6112,HP/KUL/53E06/2016/138,Kullu,S of Phagwana,31.705029,77.277393,Rock              Slide,NA,
6113,HP/MAN/53A14/2015/284,Mandi,Ropar,31.707092,76.961163,Debris            Slide,NA,
6114,HP/MAN/53E02/2015/101,Mandi,,31.707222,77.186333,Debris            Slide,NA,
6115,HP/MAN/53A14/2015/283,Mandi,Ropar,31.707344,76.960861,Rock              Slide,NA,
6116,HP/KUL/53E06/2016/33,Kullu,S of Baraul,31.707404,77.310826,Rock cum debris   Slide,NA,
6117,HP/MAN/53A14/2015/282,Mandi,Ropar,31.707873,76.960214,Rock              Slide,NA,
6118,HP/MAN/53E06/2016/132,Mandi,N of Deola P.F.,31.707948,77.262142,Rock              Slide,NA,
6119,HP/MAN/53E06/2016/131,Mandi,N of Deoli P.F.,31.708001,77.260396,Rock              Slide,NA,
6120,HP/MAN/53E06/2016/52,Mandi,"Deoli, NH 305",31.708234,77.258438,Rock,Slide,1990
6121,HP/MAN/53E2/2017/06,Mandi,Vrindavani 206/130Km to 206/160Km on,31.708611,76.986944,Rock,Fall,2016
6122,HP/MAN/53E06/2016/57,Mandi,South of Dhamta,31.708658,77.252649,Rock,Slide,1996
6123,HP/MAN/53E06/2016/31,Mandi,S of Dhamta,31.708658,77.252649,Rock              Slide,NA,
6124,HP/MAN/53E06/2016/129,Mandi,N of Deola P.F.,31.708798,77.261661,Rock              Slide,NA,
6125,HP/MAN/53A10/2018/12,Mandi,NH-70,31.709472,76.690778,Debris            Slide,NA,
6126,HP/MAN/53A14/2015/281,Mandi,Ropar,31.709882,76.958063,Rock,Slide,2000
6127,HP/LSP/53I10/2018/5,Kinnaur,South of Puh,31.70994,78.53594,Rock              Slide,NA,
6128,HP/MAN/53E06/2016/58,Mandi,South of Dhamta,31.710319,77.251154,Rock,Slide,1990
6129,HP/MAN/53E06/2016/114,Mandi,S of Dhamta,31.710319,77.251154,Rock              Slide,NA,
6130,HP/MAN/53E02/2015/115,Mandi,Lag valley,31.710639,77.218944,Debris            Slide,NA,
6131,HP/LSP/53I10/2018/1,Lahaul & Spiti,South of Puh,31.71098,78.53574,Rock              Slide,NA,
6132,HP/LSP/53I10/2018/6,Kinnaur,South of Puh,31.71104,78.53574,Rock              Slide,NA,
6133,HP/KUL/53E06/2016/54,Kullu,Chhabra P.F.,31.712599,77.251876,Rock              Slide,NA,
6134,HP/MAN/53E06/2016/34,Mandi,"Dhamta, NH 305",31.712599,77.251876,Debris            Slide,NA,
6135,HP/KUL/53E06/2016/55,Kullu,S of pinhar,31.712689,77.312981,Rock cum debris   Slide,NA,
6136,HP/MAN/53A09/2018/10,Mandi,,31.713889,76.735972,Rock              Slide,NA,
6137,HP/MAN/53A13/2015/280,Mandi,"Mandi,NH 20",31.713893,76.932461,Debris,Slide,2015
6138,HP/MAN/53E06/2016/92,Mandi,E of Dhamta,31.714005,77.259145,Rock,Slide,1990
6139,HP/MAN/53A14/2015/285,Mandi,NE of Balwara,31.714022,76.989586,Rock              Slide,NA,
6140,HP/KAN/53A09/2018/11,Kangra,Tinbar -Chadiar road,31.714611,76.603139,Debris            Slide,NA,
6141,HP/UNA/53A02/2018/25,Una,"Mubarikpur, NH 503",31.715733,76.090823,Rock              Slide,NA,
6142,HP/HAM/53A06/2018/1,Hamirpur,Nadaun-Hamirpur road,31.716975,76.469127,Debris            Slide,NA,
6143,HP/KUL/53E06/2016/78,Kullu,N of pinhar,31.718591,77.314424,Rock,Fall,2000
6144,HP/KUL/53E06/2016/79,Kullu,Pinhar,31.719117,77.312867,Rock              Fall,NA,
6145,HP/HAM/53A06/2018/6,Hamirpur,NH 70,31.71931,76.465676,Rock              Topple,NA,
6146,HP/MAN/53A14/2015/343,Mandi,North of Mandi,31.719336,76.926435,Rock              Slide,NA,
6147,HP/UNA/53A02/2018/24,Una,"Mubarikpur, NH 503",31.719758,76.092405,Rock              Slide,NA,
6148,HP/KUL/53E06/2016/61,Kullu,N of Pinhar,31.720269,77.321622,Rock              Fall,NA,
6149,HP/MAN/53A14/2015/353,Mandi,Bari,31.720272,76.928908,Debris            Slide,NA,
6150,HP/MAN/53E2/2017/05,Mandi,Khunnopari Village Hanogi-Bandi Link road (Off NH-,31.721075,77.125589,Debris,Slide,2016
6151,HP/MAN/53A14/2015/344,Mandi,North of Mandi,31.721623,76.928627,Rock cum debris   Slide,NA,
6152,HP/MAN/53E02/2015/235,Mandi,Batheri road,31.72175,77.23175,Debris            Slide,NA,
6153,HP/HAM/53A06/2018/4,Hamirpur,NH-70,31.721926,76.462374,Soil              Slide,NA,
6154,HP/MAN/53A14/2015/355,Mandi,Lehruma,31.723149,76.922245,Rock              Slide,NA,
6155,HP/MAN/53A14/2015/356,Mandi,Lehruma,31.724769,76.923178,Rock              Slide,NA,
6156,HP/MAN/53E02/2015/213,Mandi,Larji-Sainj road,31.725472,77.220556,Rock cum debris   Slide,NA,
6157,HP/MAN/53E02/2015/214,Mandi,Larji-Sainj road,31.726167,77.221444,Rock              Slide,NA,
6158,HP/MAN/53E02/2015/215,Mandi,Larji-Sainj road,31.726167,77.221444,Rock              Slide,NA,
6159,HP/MAN/53E02/2015/216,Mandi,Larji-Sainj road,31.726389,77.222278,Rock              Slide,NA,
6160,HP/MAN/53E02/2015/217,Mandi,Larji-Sainj road,31.726389,77.222278,Rock cum debris   Slide,NA,
6161,HP/MAN/53A14/2015/354,Mandi,Near Dhiun,31.726876,76.921789,Rock              Slide,NA,
6162,HP/UNA/53A02/2018/1,Una,Kewat Behr,31.728733,76.099891,Debris            Slide,NA,
6163,HP/MAN/53E02/2015/218,Mandi,Larji-Sainj road,31.729083,77.227028,Rock cum debris   Slide,NA,
6164,HP/MAN/53E02/2015/219,Mandi,Larji-Sainj road,31.729611,77.227167,Rock cum debris   Slide,NA,
6165,HP/UNA/53A02/2018/2,Una,Kewat Behr,31.732467,76.100595,Debris            Slide,NA,
6166,HP/UNA/53A02/2018/3,Una,Kewat Behr,31.732534,76.101919,Rock cum debris   Slide,NA,
6167,HP/MAN/53E02/2015/220,Mandi,Larji-Sainj road,31.733667,77.231389,Rock cum debris   Slide,NA,
6168,HP/UNA/53A02/2018/4,Una,Kewat Behr,31.734161,76.104177,Debris            Slide,NA,
6169,HP/UNA/53A02/2018/5,Una,North of Mubaraikpur,31.734251,76.104168,Rock              Slide,NA,
6170,HP/MAN/53E02/2015/221,Mandi,Larji-Sainj road,31.735944,77.232556,Rock cum debris   Slide,NA,
6171,HP/MAN/53E02/2015/211,Mandi,Larji-Sainj road,31.736167,77.234222,Rock cum debris   Slide,NA,
6172,HP/MAN/53E02/2015/212,Mandi,Larji-Sainj road,31.736167,77.234222,Rock cum debris   Slide,NA,
6173,HP/LSP/53I10/2018/4,Kinnaur,Puh,31.73658,78.58264,Rock              Slide,NA,
6174,HP/MAN/53A09/2018/12,Mandi,Bahri-Sakrain Road,31.737139,76.721722,Rock cum debris   Slide,NA,
6175,HP/MAN/53A10/2018/13,Mandi,Bahri-Sakrain Road,31.737139,76.723222,Debris            Slide,NA,
6176,HP/MAN/53A09/2018/13,Mandi,Bahri-Sakrain Road,31.738972,76.723556,Rock cum debris   Slide,NA,
6177,HP/MAN/53A09/2018/14,Mandi,Bahri-Sakrain Road,31.739167,76.723833,Rock cum debris   Slide,NA,
6178,HP/MAN/53A14/2015/339,Mandi,Boardl,31.739623,76.946106,Rock              Slide,NA,
6179,HP/MAN/53E02/2015/222,Mandi,Bhawash road,31.74,77.234778,Debris            Slide,NA,
6180,HP/LSP/53I10/2018/3,Kinnaur,Puh,31.74118,78.58567,Rock              Slide,NA,
6181,HP/UNA/53A02/2018/6,Una,Near Mubarikpur,31.741267,76.106903,Rock              Slide,NA,
6182,HP/MAN/53E02/2015/223,Mandi,Bhawash road,31.742333,77.2375,Debris            Slide,NA,
6183,HP/MAN/53E02/2015/224,Mandi,Bhawash road,31.743139,77.238444,Debris            Slide,NA,
6184,HP/MAN/53E02/2015/225,Mandi,Bhawash road,31.743139,77.238444,Debris            Slide,NA,
6185,HP/KAN/53A05/2018/16,Hamirpur,SBI GUEST HOUSE,31.74391,76.302018,Debris            Slide,NA,
6186,HP/LSP/53I10/2018/2,Kinnaur,Puh,31.74414,78.58896,Rock cum debris   Slide,NA,
6187,HP/MAN/53A14/2015/337,Mandi,East of Runjh,31.748076,76.959595,Rock              Slide,NA,
6188,HP/MAN/53A14/2015/338,Mandi,West of Runjh,31.748235,76.940026,Debris            Slide,NA,
6189,HP/MAN/53E01/2015/5,Mandi,NH21,31.748389,77.209333,Debris,Slide,2011
6190,HP/MAN/53A14/2015/336,Mandi,East of Runjh,31.748416,76.960128,Rock              Slide,NA,
6191,HP/MAN/53A13/2015/272,Mandi,Gomnun,31.750012,76.937815,Debris            Slide,NA,
6192,HP/MAN/53A13/2015/245,Mandi,"Lawari,NH 20",31.750014,76.943176,Rock              Slide,NA,
6193,HP/MAN/53A13/2015/244,Mandi,"Lawari,NH 20",31.750285,76.943483,Rock              Slide,NA,
6194,HP/KIN/53I09/2018/1,Kinnaur,Pooh,31.75099,78.59043,Debris            Slide,NA,
6195,HP/MAN/53A13/2015/271,Mandi,Runjh,31.751277,76.950159,Debris            Slide,NA,
6196,HP/KIN/53I09/2018/4,Kinnaur,Puh,31.75142,78.59014,Rock cum debris   Slide,NA,
6197,HP/MAN/53A13/2015/270,Mandi,Barin,31.752089,76.964182,Rock              Slide,NA,
6198,HP/KAN/53A09/2018/15,Kangra,,31.75225,76.726472,Rock              Slide,NA,
6199,HP/MAN/53A09/2018/16,Mandi,NH-70,31.752278,76.726778,Rock              Slide,NA,
6200,HP/MAN/53A13/2015/45,Mandi,Barin,31.752593,76.964405,Rock              Slide,NA,
6201,HP/BIL/53A09/2018/17,Bilaspur,SH04,31.753139,76.726861,Rock              Slide,NA,
6202,HP/UNA/53A01/2018/36,Una,Near Kaloha,31.753613,76.205924,Rock cum debris   Slide,NA,
6203,HP/MAN/53A13/2015/17,Mandi,"Near Kotli,NH 70",31.754244,76.875833,Rock              Slide,NA,
6204,HP/MAN/53A13/2015/243,Mandi,"Mattha Neol,NH 20",31.754832,76.9431,Rock cum debris   Slide,NA,
6205,HP/MAN/53E01/2015/37,Mandi,,31.754861,77.108722,Rock              Slide,NA,
6206,HP/BIL/53A09/2018/18,Bilaspur,NH 70,31.755194,76.727917,Rock              Slide,NA,
6207,HP/BIL/53A09/2018/19,Bilaspur,SH-05,31.755528,76.728083,Rock              Slide,NA,
6208,HP/MAN/53A13/2015/253,Mandi,Katindi,31.757229,76.971166,Rock              Slide,NA,
6209,HP/MAN/53A13/2015/255,Mandi,Katindi,31.757975,76.971681,Rock              Fall,NA,
6210,HP/HAM/53A09/2018/20,Hamirpur,SH-05,31.758,76.727833,Rock              Slide,NA,
6211,HP/MAN/53A13/2015/254,Mandi,Katindi,31.758261,76.972231,Rock              Fall,NA,
6212,HP/MAN/53A13/2015/273,Mandi,Dhanara,31.759119,76.934537,Debris            Slide,NA,
6213,HP/HAM/53A09/2018/21,Hamirpur,SH 04,31.759139,76.747167,Debris            Slide,NA,
6214,HP/HAM/53A09/2018/22,Hamirpur,SH 04,31.759194,76.746972,Debris            Slide,NA,
6215,HP/HAM/53A09/2018/23,Hamirpur,SUJANPUR - KHAIRA ROAD,31.759222,76.728361,Rock cum debris   Slide,NA,
6216,HP/MAN/53A13/2015/256,Mandi,Katindi,31.759274,76.973743,Rock              Slide,NA,
6217,HP/MAN/53A13/2015/274,Mandi,Dhanara,31.760431,76.92871,Rock              Slide,NA,
6218,HP/MAN/53A13/2015/257,Mandi,Katindi,31.760498,76.974511,Rock              Slide,NA,
6219,HP/MAN/53A13/2015/242,Mandi,"Mattha Neol,NH 20",31.760618,76.946371,Debris            Slide,NA,
6220,HP/MAN/53A13/2015/258,Mandi,Katindi,31.76074,76.974272,Rock              Slide,NA,
6221,HP/MAN/53A13/2015/44,Mandi,Katindi,31.761626,76.974504,Rock              Slide,NA,
6222,HP/MAN/53A13/2015/275,Mandi,Bhaled,31.762153,76.928814,Rock              Slide,NA,
6223,HP/MAN/53A13/2015/18,Mandi,"North of Dhaniara,NH 70",31.76229,76.859331,Rock              Slide,NA,
6224,HP/HAM/53A09/2018/24,Hamirpur,NH-70,31.762528,76.734139,Rock cum debris   Slide,NA,
6225,HP/HAM/53A09/2018/25,Hamirpur,SH-05,31.762528,76.735417,Rock cum debris   Slide,NA,
6226,HP/MAN/53A13/2015/19,Mandi,"South of Neal,NH 20,milestone",31.762539,76.946019,Rock              Slide,NA,
6227,HP/HAM/53A09/2018/26,Hamirpur,SUJANPUR - KHAIRA ROAD,31.762611,76.736472,Rock cum debris   Slide,NA,
6228,HP/HAM/53A09/2018/27,Hamirpur,SUJANPUR - KHAIRA ROAD,31.762861,76.737333,Rock cum debris   Slide,NA,
6229,HP/MAN/53A13/2015/20,Mandi,"Palaut,NH 20",31.763238,76.948632,Rock              Slide,NA,
6230,HP/HAM/53A09/2018/28,Hamirpur,SUJANPUR - KHAIRA ROAD,31.763278,76.738389,Rock cum debris   Slide,NA,
6231,HP/MAN/53A13/2015/240,Mandi,"South of Palaut,NH 20",31.763831,76.948828,Rock              Slide,NA,
6232,HP/MAN/53A13/2015/241,Mandi,"South of Palaut,NH 20",31.763848,76.949044,Rock              Slide,NA,
6233,HP/MAN/53A13/2015/137,Mandi,"East of Kamla Dev,NH 70",31.764087,76.857922,Rock              Slide,NA,
6234,HP/HAM/53A05/2018/58,Hamirpur,NADAUN-SUJANPUR ROAD,31.76415,76.3827,Debris            Slide,NA,
6235,HP/MAN/53A13/2015/278,Mandi,Hyun P.F,31.76419,76.87531,Rock              Slide,NA,
6236,HP/HAM/53A05/2018/59,Hamirpur,NADAUN-SUJANPUR ROAD,31.76433,76.38332,Debris            Slide,NA,
6237,HP/MAN/53A13/2015/43,Mandi,Katindi,31.764695,76.975389,Rock              Slide,NA,
6238,HP/MAN/53A13/2015/42,Mandi,Katindi,31.765058,76.975146,Rock              Slide,NA,
6239,HP/HAM/53A05/2018/60,Hamirpur,,31.76506,76.38434,Rock cum debris   Slide,NA,
6240,HP/KAN/53A01/2018/35,Kangra,"Kaloha, NH 70",31.76548,76.22247,Rock cum debris   Slide,NA,
6241,HP/MAN/53A13/2015/140,Mandi,"Neal,NH 20",31.76618,76.942201,Rock              Slide,NA,
6242,HP/KAN/53A05/2018/51,Kangra,,31.76628,76.31015,Debris            Slide,NA,
6243,HP/MAN/53A13/2015/139,Mandi,"Neal,NH 20,below power line",31.766298,76.941712,Rock              Slide,NA,
6244,HP/MAN/53A13/2015/269,Mandi,Katindi,31.766514,76.974069,Rock              Slide,NA,
6245,HP/MAN/53A13/2015/138,Mandi,"Near Ropru,NH 70",31.767487,76.845422,Rock cum debris   Slide,NA,
6246,HP/MAN/53A13/2015/268,Mandi,South of Kamand,31.767924,76.974757,Rock              Slide,NA,
6247,HP/KAN/53A01/2018/34,Kangra,"Kaloha, NH 70",31.768258,76.223122,Debris            Slide,NA,
6248,HP/MAN/53A13/2015/267,Mandi,Kamand,31.770193,76.976144,Rock              Slide,NA,
6249,HP/MAN/53E01/2015/13,Mandi,,31.770444,77.174167,Rock cum debris   Slide,NA,
6250,HP/HAM/53A5/2018/44,Hamirpur,RANGUS ROAD,31.771056,76.341714,Rock cum debris   Slide,NA,
6251,HP/MAN/53A13/2015/266,Mandi,Kamand,31.771136,76.978518,Debris,Slide,2014
6252,HP/KUL/53E01/2015/15,Kullu,,31.7715,77.18,Rock cum debris   Slide,NA,
6253,HP/MAN/53A13/2015/252,Mandi,Matrer,31.772,76.951,Debris            Slide,NA,
6254,HP/MAN/53A13/2015/265,Mandi,Kamand,31.77203,76.979781,Rock              Slide,NA,
6255,HP/MAN/53A13/2015/279,Mandi,SW of Dhar,31.77233,76.89217,Debris            Slide,NA,
6256,HP/KAN/53A05/2018/62,Kangra,DHARAMKOT,31.77308,76.44298,Debris            Slide,NA,
6257,HP/MAN/53A13/2015/264,Mandi,Kamand,31.773241,76.980644,Debris            Slide,NA,
6258,HP/KAN/53A05/2018/57,Kangra,,31.77341,76.29802,Debris            Slide,NA,
6259,HP/MAN/53A13/2015/263,Mandi,Kamand,31.773674,76.980941,Rock              Slide,NA,
6260,HP/MAN/53A13/2015/26,Mandi,"Chautite,NH 20",31.7739,76.93826,Debris            Slide,NA,
6261,HP/MAN/53E01/2015/14,Mandi,,31.773944,77.168028,Rock cum debris   Slide,NA,
6262,HP/KAN/52A05/2018/68,Kangra,,31.77407,76.29683,Debris            Slide,NA,
6263,HP/HAM/53A05/2018/64,Hamirpur,,31.77419,76.443457,Rock cum debris   Slide,NA,
6264,HP/KAN/52D08/2018/33,Kangra,,31.77477,76.29727,Rock cum debris   Slide,NA,
6265,HP/KAN/53A05/2018/61,Kangra,,31.77485,76.29738,Debris            Slide,NA,
6266,HP/MAN/53E01/2015/3,Mandi,NH21,31.775694,77.198417,Debris            Slide,NA,
6267,HP/HAM/53A09/2018/29,Hamirpur,Sivnagar - Bhauda road,31.77575,76.743139,Debris            Slide,NA,
6268,HP/MAN/53A13/2015/262,Mandi,Kamand,31.775934,76.982092,Rock              Slide,NA,
6269,HP/HAM/53A09/2018/30,Hamirpur,Sivnagar - Kotlu road,31.776139,76.743194,Debris            Slide,NA,
6270,HP/HAM/53A05/2018/21,Hamirpur,CHOLA,31.776682,76.440489,Rock cum debris   Slide,NA,
6271,HP/HAM/53A05/2018/36,Hamirpur,,31.77679,76.434524,Debris            Slide,NA,
6272,HP/HAM/53A05/2018/35,Hamirpur,INDRUNAG Jhing,31.77735,76.4334,Rock              Slide,NA,
6273,HP/MAN/53A13/2015/261,Mandi,Kamand,31.778298,76.982619,Rock              Slide,NA,
6274,HP/MAN/53A13/2015/276,Mandi,Laswan,31.779084,76.910045,Rock              Slide,NA,
6275,HP/MAN/53A09/2018/31,Mandi,NH-70,31.779306,76.741361,Debris            Slide,NA,
6276,HP/HAM/53A05/2018/37,Hamirpur,,31.7794,76.43967,Rock              Slide,NA,
6277,HP/MAN/53A13/2015/260,Mandi,Kamand,31.779609,76.983684,Rock              Slide,NA,
6278,HP/MAN/53A13/2015/277,Mandi,Laswan,31.779755,76.909501,Rock cum debris   Slide,NA,
6279,HP/MAN/53E01/2015/36,Mandi,SH15,31.78,77.049056,Rock cum debris   Composite,NA,
6280,HP/MAN/53A10/2018/14,Mandi,NH-70,31.780333,76.653194,Debris            Slide,NA,
6281,HP/MAN/53E01/2015/35,Mandi,SH15,31.7815,77.046306,Rock              Slide,NA,
6282,HP/MAN/53E01/2015/34,Mandi,SH15,31.781639,77.078917,Rock cum debris   Composite,NA,
6283,HP/MAN/53A13/2015/259,Mandi,Salgi,31.784288,76.996579,Rock              Slide,NA,
6284,HP/MAN/53A13/2015/23,Mandi,"West of Kumharda,NH 70",31.78527,76.80095,Debris            Slide,NA,
6285,HP/MAN/53A13/2015/225,Mandi,"Riyur,NH 70",31.78619,76.75338,Debris            Slide,NA,
6286,HP/HAM/53A05/2018/38,Hamirpur,,31.78653,76.44692,Debris            Slide,NA,
6287,HP/HAM/53A05/2018/39,Hamirpur,,31.78653,76.44692,Rock cum debris   Slide,NA,
6288,HP/MAN/53E01/2015/33,Mandi,SH15,31.786667,77.073111,Debris            Slide,NA,
6289,HP/MAN/53A13/2015/102,Mandi,"Galudhar,NH 20",31.78712,76.93461,Rock cum debris   Slide,NA,
6290,HP/MAN/53E01/2015/32,Mandi,SH15,31.787194,77.071389,Rock cum debris   Slide,NA,
6291,HP/UNA/53A01/2018/16,Una,Bharwain,31.789606,76.128865,Rock              Slide,NA,
6292,HP/MAN/53A13/2015/228,Mandi,"South of Dharampur,NH",31.79043,76.75047,Debris,Slide,2000
6293,HP/MAN/53A13/2015/210,Mandi,"South of Dharampur,NH 70",31.79098,76.75106,Debris,Subsidence,2014
6294,HP/MAN/53A13/2015/209,Mandi,"South of Dharampur,NH 70",31.79115,76.75114,Rock,Slide,2000
6295,HP/KAN/53A05/2018/40,Kangra,,31.79115,76.45665,Debris            Slide,NA,
6296,HP/MAN/53E01/2015/31,Mandi,SH15,31.791333,77.064167,Rock              Slide,NA,
6297,HP/MAN/53A13/2015/226,Mandi,"Sanal,NH 70",31.79146,76.75538,Debris            Slide,NA,
6298,HP/MAN/53A13/2015/227,Mandi,"Sanal,NH 70",31.79146,76.75538,Debris            Slide,NA,
6299,HP/MAN/53A13/2015/211,Mandi,"South of Dharampur,NH 70",31.79159,76.75115,Rock,Slide,2000
6300,HP/MAN/53E01/2015/38,Mandi,,31.791833,77.203194,Rock              Slide,NA,
6301,HP/MAN/53E01/2015/30,Mandi,SH15,31.791944,77.062778,Rock              Topple,NA,
6302,HP/MAN/53A13/2015/212,Mandi,"South of Dharampur,NH 70",31.79197,76.75148,Debris,Slide,2000
6303,HP/MAN/53A13/2015/213,Mandi,"South of Dharampur,NH 70",31.79273,76.75188,Debris            Slide,NA,
6304,HP/MAN/53A13/2015/214,Mandi,"South of Dharampur, NH 70",31.79274,76.75189,Rock              Slide,NA,
6305,HP/KAN/53A05/2018/41,Kangra,,31.793001,76.455054,Rock              Slide,NA,
6306,HP/MAN/53A13/2015/215,Mandi,"South of Dharampur,NH 70",31.79379,76.75172,Rock              Slide,NA,
6307,HP/MAN/53A13/2015/216,Mandi,"South of Dharampur,NH 70",31.794,76.75171,Rock cum debris   Slide,NA,
6308,HP/MAN/53A13/2015/229,Mandi,"Malaun,NH 70",31.79407,76.7869,Rock cum debris   Slide,NA,
6309,HP/MAN/53A13/2015/217,Mandi,"South of Dharampur,NH 70",31.79427,76.75169,Rock cum debris   Slide,NA,
6310,HP/KAN/53A05/2018/49,Kangra,MANJHI CHAWK,31.79467,76.35727,Rock cum debris   Slide,NA,
6311,HP/MAN/53A13/2015/24,Mandi,"Bataur,NH 70",31.79484,76.80924,Debris            Slide,NA,
6312,HP/KAN/53A05/2018/50,Kangra,,31.795159,76.342814,Debris            Slide,NA,
6313,HP/MAN/53A13/2015/218,Mandi,"South of Dharampur,NH 70",31.7966,76.75507,Rock              Slide,NA,
6314,HP/MAN/53A13/2015/219,Mandi,"South of Dharampur,NH 70",31.7966,76.75502,Debris            Subsidence,NA,
6315,HP/MAN/53A13/2015/220,Mandi,"South of Dharampur,NH 70",31.797,76.75554,Debris            Slide,NA,
6316,HP/MAN/53A13/2015/239,Mandi,Dhalwan,31.797,76.842,Debris            Slide,NA,
6317,HP/MAN/53A13/2015/221,Mandi,"South of Dharampur,NH 70",31.79715,76.75572,Debris            Subsidence,NA,
6318,HP/KAN/53A01/2018/38,Una,South of Badhmana,31.797562,76.065885,Debris            Slide,NA,
6319,HP/UNA/53A01/2018/17,Una,South of Badhmana,31.797562,76.065885,Debris            Slide,NA,
6320,HP/MAN/53A13/2015/222,Mandi,"South of Dharampur,NH 70",31.79792,76.75648,Debris            Slide,NA,
6321,HP/MAN/53A13/2015/191,Mandi,Dharampur,31.79828,76.75102,Debris            Slide,NA,
6322,HP/MAN/53A13/2015/136,Mandi,Dharampur,31.79853,76.7522,Rock cum debris   Slide,NA,
6323,HP/MAN/53A13/2015/135,Mandi,Dharampur,31.79855,76.7515,Debris            Slide,NA,
6324,HP/MAN/53A13/2015/133,Mandi,Dharampur,31.79859,76.75138,Rock              Slide,NA,
6325,HP/MAN/53A13/2015/192,Mandi,Dharampur,31.79865,76.75331,Rock              Slide,NA,
6326,HP/MAN/53A13/2015/134,Mandi,Dharampur,31.79869,76.75179,Rock              Slide,NA,
6327,HP/MAN/53A13/2015/251,Mandi,Hallu,31.798702,76.954477,Rock              Slide,NA,
6328,HP/MAN/53E01/2015/29,Mandi,,31.799083,77.057222,Debris            Slide,NA,
6329,HP/MAN/53A13/2015/250,Mandi,Hallu,31.799102,76.954746,Rock              Slide,NA,
6330,HP/MAN/53E01/2015/97,Mandi,Hurla nala,31.799194,77.015028,Debris            Slide,NA,
6331,HP/MAN/53E01/2015/96,Mandi,Hurla nala,31.799194,77.015028,Rock              Slide,NA,
6332,HP/MAN/53A13/2015/223,Mandi,"East of Dharampur,NH 70",31.79937,76.76156,Debris            Slide,NA,
6333,HP/MAN/53A13/2015/249,Mandi,Hallu,31.799679,76.954801,Rock              Slide,NA,
6334,HP/MAN/53A13/2015/21,Mandi,"Thapra,NH 70",31.80007,76.78624,Debris            Slide,NA,
6335,HP/MAN/53E01/2015/28,Mandi,Jhanjheli-Thunag road,31.800139,77.057417,Rock              Fall,NA,
6336,HP/MAN/53A13/2015/247,Mandi,Hallu,31.800152,76.95474,Rock              Slide,NA,
6337,HP/MAN/53A13/2015/248,Mandi,Hallu,31.800237,76.955247,Rock              Slide,NA,
6338,HP/MAN/53A10/2018/15,Mandi,Hawni-Brang Road,31.800278,76.528861,Debris            Slide,NA,
6339,HP/MAN/53E01/2015/27,Mandi,,31.800722,77.058056,Debris            Slide,NA,
6340,HP/MAN/53E01/2015/26,Mandi,,31.800861,77.051111,Debris            Slide,NA,
6341,HP/MAN/53E01/2015/98,Mandi,Hurla nala,31.801278,77.015167,Debris            Slide,NA,
6342,HP/MAN/53A13/2015/224,Mandi,"Sarsikhan,NH 70",31.80137,76.76318,Debris            Slide,NA,
6343,HP/MAN/53E01/2015/99,Mandi,Hurla nala,31.801417,77.015556,Debris            Slide,NA,
6344,HP/MAN/53E01/2015/100,Mandi,,31.801833,77.01625,Debris            Slide,NA,
6345,HP/MAN/53A13/2015/30,Mandi,"Saroli,SH19",31.80261,76.76794,Rock              Slide,NA,
6346,HP/MAN/53A13/2015/79,Mandi,"Saroli,SH19",31.8027,76.76624,Debris            Slide,NA,
6347,HP/MAN/53A13/2015/25,Mandi,"Sitahan,NH 70,MS 245",31.80283,76.8223,Debris            Slide,NA,
6348,HP/MAN/53A13/2015/31,Mandi,"Saroli,SH19",31.80308,76.76821,Debris            Slide,NA,
6349,HP/MAN/53A13/2015/100,Mandi,"Drang,NH20",31.80369,76.94682,Rock              Slide,NA,
6350,HP/MAN/53A13/2015/101,Mandi,"DRANG,NH20",31.80369,76.94682,Rock,Slide,2009
6351,HP/MAN/53A13/2015/172,Mandi,"Saroli,SH19",31.80396,76.76858,Rock              Slide,NA,
6352,HP/MAN/53A13/2015/173,Mandi,"Saroli,SH19",31.80506,76.76883,Rock              Slide,NA,
6353,HP/MAN/53A13/2015/174,Mandi,"North of Saroli,SH 19",31.80557,76.76895,Rock              Slide,NA,
6354,HP/MAN/53A13/2015/193,Mandi,"Dharampur,SH 17",31.80579,76.76338,Debris            Slide,NA,
6355,HP/MAN/53E01/2015/25,Mandi,,31.805833,77.054444,Debris            Slide,NA,
6356,HP/MAN/53A13/2015/22,Mandi,Rakhera,31.806,76.776,Debris            Slide,NA,
6357,HP/MAN/53A13/2015/237,Mandi,NE of Kohiyar,31.80641,76.85201,Rock              Slide,NA,
6358,HP/MAN/53A13/2015/175,Mandi,"North of Saroli,SH 19",31.80661,76.76841,Rock              Slide,NA,
6359,HP/MAN/53A13/2015/176,Mandi,"North of Saroli,SH 19",31.8068,76.76816,Rock              Slide,NA,
6360,HP/MAN/53A13/2015/194,Mandi,"Dharampur,SH 17",31.80721,76.76618,Rock              Slide,NA,
6361,HP/KAN/52D08/2018/23,Kangra,MANED,31.8084,76.37702,Debris            Slide,NA,
6362,HP/MAN/53A13/2015/238,Mandi,Near Kohiyar,31.8088,76.85134,Rock              Slide,NA,
6363,HP/KAN/53A09/2018/32,Kangra,Ropri -Bhora road,31.809,76.724056,Debris            Slide,NA,
6364,HP/KAN/53A09/2018/33,Kangra,Ropri - Jaisinghpur road,31.81,76.731472,Debris            Slide,NA,
6365,HP/MAN/53A13/2015/177,Mandi,"North of Saroli,SH 19",31.81031,76.76733,Debris            Subsidence,NA,
6366,HP/MAN/53A13/2015/195,Mandi,"North of Dharampur,SH 17",31.81046,76.76547,Rock              Slide,NA,
6367,HP/KAN/53A05/2018/55,Kangra,,31.81065,76.37265,Debris            Slide,NA,
6368,HP/MAN/53A13/2015/178,Mandi,"North of Saroli,SH 19",31.81094,76.76775,Rock              Slide,NA,
6369,HP/MAN/53A13/2015/179,Mandi,"North of Saroli,SH 19",31.81117,76.76793,Rock              Slide,NA,
6370,HP/KAN/53A09/2018/34,Kangra,,31.8115,76.717167,Debris            Slide,NA,
6371,HP/MAN/53A13/2015/196,Mandi,"North of Dharampur,SH 17",31.81163,76.76591,Rock              Slide,NA,
6372,HP/MAN/53A13/2015/246,Mandi,Drang,31.81203,76.948498,Rock cum debris   Slide,NA,
6373,HP/MAN/53A13/2015/180,Mandi,"Sapri,SH19",31.81234,76.77314,Debris            Slide,NA,
6374,HP/MAN/53A13/2015/181,Mandi,"Sapri,SH19",31.81314,76.77218,Debris            Slide,NA,
6375,HP/KAN/53A05/2018/42,Kangra,,31.81362,76.36972,Rock cum debris   Slide,NA,
6376,HP/MAN/53A13/2015/182,Mandi,"Sapri,SH19",31.81366,76.77269,Rock              Slide,NA,
6377,HP/MAN/53A10/2018/16,Mandi,NH-70,31.814056,76.724972,Debris            Flow,NA,
6378,HP/KAN/53A09/2018/35,Kangra,Ropri - Jaisinghpur road,31.814583,76.746667,Debris            Slide,NA,
6379,HP/MAN/53A13/2015/199,Mandi,"Kanda Pattan,SH 17",31.81467,76.77016,Rock              Slide,NA,
6380,HP/HAM/53A09/2018/36,Hamirpur,Sivnagar - Kotlu road,31.814722,76.750056,Rock cum debris,Slide,2013
6381,HP/MAN/53A13/2015/236,Mandi,South of Tungal,31.81477,76.85091,Rock              Slide,NA,
6382,HP/MAN/53A13/2015/197,Mandi,Chalus PF,31.815,76.783,Rock              Slide,NA,
6383,HP/MAN/53A13/2015/183,Mandi,Rora SH-19,31.81504,76.77245,Rock              Slide,NA,
6384,HP/MAN/53A10/2018/17,Mandi,NH-70,31.815472,76.727333,Debris            Flow,NA,
6385,HP/MAN/53A13/2015/184,Mandi,Rora SH-19,31.81549,76.77228,Rock              Slide,NA,
6386,HP/MAN/53A10/2018/18,Mandi,NH-70,31.815972,76.726972,Debris            Slide,NA,
6387,HP/MAN/53A13/2015/188,Mandi,Rora SH-19,31.81638,76.77595,Debris            Slide,NA,
6388,HP/MAN/53A13/2015/187,Mandi,Rora SH-19,31.81645,76.77537,Debris            Slide,NA,
6389,HP/MAN/53A13/2015/186,Mandi,Rora SH-19,31.81667,76.77393,Rock              Slide,NA,
6390,HP/MAN/53A13/2015/234,Mandi,Tungal,31.81674,76.84864,Rock              Slide,NA,
6391,HP/MAN/53A13/2015/185,Mandi,Rora SH-19,31.81676,76.77355,Rock              Slide,NA,
6392,HP/MAN/53A13/2015/202,Mandi,"Jagna,SH 17",31.81685,76.76793,Rock cum debris   Slide,NA,
6393,HP/MAN/53A13/2015/198,Mandi,CHALUS PF,31.817,76.783,Rock              Slide,NA,
6394,HP/MAN/53A13/2015/14,Mandi,"Chhamaill, SH 17",31.81707,76.76057,Debris            Slide,NA,
6395,HP/MAN/53A13/2015/235,Mandi,Tungal,31.81717,76.84873,Rock              Slide,NA,
6396,HP/MAN/53A13/2015/78,Mandi,Rora SH-19,31.81717,76.77777,Rock              Slide,NA,
6397,HP/MAN/53A10/2018/19,Mandi,NH-70,31.818111,76.714778,Debris            Flow,NA,
6398,HP/MAN/53A13/2015/200,Mandi,"Kanda Pattan,SH 17",31.81812,76.76788,Debris            Slide,NA,
6399,HP/MAN/53A13/2015/233,Mandi,South of Tarehr,31.81827,76.84812,Rock              Slide,NA,
6400,HP/MAN/53A13/2015/201,Mandi,"Kanda Pattan,SH 17",31.81839,76.76722,Debris            Slide,NA,
6401,HP/MAN/53A13/2015/171,Mandi,Rora SH-19,31.81866,76.77951,Rock              Slide,NA,
6402,HP/MAN/53A13/2015/13,Mandi,"Jangah, SH 17",31.81891,76.76629,Debris            Slide,NA,
6403,HP/KAN/53A09/2018/37,Kangra,,31.819,76.712528,Debris            Slide,NA,
6404,HP/KAN/52A05/2018/65,Kangra,,31.81923,76.37945,Debris            Slide,NA,
6405,HP/MAN/53A13/2015/170,Mandi,Rora SH-19,31.81966,76.78008,Debris            Slide,NA,
6406,HP/MAN/53A13/2015/169,Mandi,Rora SH-19,31.82012,76.78067,Rock              Slide,NA,
6407,HP/MAN/53A13/2015/168,Mandi,Rora SH-19,31.82071,76.7805,Rock              Slide,NA,
6408,HP/MAN/53A13/2015/232,Mandi,Tarehr,31.82178,76.84476,Debris            Slide,NA,
6409,HP/KAN/53A09/2018/38,Kangra,,31.821944,76.706222,Debris            Slide,NA,
6410,HP/MAN/53A13/2015/41,Mandi,"Chalus PF,SH19",31.82212,76.78088,Rock              Slide,NA,
6411,HP/MAN/53E01/2015/2,Mandi,NH21,31.823611,77.172778,Rock              Slide,NA,
6412,HP/MAN/53A13/2015/40,Mandi,"Padgah,SH19",31.8237,76.78149,Rock              Slide,NA,
6413,HP/MAN/53E01/2015/24,Mandi,Jhanjheli-Thunag road,31.824361,77.07825,Rock cum debris   Slide,NA,
6414,HP/MAN/53A13/2015/39,Mandi,"Padgah,SH19",31.82445,76.78181,Rock              Slide,NA,
6415,HP/MAN/53A13/2015/38,Mandi,"Padgah,SH19",31.82507,76.78219,Rock              Slide,NA,
6416,HP/KAN/53A01/2018/15,Kangra,South of Tutru,31.825687,76.163185,Debris            Slide,NA,
6417,HP/MAN/53A13/2015/167,Mandi,"Padgah,SH19",31.82644,76.78247,Rock              Slide,NA,
6418,HP/MAN/53A13/2015/141,Mandi,"Kotla,SH 19",31.82705,76.77353,Rock              Slide,NA,
6419,HP/MAN/53E01/2015/1,Mandi,NH21,31.827111,77.173139,Debris            Slide,NA,
6420,HP/MAN/53A13/2015/142,Mandi,"Kotla,SH 19",31.82712,76.77416,Rock,Slide,2009
6421,HP/MAN/53A13/2015/132,Mandi,"Kotla,SH 19",31.8274,76.77311,Rock              Slide,NA,
6422,HP/MAN/53A13/2015/166,Mandi,"Padgah,SH19",31.82791,76.78319,Rock              Slide,NA,
6423,HP/MAN/53A13/2015/143,Mandi,"Near Kotla ,SH 19",31.82796,76.77492,Rock              Slide,NA,
6424,HP/KAN/53A01/2018/13,Kangra,"Tutru ,NH 503",31.828367,76.166147,Debris            Slide,NA,
6425,HP/KAN/53A01/2018/14,Kangra,"Tutru, NH 503",31.828487,76.166673,Debris            Slide,NA,
6426,HP/KAN/53A01/2018/17,Kangra,"Tutru, NH 503",31.828487,76.166673,Debris            Slide,NA,
6427,HP/MAN/53A13/2015/144,Mandi,"Near Kotla ,SH 20",31.82864,76.77512,Debris            Slide,NA,
6428,HP/MAN/53A13/2015/165,Mandi,"Padgah,SH19",31.82872,76.78319,Rock              Slide,NA,
6429,HP/MAN/53A13/2015/145,Mandi,"Near Kotla ,SH 21",31.82921,76.77631,Rock              Slide,NA,
6430,HP/MAN/53A13/2015/131,Mandi,"Kotla,SH 19",31.82931,76.77351,Rock              Slide,NA,
6431,HP/MAN/53A13/2015/146,Mandi,"Near Kotla ,SH 22",31.82971,76.77674,Rock              Slide,NA,
6432,HP/MAN/53A13/2015/148,Mandi,"Near Kotla ,SH 24",31.82976,76.77769,Debris            Slide,NA,
6433,HP/MAN/53A13/2015/147,Mandi,"Near Kotla ,SH 23",31.82978,76.7772,Rock              Slide,NA,
6434,HP/MAN/53A13/2015/130,Mandi,"Kotla,SH 19",31.82982,76.77392,Rock              Slide,NA,
6435,HP/MAN/53A13/2015/149,Mandi,"Near Kotla ,SH 25",31.82986,76.77832,Debris            Slide,NA,
6436,HP/MAN/53A10/2018/20,Mandi,NH-70,31.830222,76.604833,Debris            Slide,NA,
6437,HP/KUL/53E01/2015/16,Kullu,,31.830417,77.114444,Rock              Slide,NA,
6438,HP/MAN/53A13/2015/231,Mandi,Tuna,31.83045,76.84137,Debris            Slide,NA,
6439,HP/MAN/53A13/2015/230,Mandi,"Tuna,beas river and rana khad",31.83047,76.84137,Debris            Slide,NA,
6440,HP/MAN/53A13/2015/150,Mandi,"Near Kotla ,SH 26",31.83077,76.77972,Rock              Slide,NA,
6441,HP/MAN/53A13/2015/163,Mandi,"Kotla,SH 19",31.83092,76.79063,Rock              Slide,NA,
6442,HP/MAN/53A13/2015/164,Mandi,"Padgah,SH19",31.83105,76.78773,Rock              Slide,NA,
6443,HP/KUL/53E01/2015/44,Kullu,Chail Chawk-Jhanjheli road,31.831306,77.202972,Rock              Slide,NA,
6444,HP/MAN/53A13/2015/151,Mandi,"Near Kotla ,SH 27",31.83138,76.7802,Rock              Slide,NA,
6445,HP/KAN/53A01/2018/33,Kangra,"South of Dhaliara, NH 503",31.831677,76.173662,Debris            Slide,NA,
6446,HP/MAN/53A13/2015/162,Mandi,"Chimnun,SH 19",31.8319,76.78986,Rock              Slide,NA,
6447,HP/MAN/53A13/2015/152,Mandi,"Near Kotla ,SH 28",31.83195,76.78039,Rock              Slide,NA,
6448,HP/MAN/53A13/2015/129,Mandi,"Neri,SH 19",31.83223,76.77492,Debris            Slide,NA,
6449,HP/MAN/53A13/2015/157,Mandi,"Kotla,SH 19",31.832256,76.78209,Rock              Slide,NA,
6450,HP/MAN/53A10/2018/21,Mandi,Hawni-Brang Road,31.832278,76.511833,Debris            Slide,NA,
6451,HP/KUL/53E01/2015/45,Kullu,NH21,31.832306,77.201722,Rock cum debris   Slide,NA,
6452,HP/MAN/53A13/2015/156,Mandi,"Kotla,SH 19",31.83234,76.78176,Rock              Slide,NA,
6453,HP/MAN/53A13/2015/153,Mandi,"Kotla,SH 19",31.83236,76.78048,Rock              Slide,NA,
6454,HP/MAN/53A13/2015/154,Mandi,"Kotla,SH 19",31.83236,76.78048,Rock              Slide,NA,
6455,HP/MAN/53A13/2015/155,Mandi,"Kotla,SH 19",31.83236,76.78048,Rock              Slide,NA,
6456,HP/MAN/53A13/2015/158,Mandi,"Kotla,SH 19",31.83247,76.78291,Rock              Slide,NA,
6457,HP/MAN/53A10/2018/22,Mandi,NH-70,31.8325,76.511694,Debris            Slide,NA,
6458,HP/MAN/53A13/2015/159,Mandi,"Kotla,SH 19",31.83253,76.78349,Rock              Slide,NA,
6459,HP/MAN/53A13/2015/161,Mandi,"Kotla,SH 19",31.83261,76.78941,Rock              Slide,NA,
6460,HP/MAN/53A13/2015/160,Mandi,"Chimnun,SH 19",31.8329,76.78439,Rock              Slide,NA,
6461,HP/MAN/53A13/2015/12,Mandi,"Kotla,SH 19",31.83304,76.788,Rock              Slide,NA,
6462,HP/MAN/53A13/2015/11,Mandi,"Chimnun,SH 19",31.83317,76.78709,Rock              Slide,NA,
6463,HP/MAN/53A13/2015/9,Mandi,"Chimnun,SH 19",31.83335,76.78524,Rock              Slide,NA,
6464,HP/KAN/53A01/2018/32,Kangra,"South of Dhaliana,NH 503",31.8336,76.177107,Debris            Slide,NA,
6465,HP/MAN/53A13/2015/10,Mandi,"Chimnun,SH 19",31.83368,76.78564,Rock              Slide,NA,
6466,HP/KUL/53E01/2015/17,Kullu,,31.835056,77.129722,Rock              Slide,NA,
6467,HP/KAN/53A01/2018/31,Kangra,"South of Dhaliara , NH 503",31.836137,76.17726,Debris            Slide,NA,
6468,HP/KAN/53A01/2018/30,Kangra,"South of Dhaliara,NH 503",31.836152,76.177642,Debris            Slide,NA,
6469,HP/KAN/53A01/2018/1,Kangra,Near Kahra,31.836228,76.17788,Debris,Slide,2017
6470,HP/HAM/53A09/2018/39,Hamirpur,Syoh- Sandhol road,31.838778,76.514944,Rock cum debris   Slide,NA,
6471,HP/HAM/53A09/2018/40,Hamirpur,,31.839389,76.516167,Rock              Slide,NA,
6472,HP/KAN/53A09/2018/41,Kangra,Lambagaon-kosri road,31.839917,76.517833,Debris            Slide,NA,
6473,HP/MAN/53A09/2018/42,Mandi,,31.840833,76.556611,Debris            Slide,NA,
6474,HP/KAN/53A01/2018/20,Kangra,South of Dhaliara,31.841013,76.171152,Debris            Slide,NA,
6475,HP/KAN/53A09/2018/43,Kangra,,31.841083,76.521639,Debris            Slide,NA,
6476,HP/MAN/53A13/2015/128,Mandi,"Near Saman,SH-19",31.8413,76.78022,Debris            Slide,NA,
6477,HP/KAN/53A01/2018/18,Kangra,South of Dhaliara,31.841447,76.170445,Debris            Slide,NA,
6478,HP/KAN/53A01/2018/19,Kangra,South of Dhaliara,31.841784,76.170539,Debris            Slide,NA,
6479,HP/KAN/53A09/2018/44,Kangra,Lambagaon - Kosri road,31.842361,76.524583,Debris            Slide,NA,
6480,HP/MAN/53A13/2015/37,Mandi,"Near Saman,SH-19",31.84311,76.78318,Debris            Slide,NA,
6481,HP/HAM/53A09/2018/45,Hamirpur,Ganoh- Dayol road,31.843361,76.525611,Debris            Slide,NA,
6482,HP/MAN/53A09/2018/46,Mandi,,31.845306,76.552833,Debris            Slide,NA,
6483,HP/MAN/53A13/2015/34,Mandi,"Near Saman,SH-19",31.84553,76.78793,Rock              Slide,NA,
6484,HP/MAN/53A13/2015/35,Mandi,"Near Saman,SH-19",31.84586,76.78727,Rock              Slide,NA,
6485,HP/MAN/53A13/2015/29,Mandi,Matkehru,31.847,76.832,Rock              Slide,NA,
6486,HP/KAN/53A05/2018/12,Kangra,,31.84737,76.34144,Rock cum debris   Slide,NA,
6487,HP/MAN/53A13/2015/127,Mandi,"Near Saman,SH-19",31.84739,76.78886,Rock              Slide,NA,
6488,HP/KUL/53E01/2015/41,Kullu,Chail Chawk-Jhanjheli road,31.847472,77.232972,Rock              Slide,NA,
6489,HP/KUL/53E01/2015/93,Kullu,Banala-Shiah road,31.847639,77.144861,Debris            Slide,NA,
6490,HP/KUL/53E01/2015/42,Kullu,Chail Chawk-Jhanjheli road,31.847639,77.235444,Debris            Subsidence,NA,
6491,HP/KAN/53A05/2018/10,Kangra,JWALAJI-TIHRI ROAD,31.84765,76.34489,Rock cum debris   Slide,NA,
6492,HP/KAN/53A05/2018/11,Kangra,SALAG,31.84765,76.3446,Rock cum debris   Slide,NA,
6493,HP/KAN/53A05/2018/9,Kangra,JWALAJI TIHRI ROAD,31.84767,76.34505,Rock cum debris   Slide,NA,
6494,HP/KUL/53E01/2015/43,Kullu,,31.847722,77.238139,Rock              Slide,NA,
6495,HP/KUL/53E01/2015/94,Kullu,,31.847778,77.1455,Rock              Slide,NA,
6496,HP/KUL/53E01/2015/91,Kullu,NH21,31.847833,77.144111,Debris            Slide,NA,
6497,HP/KUL/53E01/2015/95,Kullu,Banala-Shiah road,31.847833,77.145833,Rock              Slide,NA,
6498,HP/KAN/53A01/2018/24,Kangra,Naharan punkhet,31.848138,76.206818,Debris            Slide,NA,
6499,HP/KUL/53E01/2015/92,Kullu,,31.84825,77.145139,Debris            Slide,NA,
6500,HP/MAN/53E02/2015/236,Mandi,Ani-Banjar road,31.848389,77.145972,Rock              Fall,NA,
6501,HP/MAN/53A13/2015/36,Mandi,"Near Saman,SH-19",31.84856,76.78727,Debris            Slide,NA,
6502,HP/UNA/53A01/2018/27,Una,"Dhaliara, NH 503",31.848572,76.196512,Debris            Slide,NA,
6503,HP/KAN/53A05/2018/13,Kangra,,31.84863,76.3423,Debris            Slide,NA,
6504,HP/KAN/53A01/2018/29,Kangra,"Dhaliara, NH 503",31.848693,76.190343,Debris            Slide,NA,
6505,HP/KAN/53A01/2018/25,Kangra,"Dhaliara, NH 503",31.848757,76.196552,Debris            Slide,NA,
6506,HP/KAN/53A01/2018/23,Kangra,Nahran punkhet,31.848767,76.207107,Debris            Slide,NA,
6507,HP/KAN/53A01/2018/26,Kangra,"Dhaliara, NH 503",31.848792,76.196615,Debris            Slide,NA,
6508,HP/KAN/53A01/2018/28,Kangra,"Dhaliara, NH 503",31.8489,76.190812,Debris            Slide,NA,
6509,HP/KUL/53E01/2015/89,Kullu,Parashar road,31.848917,77.142917,Earth,Composite,2012
6510,HP/KAN/52D08/2018/8,Kangra,TIHRI ROAD,31.8491,76.3448,Debris            Slide,NA,
6511,HP/MAN/53A13/2015/190,Mandi,Silh P.F,31.849107,76.816352,Rock              Slide,NA,
6512,HP/MAN/53A13/2015/126,Mandi,"Near Saman,SH-19",31.84933,76.78247,Debris            Slide,NA,
6513,HP/KAN/52D08/2018/27,Kangra,INDRUNAG BANGOTU ROAD,31.84937,76.34563,Rock cum debris   Slide,NA,
6514,HP/KUL/53E01/2015/90,Kullu,Road under construction,31.849444,77.144583,Rock              Slide,NA,
6515,HP/KAN/52A05/2018/66,Kangra,,31.84945,76.34623,Rock cum debris   Slide,NA,
6516,HP/KAN/53A05/2018/14,Kangra,,31.84958,76.34317,Rock cum debris   Slide,NA,
6517,HP/KUL/53E01/2015/82,Kullu,Parashar road,31.849611,77.133889,Rock cum debris   Slide,NA,
6518,HP/MAN/53A13/2015/15,Mandi,"Near Samnan, SH 19",31.84966,76.78436,Rock              Slide,NA,
6519,HP/KUL/53E01/2015/81,Kullu,Parashar road,31.849722,77.132778,Rock cum debris   Slide,NA,
6520,HP/MAN/53A13/2015/124,Mandi,"Near Saman,SH-19",31.85006,76.78559,Debris            Slide,NA,
6521,HP/KAN/53A05/2018/56,Kangra,,31.85008,76.35043,Rock cum debris   Slide,NA,
6522,HP/KUL/53E01/2015/83,Kullu,Parashar road,31.850306,77.134917,Rock cum debris   Slide,NA,
6523,HP/MAN/53A13/2015/125,Mandi,"Near Saman,SH-19",31.85034,76.78274,Debris            Slide,NA,
6524,HP/KAN/52D08/2018/6,Kangra,,31.8504,76.34558,Rock cum debris   Slide,NA,
6525,HP/KAN/52D08/2018/31,Kangra,,31.85044,76.34003,Rock cum debris   Slide,NA,
6526,HP/KAN/52D08/2018/70,Kangra,RAKKAR TANG ROAD,31.85063,76.3399,Rock cum debris   Slide,NA,
6527,HP/KUL/53E01/2015/76,Kullu,Bajaura -Mandi road,31.850833,77.132667,Debris            Slide,NA,
6528,HP/MAN/53A13/2015/123,Mandi,"Saman,SH 19",31.85084,76.78827,Rock              Slide,NA,
6529,HP/KUL/53E01/2015/80,Kullu,Parashar road,31.850917,77.134167,Rock cum debris   Slide,NA,
6530,HP/KAN/52D08/2018/32,Kangra,MCLEODGANJ ROAD,31.85096,76.33942,Rock cum debris   Slide,NA,
6531,HP/KAN/53A05/2018/20,Kangra,,31.85124,76.350416,Rock cum debris   Slide,NA,
6532,HP/KAN/52D08/2018/22,Kangra,,31.85157,76.33873,Rock cum debris   Slide,NA,
6533,HP/KUL/53E01/2015/77,Kullu,Bajaura -Mandi road,31.851611,77.134167,Debris            Slide,NA,
6534,HP/KUL/53E01/2015/78,Kullu,Parashar road junction,31.851611,77.134167,Debris            Slide,NA,
6535,HP/KAN/53A05/2018/19,Kangra,KANDI,31.85168,76.35387,Rock cum debris   Slide,NA,
6536,HP/KAN/53A05/2018/63,Kangra,,31.85178,76.35227,Rock cum debris   Slide,NA,
6537,HP/KUL/53E01/2015/79,Kullu,Parashar road,31.851861,77.135778,Debris            Slide,NA,
6538,HP/KUL/53E01/2015/49,Kullu,NH21,31.85225,77.2395,Debris,Slide,2007
6539,HP/KAN/53A05/2018/43,Kangra,,31.85226,76.33824,Rock cum debris   Slide,NA,
6540,HP/KAN/53A01/2018/21,Kangra,South of Bikas,31.852331,76.154142,Debris            Slide,NA,
6541,HP/KAN/53A01/2018/37,Kangra,South of lower Bihan,31.852405,76.154308,Debris            Slide,NA,
6542,HP/MAN/53A13/2015/122,Mandi,"Saman,SH 19",31.85285,76.78841,Rock              Slide,NA,
6543,HP/KUL/53E01/2015/84,Kullu,Parashar road,31.852917,77.139389,Rock cum debris   Slide,NA,
6544,HP/KAN/53A05/2018/53,Kangra,,31.85304,76.33794,Rock cum debris   Slide,NA,
6545,HP/KAN/52D08/2018/7,Kangra,SIKOH-GAGGAL ROAD,31.85319,76.33794,Debris            Slide,NA,
6546,HP/KUL/53E01/2015/85,Kullu,Parashar road,31.853306,77.139,Debris,Slide,2012
6547,HP/KUL/53E01/2015/86,Kullu,Parashar road,31.853667,77.138667,Earth             Composite,NA,
6548,HP/KAN/52D08/2018/29,Kangra,INDRUNAG BANGOTU ROAD,31.85369,76.33789,Debris            Slide,NA,
6549,HP/KUL/53E01/2015/87,Kullu,Parashar road,31.853833,77.138194,Earth             Composite,NA,
6550,HP/KAN/52D08/2018/30,Kangra,MCLEODGANJ ROAD,31.853939,76.338689,Debris            Slide,NA,
6551,HP/MAN/53A13/2015/7,Mandi,"Near Saman,SH-19",31.85431,76.79018,Rock              Slide,NA,
6552,HP/MAN/53A13/2015/5,Mandi,"South of Chirchakha,SH 19",31.85438,76.78944,Rock              Slide,NA,
6553,HP/MAN/53A13/2015/121,Mandi,"Near Saman,SH-19",31.85439,76.78974,Rock              Slide,NA,
6554,HP/KAN/52D08/2018/25,Kangra,TIHRI ROAD,31.85441,76.33808,Rock cum debris   Slide,NA,
6555,HP/MAN/53A13/2015/8,Mandi,"Near Samnan, SH 19",31.85446,76.7907,Rock              Slide,NA,
6556,HP/MAN/53A13/2015/6,Mandi,"Near Saman,SH-19",31.85457,76.791,Rock              Slide,NA,
6557,HP/KUL/53E01/2015/88,Kullu,Parashar road,31.855056,77.138472,Earth             Composite,NA,
6558,HP/MAN/53A13/2015/120,Mandi,"South of Chirchakha,SH 19",31.85579,76.79145,Rock              Slide,NA,
6559,HP/MAN/53A13/2015/119,Mandi,"South of Chirchakha,SH 19",31.856,76.79309,Rock              Slide,NA,
6560,HP/MAN/53A13/2015/60,Mandi,"Jehandar, NH 20",31.8561,76.9272,Debris            Slide,NA,
6561,HP/MAN/53A13/2015/28,Mandi,Near Banogi,31.85619,76.84058,Debris            Slide,NA,
6562,HP/MAN/53A13/2015/99,Mandi,South west of Nauhli,31.85625,76.837722,Rock              Slide,NA,
6563,HP/MAN/53A13/2015/3,Mandi,"Dhakhenenr,SH 19",31.856361,76.768306,Rock              Fall,NA,
6564,HP/KAN/52D08/2018/34,Kangra,TIHRI ROAD,31.85651,76.33841,Rock cum debris   Slide,NA,
6565,HP/KAN/53A09/2018/47,Kangra,Lambagaon-Kosri road,31.856583,76.541111,Debris            Slide,NA,
6566,HP/MAN/53A13/2015/189,Mandi,SE of Chaturbhuja,31.856641,76.810861,Rock              Slide,NA,
6567,HP/KAN/52D08/2018/26,Kangra,RAJHAUN KHAS TIHRI ROAD,31.85668,76.33912,Debris            Slide,NA,
6568,HP/KAN/52D08/2018/24,Kangra,TIHRI ROAD,31.85683,76.33517,Debris            Slide,NA,
6569,HP/MAN/53A13/2015/4,Mandi,"South of Basahi,SH 19",31.856889,76.768694,Rock              Slide,NA,
6570,HP/MAN/53A13/2015/97,Mandi,"South of Basahi,SH 19",31.857222,76.768667,Rock              Slide,NA,
6571,HP/MAN/53A13/2015/61,Mandi,"Near Salhana, NH 29",31.8573,76.9272,Debris            Slide,NA,
6572,HP/MAN/53A09/2018/48,Mandi,,31.857417,76.739611,Debris            Slide,NA,
6573,HP/KAN/53A05/2018/69,Kangra,TIHRI ROAD,31.85742,76.33416,Rock cum debris   Slide,NA,
6574,HP/MAN/53A13/2015/98,Mandi,"South of Basahi,SH 19",31.858389,76.768806,Rock              Slide,NA,
6575,HP/MAN/53A13/2015/118,Mandi,"South of Chirchakha,SH 19",31.85871,76.78894,Rock              Slide,NA,
6576,HP/KAN/52A05/2018/67,Kangra,NEAR STADIUM TIHRI ROAD,31.85872,76.33297,Rock cum debris   Slide,NA,
6577,HP/MAN/53A13/2015/112,Mandi,"Chirchakha,SH19",31.85904,76.78551,Rock              Slide,NA,
6578,HP/MAN/53A13/2015/113,Mandi,"Chirchakha,SH19,20m from",31.85961,76.78532,Rock              Slide,NA,
6579,HP/MAN/53A13/2015/111,Mandi,"Chirchakha,SH19",31.859674,76.782826,Rock              Slide,NA,
6580,HP/MAN/53A13/2015/115,Mandi,"Chirchakha,SH 19,5m from S240",31.85973,76.78692,Debris            Slide,NA,
6581,HP/MAN/53A13/2015/114,Mandi,"Chirchakha,SH 19,50m from",31.85979,76.78658,Rock              Slide,NA,
6582,HP/MAN/53A13/2015/116,Mandi,"Chirchakha,SH 19",31.85989,76.7876,Rock              Slide,NA,
6583,HP/MAN/53A13/2015/117,Mandi,"Chirchakha,SH 19",31.86,76.78702,Debris            Slide,NA,
6584,HP/KAN/44M13/2020/3,Kangra,Amroh,31.86,75.97,Rock              Slide,NA,
6585,HP/MAN/53A13/2015/110,Mandi,"Chirchakha,SH19",31.86018,76.782971,Rock              Slide,NA,
6586,HP/MAN/53A13/2015/108,Mandi,"Chirchakha,SH19",31.86077,76.78314,Rock              Slide,NA,
6587,HP/MAN/53A13/2015/109,Mandi,"Chirchakha,SH19",31.86077,76.78314,Rock              Slide,NA,
6588,HP/MAN/53A13/2015/106,Mandi,"Chirchakha,SH19",31.86093,76.78312,Rock              Slide,NA,
6589,HP/MAN/53A13/2015/107,Mandi,"Chirchakha,SH19",31.86093,76.78312,Rock              Slide,NA,
6590,HP/MAN/53A13/2015/105,Mandi,"Chirchakha,SH19",31.86128,76.78271,Rock              Slide,NA,
6591,HP/MAN/53A10/2018/23,Mandi,NH-70,31.862806,76.576944,Debris            Slide,NA,
6592,HP/MAN/53A13/2015/104,Mandi,"Chirchakha,SH19",31.86321,76.78098,Rock              Fall,NA,
6593,HP/KAN/53A09/2018/49,Kangra,Rajnagar-kathla road,31.86325,76.744917,Rock cum debris   Slide,NA,
6594,HP/MAN/53A13/2015/65,Mandi,"Narla, NH 20",31.863376,76.92656,Debris            Slide,NA,
6595,HP/MAN/53A13/2015/103,Mandi,"Chirchakha,SH19",31.8634,76.78052,Rock              Fall,NA,
6596,HP/MAN/53A13/2015/95,Mandi,"Dhakhenenr,SH 19",31.863972,76.776333,Rock              Slide,NA,
6597,HP/MAN/53A13/2015/94,Mandi,"Dhakhenenr,SH 19",31.864,76.776333,Rock              Slide,NA,
6598,HP/MAN/53A13/2015/96,Mandi,"Dhakhenenr,SH 19",31.864028,76.774083,Rock              Slide,NA,
6599,HP/KAN/53A05/2018/54,Kangra,TIHRI ROAD,31.864166,76.329029,Rock cum debris   Slide,NA,
6600,HP/MAN/53A13/2015/1,Mandi,"Dhakhenenr,SH 19",31.864194,76.77175,Rock              Slide,NA,
6601,HP/MAN/53A13/2015/2,Mandi,"Dhakhenenr,SH 19",31.864194,76.77175,Rock              Fall,NA,
6602,HP/KAN/53A09/2018/50,Kangra,Lambagaon- ropri road,31.864472,76.6375,Debris            Slide,NA,
6603,HP/KAN/53A09/2018/51,Kangra,SH 32,31.865278,76.512083,Debris            Slide,NA,
6604,HP/KAN/53A01/2018/22,Kangra,"Dehra, NH 503",31.86553,76.228253,Debris            Slide,NA,
6605,HP/MAN/53A09/2018/52,Mandi,Rajnagar- Kathla road,31.865694,76.744444,Rock              Slide,NA,
6606,HP/KAN/53A09/2018/53,Mandi,Kothi -Ladbadhrol road,31.865917,76.738944,Rock cum debris   Slide,NA,
6607,HP/KAN/53A09/2018/54,Kangra,Tiinbar-manjhoti,31.866,76.739389,Rock              Slide,NA,
6608,HP/MAN/53A13/2015/27,Mandi,South of Palohan,31.86601,76.83952,Debris            Slide,NA,
6609,HP/KAN/53A09/2018/55,Kangra,Tinbar-Molag road,31.866083,76.743917,Rock cum debris   Slide,NA,
6610,HP/MAN/53A13/2015/75,Mandi,"Narla, NH20, adjacent to S 192",31.866125,76.928814,Rock              Slide,NA,
6611,HP/MAN/53A13/2015/66,Mandi,"Narla, NH 20",31.866255,76.928302,Debris            Slide,NA,
6612,HP/MAN/53A13/2015/74,Mandi,"Narla, NH 20, 30m from S191",31.866255,76.928302,Rock              Slide,NA,
6613,HP/KAN/53A09/2018/56,Kangra,SH 32,31.867417,76.511972,Debris            Slide,NA,
6614,HP/KAN/53A09/2018/57,Kangra,,31.86875,76.511972,Debris            Slide,NA,
6615,HP/KAN/53A09/2018/58,Kangra,,31.868806,76.516667,Debris            Slide,NA,
6616,HP/KAN/53A09/2018/59,Kangra,,31.869278,76.513056,Debris            Slide,NA,
6617,HP/MAN/53A10/2018/24,Mandi,NH-70,31.869361,76.576,Debris            Slide,NA,
6618,HP/MAN/53A09/2018/60,Mandi,,31.869417,76.673056,Debris            Slide,NA,
6619,HP/MAN/53A13/2015/62,Mandi,"west of Kharion, NH 20",31.87,76.933,Debris            Slide,NA,
6620,HP/HAM/53A09/2018/61,Hamirpur,SH-04,31.870722,76.519833,Debris            Slide,NA,
6621,HP/MAN/53A13/2015/63,Mandi,"west of Kharion, NH 20",31.871,76.933,Debris            Slide,NA,
6622,HP/MAN/53A13/2015/64,Mandi,"west of Kharion, NH 20",31.871,76.936,Earth             Slide,NA,
6623,HP/KUL/53E01/2015/48,Kullu,NH21,31.871722,77.228056,Rock,Slide,2013
6624,HP/MAN/53A09/2018/62,Mandi,,31.872083,76.736556,Rock              Slide,NA,
6625,HP/HAM/53A09/2018/63,Hamirpur,SH-04,31.872444,76.5195,Debris            Slide,NA,
6626,HP/MAN/53A09/2018/64,Mandi,,31.872944,76.714139,Debris            Slide,NA,
6627,HP/KUL/53E01/2015/46,Kullu,NH21,31.873444,77.234,Rock cum debris   Slide,NA,
6628,HP/MAN/53A13/2015/92,Mandi,"Makreri,SH 19,near hospital",31.873806,76.773139,Debris            Slide,NA,
6629,HP/KAN/53A09/2018/65,Kangra,,31.874667,76.711361,Rock cum debris   Slide,NA,
6630,HP/MAN/53A09/2018/66,Mandi,kothi- lad badhrol road,31.874667,76.622361,Debris            Slide,NA,
6631,HP/KAN/53A09/2018/67,Kangra,Kadla - Tinbar road,31.874861,76.681417,Debris            Slide,NA,
6632,HP/MAN/53A13/2015/93,Mandi,"Makreri,SH 19,milestone 19",31.875,76.787,Rock              Slide,NA,
6633,HP/HAM/53A09/2018/68,Hamirpur,Sivnagar - Kotlu road,31.875,76.587417,Debris            Slide,NA,
6634,HP/HAM/53A09/2018/69,Hamirpur,SH04,31.876306,76.590139,Debris            Slide,NA,
6635,HP/MAN/53A13/2015/91,Mandi,"Makreri,SH 19",31.876778,76.778028,Debris            Slide,NA,
6636,HP/MAN/53A13/2015/90,Mandi,"Baraili,SH19",31.877056,76.778528,Rock              Slide,NA,
6637,HP/MAN/53A13/2015/76,Mandi,"Padhar,NH 20, 178 milestone",31.877387,76.917601,Debris            Slide,NA,
6638,HP/MAN/53A13/2015/89,Mandi,"Baraili,SH19",31.877917,76.777167,Debris            Slide,NA,
6639,HP/KIN/53I09/2018/2,Kinnaur,Near Nako,31.87846,78.58996,Rock cum debris   Slide,NA,
6640,HP/KAN/44M13/2020/2,Kangra,Amroh,31.88,75.95,Debris            Slide,NA,
6641,HP/HAM/53A09/2018/70,Hamirpur,SH-04,31.880861,76.609556,Debris            Slide,NA,
6642,HP/HAM/53A09/2018/71,Hamirpur,SH 04,31.881889,76.608111,Debris            Slide,NA,
6643,HP/HAM/53A09/2018/72,Hamirpur,Sidhpur- sandhol road,31.882111,76.705028,Debris            Slide,NA,
6644,HP/MAN/53A10/2018/25,Mandi,SH-32,31.882639,76.608194,Debris            Slide,NA,
6645,HP/KAN/53A05/2018/1,Kangra,SAPRI ROAD,31.8828,76.32763,Rock              Slide,NA,
6646,HP/KAN/53A09/2018/73,Kangra,Lamborgan- kosri road,31.883167,76.700028,Debris            Slide,NA,
6647,HP/HAM/53A09/2018/74,Hamirpur,Marhi-Dharampur road,31.883417,76.606889,Debris            Slide,NA,
6648,HP/KAN/53A09/2018/75,Kangra,,31.883417,76.606889,Debris            Slide,NA,
6649,HP/MAN/53A09/2018/76,Mandi,,31.883611,76.734806,Rock              Slide,NA,
6650,HP/MAN/53A13/2015/77,Mandi,"Padhar,NH 20, near Sr sec",31.883911,76.91401,Debris            Slide,NA,
6651,HP/MAN/53A13/2015/32,Mandi,"Padhar,NH 20,30m from S195",31.884434,76.914288,Debris            Slide,NA,
6652,HP/MAN/53A10/2018/26,Mandi,,31.884861,76.605056,Debris            Slide,NA,
6653,HP/MAN/53A09/2018/77,Mandi,,31.885083,76.732333,Rock cum debris   Slide,NA,
6654,HP/MAN/53A09/2018/78,Mandi,Lad Badol-Kothi Rd,31.885556,76.732694,Debris            Slide,NA,
6655,HP/MAN/53A09/2018/79,Mandi,Lad Badol-Kothi Rd,31.885889,76.733222,Debris            Slide,NA,
6656,HP/MAN/53A09/2018/80,Mandi,Lad Badol-Kothi Rd,31.888083,76.733667,Rock cum debris   Slide,NA,
6657,HP/KAN/53A05/2018/2,Kangra,SAPRI ROAD,31.89185,76.3107,Rock              Slide,NA,
6658,HP/MAN/53A09/2018/81,Mandi,Lad Badol-Kothi Rd,31.891861,76.733944,Debris            Slide,NA,
6659,HP/MAN/53A09/2018/82,Mandi,Lad Badol-Khaddar Rd,31.892778,76.733611,Debris            Slide,NA,
6660,HP/MAN/53A09/2018/83,Mandi,Lad Badol-Kothi Rd,31.893944,76.733667,Debris            Slide,NA,
6661,HP/MAN/53A13/2015/88,Mandi,"Balhi,SH 19",31.89447,76.788223,Debris            Slide,NA,
6662,HP/KAN/53A09/2018/84,Kangra,Kathla-Rajnagar road,31.894528,76.629194,Debris            Slide,NA,
6663,HP/MAN/53A13/2015/33,Mandi,"south of Gwali,NH 20",31.895,76.907,Debris            Slide,NA,
6664,HP/KAN/53A05/2018/3,Kangra,SAPRI ROAD,31.89548,76.30475,Rock              Slide,NA,
6665,HP/KAN/52D08/2018/4,Kangra,SAPRI ROAD,31.89548,76.30475,Rock              Slide,NA,
6666,HP/KAN/52D08/2018/5,Kangra,SAPRI ROAD,31.89548,76.30475,Rock              Slide,NA,
6667,HP/MAN/53A09/2018/85,Mandi,Lad Badol-Kothi Rd,31.896111,76.736583,Debris,Slide,2018
6668,HP/MAN/53A09/2018/86,Mandi,Lad Badol-Kothi Rd,31.897722,76.735583,Debris            Slide,NA,
6669,HP/MAN/53A13/2015/87,Mandi,"Langa,SH19",31.899865,76.789381,Rock              Slide,NA,
6670,HP/MAN/53A09/2018/87,Mandi,Lad Badol-Kothi Rd,31.900222,76.730278,Rock              Slide,NA,
6671,HP/MAN/53A09/2018/88,Mandi,Lad Badol-Kothi Rd,31.900778,76.730333,Debris            Slide,NA,
6672,HP/MAN/53A13/2015/80,Mandi,"1km NW of Gwali, NH 20",31.901451,76.898703,Debris            Slide,NA,
6673,HP/HAM/53A09/2018/89,Hamirpur,Jaha-Baldwara road,31.901583,76.511944,Debris            Slide,NA,
6674,HP/MAN/53A13/2015/81,Mandi,"NW of Gwali,NH 20",31.903,76.899,Debris            Slide,NA,
6675,HP/MAN/53A13/2015/86,Mandi,"Bajrehr,SH19",31.904771,76.790617,Rock              Slide,NA,
6676,HP/HAM/53A09/2018/90,Hamirpur,SH-05,31.905472,76.531028,Debris,Slide,2018
6677,HP/MAN/53A09/2018/91,Mandi,Lad Badol-Kothi Rd,31.905917,76.728139,Rock cum debris   Slide,NA,
6678,HP/MAN/53A13/2015/82,Mandi,"SE of Khund,NH 20",31.906282,76.892974,Debris            Slide,NA,
6679,HP/KAN/53A05/2018/15,Kangra,,31.90815,76.29312,Debris            Slide,NA,
6680,HP/HAM/53A09/2018/92,Hamirpur,SH 05,31.908556,76.510389,Debris,Slide,2018
6681,HP/MAN/53A09/2018/93,Mandi,,31.908778,76.666611,Debris            Slide,NA,
6682,HP/MAN/53A09/2018/94,Mandi,,31.909778,76.668444,Debris,Slide,2017
6683,HP/HAM/53A09/2018/95,Hamirpur,SH 04,31.909861,76.686861,Debris            Slide,NA,
6684,HP/MAN/53A13/2017/09,Mandi,Kotrupi Landslide Near Padhar (towards Joginder,31.91044,76.89064,Debris,Complex,1977
6685,HP/MAN/53A10/2018/27,Mandi,,31.9105,76.667972,Debris            Slide,NA,
6686,HP/KAN/53A09/2018/96,Kangra,Ropri - Bhora road,31.910694,76.667778,Debris            Slide,NA,
6687,HP/KAN/53A09/2018/97,Kangra,Ropri - Bhora road,31.910722,76.667833,Debris            Slide,NA,
6688,HP/MAN/53A09/2018/98,Mandi,,31.911917,76.636083,Debris            Slide,NA,
6689,HP/MAN/53A09/2018/99,Mandi,,31.913194,76.553694,Rock cum debris   Slide,NA,
6690,HP/HAM/53A09/2018/100,Hamirpur,SH-04,31.913222,76.5085,Debris,Slide,2018
6691,HP/MAN/53A09/2018/101,Mandi,,31.913278,76.554056,Debris            Slide,NA,
6692,HP/KAN/53A05/2018/47,Kangra,JWALAJI ROAD,31.914864,76.286644,Rock cum debris   Slide,NA,
6693,HP/MAN/53A13/2015/85,Mandi,"Naluragaon,SH 19",31.916431,76.793381,Debris            Slide,NA,
6694,HP/MAN/53A09/2018/102,Mandi,Lad Badol-Kothi Rd,31.91675,76.717778,Rock cum debris   Slide,NA,
6695,HP/MAN/53A09/2018/103,Mandi,,31.917944,76.669917,Debris            Slide,NA,
6696,HP/MAN/53A09/2018/104,Mandi,Lad Badol-Kothi Rd,31.91825,76.716972,Rock              Slide,NA,
6697,HP/MAN/53A09/2018/105,Mandi,,31.918556,76.668556,Debris,Slide,2017
6698,HP/KUL/53E01/2015/12,Kullu,NH21,31.918889,77.1815,Debris            Slide,NA,
6699,HP/MAN/53A13/2015/84,Mandi,"Kamehar,SH 19",31.91898,76.79319,Debris            Slide,NA,
6700,HP/HAM/53A09/2018/106,Hamirpur,SH-04,31.919444,76.511111,Debris,Slide,2018
6701,HP/KAN/53A09/2018/107,Kangra,Ropri-bhora road,31.919444,76.6685,Debris            Flow,NA,
6702,HP/MAN/53A09/2018/108,Mandi,,31.919639,76.669083,Debris            Slide,NA,
6703,HP/LSP/53I09/2018/3,Lahaul & Spiti,Nako-Tabo road,31.91988,78.61027,Rock cum debris   Slide,NA,
6704,HP/MAN/53A09/2018/109,Mandi,Kotho- sandhol road,31.920833,76.671222,Debris,Slide,2017
6705,HP/MAN/53A09/2018/110,Mandi,Kothi -Lad Badhrol road,31.923028,76.563111,Debris            Slide,NA,
6706,HP/KAN/53A09/2018/111,Kangra,Kosri-ropri road,31.923056,76.669389,Debris            Slide,NA,
6707,HP/MAN/53A09/2018/112,Mandi,Lad Badol-Kothi Rd,31.923556,76.715278,Rock cum debris   Slide,NA,
6708,HP/MAN/53A09/2018/113,Mandi,Lad Badol-Utpur Rd,31.924028,76.689556,Debris            Slide,NA,
6709,HP/MAN/53A09/2018/114,Mandi,,31.924056,76.668694,Debris            Slide,NA,
6710,HP/MAN/53A09/2018/115,Mandi,Kothi- Lad badhrol road,31.924222,76.564611,Debris            Slide,NA,
6711,HP/MAN/53A09/2018/116,Mandi,,31.924556,76.565,Debris            Slide,NA,
6712,HP/HAM/53A09/2018/117,Hamirpur,Sivnagar - Kotlu road,31.925194,76.689694,Debris            Slide,NA,
6713,HP/MAN/53A09/2018/118,Mandi,Kothi- Ladbadhrol road,31.925278,76.565639,Debris            Slide,NA,
6714,HP/MAN/53A13/2015/83,Mandi,"Drahl,SH 19",31.929419,76.790337,Rock              Slide,NA,
6715,HP/MAN/53A09/2018/119,Mandi,Lad Badol-Utpur Rd,31.930583,76.695444,Debris            Flow,NA,
6716,HP/MAN/53A09/2018/120,Mandi,Lad Badol-Kothi Rd,31.930917,76.707806,Debris            Slide,NA,
6717,HP/MAN/53A09/2018/121,Mandi,,31.930917,76.708333,Debris            Slide,NA,
6718,HP/MAN/53A09/2018/122,Mandi,,31.931056,76.709222,Debris            Slide,NA,
6719,HP/KAN/53A09/2018/123,Kangra,Tinbar-Rajnagar road,31.931333,76.569,Debris            Slide,NA,
6720,HP/MAN/53A09/2018/124,Mandi,Lad Badol-Utpur Rd,31.932139,76.702,Debris            Slide,NA,
6721,HP/MAN/53A13/2015/59,Mandi,"Barthwan,NH 20",31.9322,76.8775,Rock cum debris   Slide,NA,
6722,HP/KUL/53E01/2015/11,Kullu,NH21,31.933167,77.176944,Rock cum debris   Slide,NA,
6723,HP/MAN/53A13/2015/57,Mandi,"North of Hiyun, NH 20",31.9333,76.8765,Rock cum debris   Slide,NA,
6724,HP/MAN/53A13/2015/58,Mandi,"Hiyun, NH 20",31.9333,76.8765,Earth             Slide,NA,
6725,HP/KUL/53E01/2015/10,Kullu,NH21,31.934306,77.176389,Debris            Slide,NA,
6726,HP/MAN/53A13/2015/56,Mandi,"North of Hiyun, NH 20",31.9351,76.8765,Rock cum debris   Slide,NA,
6727,HP/KAN/52D08/2018/28,Kangra,KANGRA-JWALAJI ROAD,31.93777,76.26608,Debris            Slide,NA,
6728,HP/MAN/53A09/2018/125,Mandi,,31.938083,76.702472,Debris            Slide,NA,
6729,HP/KAN/53A09/2018/126,Kangra,Ropri-Bhora road,31.940333,76.585056,Debris            Slide,NA,
6730,HP/HAM/53A09/2018/127,Hamirpur,SH-04,31.940444,76.509806,Debris,Slide,2018
6731,HP/HAM/53A09/2018/128,Hamirpur,SH-04,31.940583,76.529444,Debris,Slide,2018
6732,HP/KUL/53E01/2015/6,Kullu,NH21,31.940833,77.114583,Rock,Slide,2015
6733,HP/KAN/53A05/2018/46,Kangra,JAMULI JWALAJI ROAD,31.941812,76.262951,Debris            Slide,NA,
6734,HP/KAN/53A05/2018/18,Kangra,,31.94383,76.40533,Debris            Slide,NA,
6735,HP/MAN/53A13/2015/55,Mandi,"Ghatasani,NH 20",31.9449,76.867,Debris            Slide,NA,
6736,HP/KAN/53A05/2018/17,Kangra,,31.94537,76.40913,Rock              Fall,NA,
6737,HP/KAN/53A09/2018/129,Kangra,Tinbar- Rajnagar road,31.945972,76.569639,Debris            Slide,NA,
6738,HP/MAN/53A13/2015/203,Mandi,"Markhan P.F,Barot road",31.94599,76.89424,Rock              Slide,NA,
6739,HP/KAN/53A01/2018/4,Kangra,"Tehda, NH 503",31.947262,76.194913,Rock cum debris   Slide,NA,
6740,HP/KAN/53A01/2018/2,Kangra,"NH 2A, Tehda",31.947262,76.194913,Rock cum debris   Slide,NA,
6741,HP/KAN/53A01/2018/5,Kangra,"Tehda, NH 20A",31.947383,76.194888,Rock cum debris   Slide,NA,
6742,HP/KAN/53A01/2018/3,Kangra,"Tehda, NH 20",31.947383,76.194878,Rock cum debris   Slide,NA,
6743,HP/MAN/53A09/2018/130,Mandi,,31.947417,76.609583,Debris            Slide,NA,
6744,HP/MAN/53A13/2015/204,Mandi,"Markhan,Barot road",31.94785,76.89723,Rock              Slide,NA,
6745,HP/MAN/53A13/2015/16,Mandi,"Jhatingri,barot road,Milestone 5",31.94821,76.8859,Rock              Slide,NA,
6746,HP/MAN/53A09/2018/131,Mandi,,31.949472,76.58025,Debris            Slide,NA,
6747,HP/KAN/44M13/2020/1,Kangra,Ban Bilwan,31.95,75.94,Rock              Slide,NA,
6748,HP/KAN/44M13/2020/5,Kangra,Near Gatti bala baba temple,31.95,75.94,Debris,Slide,2010
6749,HP/KAN/44M13/2020/6,Kangra,Near Gatti bala baba temple,31.95,75.94,Debris,Slide,2000
6750,HP/KAN/44M13/2020/7,Kangra,Ghatti village,31.95,75.94,Rock              Slide,NA,
6751,HP/KAN/44M13/2020/8,Kangra,Ban Bilwan SH-27,31.95,75.93,Debris            Slide,NA,
6752,HP/KAN/44M13/2020/9,Kangra,Ban Bilwan SH-27,31.95,75.93,Debris            Slide,NA,
6753,HP/KAN/44M13/2020/10,Kangra,Ban Bilwan,31.95,75.93,Debris,Slide,2017
6754,HP/KAN/44M13/2020/12,Kangra,Ban Bilwan,31.95,75.93,Debris,Slide,2017
6755,HP/HAM/53A09/2018/132,Hamirpur,SUJANPUR-KHAIRA ROAD,31.950333,76.513028,Debris,Slide,2018
6756,HP/MAN/53A09/2018/133,Mandi,,31.950417,76.568306,Debris            Slide,NA,
6757,HP/KAN/53A05/2018/45,Kangra,JWALAJI ROAD,31.95185,76.43027,Rock cum debris   Slide,NA,
6758,HP/KAN/53A09/2018/134,Kangra,Baijnath Road,31.953556,76.566306,Debris            Slide,NA,
6759,HP/KAN/53A05/2018/48,Kangra,,31.95425,76.26747,Debris            Slide,NA,
6760,HP/KAN/53A05/2018/52,Kangra,,31.95512,76.43623,Debris            Slide,NA,
6761,HP/MAN/53A13/2015/54,Mandi,"Guma, NH 20",31.9553,76.8537,Debris            Slide,NA,
6762,HP/HAM/53A09/2018/135,Hamirpur,SH-04,31.955806,76.524111,Debris,Slide,2018
6763,HP/KUL/53E01/2015/39,Kullu,Chail Chawk-Jhanjheli road,31.956861,77.115917,Rock              Slide,NA,
6764,HP/KUL/53E01/2015/7,Kullu,NH21,31.956861,77.115917,Debris,Composite,2013
6765,HP/KUL/53E01/2015/67,Kullu,,31.958722,77.063444,Rock              Slide,NA,
6766,HP/HAM/53A09/2018/136,Hamirpur,Ropri- bhora road,31.95875,76.516278,Debris,Slide,2018
6767,HP/MAN/53A13/2015/208,Mandi,Dilausa 200m from S82 towards,31.95902,76.89503,Rock              Slide,NA,
6768,HP/KUL/53E01/2015/64,Kullu,,31.959056,77.070667,Rock              Slide,NA,
6769,HP/KUL/53E01/2015/65,Kullu,,31.959056,77.070667,Rock              Slide,NA,
6770,HP/KUL/53E01/2015/63,Kullu,,31.959194,77.071306,Rock              Slide,NA,
6771,HP/KUL/53E01/2015/68,Kullu,,31.959444,77.062167,Rock              Slide,NA,
6772,HP/KUL/53E01/2015/62,Kullu,,31.959528,77.072056,Rock              Slide,NA,
6773,HP/MAN/53A13/2015/205,Mandi,"Dilausa,milestone 10",31.95956,76.89113,Debris            Slide,NA,
6774,HP/KAN/44M13/2020/4,Kangra,Near Pong Dam SH-27,31.96,75.95,Debris            Slide,NA,
6775,HP/KUL/53E01/2015/56,Kullu,Manikaran road,31.960278,77.085667,Rock              Slide,NA,
6776,HP/KUL/53E01/2015/59,Kullu,PMGSY Rarhi road,31.961333,77.082861,Debris            Slide,NA,
6777,HP/KUL/53E01/2015/57,Kullu,PMGSY Rarhi road,31.961333,77.082861,Debris            Slide,NA,
6778,HP/KUL/53E01/2015/58,Kullu,PMGSY Rarhi road,31.961333,77.082861,Debris,Slide,2014
6779,HP/KUL/53E01/2015/61,Kullu,,31.961611,77.079639,Debris            Slide,NA,
6780,HP/KUL/53E01/2015/69,Kullu,,31.961861,77.060889,Rock              Slide,NA,
6781,HP/KUL/53E01/2015/60,Kullu,Bajaura Mandi road,31.962056,77.081444,Rock              Slide,NA,
6782,HP/KUL/53E01/2015/55,Kullu,Manikaran road,31.963806,77.089167,Rock              Slide,NA,
6783,HP/KUL/53E01/2015/66,Kullu,,31.963889,77.065028,Debris            Slide,NA,
6784,HP/HAM/53A09/2018/137,Hamirpur,SH-05,31.964,76.508083,Debris,Slide,2018
6785,HP/KAN/53A09/2018/138,Kangra,Tubar- Chadiar road,31.964444,76.563944,Debris            Slide,NA,
6786,HP/MAN/53A09/2018/139,Mandi,Rajnagar-Kathala road,31.964917,76.564056,Debris            Slide,NA,
6787,HP/KUL/53E01/2015/54,Kullu,,31.965194,77.089167,Rock              Slide,NA,
6788,HP/KUL/53E01/2015/70,Kullu,,31.965611,77.055778,Debris            Slide,NA,
6789,HP/KUL/53E01/2015/71,Kullu,,31.965611,77.055778,Debris            Slide,NA,
6790,HP/MAN/53A09/2018/140,Mandi,,31.965861,76.67875,Debris            Slide,NA,
6791,HP/MAN/53A09/2018/141,Mandi,,31.965944,76.564194,Debris            Slide,NA,
6792,HP/KAN/53A01/2018/6,Kangra,"Pitambari temple Bankhandi,",31.96596,76.204545,Rock cum debris   Slide,NA,
6793,HP/KUL/53E01/2015/72,Kullu,,31.96625,77.0485,Debris            Slide,NA,
6794,HP/KUL/53E01/2015/50,Kullu,NH21,31.966417,77.095722,Debris            Slide,NA,
6795,HP/MAN/53A09/2018/142,Mandi,,31.966611,76.564028,Debris            Slide,NA,
6796,HP/KUL/53E01/2015/51,Kullu,NH21,31.966639,77.094583,Debris            Slide,NA,
6797,HP/KUL/53E01/2015/52,Kullu,Manikaran road,31.966944,77.091611,Debris            Slide,NA,
6798,HP/KUL/53E01/2015/53,Kullu,Manikaran road,31.966944,77.091611,Debris            Slide,NA,
6799,HP/MAN/53A09/2018/143,Mandi,Rajnagar- Kathala road,31.967528,76.563889,Debris            Slide,NA,
6800,HP/MAN/53A09/2018/144,Mandi,,31.967889,76.563944,Debris            Slide,NA,
6801,HP/KUL/53E01/2015/74,Kullu,,31.96825,77.044306,Debris            Slide,NA,
6802,HP/KAN/53A01/2018/9,Kangra,"Bankhandi, NH 20A near temple",31.968342,76.203877,Rock cum debris   Slide,NA,
6803,HP/KAN/53A01/2018/11,Kangra,Bankhandi near Temple NH 20A,31.968472,76.203375,Rock cum debris   Slide,NA,
6804,HP/KAN/53A01/2018/8,Kangra,Bankhandi near temple NH 20A,31.968535,76.204325,Rock cum debris   Slide,NA,
6805,HP/KAN/53A01/2018/12,Kangra,Bankhandi near pitambari,31.96858,76.204817,Rock cum debris   Slide,NA,
6806,HP/KAN/53A01/2018/7,Kangra,"Bankhandi near temple,NH 20A",31.968618,76.204408,Rock cum debris   Slide,NA,
6807,HP/KUL/53E01/2015/73,Kullu,,31.969333,77.045333,Debris            Slide,NA,
6808,HP/MAN/53A13/2015/53,Mandi,"Guma, NH 20",31.96958,76.852826,Debris            Slide,NA,
6809,HP/MAN/53A13/2015/206,Mandi,"Sodgan,Barot road",31.97036,76.88319,Rock              Slide,NA,
6810,HP/MAN/53A13/2015/52,Mandi,"Guma, NH 20",31.9712,76.8518,Rock              Slide,NA,
6811,HP/KUL/53E01/2015/9,Kullu,NH21,31.971528,77.207722,Rock cum debris,Slide,2013
6812,HP/MAN/53A13/2015/73,Mandi,"Near Guma,NH 20",31.9716,76.8516,Rock,Slide,2005
6813,HP/MAN/53A13/2015/71,Mandi,"Chirang, NH 20",31.973,76.848,Debris            Slide,NA,
6814,HP/MAN/53A09/2018/145,Mandi,,31.973028,76.650333,Debris            Slide,NA,
6815,HP/MAN/53A13/2015/72,Mandi,"Kangalu, NH 20",31.9733,76.8492,Debris            Slide,NA,
6816,HP/MAN/53A13/2015/68,Mandi,"Chirang, NH 20",31.974,76.847,Debris            Slide,NA,
6817,HP/MAN/53A13/2015/69,Mandi,"Chirang, NH 20",31.974,76.847,Debris            Slide,NA,
6818,HP/MAN/53A13/2015/70,Mandi,"Chirang, NH 20",31.974,76.847,Debris            Slide,NA,
6819,HP/KAN/53A09/2018/146,Kangra,Kathla-Rajnapar road,31.974056,76.637111,Debris,Slide,2017
6820,HP/KUL/53E01/2015/8,Kullu,NH21,31.97425,77.215722,Debris,Slide,2013
6821,HP/KUL/53E01/2015/75,Kullu,Bajaura -Mandi road,31.97475,77.037083,Debris            Slide,NA,
6822,HP/KUL/53E01/2015/40,Kullu,Chail Chawk-Jhanjheli road,31.97475,77.037083,Debris            Slide,NA,
6823,HP/MAN/53A13/2015/67,Mandi,"Chirang, NH 20",31.975,76.847,Debris            Slide,NA,
6824,HP/KAN/53A01/2018/10,Kangra,"Bugret, NH 20A",31.975692,76.201752,Debris            Slide,NA,
6825,HP/MAN/53A09/2018/147,Mandi,,31.978222,76.634778,Debris            Slide,NA,
6826,HP/MAN/53A09/2018/148,Mandi,Daraman-Jigindernagar Rd,31.9825,76.711861,Debris            Slide,NA,
6827,HP/MAN/53A09/2018/149,Mandi,,31.984639,76.627,Debris            Slide,NA,
6828,HP/MAN/53A09/2018/150,Mandi,Daraman-Ropri Rd,31.988917,76.717056,Rock cum debris   Slide,NA,
6829,HP/MAN/53A13/2015/48,Mandi,"Shanan,NH 20",31.99,76.814,Debris            Slide,NA,
6830,HP/MAN/53A09/2018/151,Mandi,Kothi- Baijnath road,31.990222,76.619167,Debris            Slide,NA,
6831,HP/MAN/52D16/2015/238,Mandi,Barot-Jogindernagar road,31.9948,76.8673,Rock              Slide,NA,
6832,HP/MAN/53A13/2015/207,Mandi,"Bardhan,10m from S138",31.99694,76.86703,Debris            Slide,NA,
6833,HP/MAN/53A13/2015/50,Mandi,north of Ganain,31.997,76.83,Rock              Slide,NA,
6834,HP/MAN/53A13/2015/51,Mandi,north of Ganain,31.997,76.831,Rock              Slide,NA,
6835,HP/MAN/53A13/2015/47,Mandi,"Joginder nagar, NH 20",31.997639,76.781889,Debris            Slide,NA,
6836,HP/MAN/53A13/2015/49,Mandi,north of Ganain,31.998,76.828,Rock              Slide,NA,
6837,HP/MAN/53A13/2015/46,Mandi,"NW of Joginder nagar,NH 20",31.998167,76.779903,Rock              Fall,NA,
6838,HP/MAN/52D16/2015/237,Mandi,Barot-Jogindernagar road,31.9996,76.8644,Rock              Fall,NA,
6839,HP/KAN/44M13/2020/11,Kangra,Dhanuna Dhanuna,32,75.9,Debris,Slide,2015
6840,HP/MAN/52D16/2015/213,Mandi,Dul village link road,32.0016,76.8001,Rock              Slide,NA,
6841,HP/MAN/52D16/2015/208,Mandi,NH-154,32.002,76.7715,Rock              Topple,NA,
6842,HP/KUL/52H04/2015/154,Kullu,Gader village road,32.0042,77.1094,Rock              Slide,NA,
6843,HP/MAN/52D16/2015/236,Mandi,Barot-Jogindernagar road,32.0048,76.8624,Debris            Slide,NA,
6844,HP/MAN/52D16/2015/207,Mandi,NH-154,32.0053,76.7721,Rock              Slide,NA,
6845,HP/KUL/52H04/2015/155,Kullu,NH21,32.0062,77.1297,Debris            Slide,NA,
6846,HP/MAN/52D16/2015/209,Mandi,Jogindernagar-Banar link road,32.0063,76.7992,Rock              Slide,NA,
6847,HP/KUL/52H04/2015/160,Kullu,Manali-Naggar Road,32.01126,77.13817,Debris            Slide,NA,
6848,HP/KAN/52D04/2018/16,Kangra,"Ranital, NH 503",32.01247,76.230968,Rock              Slide,NA,
6849,HP/KUL/52H04/2015/161,Kullu,Manali-Naggar Road,32.0135,77.1373,Debris,Subsidence,2014
6850,HP/MAN/52D16/2015/212,Mandi,Banar village link road,32.0138,76.7852,Rock              Slide,NA,
6851,HP/KUL/52H04/2015/153,Kullu,Jadawan village road,32.0141,77.1113,Debris            Slide,NA,
6852,HP/KAN/52D04/2018/17,Kangra,"Ranital, NH 503",32.014727,76.22974,Rock cum debris   Slide,NA,
6853,HP/MAN/52D16/2015/206,Mandi,NH-154,32.0165,76.7433,Debris            Slide,NA,
6854,HP/MAN/52D16/2015/211,Mandi,Near Banar link road,32.0174,76.7857,Rock              Slide,NA,
6855,HP/KAN/52D04/2018/12,Kangra,Rasu,32.018607,76.227711,Rock cum debris   Slide,NA,
6856,HP/KAN/52D04/2018/18,Kangra,"Ranital, NH 503",32.018717,76.229077,Rock              Slide,NA,
6857,HP/MAN/52D16/2015/210,Mandi,Galu link road,32.0201,76.7798,Debris            Slide,NA,
6858,HP/KAN/52D04/2018/21,Kangra,"South of Kahra, NH 503",32.02044,76.245217,Debris            Subsidence,NA,
6859,HP/KAN/52D04/2018/2,Kangra,Near Kahra,32.020477,76.239295,Rock              Slide,NA,
6860,HP/KAN/52D04/2018/20,Kangra,"Near Rasu,NH 503",32.020507,76.23929,Rock              Slide,NA,
6861,HP/KAN/52D04/2018/13,Kangra,"Rasu, SH 23",32.020713,76.224273,Debris            Slide,NA,
6862,HP/KAN/52D04/2018/10,Kangra,Near Rasu,32.021223,76.229987,Debris            Slide,NA,
6863,HP/KAN/52D04/2018/5,Kangra,"Rasu, SH 23",32.021223,76.229987,Rock              Slide,NA,
6864,HP/KAN/52D04/2018/22,Kangra,"Kahra, NH 503",32.02143,76.245027,Rock              Slide,NA,
6865,HP/KAN/52D04/2018/3,Kangra,Near Kahra,32.02143,76.244998,Rock              Slide,NA,
6866,HP/KAN/52D04/2018/7,Kangra,"SH 23,NW of Rasu",32.021435,76.231333,Debris            Slide,NA,
6867,HP/KAN/52D04/2018/14,Kangra,"Rasu Subsidence Rasu Village, SH 23",32.02149,76.227022,Debris,Subsidence,2018
6868,HP/KAN/52D04/2018/8,Kangra,"SH 23,NW of Rasu",32.021625,76.231033,Rock cum debris   Slide,NA,
6869,HP/KAN/52D04/2018/23,Kangra,"Kahra, NH 503",32.021847,76.245353,Rock              Slide,NA,
6870,HP/KAN/52D04/2018/11,Kangra,Gandaun SH 23,32.02193,76.221647,Rock cum debris   Slide,NA,
6871,HP/KUL/52H04/2015/194,Kullu,Kais-Soil road,32.0221,77.1396,Debris            Slide,NA,
6872,HP/KAN/52D04/2018/4,Kangra,Near Kahra,32.022117,76.24557,Rock              Slide,NA,
6873,HP/KAN/52D04/2018/19,Kangra,Rasu,32.023457,76.235528,Rock              Slide,NA,
6874,HP/KAN/52D04/2018/1,Kangra,NH20A,32.023552,76.245977,Rock              Slide,NA,
6875,HP/KAN/52D04/2018/24,Kangra,"Kahra, NH 503",32.02376,76.245957,Rock              Slide,NA,
6876,HP/KAN/52D04/2018/9,Kangra,"Rasu, SH 23",32.024048,76.231201,Rock              Slide,NA,
6877,HP/KUL/52H04/2015/162,Kullu,Manali-Naggar Road,32.0241,77.134,Debris            Subsidence,NA,
6878,HP/KAN/52D04/2018/6,Kangra,"Rasu, SH 23",32.024664,76.229313,Rock              Slide,NA,
6879,HP/KUL/52H04/2015/152,Kullu,Jadawan village road,32.025,77.1081,Debris            Slide,NA,
6880,HP/KAN/52D04/2018/28,Kangra,Ghandur,32.026528,76.212513,Debris            Slide,NA,
6881,HP/KUL/52H04/2015/151,Kullu,Jadawan village road,32.0277,77.0983,Debris            Slide,NA,
6882,HP/KAN/52D08/2018/112,Kangra,,32.02832,76.4088,Debris            Slide,NA,
6883,HP/KAN/52D08/2018/51,Kangra,BAGIYARA DHIRA-NAGROTA ROAD,32.02858,76.41153,Debris            Slide,NA,
6884,HP/KUL/52H04/2015/195,Kullu,Kais-Soil road,32.029,77.1409,Debris            Slide,NA,
6885,HP/KUL/52H04/2015/163,Kullu,Manali-Naggar Road,32.0294,77.137,Rock              Slide,NA,
6886,HP/KUL/52H04/2015/164,Kullu,Manali-Naggar Road,32.033,77.1365,Debris            Slide,NA,
6887,HP/KUL/52H04/2015/204,Kullu,Kais-Soil road,32.0334,77.1496,Debris            Slide,NA,
6888,HP/KUL/52H04/2015/165,Kullu,Manali-Naggar Road,32.0335,77.1366,Debris            Slide,NA,
6889,HP/KUL/52H04/2015/197,Kullu,Kais-Soil road,32.0342,77.1403,Debris            Slide,NA,
6890,HP/KUL/52H04/2015/196,Kullu,Kais-Soil road,32.0342,77.1403,Debris            Slide,NA,
6891,HP/KAN/52D08/2018/17,Kangra,SAROTRI ROAD,32.03425,76.31728,Debris            Slide,NA,
6892,HP/KAN/52D08/2018/94,Kangra,SUNHI ROAD,32.03432,76.31807,Debris            Slide,NA,
6893,HP/KAN/52D08/2018/20,Kangra,SAROTRI KHAS,32.03465,76.31935,Rock              Slide,NA,
6894,HP/KAN/52D04/2018/15,Kangra,Kahra,32.034995,76.23955,Rock              Slide,NA,
6895,HP/KAN/52D08/2018/133,Kangra,KHAROTA,32.03572,76.4133,Debris            Slide,NA,
6896,HP/KAN/52D08/2018/37,Kangra,SULLAH-NANAUN ROAD,32.035754,76.462657,Debris            Slide,NA,
6897,HP/KAN/52D08/2018/131,Kangra,GHAROH SULLAH-NANAUN ROAD,32.0358,76.46283,Debris            Slide,NA,
6898,HP/KAN/52D04/2018/25,Kangra,Palera,32.036092,76.227837,Debris            Slide,NA,
6899,HP/KUL/52H04/2015/203,Kullu,Kais-Soil road,32.0362,77.1472,Debris            Slide,NA,
6900,HP/KAN/52D08/2018/132,Kangra,KHAROTA,32.036624,76.411489,Debris            Slide,NA,
6901,HP/KUL/52H04/2015/198,Kullu,Kais-Soil road,32.037,77.1417,Debris            Slide,NA,
6902,HP/KUL/52H04/2015/199,Kullu,Kais-Soil road,32.0373,77.1421,Debris            Slide,NA,
6903,HP/KAN/52D08/2018/57,Kangra,TIHRI SULLAH-NANAUN ROAD,32.038093,76.463837,Debris            Slide,NA,
6904,HP/KUL/52H04/2015/202,Kullu,Kais-Soil road,32.0385,77.1472,Debris            Subsidence,NA,
6905,HP/KAN/43P16/2020/2,Kangra,Peh Diothi-Badal road,32.04,75.85,Debris,Slide,2010
6906,HP/KAN/43P16/2020/5,Kangra,Diothi,32.04,75.83,Debris,Slide,2010
6907,HP/KAN/43P16/2020/6,Kangra,Diothi,32.04,75.84,Debris            Slide,NA,
6908,HP/KAN/52D12/2020/13,Kangra,Bir-Billing Road,32.04,76.73,Rock              Slide,NA,
6909,HP/KAN/52D12/2020/20,Kangra,Bir-Billing Road,32.04,76.73,Debris            Slide,NA,
6910,HP/MAN/52D12/2020/26,Mandi,Bir-Billing Road,32.04,76.74,Debris            Slide,NA,
6911,HP/MAN/52D12/2020/27,Mandi,Bir-Billing Road,32.04,76.73,Debris            Slide,NA,
6912,HP/MAN/52D12/2020/28,Mandi,Bir-Billing Road,32.04,76.73,Debris            Slide,NA,
6913,HP/MAN/52D12/2020/29,Mandi,Bir-Billing Road,32.04,76.73,Debris            Slide,NA,
6914,HP/MAN/52D12/2020/30,Mandi,Bir-Billing Road,32.04,76.74,Debris            Slide,NA,
6915,HP/KUL/52H04/2015/166,Kullu,Manali-Naggar Road,32.0411,77.1361,Debris            Creep,NA,
6916,HP/KUL/52H04/2015/201,Kullu,Kais-Soil road,32.0413,77.1461,Rock,Slide,2015
6917,HP/LSP/53L04/2018/1,Lahaul & Spiti,Siluk,32.04166,78.23416,Debris            Slide,NA,
6918,HP/KUL/52H04/2015/167,Kullu,Manali-Naggar Road,32.0419,77.1363,Debris            Slide,NA,
6919,HP/LSP/53L04/2018/2,Lahaul & Spiti,Siluk,32.04307,78.23095,Debris            Slide,NA,
6920,HP/MAN/52D16/2015/225,Mandi,Lohardi-Barot link road,32.0445,76.8496,Debris            Slide,NA,
6921,HP/MAN/52D16/2015/235,Mandi,Barot-Bargrah road,32.0446,76.8371,Debris            Slide,NA,
6922,HP/LSP/53L04/2018/6,Lahaul & Spiti,Dhankar,32.04504,78.23301,Debris            Slide,NA,
6923,HP/KUL/52H04/2015/168,Kullu,Manali-Naggar Road,32.0455,77.1369,Debris            Slide,NA,
6924,HP/KUL/52H04/2015/150,Kullu,Shajun village road,32.0456,77.1079,Debris            Slide,NA,
6925,HP/LSP/53L04/2018/3,Lahaul & Spiti,Siluk,32.04604,78.22957,Debris            Slide,NA,
6926,HP/LSP/53L04/2018/7,Lahaul & Spiti,Dhankar,32.04629,78.23266,Debris            Slide,NA,
6927,HP/KUL/52H04/2015/200,Kullu,Kais-Soil road,32.0465,77.1453,Debris            Slide,NA,
6928,HP/MAN/52D16/2015/224,Mandi,Lohardi-Barot link road,32.0465,76.8515,Rock              Topple,NA,
6929,HP/MAN/52D16/2015/223,Mandi,Lohardi-Barot link road,32.0468,76.8528,Debris            Slide,NA,
6930,HP/LSP/53L12/2018/1,Lahaul & Spiti,Near Sumdo,32.04682,78.59743,Rock cum debris   Slide,NA,
6931,HP/LSP/53L04/2018/4,Lahaul & Spiti,Siluk,32.0471,78.22928,Debris            Slide,NA,
6932,HP/KUL/52H04/2015/205,Kullu,Kais-Soil road,32.0478,77.1454,Debris            Slide,NA,
6933,HP/LSP/53L04/2018/5,Lahaul & Spiti,Siluk,32.04781,78.22788,Debris            Slide,NA,
6934,HP/MAN/52D16/2015/234,Mandi,Barot-Bargrah road,32.0481,76.8344,Rock              Fall,NA,
6935,HP/LSP/53L04/2018/8,Lahaul & Spiti,Dhankar,32.04823,78.2313,Debris            Slide,NA,
6936,HP/LSP/53L12/2018/2,Lahaul & Spiti,Near Sumdo,32.04836,78.59797,Rock cum debris   Slide,NA,
6937,HP/MAN/52D16/2015/232,Mandi,Barot-Bargrah road,32.0487,76.8277,Debris            Slide,NA,
6938,HP/MAN/52D16/2015/233,Mandi,Barot-Bargrah road,32.0491,76.831,Debris          Slide,NA,
6939,HP/KUL/52H04/2015/156,Kullu,NH21,32.0492,77.1288,Debris          Slide,NA,
6940,HP/MAN/52D16/2015/222,Mandi,Lohardi-Barot link road,32.0497,76.8568,Rock            Slide,NA,
6941,HP/KAN/43P16/2020/4,Kangra,Diothi,32.05,75.83,Debris          Slide,NA,
6942,HP/KAN/43P16/2020/7,Kangra,Diothi,32.05,75.83,Debris,Slide,2010
6943,HP/KAN/43P16/2020/8,Kangra,Diothi,32.05,75.83,Debris          Slide,NA,
6944,HP/KAN/43P16/2020/13,Kangra,Badukhar,32.05,75.82,Debris          Slide,NA,
6945,HP/KAN/43P16/2020/14,Kangra,Badukhar,32.05,75.82,Debris          Slide,NA,
6946,HP/KAN/52D12/2020/10,Kangra,Bir-Billing Road,32.05,76.73,Debris          Slide,NA,
6947,HP/KAN/52D12/2020/11,Kangra,Bir-Billing Road,32.05,76.74,Debris          Flow,NA,
6948,HP/KAN/52D12/2020/12,Kangra,Bir-Billing Road,32.05,76.73,Debris          Slide,NA,
6949,HP/KAN/52D12/2020/16,Kangra,Keori,32.05,76.71,Debris          Slide,NA,
6950,HP/KAN/52D12/2020/17,Kangra,Keori,32.05,76.71,Debris          Slide,NA,
6951,HP/KAN/52D12/2020/19,Kangra,Bir-Billing Rd,32.05,76.74,Rock            Slide,NA,
6952,HP/MAN/52D12/2020/23,Mandi,Bir-Billing Road,32.05,76.74,Debris          Slide,NA,
6953,HP/MAN/52D12/2020/24,Mandi,Bir-Billing Road,32.05,76.74,Rock            Slide,NA,
6954,HP/MAN/52D12/2020/25,Mandi,Bir-Matru Road,32.05,76.73,Debris          Slide,NA,
6955,HP/MAN/52D16/2015/231,Mandi,Barot-Bargrah road,32.0516,76.8242,Debris          Slide,NA,
6956,HP/MAN/52D16/2015/230,Mandi,Barot-Bargrah road,32.0526,76.823,Debris          Slide,NA,
6957,HP/KUL/52H04/2015/169,Kullu,Manali-Naggar Road,32.0538,77.1368,Debris          Slide,NA,
6958,HP/KUL/52H04/2015/170,Kullu,Manali-Naggar Road,32.0544,77.1371,Debris          Slide,NA,
6959,HP/KUL/52H04/2015/171,Kullu,Manali-Naggar Road,32.0551,77.1373,Rock            Slide,NA,
6960,HP/MAN/52D16/2015/229,Mandi,Barot-Bargrah road,32.0558,76.8192,Debris          Slide,NA,
6961,HP/MAN/52D16/2015/228,Mandi,Barot-Bargrah road,32.0566,76.8183,Debris          Slide,NA,
6962,HP/KUL/52H04/2015/149,Kullu,Grahan village road,32.0567,77.1145,Rock            Slide,NA,
6963,HP/KUL/52H04/2015/179,Kullu,Manali-Naggar Road,32.0575,77.1641,Debris          Slide,NA,
6964,HP/KUL/52H04/2015/172,Kullu,Manali-Naggar Road,32.0578,77.1374,Debris          Slide,NA,
6965,HP/MAN/52D16/2015/227,Mandi,Barot-Bargrah road,32.0578,76.8183,Debris          Slide,NA,
6966,HP/LSP/53L08/2018/1,Lahaul & Spiti,Near Hurling,32.05856,78.47483,Debris          Slide,NA,
6967,HP/KUL/52H04/2015/173,Kullu,Manali-Naggar Road,32.0592,77.1368,Debris          Slide,NA,
6968,HP/KAN/43P16/2020/10,Kangra,Badukhar,32.06,75.82,Debris,Slide,2000
6969,HP/KAN/43P16/2020/11,Kangra,Badukhar,32.06,75.82,Debris          Slide,NA,
6970,HP/KAN/43P16/2020/12,Kangra,Badukhar,32.06,75.82,Debris          Slide,NA,
6971,HP/KAN/43P16/2020/15,Kangra,Diothi,32.06,75.83,Debris          Slide,NA,
6972,HP/KAN/52D12/2020/9,Kangra,Bir-Billing Rd,32.06,76.74,Rock            Slide,NA,
6973,HP/LSP/53L08/2018/2,Lahaul & Spiti,Near Hurling,32.06054,78.47295,Debris          Slide,NA,
6974,HP/KUL/52H04/2015/157,Kullu,NH21,32.0606,77.1343,Debris          Slide,NA,
6975,HP/KUL/52H04/2015/148,Kullu,Grahan village road,32.0609,77.1053,Rock            Slide,NA,
6976,HP/KUL/52H04/2015/174,Kullu,Manali-Naggar Road,32.0614,77.1369,Debris          Slide,NA,
6977,HP/MAN/52D16/2015/226,Mandi,Barot-Bargrah road,32.0618,76.8114,Rock            Slide,NA,
6978,HP/KUL/52H04/2015/147,Kullu,Bichgram road,32.0634,77.0961,Debris          Slide,NA,
6979,HP/KUL/52H04/2015/145,Kullu,Karal village road,32.0636,77.0952,Debris          Slide,NA,
6980,HP/KUL/52H04/2015/146,Kullu,Karal village road,32.0636,77.0952,Rock            Slide,NA,
6981,HP/KUL/52H04/2015/144,Kullu,Gurchhet-Karal road,32.0659,77.1016,Debris          Slide,NA,
6982,HP/KUL/52H04/2015/175,Kullu,Manali-Naggar Road,32.0661,77.1367,Debris          Slide,NA,
6983,HP/KUL/52H04/2015/51,Kullu,Kullu0Manali NH-21,32.0675,77.131,Debris          Slide,NA,
6984,HP/KUL/52H04/2015/49,Kullu,Kullu0Manali NH-21,32.0676,77.1319,Debris          Slide,NA,
6985,HP/KUL/52H04/2015/50,Kullu,Kullu0Manali NH-21,32.0676,77.1316,Debris          Slide,NA,
6986,HP/KUL/52H04/2015/176,Kullu,Manali-Naggar Road,32.0679,77.1375,Debris          Slide,NA,
6987,HP/KUL/52H04/2015/177,Kullu,Manali-Naggar Road,32.0682,77.137,Debris          Slide,NA,
6988,HP/KUL/52H04/2015/158,Kullu,NH21,32.0695,77.1315,Debris          Slide,NA,
6989,HP/KUL/52H04/2015/180,Kullu,Manali-Naggar Road,32.0703,77.1577,Debris            Slide,NA,
6990,HP/KAN/52D08/2018/134,Kangra,,32.07142,76.41408,Debris            Slide,NA,
6991,HP/KUL/52D16/2015/221,Kullu,Lohardi-Barot link road,32.0719,76.8581,Rock              Slide,NA,
6992,HP/KUL/52D16/2015/220,Kullu,Lohardi-Barot link road,32.0745,76.8585,Rock              Slide,NA,
6993,HP/KAN/52D04/2018/144,Kangra,Almela,32.075694,76.091875,Debris            Slide,NA,
6994,HP/KAN/52D04/2018/143,Kangra,Amlela,32.077293,76.092946,Debris            Slide,NA,
6995,HP/KUL/52H04/2015/183,Kullu,Manali-Naggar Road,32.0782,77.1615,Debris            Slide,NA,
6996,HP/KUL/52H04/2015/181,Kullu,Manali-Naggar Road,32.0793,77.1531,Debris            Subsidence,NA,
6997,HP/KAN/52D04/2018/145,Kangra,Jarpal,32.079518,76.099402,Rock              Slide,NA,
6998,HP/KUL/52H04/2015/182,Kullu,Manali-Naggar Road,32.0796,77.1557,Debris            Subsidence,NA,
6999,HP/KUL/52D16/2015/218,Kullu,Lohardi-Barot link road,32.0798,76.8577,Rock              Slide,NA,
7000,HP/KUL/52D16/2015/219,Kullu,Lohardi-Barot link road,32.0798,76.8577,Debris            Slide,NA,
7001,HP/KUL/52H04/2015/184,Kullu,Manali-Naggar Road,32.0813,77.1597,Debris            Slide,NA,
7002,HP/KAN/52D08/2018/95,Kangra,NH 20,32.0834,76.44958,Rock cum debris   Slide,NA,
7003,HP/KAN/52D04/2018/135,Kangra,South of Lanj,32.085287,76.131158,Debris            Slide,NA,
7004,HP/KUL/52D16/2015/214,Kullu,Polang link road,32.0871,76.8561,Rock              Slide,NA,
7005,HP/KUL/52D16/2015/215,Kullu,Polang-Barot link road,32.0871,76.8561,Debris            Slide,NA,
7006,HP/KUL/52D16/2015/216,Kullu,#N/A #N/A,32.0871,76.8561,Rock              Slide,NA,
7007,HP/KUL/52D16/2015/217,Kullu,Polang-Barot link road,32.0871,76.8561,Debris            Slide,NA,
7008,HP/KAN/52D08/2018/69,Kangra,KANGRA-NANDRUL ROAD,32.09002,76.25133,Rock              Fall,NA,
7009,HP/KAN/52D08/2018/19,Kangra,KANGRA-NANDRUL ROAD,32.09055,76.26572,Rock              Slide,NA,
7010,HP/KAN/52D08/2018/80,Kangra,UPPER RAKKAR KANGRA-NANDRUL ROAD,32.09127,76.25358,Rock              Slide,NA,
7011,HP/KAN/52D08/2018/58,Kangra,,32.09127,76.26657,Rock              Slide,NA,
7012,HP/KAN/52D08/2018/46,Kangra,SALAG KANGRA-NANDRUL ROAD,32.09149,76.25644,Rock              Slide,NA,
7013,HP/KAN/52D08/2018/82,Kangra,KANGRA-NANDRUL ROAD,32.09212,76.25833,Rock              Slide,NA,
7014,HP/KAN/52D08/2018/83,Kangra,KANGRA FORT ROAD,32.0923,76.2606,Rock              Slide,NA,
7015,HP/KAN/52D04/2018/142,Kangra,Baloda R.F,32.092542,76.099438,Rock              Slide,NA,
7016,HP/KAN/52D08/2018/81,Kangra,KANGRA-NANDRUL ROAD,32.09377,76.25688,Rock              Slide,NA,
7017,HP/KAN/52D04/2018/141,Kangra,Baldoa R.F,32.094321,76.103113,Debris            Slide,NA,
7018,HP/KAN/52D04/2018/140,Kangra,Baldoa R.F,32.095251,76.102503,Rock              Subsidence,NA,
7019,HP/KUL/52H04/2015/133,Kullu,Shim-silingcha road,32.0957,77.1088,Debris            Slide,NA,
7020,HP/KAN/52D08/2018/92,Kangra,KANGRA FORT ROAD,32.09647,76.26443,Debris            Slide,NA,
7021,HP/KAN/52D08/2018/101,Kangra,KANGRA FORT ROAD,32.096995,76.267409,Rock              Slide,NA,
7022,HP/KAN/52D08/2018/139,Kangra,NH 503,32.097315,76.269344,Debris            Slide,NA,
7023,HP/LSP/53L04/2018/12,Lahaul & Spiti,"West of Lingti, Pin valley",32.09785,78.16158,Debris            Slide,NA,
7024,HP/KAN/52D08/2018/103,Kangra,SAROTRI KANGRA FORT ROAD,32.09796,76.26885,Rock              Slide,NA,
7025,HP/KAN/52D08/2018/102,Kangra,KANGRA FORT ROAD,32.09811,76.268947,Rock              Slide,NA,
7026,HP/LSP/53L04/2018/13,Lahaul & Spiti,"West of Lingti, Pin valley",32.09842,78.16221,Debris            Slide,NA,
7027,HP/LSP/53L04/2018/9,Lahaul & Spiti,West of Dhankar,32.09857,78.19365,Debris            Slide,NA,
7028,HP/LSP/53L04/2018/14,Lahaul & Spiti,"West of Lingti, Pin valley",32.09895,78.1625,Debris            Slide,NA,
7029,HP/LSP/53L04/2018/10,Lahaul & Spiti,West of Dhankar,32.09908,78.19296,Debris            Slide,NA,
7030,HP/KUL/52H04/2015/134,Kullu,Phojal village road,32.0993,77.0889,Debris            Slide,NA,
7031,HP/LSP/53L04/2018/11,Lahaul & Spiti,West of Dhankar,32.09937,78.19239,Debris            Slide,NA,
7032,HP/KAN/52D12/2020/1,Kangra,Deol Khas,32.1,76.67,Debris            Slide,NA,
7033,HP/KAN/52D12/2020/4,Kangra,Binwa,32.1,76.66,Debris            Slide,NA,
7034,HP/KAN/52D12/2020/5,Kangra,Deol Khas,32.1,76.67,Debris            Slide,NA,
7035,HP/KAN/52D12/2020/22,Kangra,Deol Khas,32.1,76.67,Debris            Slide,NA,
7036,HP/KAN/52D08/2018/100,Kangra,TANDA ROAD,32.10268,76.2997,Debris,Slide,2018
7037,HP/KAN/52D04/2018/26,Kangra,South of Nagruth,32.104952,76.188823,Debris            Slide,NA,
7038,HP/KUL/52H04/2015/135,Kullu,Neri Village road,32.1058,77.0725,Rock,Slide,2012
7039,HP/KUL/52H04/2015/190,Kullu,Naggar - Patlikhul road,32.1065,77.158,Debris            Slide,NA,
7040,HP/KUL/52H04/2015/191,Kullu,Naggar - Patlikhul road,32.108,77.154,Debris            Slide,NA,
7041,HP/KUL/52H04/2015/192,Kullu,Naggar - Patlikhul road,32.1087,77.1541,Debris            Slide,NA,
7042,HP/KUL/52H04/2015/193,Kullu,Naggar - Patlikhul road,32.1093,77.1538,Debris            Slide,NA,
7043,HP/KAN/52D08/2018/91,Kangra,,32.109319,76.488214,Rock cum debris,Slide,2018
7044,HP/KAN/43P16/2020/17,Kangra,Patti Sanjwan-Dini link road,32.11,75.8,Debris            Slide,NA,
7045,HP/KAN/52D12/2020/2,Kangra,Binwa,32.11,76.66,Debris            Slide,NA,
7046,HP/KAN/52D12/2020/3,Kangra,Binwa,32.11,76.66,Rock              Slide,NA,
7047,HP/KAN/52D12/2020/6,Kangra,Utrala-Galau Tikkar Rd,32.11,76.63,Debris            Slide,NA,
7048,HP/KAN/52D12/2020/7,Kangra,Utrala-Galau Tikkar Rd,32.11,76.63,Debris            Slide,NA,
7049,HP/KAN/52D12/2020/14,Kangra,Utrala-Galau Tikkar Rd,32.11,76.63,Debris            Slide,NA,
7050,HP/KAN/52D12/2020/15,Kangra,Utrala-Galau Tikkar Rd,32.11,76.62,Debris            Slide,NA,
7051,HP/KAN/52D12/2020/21,Kangra,Binwa,32.11,76.66,Debris            Slide,NA,
7052,HP/KAN/52D08/2018/130,Kangra,DARNOO PALAMPUR ROAD,32.110388,76.490495,Rock cum debris   Slide,NA,
7053,HP/KAN/52D08/2018/129,Kangra,ARMY CANTONMENT NH 154,32.1108,76.31034,Debris            Slide,NA,
7054,HP/KAN/52D08/2018/138,Kangra,NADDI NH 154,32.11103,76.3113,Debris            Slide,NA,
7055,HP/KAN/52D04/2018/126,Kangra,Samleta,32.111601,76.158497,Rock              Slide,NA,
7056,HP/KAN/52D08/2018/88,Kangra,BHAGOTLA,32.11166,76.488207,Debris            Slide,NA,
7057,HP/KAN/52D08/2018/90,Kangra,,32.112039,76.48828,Debris            Slide,NA,
7058,HP/KAN/52D04/2018/131,Kangra,"North of Lanj, SH 23",32.11216,76.137797,Rock              Slide,NA,
7059,HP/KAN/52D08/2018/89,Kangra,BHAGOTLA,32.11242,76.48828,Rock,Slide,2018
7060,HP/KAN/52D08/2018/87,Kangra,BHAGOTLA,32.112744,76.488209,Debris            Slide,NA,
7061,HP/KAN/52D04/2018/130,Kangra,"Manol, SH 23",32.113208,76.137608,Rock              Slide,NA,
7062,HP/KUL/52H04/2015/186,Kullu,Naggar Castle road,32.1161,77.1936,Rock              Slide,NA,
7063,HP/KUL/52H04/2015/185,Kullu,Naggar Castle road,32.1165,77.1944,Debris            Slide,NA,
7064,HP/KAN/52D08/2018/55,Kangra,BHAGOTLA,32.11653,76.48993,Debris            Slide,NA,
7065,HP/KAN/52D08/2018/145,Kangra,RAJHAUN BHAGOTLA,32.116842,76.489831,Debris            Slide,NA,
7066,HP/KUL/52H04/2015/188,Kullu,Naggar Castle road,32.1173,77.1893,Debris            Slide,NA,
7067,HP/KAN/52D04/2018/162,Kangra,Hamal,32.118461,76.032663,Debris            Slide,NA,
7068,HP/KAN/52D04/2018/163,Kangra,Hamal,32.118489,76.032167,Debris            Slide,NA,
7069,HP/KUL/52H04/2015/187,Kullu,Naggar Castle road,32.1187,77.1912,Debris            Slide,NA,
7070,HP/KAN/52D04/2018/27,Kangra,West of Parai,32.11895,76.172328,Rock              Slide,NA,
7071,HP/KAN/52D08/2018/123,Kangra,BHAGOTLA,32.119212,76.49013,Debris            Slide,NA,
7072,HP/KAN/52D04/2018/29,Kangra,Bhorbal,32.122483,76.176075,Rock              Slide,NA,
7073,HP/KAN/52D04/2018/164,Kangra,Badhala,32.123854,76.030334,Debris            Slide,NA,
7074,HP/KUL/52H04/2015/136,Kullu,NH21,32.1241,77.151,Debris            Slide,NA,
7075,HP/KUL/52H04/2015/189,Kullu,Sarsai-Baltha road,32.1243,77.1675,Debris            Creep,NA,
7076,HP/KUL/52H04/2015/137,Kullu,NH21,32.1263,77.1527,Debris            Slide,NA,
7077,HP/KAN/52D04/2018/36,Kangra,West of Chatreta,32.127756,76.171261,Debris            Slide,NA,
7078,HP/KAN/52D04/2018/37,Kangra,West of Chatreta,32.128064,76.174364,Rock              Slide,NA,
7079,HP/KAN/52D04/2018/30,Kangra,West of Chatreta,32.129215,76.176529,Rock cum debris   Slide,NA,
7080,HP/KAN/52D12/2020/8,Kangra,Thala,32.13,76.53,Debris            Slide,NA,
7081,HP/KAN/52D04/2018/101,Kangra,Tiara R. F,32.130578,76.223767,Debris            Slide,NA,
7082,HP/KUL/52H04/2015/178,Kullu,Manali-Naggar Road,32.1325,77.1722,Rock              Slide,NA,
7083,HP/KAN/52D04/2018/165,Kangra,Badhala,32.13397,76.027752,Debris            Slide,NA,
7084,HP/KAN/43P16/2020/3,Kangra,Bhatoli Near Bhatoli,32.14,75.88,Debris,Slide,2016
7085,HP/KAN/43P16/2020/16,Kangra,Bhatili,32.14,75.88,Debris            Slide,NA,
7086,HP/KUL/52H04/2015/132,Kullu,Kathor-Shil road,32.1401,77.1184,Rock              Slide,NA,
7087,HP/KAN/52D04/2018/38,Kangra,Balta,32.140765,76.195255,Rock cum debris   Slide,NA,
7088,HP/KAN/52D04/2018/132,Kangra,Jhroli,32.145327,76.137115,Rock              Slide,NA,
7089,HP/KAN/52D04/2018/39,Kangra,Kolha,32.146207,76.191258,Debris            Slide,NA,
7090,HP/KAN/52D12/2020/18,Kangra,Thala,32.15,76.53,Debris            Slide,NA,
7091,HP/KUL/52H04/2015/131,Kullu,Ligan- Panang Road,32.1512,77.1574,Rock              Fall,NA,
7092,HP/KUL/52H04/2015/138,Kullu,NH21,32.1556,77.1709,Debris            Slide,NA,
7093,HP/KAN/52D04/2018/124,Kangra,Thehr P.F,32.156751,76.128739,Rock              Slide,NA,
7094,HP/KAN/52D04/2018/123,Kangra,Thehr P.F,32.158584,76.129886,Rock              Slide,NA,
7095,HP/KAN/52D04/2018/133,Kangra,Pandhu,32.158908,76.138223,Rock cum debris   Slide,NA,
7096,HP/KAN/43P12/2020/1,Kangra,Indpur,32.16,75.74,Debris            Slide,NA,
7097,HP/KUL/52H04/2015/130,Kullu,Ligan village road,32.1603,77.1612,Debris            Slide,NA,
7098,HP/KAN/52D04/2018/139,Kangra,Bangrur,32.160927,76.033764,Rock              Slide,NA,
7099,HP/KAN/52D04/2019/830,Kangra,"Bherun slide Bherun village, Nerti Panchayat,",32.160972,76.208832,Debris            Slide,NA,
7100,HP/KAN/52D04/2018/40,Kangra,South of Chartha,32.161301,76.188895,Rock              Slide,NA,
7101,HP/KAN/52D04/2018/138,Kangra,Bagrur,32.162176,76.033233,Rock              Slide,NA,
7102,HP/KAN/52D04/2018/136,Kangra,Bagrur,32.162896,76.032462,Rock              Slide,NA,
7103,HP/KAN/53A05/2018/149,Kangra,KACHHIARI KHAS JWALAJI ROAD,32.16468,76.29451,Debris            Slide,NA,
7104,HP/KAN/52D04/2018/137,Kangra,Bagrur,32.164913,76.032681,Rock              Slide,NA,
7105,HP/KAN/52D08/2018/110,Kangra,JWALAJI ROAD,32.16517,76.45095,Debris            Slide,NA,
7106,HP/KAN/53A05/2018/111,Kangra,JWALAJI ROAD,32.16532,76.29517,Debris            Slide,NA,
7107,HP/KAN/52D08/2018/38,Kangra,,32.16533,76.451093,Rock cum debris   Slide,NA,
7108,HP/KAN/52D08/2018/36,Kangra,,32.16547,76.45073,Rock cum debris   Slide,NA,
7109,HP/KAN/52D08/2018/1,Kangra,JWALAJI ROAD,32.16602,76.29607,Debris            Slide,NA,
7110,HP/KAN/52D08/2018/39,Kangra,,32.1664,76.44601,Rock cum debris   Slide,NA,
7111,HP/KUL/52H04/2015/129,Kullu,Ligan village road,32.1665,77.1604,Debris            Subsidence,NA,
7112,HP/KAN/52D08/2018/85,Kangra,MDR 44,32.16657,76.297136,Debris            Slide,NA,
7113,HP/KUL/52H04/2015/127,Kullu,Sangchar village road,32.1668,77.1539,Rock              Fall,NA,
7114,HP/KAN/52D08/2018/59,Kangra,,32.16747,76.42822,Rock cum debris   Slide,NA,
7115,HP/KUL/52H04/2015/128,Kullu,Sangchar village road,32.1681,77.1557,Rock              Fall,NA,
7116,HP/KAN/52D08/2018/140,Kangra,NH 154,32.1684,76.25648,Debris            Slide,NA,
7117,HP/KAN/52D08/2018/141,Kangra,KACHHIARI KHAS NH 154,32.1691,76.2571,Debris            Slide,NA,
7118,HP/KAN/52D04/2018/134,Kangra,South of Harnera,32.16937,76.143917,Rock cum debris   Slide,NA,
7119,HP/KAN/52D08/2018/109,Kangra,SIKOH-GAGGAL ROAD,32.169553,76.301266,Debris            Creep,NA,
7120,HP/KAN/52D04/2018/125,Kangra,North of Of bhalwa,32.169633,76.136788,Rock              Slide,NA,
7121,HP/KAN/52D08/2018/84,Kangra,MDR 44,32.170179,76.302572,Debris            Slide,NA,
7122,HP/KUL/52H04/2015/139,Kullu,NH21,32.1702,77.1796,Debris            Slide,NA,
7123,HP/KAN/53A05/2018/147,Kangra,NH 154,32.17075,76.2577,Debris            Slide,NA,
7124,HP/KAN/52D08/2018/40,Kangra,,32.1713,76.42132,Rock cum debris,Subsidence,2018
7125,HP/KAN/52D08/2018/86,Kangra,MDR 44,32.17205,76.3047,Debris            Slide,NA,
7126,HP/KAN/52D08/2018/16,Kangra,MDR 44,32.17213,76.30503,Debris            Slide,NA,
7127,HP/KAN/52D04/2018/158,Kangra,North of Khabbal,32.173645,76.042366,Rock              Slide,NA,
7128,HP/KAN/52D08/2018/47,Kangra,KHARTI MDR 44,32.17375,76.30665,Debris            Slide,NA,
7129,HP/KAN/52D08/2018/31,Kangra,,32.17397,76.30778,Debris,Slide,2017
7130,HP/KAN/52D08/2018/12,Kangra,TILLU MDR 44,32.17448,76.3077,Debris            Slide,NA,
7131,HP/KAN/52D08/2018/7,Kangra,SIKOH-GAGGAL ROAD,32.17482,76.30753,Debris            Slide,NA,
7132,HP/KAN/52D08/2018/13,Kangra,NEAR STADIUM MDR 44,32.17495,76.30842,Debris            Slide,NA,
7133,HP/KAN/52D08/2018/142,Kangra,MENJHA UPARLA KANGRA ROAD,32.17508,76.3079,Debris            Slide,NA,
7134,HP/KAN/52D08/2018/14,Kangra,NEAR STADIUM MDR 44,32.1755,76.30913,Debris            Slide,NA,
7135,HP/KAN/52D04/2018/146,Kangra,West of padav,32.177177,76.092344,Debris            Slide,NA,
7136,HP/KAN/53A05/2018/148,Kangra,Rakkar,32.17747,76.263969,Debris,Slide,2018
7137,HP/KAN/52D04/2018/147,Kangra,West of Padav,32.177878,76.093439,Debris            Slide,NA,
7138,HP/KAN/52D04/2018/150,Kangra,Padav,32.178645,76.099215,Debris            Slide,NA,
7139,HP/KAN/52D04/2018/148,Kangra,West of Padav,32.179215,76.092762,Debris            Slide,NA,
7140,HP/KAN/52D04/2018/161,Kangra,Dhiala,32.17926,76.045386,Rock              Slide,NA,
7141,HP/KAN/52D04/2018/149,Kangra,Padav,32.179306,76.099056,Debris            Slide,NA,
7142,HP/KUL/52H04/2015/140,Kullu,NH21,32.1794,77.1801,Debris            Slide,NA,
7143,HP/KAN/52D08/2018/114,Kangra,Jatehr,32.179425,76.26711,Debris,Slide,2018
7144,HP/KAN/52D08/2018/93,Kangra,KANED,32.18073,76.34677,Debris            Slide,NA,
7145,HP/KAN/52D08/2018/144,Kangra,RAJHAUN SUKAR ROAD,32.1809,76.34602,Debris            Slide,NA,
7146,HP/KAN/52D04/2018/159,Kangra,Dhiala,32.181575,76.043635,Rock              Slide,NA,
7147,HP/KAN/52D04/2018/160,Kangra,Dhiala,32.182245,76.042907,Rock              Slide,NA,
7148,HP/KAN/52D08/2018/25,Kangra,TIHRI ROAD,32.18242,76.40909,Debris            Slide,NA,
7149,HP/KAN/52D08/2018/35,Kangra,,32.18339,76.41469,Debris            Slide,NA,
7150,HP/KAN/52D08/2018/41,Kangra,,32.1834,76.42083,Rock cum debris   Slide,NA,
7151,HP/KAN/52D04/2018/154,Kangra,"Beh, Jawali road",32.183503,76.040245,Rock cum debris   Slide,NA,
7152,HP/KAN/52D08/2018/72,Kangra,MATAUR ROAD,32.18445,76.35173,Debris            Slide,NA,
7153,HP/KUL/52H04/2015/141,Kullu,NH21,32.1848,77.1824,Debris            Slide,NA,
7154,HP/KAN/52D04/2018/155,Kangra,Jawali Kotla road,32.18562,76.039187,Rock              Slide,NA,
7155,HP/KAN/52D04/2018/41,Kangra,"Rait slide Rait, NH 20",32.186795,76.21908,Debris,Slide,2018
7156,HP/KAN/52D08/2018/60,Kangra,RAKKAR TANG ROAD,32.18798,76.39142,Debris            Slide,NA,
7157,HP/KAN/52D08/2018/70,Kangra,RAKKAR TANG ROAD,32.188076,76.39143,Debris            Slide,NA,
7158,HP/KAN/52D04/2018/166,Kangra,Nariah,32.188833,76.038235,Rock              Slide,NA,
7159,HP/KAN/52D04/2018/153,Kangra,Theddi,32.189224,76.043565,Rock              Slide,NA,
7160,HP/KAN/52D04/2018/64,Kangra,Dhanatu,32.191687,76.222712,Debris            Slide,NA,
7161,HP/KAN/52D08/2018/15,Kangra,ARMY CANTONMENT SIKOH-GAGGAL ROAD,32.19302,76.31888,Debris            Slide,NA,
7162,HP/KAN/52D08/2018/34,Kangra,TIHRI ROAD,32.19309,76.38886,Rock cum debris   Slide,NA,
7163,HP/KAN/52D08/2018/33,Kangra,,32.19564,76.3786,Debris            Creep,NA,
7164,HP/KAN/52D08/2018/67,Kangra,KAND RAKKAR TANG ROAD,32.19604,76.38299,Debris            Creep,NA,
7165,HP/KAN/52D08/2018/62,Kangra,,32.19677,76.32115,Debris            Slide,NA,
7166,HP/KAN/52D04/2018/71,Kangra,Dhanetu,32.198024,76.229843,Debris            Slide,NA,
7167,HP/KAN/52D08/2018/107,Kangra,DARI ROAD,32.19878,76.32685,Debris            Slide,NA,
7168,HP/KAN/52D04/2018/151,Kangra,Kaldun,32.198847,76.030447,Rock              Slide,NA,
7169,HP/KAN/52D08/2018/137,Kangra,Rakkar Tang Road,32.19952,76.37448,Debris            Slide,NA,
7170,HP/KAN/52D08/2018/5,Kangra,SAPRI ROAD,32.20018,76.32545,Debris,Slide,2017
7171,HP/KAN/52D08/2018/22,Kangra,,32.2002,76.32652,Debris            Slide,NA,
7172,HP/KUL/52H04/2015/142,Kullu,NH21,32.2004,77.1882,Debris            Slide,NA,
7173,HP/KAN/52D08/2018/113,Kangra,DARI ROAD,32.20077,76.32758,Debris            Slide,NA,
7174,HP/KAN/52D08/2018/77,Kangra,RAKKAR TANG ROAD,32.20099,76.37439,Debris,Slide,2014
7175,HP/KAN/52D08/2018/115,Kangra,,32.20177,76.28042,Debris            Slide,NA,
7176,HP/KUL/52H04/2015/143,Kullu,NH21,32.202,77.1886,Debris            Slide,NA,
7177,HP/KAN/52D08/2018/4,Kangra,SAPRI ROAD,32.20217,76.3265,Debris,Slide,2017
7178,HP/KAN/52D04/2018/167,Kangra,Kaldun,32.203032,76.026034,Rock              Slide,NA,
7179,HP/KAN/52D04/2018/152,Kangra,Kaldun,32.203806,76.027277,Rock              Slide,NA,
7180,HP/KAN/52D08/2018/3,Kangra,,32.20411,76.38449,Rock cum debris   Slide,NA,
7181,HP/KAN/52D08/2018/122,Kangra,,32.204211,76.378547,Rock cum debris,Slide,2007
7182,HP/KAN/52D08/2018/121,Kangra,,32.204211,76.378547,Rock cum debris,Slide,2007
7183,HP/KAN/52D04/2018/156,Kangra,Anuhi,32.204535,76.036184,Rock              Slide,NA,
7184,HP/KAN/52D04/2018/42,Kangra,"Bohara, near bridge NH 20",32.205047,76.193823,Debris            Slide,NA,
7185,HP/KAN/52D04/2018/168,Kangra,Anuhi,32.206445,76.035544,Rock              Slide,NA,
7186,HP/KAN/52D04/2018/157,Kangra,Anuhi,32.206463,76.03277,Rock              Slide,NA,
7187,HP/KAN/52D08/2018/2,Kangra,NAGUNI ROAD,32.2073,76.37782,Debris            Slide,NA,
7188,HP/KAN/52D08/2018/116,Kangra,,32.21201,76.285902,Debris            Slide,NA,
7189,HP/KAN/52D08/2018/120,Kangra,BAROL MDR 45,32.21413,76.29338,Debris            Slide,NA,
7190,HP/KAN/52D08/2018/117,Kangra,MDR 45,32.21593,76.2926,Debris            Slide,NA,
7191,HP/KAN/52D08/2018/42,Kangra,KALESWAR KHANYARA ROAD,32.21627,76.33432,Debris            Slide,NA,
7192,HP/KAN/52D08/2018/76,Kangra,MDR 45,32.21783,76.31423,Debris            Slide,NA,
7193,HP/KUL/52H04/2015/159,Kullu,NH21,32.2179,77.1925,Debris            Slide,NA,
7194,HP/KAN/52D04/2018/43,Kangra,"Sinwan, NH 20",32.218832,76.138143,Debris            Slide,NA,
7195,HP/KAN/52D04/2018/44,Kangra,"Sirwan, NH 20",32.219247,76.13715,Debris            Slide,NA,
7196,HP/KAN/43P16/2020/9,Kangra,chachchiya,32.22,75.97,Debris            Slide,NA,
7197,HP/KAN/53A05/2018/146,Kangra,KHANYARA,32.220342,76.364508,Rock              Slide,NA,
7198,HP/KAN/52D08/2018/21,Kangra,KHANYARA,32.22035,76.36455,Rock cum debris   Slide,NA,
7199,HP/KAN/52D08/2018/143,Kangra,KHANYARA,32.22062,76.36415,Rock              Slide,NA,
7200,HP/KAN/52D08/2018/75,Kangra,INDRUNAG ROAD,32.22075,76.34068,Debris            Slide,NA,
7201,HP/KAN/52D08/2018/99,Kangra,KHANYARA,32.22087,76.363247,Rock              Slide,NA,
7202,HP/KAN/52D08/2018/119,Kangra,RAJHAUN KHANYARA ROAD,32.2211,76.32962,Rock              Fall,NA,
7203,HP/KAN/52D08/2018/74,Kangra,INDRUNAG ROAD,32.22127,76.33923,Rock cum debris   Slide,NA,
7204,HP/KAN/52D08/2018/73,Kangra,DHARAMSHALA EDUCATION BOARD INDRUNAG ROAD,32.22135,76.33962,Debris            Slide,NA,
7205,HP/KAN/52D08/2018/65,Kangra,INDRUNAG ROAD,32.22172,76.3395,Debris            Slide,NA,
7206,HP/KAN/52D08/2018/66,Kangra,INDRUNAG ROAD,32.22178,76.34007,Debris            Subsidence,NA,
7207,HP/KAN/52D04/2018/45,Kangra,"East of Bhali, NH 20",32.2219,76.116505,Debris            Slide,NA,
7208,HP/KAN/52D04/2018/70,Kangra,North of Thamba,32.222086,76.235258,Debris            Slide,NA,
7209,HP/KAN/52D08/2018/63,Kangra,INDRUNAG ROAD,32.22248,76.33828,Debris            Slide,NA,
7210,HP/KAN/52D08/2018/64,Kangra,INDRUNAG ROAD,32.22261,76.33749,Rock cum debris   Slide,NA,
7211,HP/KAN/52D04/2018/47,Kangra,"Sihuni, NH 20",32.222617,76.096977,Debris            Slide,NA,
7212,HP/KAN/52D04/2018/93,Kangra,Tharu R.F,32.222619,76.242679,Debris            Slide,NA,
7213,HP/KAN/52D04/2018/50,Kangra,Sihuni,32.223005,76.099493,Debris            Slide,NA,
7214,HP/KAN/52D08/2018/68,Kangra,INDRUNAG ROAD,32.22301,76.336617,Debris            Slide,NA,
7215,HP/KAN/52D08/2018/71,Kangra,INDRUNAG BANGOTU ROAD,32.22308,76.33932,Debris            Slide,NA,
7216,HP/KAN/52D04/2018/48,Kangra,"Bhalli rock slide Bhalli village, NH 20",32.223283,76.09414,Rock,Slide,2018
7217,HP/KAN/52D08/2018/11,Kangra,KHAROTA INDRUNAG BANGOTU ROAD,32.2233,76.33993,Debris            Slide,NA,
7218,HP/KAN/52D04/2018/46,Kangra,"Bhalli slide Bhalli village, NH 20",32.223305,76.09764,Debris,Slide,2018
7219,HP/KAN/52D04/2018/49,Kangra,"Sihuri, NH 20",32.223332,76.100763,Debris            Slide,NA,
7220,HP/KAN/52D08/2018/128,Kangra,MCLEODGANJ DHARAMSHALA,32.22353,76.32147,Debris            Slide,NA,
7221,HP/KAN/52D08/2018/136,Kangra,MCLEODGANJ ROAD,32.22363,76.31663,Debris            Slide,NA,
7222,HP/KAN/52D08/2018/28,Kangra,KANGRA-JWALAJI ROAD,32.22373,76.3402,Debris            Slide,NA,
7223,HP/KAN/52D08/2018/29,Kangra,INDRUNAG BANGOTU ROAD,32.22388,76.34107,Debris            Slide,NA,
7224,HP/KAN/52D04/2018/53,Kangra,Sihuni,32.224578,76.084915,Rock              Slide,NA,
7225,HP/KAN/52D04/2018/52,Kangra,"Sihuni, NH 20",32.224747,76.089937,Debris            Slide,NA,
7226,HP/KAN/52D04/2018/129,Kangra,"Sihuni, SH 23",32.224908,76.074522,Rock              Slide,NA,
7227,HP/KAN/52D08/2018/27,Kangra,INDRUNAG BANGOTU ROAD,32.22505,76.34125,Debris            Slide,NA,
7228,HP/KAN/52D04/2018/128,Kangra,"Sihuni, SH 23",32.225233,76.077122,Rock              Slide,NA,
7229,HP/KAN/52D08/2018/18,Kangra,,32.22543,76.34152,Debris            Slide,NA,
7230,HP/KAN/52D08/2018/56,Kangra,ARMY CANTONMENT INDRUNAG BANGOTU ROAD,32.22548,76.34264,Rock cum debris   Slide,NA,
7231,HP/KAN/52D08/2018/26,Kangra,RAJHAUN KHAS TIHRI ROAD,32.22568,76.34243,Debris            Slide,NA,
7232,HP/KAN/52D04/2018/31,Kangra,Sihuni,32.225705,76.087137,Rock              Slide,NA,
7233,HP/KUL/52H04/2015/1,Kullu,Aleo-Naggar,32.2258,77.198,Debris            Creep,NA,
7234,HP/KAN/52D04/2018/98,Kangra,"Kotla, SH 23",32.22581,76.07867,Rock              Slide,NA,
7235,HP/KAN/52D04/2018/32,Kangra,Sihuni,32.225911,76.088001,Rock              Slide,NA,
7236,HP/KAN/52D04/2018/94,Kangra,Tharu R.F,32.225982,76.244017,Debris            Slide,NA,
7237,HP/KAN/52D04/2018/33,Kangra,Sihuni,32.226104,76.088809,Rock              Slide,NA,
7238,HP/KAN/52D04/2018/35,Kangra,"Sihuni, NH 20",32.226347,76.083865,Rock              Slide,NA,
7239,HP/KAN/52D08/2018/43,Kangra,INDRUNAG ROAD,32.22662,76.33603,Rock cum debris   Slide,NA,
7240,HP/KAN/52D08/2018/49,Kangra,KHARTI INDRUNAG ROAD,32.22666,76.33593,Rock cum debris   Slide,NA,
7241,HP/KUL/52H04/2015/98,Kullu,Alaini-Hamta pass Road,32.2277,77.2187,Debris            Slide,NA,
7242,HP/KAN/52D04/2018/62,Kangra,"South of Trilokpur, NH 20",32.228067,76.075445,Rock              Slide,NA,
7243,HP/KAN/52D08/2018/104,Kangra,MCLEODGANJ ROAD,32.22833,76.30835,Rock cum debris,Slide,2018
7244,HP/KAN/52D08/2018/105,Kangra,ARMY CANTONMENT SUDHED KHAS ROAD,32.22855,76.308618,Rock              Slide,NA,
7245,HP/KAN/52D08/2018/44,Kangra,INDRUNAG ROAD,32.22859,76.33666,Rock cum debris   Slide,NA,
7246,HP/KAN/52D08/2018/108,Kangra,SUDHED KHAS ROAD,32.22863,76.30913,Debris            Slide,NA,
7247,HP/KAN/52D08/2018/48,Kangra,INDRUNAG ROAD,32.22868,76.33647,Rock cum debris   Slide,NA,
7248,HP/KAN/52D04/2018/63,Kangra,"Trilokpur Slide Trilokpur village, near Kotla NH",32.228999,76.072105,Debris            Slide,NA,
7249,HP/KAN/52D08/2018/61,Kangra,SUDHED KHAS ROAD,32.22927,76.3099,Rock cum debris   Slide,NA,
7250,HP/KAN/52D04/2018/92,Kangra,Bhedu,32.229354,76.224875,Debris            Slide,NA,
7251,HP/KAN/52D08/2018/118,Kangra,NH 503; MCLEODGANJ ROAD,32.22937,76.30795,Debris            Slide,NA,
7252,HP/KAN/52D08/2018/96,Kangra,NH 503; MCLEODGANJ ROAD,32.22942,76.30618,Debris            Slide,NA,
7253,HP/KAN/52D04/2018/127,Kangra,Trilokpur,32.22942,76.077297,Rock cum debris   Slide,NA,
7254,HP/KAN/52D08/2018/52,Kangra,NH 503; MCLEODGANJ ROAD,32.229462,76.306245,Debris            Slide,NA,
7255,HP/KAN/52D08/2018/97,Kangra,NH 503; MCLEODGANJ ROAD,32.22965,76.30567,Debris            Slide,NA,
7256,HP/KAN/52D04/2018/56,Kangra,"Changleta, NH 20",32.229814,76.058134,Debris            Slide,NA,
7257,HP/KUL/52H04/2015/97,Kullu,Alaini-Hamta pass Road,32.2299,77.2194,Debris            Subsidence,NA,
7258,HP/KAN/52D04/2018/34,Kangra,Sihuni,32.229936,76.081364,Rock              Slide,NA,
7259,HP/KAN/52D04/2018/61,Kangra,Sihuni,32.229973,76.081952,Rock              Slide,NA,
7260,HP/KAN/52D08/2018/135,Kangra,NH 503; MCLEODGANJ ROAD,32.23,76.31095,Debris            Slide,NA,
7261,HP/KAN/43P16/2020/1,Kangra,Panola village,32.23,75.96,Debris            Slide,NA,
7262,HP/KAN/52D04/2018/51,Kangra,Sihuni,32.230062,76.083975,Rock              Slide,NA,
7263,HP/CHA/52D04/2018/81,Chamba,Thalol,32.230519,76.14732,Debris            Slide,NA,
7264,HP/KAN/52D08/2018/23,Kangra,MANED,32.23052,76.3182,Debris            Slide,NA,
7265,HP/KAN/52D04/2018/58,Kangra,Changleta,32.230608,76.065686,Rock              Slide,NA,
7266,HP/KAN/52D08/2018/6,Kangra,,32.23127,76.31015,Debris            Creep,NA,
7267,HP/KAN/52D04/2018/100,Kangra,Sarna,32.231616,76.209113,Debris            Slide,NA,
7268,HP/KAN/52D04/2018/95,Kangra,Manoh,32.231707,76.239093,Debris            Slide,NA,
7269,HP/KAN/52D04/2018/119,Kangra,Sarna,32.231994,76.210051,Debris            Slide,NA,
7270,HP/KAN/52D08/2018/78,Kangra,DHARAMSHALA-SHAHPUR ROAD MCLEODGANJ ROAD,32.23272,76.3152,Debris            Slide,NA,
7271,HP/KAN/52D04/2018/118,Kangra,Sarna,32.232791,76.211938,Debris            Slide,NA,
7272,HP/KAN/52D08/2018/32,Kangra,MCLEODGANJ ROAD,32.23292,76.31555,Debris            Slide,NA,
7273,HP/KAN/52D08/2018/98,Kangra,MCLEODGANJ DHARAMSHALA,32.23296,76.32699,Debris            Slide,NA,
7274,HP/CHA/52D04/2018/80,Chamba,Thalol,32.23379,76.148993,Rock cum debris   Slide,NA,
7275,HP/KAN/52D04/2018/96,Kangra,Manoh,32.23391,76.239369,Debris            Slide,NA,
7276,HP/KAN/52D04/2018/73,Kangra,Boru,32.234083,76.224395,Debris            Slide,NA,
7277,HP/KAN/52D08/2018/30,Kangra,MCLEODGANJ ROAD,32.2341,76.31753,Debris,Subsidence,2018
7278,HP/KAN/52D08/2018/124,Kangra,MCLEODGANJ ROAD,32.23488,76.31062,Debris            Slide,NA,
7279,HP/KAN/52D04/2018/72,Kangra,Boru,32.23514,76.224429,Debris            Slide,NA,
7280,HP/CHA/52D04/2018/87,Chamba,Thalol,32.235363,76.148625,Rock cum debris   Slide,NA,
7281,HP/KAN/52D04/2018/74,Kangra,Boru,32.236091,76.227385,Debris            Slide,NA,
7282,HP/CHA/52D04/2018/88,Chamba,Chalehra,32.236617,76.14515,Debris            Slide,NA,
7283,HP/CHA/52D04/2018/68,Chamba,North of Hatli,32.236687,76.178399,Debris            Slide,NA,
7284,HP/KAN/52D08/2018/127,Kangra,DHARAMKOT ROAD,32.236941,76.327466,Debris            Slide,NA,
7285,HP/KAN/52D08/2018/125,Kangra,BANDI NH 503; MCLEODGANJ ROAD,32.237075,76.312012,Debris            Subsidence,NA,
7286,HP/CHA/52D04/2018/86,Chamba,West of Kun,32.23716,76.150805,Debris            Slide,NA,
7287,HP/KAN/52D04/2018/69,Kangra,South of Boru,32.237196,76.225353,Debris            Slide,NA,
7288,HP/KAN/52D08/2018/45,Kangra,NH 503; MCLEODGANJ ROAD,32.2374,76.31237,Debris            Slide,NA,
7289,HP/CHA/52D04/2018/67,Chamba,North of Hatli,32.237922,76.177866,Debris            Slide,NA,
7290,HP/KAN/52D08/2018/50,Kangra,JOL DHIRA-NAGROTA ROAD,32.23797,76.306028,Debris            Slide,NA,
7291,HP/CHA/52D04/2018/84,Chamba,West of Kun,32.238737,76.148261,Debris            Slide,NA,
7292,HP/KAN/52D04/2018/65,Kangra,Kotla,32.23896,76.044144,Rock cum debris   Slide,NA,
7293,HP/KAN/52D04/2018/115,Kangra,Bahnala P.F,32.239832,76.192717,Debris            Slide,NA,
7294,HP/KAN/52D04/2018/75,Kangra,Basa,32.24011,76.213625,Debris            Slide,NA,
7295,HP/KAN/52D04/2018/54,Kangra,"Kotla, NH 20",32.240216,76.042152,Rock cum debris   Slide,NA,
7296,HP/KAN/52D04/2018/55,Kangra,"Kotla, NH 20",32.240472,76.042013,Rock cum debris   Slide,NA,
7297,HP/KAN/52D04/2018/99,Kangra,Bahnala P.F,32.240866,76.191812,Debris            Slide,NA,
7298,HP/KAN/52D08/2018/24,Kangra,TIHRI ROAD,32.24157,76.31438,Debris,Slide,2018
7299,HP/KAN/52D04/2018/116,Kangra,Bahnala P.F,32.241667,76.192102,Debris            Slide,NA,
7300,HP/KAN/52D04/2018/104,Kangra,Kotla,32.242296,76.04451,Rock              Slide,NA,
7301,HP/KAN/52D04/2018/103,Kangra,Kotla,32.242358,76.044964,Rock              Slide,NA,
7302,HP/KAN/52D04/2018/120,Kangra,Basa,32.24244,76.214742,Debris            Slide,NA,
7303,HP/CHA/52D04/2018/66,Chamba,North of Hatli,32.242479,76.178223,Debris            Slide,NA,
7304,HP/CHA/52D04/2018/85,Chamba,North of Hatli,32.242778,76.172318,Debris            Slide,NA,
7305,HP/KAN/52D04/2018/121,Kangra,Basa,32.242818,76.21532,Debris            Slide,NA,
7306,HP/CHA/52D04/2018/78,Chamba,South of Chalehra,32.242894,76.146665,Debris            Slide,NA,
7307,HP/KAN/52D08/2018/106,Kangra,DHARAMKOT ROAD,32.243056,76.329487,Debris            Slide,NA,
7308,HP/KAN/52D04/2018/102,Kangra,North of Kotla,32.243335,76.045539,Rock              Slide,NA,
7309,HP/KAN/52D08/2018/54,Kangra,TOTARANI,32.24342,76.3053,Debris,Slide,2017
7310,HP/KAN/52D04/2018/97,Kangra,Basa,32.243428,76.213299,Debris            Slide,NA,
7311,HP/CHA/52D04/2018/77,Chamba,"Chalehra, Dramman chamba",32.243557,76.14488,Rock cum debris   Slide,NA,
7312,HP/KAN/52D04/2018/60,Kangra,"Balha,NH 20",32.243598,76.036407,Rock              Slide,NA,
7313,HP/KUL/52H04/2015/96,Kullu,Alaini-Hamta pass Road,32.2439,77.2267,Debris            Subsidence,NA,
7314,HP/CHA/52D04/2018/83,Chamba,Chalehra,32.244023,76.146741,Debris            Slide,NA,
7315,HP/KAN/52D04/2018/112,Kangra,Bahnala P.F,32.24419,76.187058,Debris            Slide,NA,
7316,HP/KAN/52D04/2018/122,Kangra,Basa,32.244451,76.211477,Debris            Slide,NA,
7317,HP/KAN/52D04/2018/108,Kangra,North of Kotla,32.244471,76.045496,Rock              Slide,NA,
7318,HP/CHA/52D04/2018/91,Chamba,"Chalehra, Dramman chamba",32.244481,76.145027,Debris            Slide,NA,
7319,HP/KAN/52D04/2018/111,Kangra,Bahnala P.F,32.244779,76.187455,Debris            Slide,NA,
7320,HP/KAN/52D04/2018/109,Kangra,Bahnala P.F,32.245045,76.187158,Debris            Slide,NA,
7321,HP/CHA/52D04/2018/79,Chamba,"Chalehra, Dramman chamba",32.245063,76.145409,Debris            Slide,NA,
7322,HP/KAN/52D04/2018/110,Kangra,Bahnala P.F,32.245175,76.187354,Debris            Slide,NA,
7323,HP/KAN/52D08/2018/53,Kangra,STOWARI ROAD,32.2453,76.30535,Debris            Slide,NA,
7324,HP/KAN/52D04/2018/107,Kangra,North of Kotla,32.245973,76.045979,Rock              Slide,NA,
7325,HP/KAN/52D08/2018/9,Kangra,STOWARI,32.24615,76.29033,Debris            Slide,NA,
7326,HP/CHA/52D04/2018/89,Chamba,"Chalehra, Dramman chamba",32.246512,76.145102,Rock cum debris   Slide,NA,
7327,HP/KAN/52D04/2018/114,Kangra,Bahnala R.F,32.247324,76.189124,Debris            Slide,NA,
7328,HP/KAN/52D04/2018/113,Kangra,Bahnala P. F,32.247389,76.188071,Debris            Slide,NA,
7329,HP/KAN/52D04/2018/117,Kangra,Khareri,32.248071,76.195928,Soil              Slide,NA,
7330,HP/KAN/52D08/2018/8,Kangra,TIHRI ROAD,32.24817,76.2886,Debris            Slide,NA,
7331,HP/CHA/52D04/2018/90,Chamba,"Chalehra, Dramman chamba",32.248173,76.144067,Rock cum debris   Slide,NA,
7332,HP/KAN/52D08/2018/10,Kangra,BARNET,32.24822,76.28855,Rock cum debris   Slide,NA,
7333,HP/KAN/52D08/2018/126,Kangra,GAROH KHAS NADDI ROAD,32.24827,76.30747,Debris            Creep,NA,
7334,HP/KAN/52D04/2018/106,Kangra,North of Kotla,32.248408,76.046499,Rock              Slide,NA,
7335,HP/CHA/52D04/2018/82,Chamba,Chalehra,32.248617,76.146571,Debris            Slide,NA,
7336,HP/KAN/52D04/2018/105,Kangra,North of Kotla,32.248623,76.046145,Rock              Slide,NA,
7337,HP/KAN/52D04/2018/57,Kangra,"North west of Balha, Nh 20",32.248853,76.032544,Rock              Slide,NA,
7338,HP/KAN/52D08/2018/79,Kangra,NADDI ROAD,32.248877,76.309059,Debris            Slide,NA,
7339,HP/KAN/52D04/2018/59,Kangra,"NW of Balha, NH 20",32.249596,76.029911,Rock cum debris   Slide,NA,
7340,HP/CHA/52D04/2018/76,Chamba,Chelehra,32.249798,76.147211,Debris            Slide,NA,
7341,HP/KAN/52D03/2020/112,Kangra,Niangal Niangal Village,32.25,76.09,Debris,Slide,2010
7342,HP/KAN/52D07/2018/1,Kangra,GAROH KHAS NADDI ROAD,32.25123,76.30355,Debris            Slide,NA,
7343,HP/KUL/52H03/2015/87,Kullu,Basitha-Manali Road NH-22,32.2524,77.1895,Debris            Slide,NA,
7344,HP/KAN/43P15/2020/83,Kangra,Bol Thakran,32.26,75.95,Debris,Slide,2005
7345,HP/CHA/52D03/2020/7,Chamba,Khariri Shahpur-Drini link road,32.26,76.2,Debris            Slide,NA,
7346,HP/CHA/52D03/2020/8,Chamba,Khariri Shahpur-Drini link road,32.26,76.2,Debris            Slide,NA,
7347,HP/CHA/52D03/2020/17,Chamba,Bhangian SH-28,32.26,76.13,Debris            Slide,NA,
7348,HP/CHA/52D03/2020/18,Chamba,Bhangian SH-28,32.26,76.14,Debris            Slide,NA,
7349,HP/CHA/52D03/2020/76,Chamba,Khariri,32.26,76.2,Debris,Slide,2018
7350,HP/CHA/52D03/2020/78,Chamba,Darini,32.26,76.19,Debris,Slide,2011
7351,HP/CHA/52D03/2020/86,Chamba,Khariri Shahpur-darini road,32.26,76.2,Debris,Slide,2017
7352,HP/CHA/52D03/2020/96,Chamba,Khariri Khariri,32.26,76.22,Rock              Slide,NA,
7353,HP/CHA/52D03/2020/97,Chamba,Khariri Khariri,32.26,76.22,Rock              Slide,NA,
7354,HP/CHA/52D03/2020/98,Chamba,Bhaler Bhaler,32.26,76.22,Rock              Slide,NA,
7355,HP/KAN/52D03/2020/111,Kangra,Niangal Niangal Village,32.26,76.08,Debris            Slide,NA,
7356,HP/KAN/52D07/2020/142,Kangra,Left bank of Gaj khad,32.26,76.28,Debris            Slide,NA,
7357,HP/KUL/52H03/2015/86,Kullu,Basitha-Manali Road NH-21,32.2635,77.1854,Debris            Slide,NA,
7358,HP/CHA/52D03/2020/9,Chamba,Darini Darini,32.27,76.21,Debris            Slide,NA,
7359,HP/CHA/52D03/2020/10,Chamba,Narwar Dhuli-Narwar link road,32.27,76.24,Debris,Slide,2019
7360,HP/CHA/52D03/2020/77,Chamba,Darini,32.27,76.19,Debris            Slide,NA,
7361,HP/CHA/52D03/2020/79,Chamba,Darini Shahpur-Darini link road,32.27,76.2,Debris,Slide,2015
7362,HP/CHA/52D03/2020/80,Chamba,Bhaled,32.27,76.21,Debris,Slide,2012
7363,HP/KAN/52D07/2020/144,Kangra,Near Gera village.,32.27,76.3,Debris            Slide,NA,
7364,HP/KAN/43P15/2020/87,Kangra,Kulhan village,32.28,75.9,Debris            Slide,NA,
7365,HP/CHA/52D03/2020/4,Chamba,Bhiora Saini,32.28,76.15,Debris,Slide,2005
7366,HP/CHA/52D03/2020/15,Chamba,SH-28,32.28,76.13,Debris,Slide,2016
7367,HP/CHA/52D03/2020/16,Chamba,Ladhar ghar SH-28,32.28,76.13,Debris            Slide,NA,
7368,HP/CHA/52D03/2020/49,Chamba,Rehal Ban Jangal,32.28,76.14,Debris            Slide,NA,
7369,HP/CHA/52D03/2020/56,Chamba,Rihal ban Jangal Rihal ban Jangal,32.28,76.15,Debris,Slide,2015
7370,HP/CHA/52D03/2020/91,Chamba,Rehal Ban Jangal,32.28,76.14,Debris            Slide,NA,
7371,HP/CHA/52D03/2020/93,Chamba,Bhiora saini,32.28,76.15,Debris            Slide,NA,
7372,HP/CHA/52D03/2020/99,Chamba,Lahariri Lahariri,32.28,76.22,Debris,Slide,2015
7373,HP/CHA/52D03/2020/102,Chamba,Ghatarla village,32.28,76.18,Debris,Slide,2016
7374,HP/KAN/52D03/2020/113,Kangra,Darini,32.28,76.2,Debris,Slide,2015
7375,HP/KAN/52D03/2020/114,Kangra,Darini,32.28,76.2,Debris            Slide,NA,
7376,HP/KAN/52D03/2020/118,Kangra,Kahkarra,32.28,76.24,Debris,Slide,2015
7377,HP/KAN/52D07/2020/138,Kangra,Kareri link road,32.28,76.29,Rock              Slide,NA,
7378,HP/KAN/52D07/2020/139,Kangra,Kareri link road,32.28,76.29,Rock              Fall,NA,
7379,HP/KAN/52D07/2020/140,Kangra,Kareri link road,32.28,76.28,Rock              Slide,NA,
7380,HP/KAN/52D07/2020/141,Kangra,Kareri link road,32.28,76.29,Rock              Slide,NA,
7381,HP/KAN/52D07/2020/143,Kangra,Kareri link road,32.28,76.29,Rock            Slide,NA,
7382,HP/CHA/52D11/2020/47,Chamba,Naya Gaon - Chuned Rd,32.28,76.66,Debris          Slide,NA,
7383,HP/CHA/52D11/2020/48,Chamba,Naya Gaon - Chuned Rd,32.28,76.66,Rock            Slide,NA,
7384,HP/CHA/52D11/2020/49,Chamba,Sukra-Holi-Naya Gaon Rd,32.28,76.64,Rock            Slide,NA,
7385,HP/CHA/52D11/2020/50,Chamba,Sukra-Holi-Naya Gaon Rd,32.28,76.63,Debris          Slide,NA,
7386,HP/CHA/52D11/2020/52,Chamba,Naya Gaon - Chuned Rd,32.28,76.67,Debris          Slide,NA,
7387,HP/CHA/52D11/2020/53,Chamba,Naya Gaon - Chuned Rd,32.28,76.67,Debris          Slide,NA,
7388,HP/CHA/52D11/2020/54,Chamba,Naya Gaon - Chuned Rd,32.28,76.66,Rock            Slide,NA,
7389,HP/CHA/52D11/2020/55,Chamba,Naya Gaon - Chuned Rd,32.28,76.66,Debris          Slide,NA,
7390,HP/CHA/52D11/2020/56,Chamba,Naya Gaon - Chuned Rd,32.28,76.66,Rock            Slide,NA,
7391,HP/CHA/52D11/2020/58,Chamba,Naya Gaon - Chuned Rd,32.28,76.66,Rock            Slide,NA,
7392,HP/CHA/52D11/2020/118,Chamba,Naya Gaon - Chuned Rd,32.28,76.65,Debris          Slide,NA,
7393,HP/CHA/52D11/2020/120,Chamba,Naya Gaon - Chuned Rd,32.28,76.67,Debris          Slide,NA,
7394,HP/KUL/52H03/2015/126,Kullu,Majhach Road,32.2809,77.1687,Debris          Slide,NA,
7395,HP/KUL/52H03/2015/125,Kullu,Majhach Road,32.2829,77.1677,Debris          Slide,NA,
7396,HP/KUL/52H03/2015/124,Kullu,Majhach Road,32.286,77.1641,Debris          Slide,NA,
7397,HP/KUL/52H03/2015/85,Kullu,Kulang-Manali Road NH-21,32.2889,77.1798,Debris          Slide,NA,
7398,HP/KUL/52H03/2015/123,Kullu,Majhach Road,32.2894,77.1657,Debris          Slide,NA,
7399,HP/KAN/43P15/2020/91,Kangra,Sahni,32.29,75.92,Debris          Slide,NA,
7400,HP/KAN/43P15/2020/92,Kangra,Kalera Kalera,32.29,75.96,Debris,Slide,2000
7401,HP/CHA/52D03/2020/14,Chamba,Khilan village SH-28,32.29,76.13,Debris,Slide,2015
7402,HP/CHA/52D03/2020/60,Chamba,Kanol,32.29,76.23,Debris,Slide,2005
7403,HP/CHA/52D03/2020/100,Chamba,Ghatarla village,32.29,76.16,Debris,Slide,2016
7404,HP/CHA/52D03/2020/106,Chamba,Dulara,32.29,76.14,Debris,Slide,2015
7405,HP/CHA/52D03/2020/108,Chamba,Ghatarla village,32.29,76.18,Debris          Slide,NA,
7406,HP/KAN/52D03/2020/110,Kangra,Kanol village,32.29,76.23,Debris,Slide,2010
7407,HP/KAN/52D03/2020/115,Kangra,Lahri village,32.29,76.22,Debris          Slide,NA,
7408,HP/CHA/52D11/2020/51,Chamba,Sukra-Holi-Naya Gaon Rd,32.29,76.63,Debris          Slide,NA,
7409,HP/KUL/52H03/2015/121,Kullu,Majhach Road,32.2904,77.1647,Debris          Subsidence,NA,
7410,HP/KUL/52H03/2015/84,Kullu,Kulang-Manali Road NH-21,32.2906,77.1799,Debris          Slide,NA,
7411,HP/KUL/52H03/2015/122,Kullu,Majhach Road,32.2912,77.1654,Debris          Subsidence,NA,
7412,HP/KUL/52H03/2015/83,Kullu,Kulang-Manali Road NH-21,32.2918,77.1803,Debris          Slide,NA,
7413,HP/KUL/52H03/2015/82,Kullu,Kulang-Manali Road NH-21,32.2927,77.1807,Debris          Slide,NA,
7414,HP/KUL/52H03/2015/81,Kullu,Kulang-Manali Road NH-21,32.2943,77.1817,Debris          Slide,NA,
7415,HP/KUL/52H03/2015/80,Kullu,Kulang-Manali Road NH-21,32.295,77.1821,Debris          Slide,NA,
7416,HP/KUL/52H03/2015/79,Kullu,Kulang-Manali Road NH-21,32.2956,77.1825,Debris          Slide,NA,
7417,HP/KAN/43P15/2020/90,Kangra,Nurpur,32.3,75.89,Debris          Slide,NA,
7418,HP/CHA/52D03/2020/11,Chamba,Chyur Daintha-Chyur link road,32.3,76.06,Debris,Slide,2015
7419,HP/CHA/52D03/2020/46,Chamba,Pukhru Jangal,32.3,76.15,Debris,Slide,2015
7420,HP/CHA/52D03/2020/47,Chamba,Pukhru Jangal,32.3,76.15,Debris,Slide,2015
7421,HP/CHA/52D03/2020/54,Chamba,Adhawar Adhawar village,32.3,76.07,Debris          Slide,NA,
7422,HP/CHA/52D03/2020/68,Chamba,Near Chyur Daintha-Chayur link road,32.3,76.06,Debris,Slide,2010
7423,HP/CHA/52D03/2020/71,Chamba,Near Chyur Daintha-Chayur link road,32.3,76.06,Debris,Slide,2017
7424,HP/CHA/52D03/2020/72,Chamba,,32.3,76.06,Debris          Slide,NA,
7425,HP/CHA/52D03/2020/75,Chamba,Adhwar,32.3,76.07,Debris,Slide,2018
7426,HP/CHA/52D03/2020/83,Chamba,Adhwar,32.3,76.07,Debris          Slide,NA,
7427,HP/CHA/52D03/2020/105,Chamba,Pukhru Jangal,32.3,76.15,Debris,Slide,2010
7428,HP/KAN/52D03/2020/116,Kangra,Boh Boh,32.3,76.19,Rock,Slide,2014
7429,HP/CHA/52D11/2020/59,Chamba,Sukra-Holi-Naya Gaon Rd,32.3,76.61,Debris          Slide,NA,
7430,HP/CHA/52D11/2020/60,Chamba,Sukra-Holi-Naya Gaon Rd,32.3,76.61,Debris          Slide,NA,
7431,HP/KUL/52H03/2015/120,Kullu,Barheta-Palchan Road,32.3088,77.1727,Debris,Subsidence,2012
7432,HP/KAN/43P15/2020/88,Kangra,Sahhera,32.31,75.89,Debris,Slide,2005
7433,HP/CHA/52D03/2020/12,Chamba,Daintha Daintha-Chyur link road,32.31,76.05,Debris          Slide,NA,
7434,HP/CHA/52D03/2020/20,Chamba,Kut village,32.31,76.05,Debris,Slide,2017
7435,HP/CHA/52D03/2020/21,Chamba,Chyur Village,32.31,76.05,Debris          Slide,NA,
7436,HP/CHA/52D03/2020/22,Chamba,Chyur village,32.31,76.06,Debris          Slide,NA,
7437,HP/CHA/52D03/2020/53,Chamba,Chyur Godra-Siyun link road,32.31,76.05,Debris          Slide,NA,
7438,HP/CHA/52D03/2020/57,Chamba,Chyur Daintha-Chyur link road,32.31,76.05,Debris,Slide,2015
7439,HP/CHA/52D03/2020/58,Chamba,Chyur Daintha-Chyur link road,32.31,76.06,Debris          Slide,NA,
7440,HP/CHA/52D03/2020/62,Chamba,Chyur,32.31,76.06,Debris,Slide,2015
7441,HP/CHA/52D03/2020/63,Chamba,Chyur,32.31,76.06,Debris,Slide,2010
7442,HP/CHA/52D03/2020/69,Chamba,Near Chyur Daintha-Chayur link road,32.31,76.06,Debris          Slide,NA,
7443,HP/CHA/52D03/2020/73,Chamba,Sihunta SH-28,32.31,76.08,Debris,Slide,2014
7444,HP/KAN/52D03/2020/117,Kangra,Near Boh Village,32.31,76.17,Debris,Slide,2017
7445,HP/CHA/52D11/2020/61,Chamba,Sukra-Holi-Naya Gaon Rd,32.31,76.58,Debris          Slide,NA,
7446,HP/CHA/52D11/2020/121,Chamba,Sukra-Holi-Naya Gaon Rd,32.31,76.57,Debris          Slide,NA,
7447,HP/KUL/52H03/2015/78,Kullu,Marhi-Palchan Road NH-21,32.3145,77.1829,Debris          Slide,NA,
7448,HP/KUL/52H03/2015/77,Kullu,Marhi-Palchan Road NH-21,32.3155,77.1837,Debris          Slide,NA,
7449,HP/KUL/52H03/2015/48,Kullu,Palchan-Rohtang Tunnel,32.3166,77.1547,Debris          Slide,NA,
7450,HP/KUL/52H03/2015/74,Kullu,Marhi-Palchan Road NH-21,32.3191,77.2034,Debris          Slide,NA,
7451,HP/KUL/52H03/2015/47,Kullu,Palchan-Rohtang Tunnel,32.3196,77.1526,Debris          Slide,NA,
7452,HP/CHA/52D03/2020/19,Chamba,Bhajan village Tundi-Bhajan link road,32.32,76.05,Debris,Slide,2017
7453,HP/CHA/52D03/2020/61,Chamba,Kut village,32.32,76.05,Debris          Slide,NA,
7454,HP/CHA/52D03/2020/64,Chamba,Bharari village Tundi-Bharari link road,32.32,76.05,Rock,Slide,2017
7455,HP/CHA/52D11/2020/123,Chamba,Sukra-Holi-Naya Gaon Rd,32.32,76.56,Debris          Slide,NA,
7456,HP/CHA/52D11/2020/124,Chamba,Sukra-Holi-Naya Gaon Rd,32.32,76.56,Debris          Slide,NA,
7457,HP/KUL/52H03/2015/115,Kullu,Solang-Rohtang Tunnel Road,32.3205,77.1514,Debris          Slide,NA,
7458,HP/KUL/52H03/2015/46,Kullu,Palchan-Rohtang Tunnel,32.3209,77.1507,Rock            Slide,NA,
7459,HP/KUL/52H03/2015/75,Kullu,Marhi-Palchan Road NH-21,32.3218,77.203,Debris          Slide,NA,
7460,HP/KUL/52H03/2015/114,Kullu,Solang-Rohtang Tunnel Road,32.3225,77.1495,Debris          Flow,NA,
7461,HP/KUL/52H03/2015/76,Kullu,Marhi-Palchan Road NH-21,32.3244,77.2043,Debris          Slide,NA,
7462,HP/KUL/52H03/2015/73,Kullu,Marhi-Palchan Road NH-21,32.3247,77.2073,Debris          Slide,NA,
7463,HP/KUL/52H03/2015/72,Kullu,Marhi-Palchan Road NH-21,32.3252,77.2077,Debris          Slide,NA,
7464,HP/KUL/52H03/2015/113,Kullu,Solang-Rohtang Tunnel Road,32.3253,77.1493,Debris          Slide,NA,
7465,HP/KUL/52H03/2015/71,Kullu,Marhi-Palchan Road NH-21,32.3275,77.2105,Debris          Slide,NA,
7466,HP/KAN/43P15/2020/84,Kangra,Maira village,32.33,75.82,Debris,Slide,2010
7467,HP/CHA/52D03/2020/74,Chamba,Samot,32.33,76.08,Debris,Slide,2017
7468,HP/CHA/52D11/2020/125,Chamba,Holi Bazar,32.33,76.55,Debris          Slide,NA,
7469,HP/CHA/52D11/2020/126,Chamba,Sukra-Holi-Naya Gaon Rd,32.33,76.55,Debris          Slide,NA,
7470,HP/CHA/52D11/2020/129,Chamba,Holi,32.33,76.55,Debris          Slide,NA,
7471,HP/KUL/52H03/2015/70,Kullu,Marhi-Palchan Road NH-21,32.3312,77.2123,Rock            Topple,NA,
7472,HP/KUL/52H03/2015/111,Kullu,Solang-Rohtang Tunnel Road,32.3331,77.1457,Debris          Slide,NA,
7473,HP/KUL/52H03/2015/112,Kullu,Solang-Rohtang Tunnel Road,32.3331,77.1457,Debris          Slide,NA,
7474,HP/KUL/52H03/2015/69,Kullu,Marhi-Palchan Road NH-21,32.3338,77.2155,Debris          Slide,NA,
7475,HP/KUL/52H03/2015/109,Kullu,Solang-Rohtang Tunnel Road,32.3341,77.1442,Rock            Slide,NA,
7476,HP/KUL/52H03/2015/110,Kullu,Solang-Rohtang Tunnel Road,32.3341,77.1442,Debris          Slide,NA,
7477,HP/KUL/52H03/2015/68,Kullu,Marhi-Palchan Road NH-21,32.3342,77.2165,Debris          Slide,NA,
7478,HP/KUL/52H03/2015/67,Kullu,Marhi-Palchan Road NH-21,32.3353,77.2174,Debris          Slide,NA,
7479,HP/KUL/52H03/2015/108,Kullu,Solang-Rohtang Tunnel Road,32.3354,77.1426,Debris          Slide,NA,
7480,HP/KUL/52H03/2015/66,Kullu,Marhi-Palchan Road NH-21,32.3361,77.2181,Rock            Slide,NA,
7481,HP/KUL/52H03/2015/107,Kullu,Solang-Rohtang Tunnel Road,32.3382,77.1416,Rock            Topple,NA,
7482,HP/KAN/43P15/2020/89,Kangra,Maira village,32.34,75.83,Debris          Slide,NA,
7483,HP/CHA/52D03/2020/84,Chamba,Kunjar Mahadev Patka-Kunjar-Mahadev link,32.34,76.03,Debris,Slide,2017
7484,HP/CHA/52D03/2020/85,Chamba,Kunjar Mahadev Patka-Kunjar-Mahadev link,32.34,76.03,Debris,Slide,2010
7485,HP/CHA/52D11/2020/119,Chamba,Holi-Naya Gaon Rd,32.34,76.53,Rock            Slide,NA,
7486,HP/CHA/52D11/2020/127,Chamba,Sukra-Holi-Naya Gaon Rd,32.34,76.53,Rock            Slide,NA,
7487,HP/CHA/52D11/2020/128,Chamba,Sukra-Holi-Naya Gaon Rd,32.34,76.54,Debris          Slide,NA,
7488,HP/KUL/52H03/2015/106,Kullu,Solang-Rohtang Tunnel Road,32.3405,77.1405,Debris          Slide,NA,
7489,HP/KUL/52H03/2015/95,Kullu,Solang-Rohtang Tunnel Road,32.3408,77.1372,Debris          Slide,NA,
7490,HP/KUL/52H03/2015/65,Kullu,Marhi-Palchan Road NH-21,32.3415,77.2167,Debris          Slide,NA,
7491,HP/KUL/52H03/2015/94,Kullu,Solang-Rohtang Tunnel Road,32.3418,77.1403,Debris          Slide,NA,
7492,HP/KUL/52H03/2015/93,Kullu,Solang-Rohtang Tunnel Road,32.3437,77.1361,Debris          Subsidence,NA,
7493,HP/KUL/52H03/2015/64,Kullu,Marhi-Palchan Road NH-21,32.3437,77.2175,Debris          Slide,NA,
7494,HP/KUL/52H03/2015/92,Kullu,Solang-Rohtang Tunnel Road,32.3438,77.1365,Rock            Slide,NA,
7495,HP/KUL/52H03/2015/91,Kullu,Solang-Rohtang Tunnel Road,32.3459,77.1332,Debris          Slide,NA,
7496,HP/KUL/52H03/2015/116,Kullu,Solang-Rohtang Tunnel Road,32.3463,77.1382,Debris          Slide,NA,
7497,HP/KUL/52H03/2015/90,Kullu,Solang-Rohtang Tunnel Road,32.3484,77.1317,Debris          Slide,NA,
7498,HP/KUL/52H03/2015/63,Kullu,Marhi-Palchan Road NH-21,32.3485,77.2218,Rock            Topple,NA,
7499,HP/KUL/52H03/2015/89,Kullu,Solang-Rohtang Tunnel Road,32.3489,77.1314,Debris          Slide,NA,
7500,HP/CHA/52D11/2020/114,Chamba,Holi-Naya Gaon Rd,32.35,76.53,Rock            Slide,NA,
7501,HP/CHA/52D11/2020/115,Chamba,Holi-Naya Gaon Rd,32.35,76.53,Rock            Slide,NA,
7502,HP/CHA/52D11/2020/116,Chamba,Holi-Naya Gaon Rd,32.35,76.53,Debris          Slide,NA,
7503,HP/CHA/52D11/2020/117,Chamba,Holi-Naya Gaon Rd,32.35,76.53,Debris          Slide,NA,
7504,HP/KUL/52H03/2015/105,Kullu,Solang-Rohtang Tunnel Road,32.3507,77.1319,Debris          Slide,NA,
7505,HP/KUL/52H03/2015/88,Kullu,Solang-Rohtang Tunnel Road,32.3512,77.1295,Debris          Slide,NA,
7506,HP/KUL/52H03/2015/104,Kullu,Solang-Rohtang Tunnel Road,32.3516,77.1312,Debris          Slide,NA,
7507,HP/KUL/52H03/2015/61,Kullu,Rohtang-Marhi Road NH-21,32.3535,77.2183,Debris          Slide,NA,
7508,HP/KUL/52H03/2015/62,Kullu,#N/A #N/A,32.3537,77.2168,Debris          Subsidence,NA,
7509,HP/KUL/52H03/2015/102,Kullu,Solang-Rohtang Tunnel Road,32.3545,77.1303,Debris          Slide,NA,
7510,HP/KUL/52H03/2015/60,Kullu,Rohtang-Marhi Road NH-21,32.3545,77.2199,Debris          Slide,NA,
7511,HP/KUL/52H03/2015/103,Kullu,Solang-Rohtang Tunnel Road,32.3546,77.1287,Debris          Slide,NA,
7512,HP/KUL/52H03/2015/59,Kullu,Rohtang-Marhi Road NH-21,32.3547,77.223,Debris          Slide,NA,
7513,HP/KUL/52H03/2015/101,Kullu,Solang-Rohtang Tunnel Road,32.3549,77.1339,Debris          Slide,NA,
7514,HP/KUL/52H03/2015/58,Kullu,Rohtang-Marhi Road NH-21,32.3557,77.2261,Rock            Topple,NA,
7515,HP/KUL/52H03/2015/57,Kullu,Rohtang-Marhi Road NH-21,32.3559,77.2202,Rock            Topple,NA,
7516,HP/KUL/52H03/2015/56,Kullu,Rohtang-Marhi Road NH-21,32.3563,77.2175,Debris          Slide,NA,
7517,HP/KUL/52H03/2015/55,Kullu,Rohtang-Marhi Road NH-21,32.3579,77.2162,Rock            Topple,NA,
7518,HP/KUL/52H03/2015/53,Kullu,Rohtang-Marhi Road NH-21,32.3585,77.2266,Debris          Slide,NA,
7519,HP/KUL/52H03/2015/54,Kullu,Rohtang-Marhi Road NH-21,32.3585,77.2266,Debris          Slide,NA,
7520,HP/KUL/52H03/2015/52,Kullu,Rohtang-Marhi Road NH-21,32.3586,77.2277,Debris          Slide,NA,
7521,HP/KUL/52H03/2015/44,Kullu,Koksar-Rohtang,32.3594,77.2319,Debris          Slide,NA,
7522,HP/KUL/52H03/2015/45,Kullu,Koksar-Rohtang,32.3598,77.231,Rock            Slide,NA,
7523,HP/CHA/52D03/2020/5,Chamba,Sahlu village,32.36,76.02,Debris,Slide,2005
7524,HP/CHA/52D03/2020/6,Chamba,Sahlu village,32.36,76.02,Debris          Slide,NA,
7525,HP/CHA/52D03/2020/82,Chamba,Godra,32.36,76.02,Debris,Slide,2012
7526,HP/CHA/52D03/2020/88,Chamba,Binna village,32.36,76.03,Debris          Slide,NA,
7527,HP/CHA/52D03/2020/107,Chamba,Binna,32.36,76.02,Debris,Slide,2015
7528,HP/CHA/52D11/2020/113,Chamba,Holi-Naya Gaon Rd,32.36,76.53,Rock            Slide,NA,
7529,HP/KUL/52H03/2015/99,Kullu,Solang-Rohtang Tunnel Road,32.3617,77.1325,Rock            Slide,NA,
7530,HP/KUL/52H03/2015/43,Kullu,Koksar-Rohtang,32.3617,77.2361,Rock            Slide,NA,
7531,HP/KUL/52H03/2015/100,Kullu,Solang-Rohtang Tunnel Road,32.3619,77.1327,Debris,Slide,2012
7532,HP/KUL/52H03/2015/42,Kullu,Koksar-Rohtang,32.3642,77.242,Debris          Slide,NA,
7533,HP/KUL/52H03/2015/41,Kullu,Koksar-Rohtang,32.3654,77.2414,Debris          Slide,NA,
7534,HP/KUL/52H03/2015/117,Kullu,Solang-Rohtang Tunnel Road,32.3688,77.1346,Debris          Slide,NA,
7535,HP/LAH/52H03/2015/118,Kullu,Solang-Rohtang Tunnel Road,32.3697,77.1335,Debris          Slide,NA,
7536,HP/KAN/43P15/2020/73,Kangra,near Uprali Haral village Aundi-Chakki link road,32.37,75.85,Debris,Slide,2012
7537,HP/KAN/43P15/2020/74,Kangra,near Uprali Haral village Aundi-Chakki link road,32.37,75.85,Debris,Slide,2012
7538,HP/KAN/43P15/2020/75,Kangra,near Uprali Haral village Aundi-Chakki link road,32.37,75.85,Debris          Slide,NA,
7539,HP/KAN/43P15/2020/76,Kangra,near Uprali Haral village Aundi-Chakki link road,32.37,75.85,Debris          Slide,NA,
7540,HP/KAN/43P15/2020/78,Kangra,Haral uprali Chakki-Aundi link road,32.37,75.85,Debris,Slide,2015
7541,HP/KAN/43P15/2020/93,Kangra,Danni Khadater Village,32.37,75.95,Debris,Slide,1987
7542,HP/CHA/52D03/2020/55,Chamba,Gumu Godra-Siun link road,32.37,76.03,Debris          Slide,NA,
7543,HP/CHA/52D03/2020/65,Chamba,Gumu Godra-Siun link road,32.37,76.03,Debris          Slide,NA,
7544,HP/CHA/52D03/2020/66,Chamba,Guma Siyun Godra-Siun link road,32.37,76.04,Debris,Slide,2005
7545,HP/CHA/52D03/2020/67,Chamba,Gumu Godra-Siun link road,32.37,76.03,Debris,Slide,2005
7546,HP/CHA/52D03/2020/87,Chamba,Patka SH-28,32.37,76.02,Debris          Slide,NA,
7547,HP/CHA/52D03/2020/95,Chamba,Godra village,32.37,76.02,Debris,Slide,2018
7548,HP/CHA/52D03/2020/103,Chamba,Sahlu village,32.37,76.01,Debris          Slide,NA,
7549,HP/CHA/52D03/2020/104,Chamba,Godra village,32.37,76.02,Debris          Slide,NA,
7550,HP/KAN/52D03/2020/109,Kangra,Mundi Mundi village,32.37,76.01,Debris,Slide,2000
7551,HP/CHA/52D11/2020/62,Chamba,Lamu-Sukra Rd,32.37,76.51,Debris          Slide,NA,
7552,HP/CHA/52D11/2020/106,Chamba,Holi-Naya Gaon Rd,32.37,76.51,Rock            Slide,NA,
7553,HP/CHA/52D11/2020/107,Chamba,Jina,32.37,76.52,Debris          Slide,NA,
7554,HP/CHA/52D11/2020/108,Chamba,Holi-Naya Gaon Rd,32.37,76.52,Debris          Slide,NA,
7555,HP/CHA/52D11/2020/109,Chamba,Holi-Naya Gaon Rd,32.37,76.52,Debris          Slide,NA,
7556,HP/CHA/52D11/2020/110,Chamba,Holi-Naya Gaon Rd,32.37,76.52,Debris          Slide,NA,
7557,HP/CHA/52D11/2020/112,Chamba,Holi-Naya Gaon Rd,32.37,76.52,Debris          Slide,NA,
7558,HP/LAH/52H03/2015/119,Kullu,Solang-Rohtang Tunnel Road,32.3711,77.1339,Debris          Slide,NA,
7559,HP/LSP/52H15/2018/16,Lahaul & Spiti,North of Pangmo,32.37777,77.93786,Debris          Slide,NA,
7560,HP/LSP/52H15/2018/15,Lahaul & Spiti,North of Pangmo,32.37843,77.93781,Debris          Slide,NA,
7561,HP/LSP/52H15/2018/14,Lahaul & Spiti,North of Pangmo,32.37889,77.93742,Debris          Slide,NA,
7562,HP/CHA/52D03/2020/89,Chamba,Flarh SH-28,32.38,76,Debris          Slide,NA,
7563,HP/CHA/52D07/2020/12,Chamba,Downslope of Marhauta village,32.38,76.49,Debris          Slide,NA,
7564,HP/CHA/52D07/2020/18,Chamba,Left bank of ravi river,32.38,76.49,Rock            Slide,NA,
7565,HP/CHA/52D11/2020/104,Chamba,Holi-Naya Gaon Rd,32.38,76.5,Debris          Slide,NA,
7566,HP/CHA/52D11/2020/105,Chamba,Golai,32.38,76.51,Rock            Slide,NA,
7567,HP/LSP/52H15/2018/13,Lahaul & Spiti,North of Pangmo,32.38086,77.93791,Debris          Slide,NA,
7568,HP/LSP/52H15/2018/12,Lahaul & Spiti,North of Pangmo,32.38124,77.93852,Debris          Slide,NA,
7569,HP/LSP/52H15/2018/10,Lahaul & Spiti,North of Pangmo,32.38129,77.94021,Debris          Slide,NA,
7570,HP/LSP/52H15/2018/11,Lahaul & Spiti,North of Pangmo,32.3817,77.93997,Debris          Slide,NA,
7571,HP/LAH/52H03/2015/38,Lahaul & Spiti,Koksar-Rohtang,32.3818,77.2627,Rock            Slide,NA,
7572,HP/LAH/52H03/2015/37,Lahaul & Spiti,Koksar-Rohtang,32.383,77.2649,Debris          Slide,NA,
7573,HP/LSP/52H15/2018/9,Lahaul & Spiti,North of Pangmo,32.38512,77.9422,Debris          Slide,NA,
7574,HP/LSP/52H15/2018/8,Lahaul & Spiti,North of Pangmo,32.38917,77.94922,Debris          Slide,NA,
7575,HP/LSP/52H15/2018/7,Lahaul & Spiti,North of Pangmo,32.38964,77.94974,Debris          Slide,NA,
7576,HP/CHA/43P15/2020/23,Chamba,Sahla SH-28,32.39,75.99,Debris,Slide,2017
7577,HP/CHA/43P15/2020/24,Chamba,Along Chakki river,32.39,75.99,Debris,Slide,2018
7578,HP/CHA/43P15/2020/26,Chamba,Sahlu village,32.39,76,Debris,Slide,2010
7579,HP/CHA/43P15/2020/55,Chamba,Sahlu village,32.39,75.99,Rock            Slide,NA,
7580,HP/CHA/43P15/2020/56,Chamba,Sahlu village,32.39,75.99,Debris          Slide,NA,
7581,HP/KAN/43P15/2020/72,Kangra,Baduni,32.39,75.94,Debris          Slide,NA,
7582,HP/KAN/43P15/2020/77,Kangra,Nera Suliali-Dunera link road,32.39,75.89,Debris          Slide,NA,
7583,HP/KAN/43P15/2020/79,Kangra,Baduni Baduni,32.39,75.95,Debris,Slide,2018
7584,HP/KAN/43P15/2020/80,Kangra,Suliali near Suliali village,32.39,75.89,Debris,Slide,2017
7585,HP/KAN/43P15/2020/82,Kangra,Baduni,32.39,75.94,Debris          Slide,NA,
7586,HP/KAN/43P15/2020/86,Kangra,Baduni,32.39,75.95,Debris,Slide,2018
7587,HP/CHA/52D03/2020/44,Chamba,Kasba Raipur,32.39,76.01,Debris          Slide,NA,
7588,HP/CHA/52D03/2020/45,Chamba,Along Chakki river,32.39,76,Rock            Slide,NA,
7589,HP/CHA/52D03/2020/48,Chamba,Near Sahlu village,32.39,76,Debris,Slide,2015
7590,HP/CHA/52D03/2020/50,Chamba,Along Chakki river(Dauth),32.39,76,Debris,Slide,2005
7591,HP/CHA/52D03/2020/52,Chamba,Sahlu village,32.39,76.01,Debris,Slide,2000
7592,HP/CHA/52D03/2020/92,Chamba,Along Chakki river,32.39,76,Debris          Slide,NA,
7593,HP/CHA/52D07/2020/19,Chamba,Left bank of ravi river,32.39,76.48,Rock            Fall,NA,
7594,HP/CHA/52D07/2020/25,Chamba,Right bank of ravi river,32.39,76.49,Debris          Slide,NA,
7595,HP/LAH/52H03/2015/39,Lahaul & Spiti,Koksar-Rohtang,32.3923,77.2515,Debris          Slide,NA,
7596,HP/LAH/52H03/2015/40,Lahaul & Spiti,Koksar-Rohtang,32.3923,77.2515,Debris          Slide,NA,
7597,HP/LAH/52H03/2015/36,Lahaul & Spiti,Koksar-Rohtang,32.3934,77.2566,Rock            Slide,NA,
7598,HP/LAH/52H03/2015/35,Lahaul & Spiti,Koksar-Rohtang,32.3942,77.2595,Rock            Subsidence,NA,
7599,HP/CHA/43P15/2020/36,Chamba,"Barala, Lahru road",32.4,75.95,Debris,Slide,2017
7600,HP/CHA/43P15/2020/46,Chamba,"Barala, Lahru road",32.4,75.95,Debris,Slide,2018
7601,HP/CHA/43P15/2020/54,Chamba,Baduni,32.4,75.95,Debris,Slide,2010
7602,HP/CHA/43P15/2020/57,Chamba,Sahlu village,32.4,75.99,Debris          Slide,NA,
7603,HP/CHA/43P15/2020/58,Chamba,Lahru,32.4,75.98,Debris          Slide,NA,
7604,HP/CHA/43P15/2020/59,Chamba,Parchor,32.4,75.99,Debris          Slide,NA,
7605,HP/CHA/43P15/2020/60,Chamba,Sahlu village,32.4,75.99,Debris          Slide,NA,
7606,HP/KAN/43P15/2020/81,Kangra,Baduni,32.4,75.94,Debris          Slide,NA,
7607,HP/KAN/43P15/2020/85,Kangra,Baduni,32.4,75.95,Debris          Slide,NA,
7608,HP/KAN/43P15/2020/94,Kangra,Near Phina Singh Dam SH-28,32.4,75.99,Debris,Slide,2018
7609,HP/CHA/52D07/2020/20,Chamba,Right bank of ravi river,32.4,76.5,Rock            Slide,NA,
7610,HP/LSP/52H15/2018/6,Lahaul & Spiti,Near Pangmo,32.40112,77.95536,Debris          Slide,NA,
7611,HP/LSP/52H15/2018/5,Lahaul & Spiti,Near Pangmo,32.40271,77.94982,Debris          Slide,NA,
7612,HP/LSP/52H15/2018/4,Lahaul & Spiti,Near Pangmo,32.40369,77.9499,Debris          Slide,NA,
7613,HP/LAH/52H03/2015/26,Lahaul & Spiti,Koksar-Rohtang,32.4038,77.2521,Rock            Topple,NA,
7614,HP/LAH/52H03/2015/34,Lahaul & Spiti,Koksar-Kulti,32.404,77.2405,Debris          Slide,NA,
7615,HP/LAH/52H03/2015/27,Lahaul & Spiti,Koksar-Rohtang,32.405,77.2508,Debris          Slide,NA,
7616,HP/LSP/52H15/2018/3,Lahaul & Spiti,Near Pangmo,32.40688,77.94839,Debris          Slide,NA,
7617,HP/CHA/43P15/2020/4,Chamba,Ghatasani pul Ghatasani pul,32.41,75.97,Debris,Slide,2010
7618,HP/CHA/43P15/2020/5,Chamba,Kalidhar Lahru-Chowari link road,32.41,75.99,Debris,Slide,2000
7619,HP/CHA/43P15/2020/10,Chamba,Chinian,32.41,75.97,Debris,Slide,2015
7620,HP/CHA/43P15/2020/16,Chamba,"Barala, Lahru road",32.41,75.96,Debris,Slide,2015
7621,HP/CHA/43P15/2020/31,Chamba,Kalidhar Kalidhar,32.41,75.99,Debris          Slide,NA,
7622,HP/CHA/43P15/2020/42,Chamba,"Barala, Lahru road",32.41,75.96,Debris,Slide,2015
7623,HP/CHA/43P15/2020/43,Chamba,"Barala, Lahru road",32.41,75.96,Rock,Slide,2015
7624,HP/CHA/43P15/2020/45,Chamba,"Barala, Lahru road",32.41,75.96,Debris,Slide,2018
7625,HP/CHA/43P15/2020/50,Chamba,Kalidhar,32.41,75.99,Debris,Slide,2010
7626,HP/CHA/43P15/2020/51,Chamba,Kalidhar Kalidhar,32.41,75.98,Debris          Slide,NA,
7627,HP/CHA/43P15/2020/52,Chamba,Lahru Chowk,32.41,75.98,Debris          Slide,NA,
7628,HP/CHA/43P15/2020/70,Chamba,Near Phina Singh Canal,32.41,75.99,Rock            Fall,NA,
7629,HP/CHA/43P15/2020/71,Chamba,Near Phina Singh Canal,32.41,75.99,Rock            Fall,NA,
7630,HP/CHA/52D07/2020/4,Chamba,Left bank of ravi river,32.41,76.49,Rock            Fall,NA,
7631,HP/CHA/52D07/2020/79,Chamba,Right bank of Balyani Nala,32.41,76.29,Rock            Slide,NA,
7632,HP/CHA/52D11/2020/29,Chamba,Manimahesh Trekking Route,32.41,76.62,Debris          Slide,NA,
7633,HP/CHA/52D11/2020/30,Chamba,Manimahesh Trekking Route,32.41,76.63,Debris          Slide,NA,
7634,HP/CHA/52D11/2020/31,Chamba,Manimahesh Trekking Route,32.41,76.63,Debris          Slide,NA,
7635,HP/CHA/52D11/2020/32,Chamba,Manimahesh Trekking Route,32.41,76.64,Debris          Slide,NA,
7636,HP/LAH/52H03/2015/28,Lahaul & Spiti,Koksar-Kulti,32.4105,77.244,Rock            Slide,NA,
7637,HP/LAH/52H03/2015/29,Lahaul & Spiti,Koksar-Kulti,32.4127,77.2472,Debris          Slide,NA,
7638,HP/LAH/52H03/2015/30,Lahaul & Spiti,Koksar-Kulti,32.4135,77.2452,Debris          Slide,NA,
7639,HP/LAH/52H03/2015/31,Lahaul & Spiti,Koksar-Kulti,32.414,77.244,Debris          Slide,NA,
7640,HP/LAH/52H03/2015/32,Lahaul & Spiti,Koksar-Kulti,32.4141,77.2416,Debris          Slide,NA,
7641,HP/LAH/52H03/2015/2,Lahaul & Spiti,Koksar-Keylong NH21,32.4144,77.2358,Rock            Slide,NA,
7642,HP/LAH/52H03/2015/33,Lahaul & Spiti,Koksar-Kulti,32.4157,77.2393,Rock            Slide,NA,
7643,HP/CHA/43P15/2020/2,Chamba,Ghatasani pul Ghatasani pul,32.42,75.97,Debris,Slide,2010
7644,HP/CHA/43P15/2020/8,Chamba,Jatroon Lahru-Chowari road,32.42,76,Debris,Slide,2018
7645,HP/CHA/43P15/2020/15,Chamba,Jatroon Lahru-Chowari road,32.42,76,Debris          Slide,NA,
7646,HP/CHA/43P15/2020/17,Chamba,Barian bridge SH-28,32.42,75.97,Debris          Slide,NA,
7647,HP/CHA/43P15/2020/18,Chamba,Barian bridge SH-28,32.42,75.96,Debris          Slide,NA,
7648,HP/CHA/43P15/2020/19,Chamba,Barian SH-28,32.42,75.96,Debris          Slide,NA,
7649,HP/CHA/43P15/2020/20,Chamba,Kalidhar Lahru-Chowari road,32.42,75.99,Debris          Slide,NA,
7650,HP/CHA/43P15/2020/27,Chamba,Barian,32.42,75.97,Debris,Slide,2018
7651,HP/CHA/43P15/2020/28,Chamba,Barian SH-28,32.42,75.97,Debris,Slide,2018
7652,HP/CHA/43P15/2020/30,Chamba,Kalidhar Kalidhar,32.42,75.99,Rock,Slide,2017
7653,HP/CHA/43P15/2020/33,Chamba,#N/A #N/A,32.42,75.97,Rock            Slide,NA,
7654,HP/CHA/43P15/2020/37,Chamba,Taragarh Taragarh,32.42,75.96,Debris,Slide,2017
7655,HP/CHA/43P15/2020/38,Chamba,Taragarh,32.42,75.96,Debris,Slide,2017
7656,HP/CHA/43P15/2020/44,Chamba,Taragarh,32.42,75.96,Debris,Slide,2005
7657,HP/CHA/43P15/2020/49,Chamba,Kalidhar,32.42,75.99,Debris,Slide,2015
7658,HP/CHA/43P15/2020/61,Chamba,Jatroon,32.42,75.99,Debris          Slide,NA,
7659,HP/CHA/43P15/2020/63,Chamba,Taragarh,32.42,75.95,Debris          Slide,NA,
7660,HP/CHA/43P15/2020/66,Chamba,Berrian,32.42,75.96,Debris,Slide,2000
7661,HP/CHA/43P15/2020/67,Chamba,Berrian,32.42,75.96,Debris          Slide,NA,
7662,HP/CHA/43P15/2020/68,Chamba,Berrian,32.42,75.96,Debris,Slide,2005
7663,HP/CHA/43P15/2020/69,Chamba,Berrian,32.42,75.96,Debris,Slide,2012
7664,HP/CHA/52D03/2020/70,Chamba,Chudhana,32.42,76.01,Debris          Slide,NA,
7665,HP/CHA/52D03/2020/94,Chamba,Jatroon Lahru-Chowari road,32.42,76,Debris          Slide,NA,
7666,HP/CHA/52D07/2020/50,Chamba,Batot link road,32.42,76.36,Rock            Slide,NA,
7667,HP/CHA/52D07/2020/137,Chamba,Left bank of ravi river,32.42,76.49,Debris          Slide,NA,
7668,HP/CHA/52D11/2020/65,Chamba,Manimahesh Trekking Route,32.42,76.61,Rock            Slide,NA,
7669,HP/LSP/52H15/2018/2,Lahaul & Spiti,Near Pangmo,32.42434,77.93989,Debris          Slide,NA,
7670,HP/LSP/52H15/2018/1,Lahaul & Spiti,Near Hansa Village,32.42743,77.93735,Debris          Slide,NA,
7671,HP/LAH/52H03/2015/3,Lahaul & Spiti,Koksar-Keylong NH21,32.4293,77.2144,Rock            Subsidence,NA,
7672,HP/LAH/52H03/2015/4,Lahaul & Spiti,Koksar-Keylong NH21,32.4293,77.2144,Rock            Topple,NA,
7673,HP/CHA/43P15/2020/1,Chamba,Barrian nala,32.43,75.96,Debris          Slide,NA,
7674,HP/CHA/43P15/2020/3,Chamba,Berian Berian,32.43,75.97,Rock            Slide,NA,
7675,HP/CHA/43P15/2020/6,Chamba,Barrian nala SH-28,32.43,75.96,Debris,Slide,2000
7676,HP/CHA/43P15/2020/7,Chamba,Taragarh Lahru-Taragarh road,32.43,75.96,Debris          Slide,NA,
7677,HP/CHA/43P15/2020/13,Chamba,Barian SH-28,32.43,75.96,Debris,Slide,2012
7678,HP/CHA/43P15/2020/14,Chamba,Barian SH-28,32.43,75.96,Debris          Slide,NA,
7679,HP/CHA/43P15/2020/21,Chamba,Hathola,32.43,75.97,Debris,Slide,2010
7680,HP/CHA/43P15/2020/22,Chamba,Barian SH-28,32.43,75.96,Debris          Slide,NA,
7681,HP/CHA/43P15/2020/25,Chamba,Barian SH-28,32.43,75.96,Debris,Slide,2018
7682,HP/CHA/43P15/2020/32,Chamba,Barrian Barrian Nala,32.43,75.96,Debris          Slide,NA,
7683,HP/CHA/43P15/2020/35,Chamba,Berian,32.43,75.96,Debris,Slide,2005
7684,HP/CHA/43P15/2020/39,Chamba,Taragarh,32.43,75.95,Rock,Slide,2015
7685,HP/CHA/43P15/2020/40,Chamba,Taragarh,32.43,75.95,Rock,Slide,2017
7686,HP/CHA/43P15/2020/41,Chamba,Taragarh,32.43,75.95,Debris,Slide,2018
7687,HP/CHA/43P15/2020/62,Chamba,Berrian,32.43,75.96,Debris          Slide,NA,
7688,HP/CHA/43P15/2020/64,Chamba,Berrian,32.43,75.96,Debris          Slide,NA,
7689,HP/CHA/43P15/2020/65,Chamba,Berrian,32.43,75.96,Debris,Slide,2010
7690,HP/CHA/52D03/2020/41,Chamba,Utwalu P.F,32.43,76.03,Debris          Slide,NA,
7691,HP/CHA/52D03/2020/42,Chamba,north of Kulera,32.43,76.03,Debris          Slide,NA,
7692,HP/CHA/52D07/2020/2,Chamba,Luna Kur link road,32.43,76.38,Rock            Fall,NA,
7693,HP/CHA/52D07/2020/13,Chamba,Luna Kur link road,32.43,76.38,Debris          Fall,NA,
7694,HP/CHA/52D07/2020/21,Chamba,Left bank of ravi river,32.43,76.49,Rock            Slide,NA,
7695,HP/CHA/52D07/2020/24,Chamba,Luna Kur link road,32.43,76.38,Rock            Fall,NA,
7696,HP/CHA/52D11/2020/8,Chamba,Bharmour-Grima Rd,32.43,76.53,Debris          Slide,NA,
7697,HP/CHA/52D11/2020/9,Chamba,Bharmour-Grima Rd,32.43,76.53,Debris          Slide,NA,
7698,HP/CHA/52D11/2020/10,Chamba,Bharmour-Grima Rd,32.43,76.53,Debris          Slide,NA,
7699,HP/CHA/52D11/2020/11,Chamba,Bharmour-Grima Rd,32.43,76.53,Debris          Slide,NA,
7700,HP/CHA/52D11/2020/12,Chamba,Bharmour-Grima Rd,32.43,76.53,Debris          Slide,NA,
7701,HP/CHA/52D11/2020/14,Chamba,Bharmour-Grima Rd,32.43,76.52,Debris          Slide,NA,
7702,HP/CHA/52D11/2020/15,Chamba,Bharmour-Grima Rd,32.43,76.52,Debris          Slide,NA,
7703,HP/CHA/52D11/2020/19,Chamba,Bharmour-Grima Rd,32.43,76.52,Rock            Slide,NA,
7704,HP/CHA/52D11/2020/24,Chamba,Bharmour-Grima Rd,32.43,76.53,Debris          Slide,NA,
7705,HP/CHA/52D11/2020/35,Chamba,Bharmour-Grima Rd,32.43,76.53,Debris          Slide,NA,
7706,HP/CHA/52D11/2020/46,Chamba,Bharmour-Grima Rd,32.43,76.53,Debris          Slide,NA,
7707,HP/CHA/52D11/2020/66,Chamba,Manimahesh Trekking Route,32.43,76.61,Debris          Slide,NA,
7708,HP/CHA/52D11/2020/68,Chamba,Manimahesh Trekking Route,32.43,76.6,Debris          Slide,NA,
7709,HP/LAH/52H03/2015/25,Lahaul & Spiti,Koksar-Keylong NH21,32.4322,77.205,Rock            Topple,NA,
7710,HP/LAH/52H03/2015/5,Lahaul & Spiti,#N/A #N/A,32.4362,77.1857,Rock            Slide,NA,
7711,HP/CHA/43P15/2020/11,Chamba,Bindgi SH-28,32.44,75.94,Debris          Slide,NA,
7712,HP/CHA/43P15/2020/12,Chamba,SH-28,32.44,75.95,Debris          Slide,NA,
7713,HP/CHA/52D03/2020/1,Chamba,Kutehr,32.44,76.03,Debris          Slide,NA,
7714,HP/CHA/52D03/2020/3,Chamba,south of Gherna,32.44,76.03,Debris          Slide,NA,
7715,HP/CHA/52D03/2020/43,Chamba,south of Gherna,32.44,76.03,Debris          Slide,NA,
7716,HP/CHA/52D03/2020/101,Chamba,Kutehr,32.44,76.03,Debris          Slide,NA,
7717,HP/CHA/52D07/2020/22,Chamba,Pilli village,32.44,76.48,Debris          Slide,NA,
7718,HP/CHA/52D07/2020/34,Chamba,Luna kur link road,32.44,76.38,Rock            Slide,NA,
7719,HP/CHA/52D07/2020/36,Chamba,Gehra,32.44,76.34,Rock            Slide,NA,
7720,HP/CHA/52D07/2020/41,Chamba,Luna Kur link road,32.44,76.38,Debris          Slide,NA,
7721,HP/CHA/52D07/2020/44,Chamba,,32.44,76.4,Rock            Slide,NA,
7722,HP/CHA/52D07/2020/96,Chamba,Jawa link road,32.44,76.33,Debris          Slide,NA,
7723,HP/CHA/52D07/2020/97,Chamba,Luna Kur link road,32.44,76.39,Rock            Slide,NA,
7724,HP/CHA/52D07/2020/103,Chamba,Luna Kur link road,32.44,76.39,Debris          Slide,NA,
7725,HP/CHA/52D07/2020/113,Chamba,Left bank of prank nala,32.44,76.33,Debris          Slide,NA,
7726,HP/CHA/52D07/2020/116,Chamba,Luna Kur link road,32.44,76.38,Debris          Slide,NA,
7727,HP/CHA/52D07/2020/119,Chamba,,32.44,76.4,Debris          Slide,NA,
7728,HP/CHA/52D07/2020/120,Chamba,Tur village,32.44,76.29,Rock            Slide,NA,
7729,HP/CHA/52D07/2020/122,Chamba,Barainka link road,32.44,76.35,Rock            Slide,NA,
7730,HP/CHA/52D07/2020/123,Chamba,Barainka link road,32.44,76.36,Debris          Subsidence,NA,
7731,HP/CHA/52D07/2020/124,Chamba,Jawa link road,32.44,76.33,Rock            Slide,NA,
7732,HP/CHA/52D07/2020/125,Chamba,Jawa link road,32.44,76.33,Debris          Slide,NA,
7733,HP/CHA/52D07/2020/127,Chamba,Barainka link road,32.44,76.34,Rock            Slide,NA,
7734,HP/CHA/52D11/2020/5,Chamba,NH-154A/Bharmour-Hadsar Rd,32.44,76.57,Debris          Slide,NA,
7735,HP/CHA/52D11/2020/6,Chamba,NH-154A/Bharmour-Hadsar Rd,32.44,76.57,Debris          Slide,NA,
7736,HP/CHA/52D11/2020/7,Chamba,NH-154A/Bharmour-Hadsar Rd,32.44,76.57,Debris          Slide,NA,
7737,HP/CHA/52D11/2020/16,Chamba,Bharmour-Grima Rd,32.44,76.52,Rock            Slide,NA,
7738,HP/CHA/52D11/2020/17,Chamba,Bharmour-Grima Rd,32.44,76.52,Debris          Slide,NA,
7739,HP/CHA/52D11/2020/18,Chamba,Bharmour-Grima Rd,32.44,76.52,Debris          Slide,NA,
7740,HP/CHA/52D11/2020/20,Chamba,Bharmour-Grima Rd,32.44,76.52,Rock            Slide,NA,
7741,HP/CHA/52D11/2020/21,Chamba,Bharmour-Grima Rd,32.44,76.52,Debris          Slide,NA,
7742,HP/CHA/52D11/2020/26,Chamba,NH-154A Bharmour to,32.44,76.53,Debris          Slide,NA,
7743,HP/CHA/52D11/2020/28,Chamba,Manimahesh Trekking Route,32.44,76.61,Debris          Slide,NA,
7744,HP/CHA/52D11/2020/38,Chamba,NH-154A/Bharmour-Hadsar Rd,32.44,76.56,Debris          Slide,NA,
7745,HP/CHA/52D11/2020/39,Chamba,NH-154A/Bharmour-Hadsar Rd,32.44,76.56,Debris          Slide,NA,
7746,HP/CHA/52D11/2020/40,Chamba,NH-154A/Bharmour-Hadsar Rd,32.44,76.55,Debris          Slide,NA,
7747,HP/CHA/52D11/2020/41,Chamba,NH-154A/Bharmour-Hadsar Rd,32.44,76.55,Debris          Slide,NA,
7748,HP/CHA/52D11/2020/42,Chamba,NH-154A/Bharmour-Hadsar Rd,32.44,76.55,Debris          Slide,NA,
7749,HP/CHA/52D11/2020/43,Chamba,NH-154A/Bharmour-Hadsar Rd,32.44,76.55,Debris          Slide,NA,
7750,HP/CHA/52D11/2020/44,Chamba,NH-154A/Bharmour-Hadsar Rd,32.44,76.54,Debris          Flow,NA,
7751,HP/CHA/52D11/2020/57,Chamba,Manimahesh Trekking Route,32.44,76.61,Debris          Slide,NA,
7752,HP/CHA/52D11/2020/63,Chamba,Manimahesh Trekking Route,32.44,76.61,Debris          Slide,NA,
7753,HP/CHA/52D11/2020/64,Chamba,Manimahesh Trekking Route,32.44,76.61,Rock            Slide,NA,
7754,HP/CHA/52D11/2020/71,Chamba,Grima slide,32.44,76.51,Debris          Slide,NA,
7755,HP/CHA/52D11/2020/81,Chamba,NH-154A Bharmour to,32.44,76.53,Debris          Slide,NA,
7756,HP/CHA/52D11/2020/82,Chamba,NH-154A Bharmour to,32.44,76.53,Debris          Slide,NA,
7757,HP/LAH/52H03/2015/6,Lahaul & Spiti,Koksar-Keylong NH21,32.4432,77.164,Debris          Slide,NA,
7758,HP/LAH/52H03/2015/7,Lahaul & Spiti,Koksar-Keylong NH21,32.4432,77.164,Rock            Slide,NA,
7759,HP/CHA/43P15/2020/34,Chamba,Kakira Kakira,32.45,75.94,Debris          Slide,NA,
7760,HP/CHA/43P15/2020/53,Chamba,Kakira,32.45,75.93,Debris,Slide,2018
7761,HP/CHA/52D03/2020/36,Chamba,Laknad,32.45,76.03,Rock            Slide,NA,
7762,HP/CHA/52D03/2020/90,Chamba,Launa village,32.45,76.18,Debris          Slide,NA,
7763,HP/CHA/52D07/2020/46,Chamba,Luna Chhatrari link road,32.45,76.39,Rock            Slide,NA,
7764,HP/CHA/52D07/2020/47,Chamba,Right bank of Ravi river,32.45,76.39,Rock            Slide,NA,
7765,HP/CHA/52D07/2020/48,Chamba,Luna,32.45,76.39,Debris          Slide,NA,
7766,HP/CHA/52D07/2020/49,Chamba,Chamba Bharmour road,32.45,76.4,Debris          Slide,NA,
7767,HP/CHA/52D07/2020/77,Chamba,Barainka link road,32.45,76.34,Rock            Slide,NA,
7768,HP/CHA/52D07/2020/81,Chamba,Varai link road,32.45,76.31,Rock            Slide,NA,
7769,HP/CHA/52D07/2020/87,Chamba,Left bank of ravi river,32.45,76.47,Rock            Slide,NA,
7770,HP/CHA/52D07/2020/95,Chamba,Near Gaihra,32.45,76.34,Debris          Slide,NA,
7771,HP/CHA/52D07/2020/98,Chamba,Kharamukh - Bharmour road,32.45,76.5,Rock            Fall,NA,
7772,HP/CHA/52D07/2020/108,Chamba,Barainka link road,32.45,76.35,Rock            Slide,NA,
7773,HP/CHA/52D07/2020/109,Chamba,Barainka link road,32.45,76.35,Rock            Slide,NA,
7774,HP/CHA/52D07/2020/115,Chamba,Luna,32.45,76.39,Rock            Slide,NA,
7775,HP/CHA/52D07/2020/117,Chamba,Barainka link road,32.45,76.34,Rock            Slide,NA,
7776,HP/CHA/52D07/2020/129,Chamba,Left bank of ravi river,32.45,76.47,Rock            Slide,NA,
7777,HP/CHA/52D07/2020/131,Chamba,Chamba Bharmour road,32.45,76.35,Debris          Slide,NA,
7778,HP/CHA/52D07/2020/132,Chamba,Chamba Bharmour road,32.45,76.35,Rock            Slide,NA,
7779,HP/CHA/52D07/2020/133,Chamba,Chamba Bharmour road,32.45,76.36,Rock            Slide,NA,
7780,HP/CHA/52D07/2020/134,Chamba,Chamba Bharmour road,32.45,76.36,Rock            Slide,NA,
7781,HP/CHA/52D07/2020/135,Chamba,Chamba Bharmour road,32.45,76.37,Debris          Slide,NA,
7782,HP/CHA/52D07/2020/136,Chamba,Chamba Bharmour road,32.45,76.37,Rock            Slide,NA,
7783,HP/CHA/52D11/2020/1,Chamba,NH-154A/Hadsar-Kugti Rd,32.45,76.61,Debris          Slide,NA,
7784,HP/CHA/52D11/2020/2,Chamba,NH-154A/Bharmour-Hadsar Rd,32.45,76.59,Rock            Slide,NA,
7785,HP/CHA/52D11/2020/3,Chamba,NH-154A/Bharmour-Hadsar Rd,32.45,76.57,Debris          Slide,NA,
7786,HP/CHA/52D11/2020/4,Chamba,NH-154A/Bharmour-Hadsar Rd,32.45,76.58,Rock            Slide,NA,
7787,HP/CHA/52D11/2020/13,Chamba,NH-154A/Bharmour-Hadsar Rd,32.45,76.59,Rock            Slide,NA,
7788,HP/CHA/52D11/2020/22,Chamba,Bharmour-Grima Rd,32.45,76.52,Rock            Slide,NA,
7789,HP/CHA/52D11/2020/23,Chamba,Bharmour-Grima Rd,32.45,76.52,Rock            Slide,NA,
7790,HP/CHA/52D11/2020/25,Chamba,Bharmour-Grima Rd,32.45,76.5,Debris          Slide,NA,
7791,HP/CHA/52D11/2020/27,Chamba,Manimahesh Trekking Route,32.45,76.61,Debris          Slide,NA,
7792,HP/CHA/52D11/2020/33,Chamba,NH-154A/Bharmour-Hadsar Rd,32.45,76.57,Debris          Slide,NA,
7793,HP/CHA/52D11/2020/34,Chamba,NH-154A/Bharmour-Hadsar Rd,32.45,76.57,Rock            Slide,NA,
7794,HP/CHA/52D11/2020/36,Chamba,NH-154A/Bharmour-Hadsar Rd,32.45,76.57,Rock            Slide,NA,
7795,HP/CHA/52D11/2020/37,Chamba,NH-154A/Bharmour-Hadsar Rd,32.45,76.57,Debris          Slide,NA,
7796,HP/CHA/52D11/2020/45,Chamba,NH-154A/Bharmour-Hadsar Rd,32.45,76.51,Debris          Slide,NA,
7797,HP/CHA/52D11/2020/69,Chamba,NH-154A/Bharmour-Hadsar Rd,32.45,76.51,Debris          Slide,NA,
7798,HP/CHA/52D11/2020/70,Chamba,NH-154A/Bharmour-Hadsar Rd,32.45,76.51,Debris          Slide,NA,
7799,HP/CHA/52D11/2020/72,Chamba,NH-154A/Bharmour-Hadsar Rd,32.45,76.51,Debris          Slide,NA,
7800,HP/CHA/52D11/2020/73,Chamba,NH-154A/Bharmour-Hadsar Rd,32.45,76.51,Debris          Slide,NA,
7801,HP/CHA/52D11/2020/74,Chamba,NH-154A/Bharmour-Hadsar Rd,32.45,76.52,Debris          Slide,NA,
7802,HP/CHA/52D11/2020/75,Chamba,NH-154A/Bharmour-Hadsar Rd,32.45,76.52,Debris          Slide,NA,
7803,HP/CHA/52D11/2020/76,Chamba,NH-154A/Bharmour-Hadsar Rd,32.45,76.52,Rock            Slide,NA,
7804,HP/CHA/52D11/2020/77,Chamba,NH-154A/Bharmour-Hadsar Rd,32.45,76.52,Debris          Slide,NA,
7805,HP/CHA/52D11/2020/79,Chamba,NH-154A/Bharmour-Hadsar Rd,32.45,76.52,Rock            Slide,NA,
7806,HP/CHA/52D11/2020/80,Chamba,NH-154A/Bharmour-Hadsar Rd,32.45,76.52,Debris          Slide,NA,
7807,HP/CHA/52D11/2020/90,Chamba,Thala-Mando Rd,32.45,76.56,Debris          Slide,NA,
7808,HP/CHA/52D11/2020/93,Chamba,Thala-Mando Rd,32.45,76.51,Rock            Slide,NA,
7809,HP/CHA/52D11/2020/94,Chamba,Thala- Bangela-Bharmour Rd,32.45,76.52,Debris          Slide,NA,
7810,HP/CHA/52D11/2020/95,Chamba,Thala- Bangela-Bharmour Rd,32.45,76.52,Debris          Slide,NA,
7811,HP/CHA/52D11/2020/96,Chamba,Thala- Bangela-Bharmour Rd,32.45,76.52,Rock            Slide,NA,
7812,HP/CHA/52D11/2020/97,Chamba,Thala- Bangela-Bharmour Rd,32.45,76.52,Debris          Slide,NA,
7813,HP/CHA/52D11/2020/98,Chamba,Thala- Bangela-Bharmour Rd,32.45,76.52,Debris          Slide,NA,
7814,HP/CHA/52D11/2020/99,Chamba,Thala- Bangela-Bharmour Rd,32.45,76.51,Rock            Slide,NA,
7815,HP/CHA/52D11/2020/101,Chamba,Thala- Bangela-Bharmour Rd,32.45,76.52,Debris          Slide,NA,
7816,HP/CHA/52D11/2020/102,Chamba,Thala- Bangela-Bharmour Rd,32.45,76.52,Debris          Slide,NA,
7817,HP/CHA/52D11/2020/133,Chamba,NH-154A/Bharmour-Hadsar Rd,32.45,76.6,Rock            Slide,NA,
7818,HP/CHA/52D11/2020/144,Chamba,NH-154A/Bharmour-Hadsar Rd,32.45,76.6,Debris          Slide,NA,
7819,HP/CHA/52D11/2020/148,Chamba,NH-154A/Bharmour-Hadsar Rd,32.45,76.59,Rock            Slide,NA,
7820,HP/CHA/52D11/2020/149,Chamba,NH-154A/Bharmour-Hadsar Rd,32.45,76.59,Rock            Slide,NA,
7821,HP/CHA/52D11/2020/150,Chamba,NH-154A/Bharmour-Hadsar Rd,32.45,76.59,Rock            Slide,NA,
7822,HP/CHA/52D11/2020/151,Chamba,NH-154A/Bharmour-Hadsar Rd,32.45,76.58,Debris          Slide,NA,
7823,HP/CHA/52D11/2020/152,Chamba,NH-154A/Bharmour-Hadsar Rd,32.45,76.58,Debris          Slide,NA,
7824,HP/CHA/52D11/2020/153,Chamba,NH-154A/Bharmour-Hadsar Rd,32.45,76.58,Debris          Slide,NA,
7825,HP/CHA/52D11/2020/154,Chamba,NH-154A/Bharmour-Hadsar Rd,32.45,76.58,Debris          Slide,NA,
7826,HP/LAH/52H03/2015/8,Lahaul & Spiti,Koksar-Keylong NH21,32.4516,77.1532,Rock            Slide,NA,
7827,HP/LAH/52H03/2015/12,Lahaul & Spiti,Koksar-Keylong NH21,32.4549,77.1502,Rock            Slide,NA,
7828,HP/LAH/52H03/2015/13,Lahaul & Spiti,Koksar-Keylong NH21,32.4549,77.1502,Rock            Slide,NA,
7829,HP/LAH/52H03/2015/14,Lahaul & Spiti,Koksar-Keylong NH21,32.4563,77.1572,Debris          Slide,NA,
7830,HP/LAH/52H03/2015/11,Lahaul & Spiti,Koksar-Keylong NH21,32.4571,77.1473,Debris          Slide,NA,
7831,HP/LAH/52H03/2015/9,Lahaul & Spiti,Koksar-Keylong NH21,32.458,77.1425,Debris          Flow,NA,
7832,HP/LAH/52H03/2015/10,Lahaul & Spiti,Koksar-Keylong NH21,32.458,77.1425,Rock            Slide,NA,
7833,HP/CHA/43P15/2020/9,Chamba,Kakira taxi stand SH-28,32.46,75.93,Debris,Slide,2018
7834,HP/CHA/52D03/2020/2,Chamba,Kut,32.46,76.02,Rock            Slide,NA,
7835,HP/CHA/52D03/2020/13,Chamba,Pher,32.46,76.03,Rock            Slide,NA,
7836,HP/CHA/52D03/2020/23,Chamba,Bankot P.F,32.46,76.04,Debris          Slide,NA,
7837,HP/CHA/52D03/2020/31,Chamba,South of Kareri village,32.46,76.18,Debris          Slide,NA,
7838,HP/CHA/52D03/2020/38,Chamba,Karial P.F,32.46,76.17,Debris          Slide,NA,
7839,HP/CHA/52D03/2020/39,Chamba,Kareri village,32.46,76.18,Debris          Slide,NA,
7840,HP/CHA/52D03/2020/40,Chamba,North of Launa,32.46,76.18,Debris          Slide,NA,
7841,HP/CHA/52D03/2020/81,Chamba,North of Launa Village,32.46,76.18,Debris          Slide,NA,
7842,HP/CHA/52D07/2020/23,Chamba,Upslope ofChamba bharmour,32.46,76.41,Debris          Slide,NA,
7843,HP/CHA/52D07/2020/26,Chamba,Near Kharamukh,32.46,76.46,Rock            Slide,NA,
7844,HP/CHA/52D07/2020/27,Chamba,Left bank of ravi river,32.46,76.45,Debris          Slide,NA,
7845,HP/CHA/52D07/2020/43,Chamba,Chamba Bharmour road,32.46,76.4,Debris          Slide,NA,
7846,HP/CHA/52D07/2020/51,Chamba,Left bank of ravi river,32.46,76.46,Debris          Slide,NA,
7847,HP/CHA/52D07/2020/61,Chamba,Chamba Bharmour road.,32.46,76.33,Rock            Slide,NA,
7848,HP/CHA/52D07/2020/66,Chamba,Tur village,32.46,76.3,Rock            Slide,NA,
7849,HP/CHA/52D07/2020/80,Chamba,Tur village,32.46,76.3,Rock            Slide,NA,
7850,HP/CHA/52D07/2020/82,Chamba,Varai link road,32.46,76.31,Rock            Slide,NA,
7851,HP/CHA/52D07/2020/83,Chamba,Varai link road,32.46,76.31,Rock            Slide,NA,
7852,HP/CHA/52D07/2020/90,Chamba,Chamba bharmour road,32.46,76.4,Debris          Slide,NA,
7853,HP/CHA/52D07/2020/91,Chamba,Chamba Bharmour road,32.46,76.33,Debris          Slide,NA,
7854,HP/CHA/52D07/2020/121,Chamba,Tur village,32.46,76.3,Rock            Slide,NA,
7855,HP/CHA/52D07/2020/130,Chamba,Right bank of Ravi river,32.46,76.46,Rock            Slide,NA,
7856,HP/CHA/52D11/2020/83,Chamba,Thala-Sird Rd,32.46,76.52,Debris          Slide,NA,
7857,HP/CHA/52D11/2020/84,Chamba,Thala-Sird Rd,32.46,76.52,Debris          Slide,NA,
7858,HP/CHA/52D11/2020/85,Chamba,Thala-Sird Rd,32.46,76.52,Debris          Slide,NA,
7859,HP/CHA/52D11/2020/86,Chamba,Thala-Sird Rd,32.46,76.52,Debris          Slide,NA,
7860,HP/CHA/52D11/2020/87,Chamba,Thala-Sird Rd,32.46,76.52,Rock            Slide,NA,
7861,HP/CHA/52D11/2020/88,Chamba,Thala-Sird Rd,32.46,76.51,Debris          Slide,NA,
7862,HP/CHA/52D11/2020/91,Chamba,Thala-Mando Rd,32.46,76.57,Debris          Slide,NA,
7863,HP/CHA/52D11/2020/92,Chamba,Thala-Mando Rd,32.46,76.56,Debris          Slide,NA,
7864,HP/CHA/52D11/2020/122,Chamba,NH-154A/Bharmour-Hadsar Rd,32.46,76.61,Debris          Slide,NA,
7865,HP/CHA/52D11/2020/130,Chamba,NH-154A/Hadsar-Kugti Rd,32.46,76.63,Debris          Slide,NA,
7866,HP/CHA/52D11/2020/142,Chamba,NH-154A/Hadsar-Kugti Rd,32.46,76.65,Debris          Slide,NA,
7867,HP/CHA/52D11/2020/143,Chamba,NH-154A/Hadsar-Kugti Rd,32.46,76.65,Debris          Slide,NA,
7868,HP/CHA/52D11/2020/145,Chamba,NH-154A/Hadsar-Kugti Rd,32.46,76.64,Debris          Slide,NA,
7869,HP/CHA/52D11/2020/146,Chamba,NH-154A/Hadsar-Kugti Rd,32.46,76.64,Debris          Slide,NA,
7870,HP/CHA/52D11/2020/147,Chamba,NH-154A/Hadsar-Kugti Rd,32.46,76.64,Debris          Slide,NA,
7871,HP/LAH/52H03/2015/24,Lahaul & Spiti,Koksar-Keylong NH21,32.464,77.1389,Debris          Slide,NA,
7872,HP/LAH/52H03/2015/21,Lahaul & Spiti,Koksar-Keylong NH21,32.4655,77.137,Debris          Slide,NA,
7873,HP/LAH/52H03/2015/22,Lahaul & Spiti,Koksar-Keylong NH21,32.4655,77.137,Debris          Slide,NA,
7874,HP/LAH/52H03/2015/23,Lahaul & Spiti,Koksar-Keylong NH21,32.4655,77.137,Debris          Slide,NA,
7875,HP/CHA/43P15/2020/29,Chamba,Kumlari SH-28,32.47,75.92,Debris,Slide,2018
7876,HP/CHA/43P15/2020/47,Chamba,Bakloh Cant,32.47,75.93,Debris,Slide,2017
7877,HP/CHA/52D03/2020/28,Chamba,Chamera,32.47,76.19,Debris          Slide,NA,
7878,HP/CHA/52D03/2020/29,Chamba,"Cha,mera,NH-154A",32.47,76.2,Rock            Slide,NA,
7879,HP/CHA/52D03/2020/32,Chamba,"Karsun,NH-154A",32.47,76.22,Debris          Slide,NA,
7880,HP/CHA/52D03/2020/37,Chamba,Weri,32.47,76.17,Rock            Slide,NA,
7881,HP/CHA/52D03/2020/51,Chamba,"Galold,NH-154A",32.47,76.25,Debris          Slide,NA,
7882,HP/CHA/52D03/2020/59,Chamba,Rakh,32.47,76.24,Debris          Slide,NA,
7883,HP/CHA/52D07/2020/7,Chamba,Sulla link road,32.47,76.43,Rock            Slide,NA,
7884,HP/CHA/52D07/2020/8,Chamba,Sulla link road,32.47,76.42,Rock            Slide,NA,
7885,HP/CHA/52D07/2020/10,Chamba,Near chamera III Dam site,32.47,76.43,Rock            Slide,NA,
7886,HP/CHA/52D07/2020/16,Chamba,NH154 A near Kharamukh.,32.47,76.45,Rock            Fall,NA,
7887,HP/CHA/52D07/2020/17,Chamba,Chamba-Bharmour road.,32.47,76.45,Rock            Slide,NA,
7888,HP/CHA/52D07/2020/33,Chamba,Chamba Bharmour road,32.47,76.31,Debris          Slide,NA,
7889,HP/CHA/52D07/2020/35,Chamba,Chamba Bharmour road,32.47,76.31,Debris          Slide,NA,
7890,HP/CHA/52D07/2020/37,Chamba,Left bank of chamera II,32.47,76.26,Debris          Slide,NA,
7891,HP/CHA/52D07/2020/38,Chamba,Left bank of chamera II,32.47,76.27,Debris          Slide,NA,
7892,HP/CHA/52D07/2020/40,Chamba,Sunara link road,32.47,76.29,Rock            Slide,NA,
7893,HP/CHA/52D07/2020/52,Chamba,Kharamukh,32.47,76.45,Rock            Slide,NA,
7894,HP/CHA/52D07/2020/62,Chamba,Bagga,32.47,76.25,Debris          Slide,NA,
7895,HP/CHA/52D07/2020/63,Chamba,Kharamukh,32.47,76.45,Rock            Slide,NA,
7896,HP/CHA/52D07/2020/67,Chamba,Sunara road,32.47,76.27,Debris          Slide,NA,
7897,HP/CHA/52D07/2020/68,Chamba,Sunara link road,32.47,76.27,Debris          Slide,NA,
7898,HP/CHA/52D07/2020/70,Chamba,Sunara link road,32.47,76.29,Rock            Slide,NA,
7899,HP/CHA/52D07/2020/71,Chamba,Sunara link road,32.47,76.29,Rock            Slide,NA,
7900,HP/CHA/52D07/2020/72,Chamba,Sunara link road,32.47,76.29,Rock            Slide,NA,
7901,HP/CHA/52D07/2020/73,Chamba,Sunara link road,32.47,76.29,Rock            Slide,NA,
7902,HP/CHA/52D07/2020/84,Chamba,Varai link road,32.47,76.32,Rock            Slide,NA,
7903,HP/CHA/52D07/2020/89,Chamba,Right bank of ravi river,32.47,76.46,Debris          Slide,NA,
7904,HP/CHA/52D07/2020/93,Chamba,Chamba bharmour road,32.47,76.43,Rock            Slide,NA,
7905,HP/CHA/52D07/2020/99,Chamba,Right bank of Budhil nala,32.47,76.48,Debris          Slide,NA,
7906,HP/CHA/52D07/2020/100,Chamba,Kharamukh- Bharmour road,32.47,76.46,Debris          Slide,NA,
7907,HP/CHA/52D07/2020/104,Chamba,Chamba Bharmour road,32.47,76.27,Debris          Slide,NA,
7908,HP/CHA/52D07/2020/106,Chamba,Bagga Left bank of Chamera II,32.47,76.26,Rock            Slide,NA,
7909,HP/CHA/52D07/2020/107,Chamba,Bagga Upslope of chamera II,32.47,76.25,Rock            Slide,NA,
7910,HP/CHA/52D07/2020/110,Chamba,Kharamukh-Durgati road,32.47,76.44,Rock            Fall,NA,
7911,HP/CHA/52D07/2020/111,Chamba,Near chamera III dame site,32.47,76.44,Rock            Fall,NA,
7912,HP/CHA/52D07/2020/114,Chamba,Chamba Bharmour road,32.47,76.31,Rock            Slide,NA,
7913,HP/CHA/52D07/2020/118,Chamba,Durgati- Kharamukh road,32.47,76.44,Rock            Slide,NA,
7914,HP/CHA/52D07/2020/128,Chamba,Chamba Bharmour road,32.47,76.3,Debris          Slide,NA,
7915,HP/CHA/52D11/2020/67,Chamba,Kugti,32.47,76.7,Debris          Slide,NA,
7916,HP/CHA/52D11/2020/78,Chamba,Kugti,32.47,76.69,Debris          Slide,NA,
7917,HP/CHA/52D11/2020/89,Chamba,NH-154A/Hadsar-Kugti Rd,32.47,76.69,Debris          Slide,NA,
7918,HP/CHA/52D11/2020/100,Chamba,NH-154A/Hadsar-Kugti Rd,32.47,76.68,Debris          Slide,NA,
7919,HP/CHA/52D11/2020/103,Chamba,Kugti,32.47,76.7,Debris          Slide,NA,
7920,HP/CHA/52D11/2020/111,Chamba,NH-154A/Hadsar-Kugti Rd,32.47,76.68,Debris          Slide,NA,
7921,HP/CHA/52D11/2020/131,Chamba,NH-154A/Hadsar-Kugti Rd,32.47,76.69,Rock            Slide,NA,
7922,HP/CHA/52D11/2020/132,Chamba,NH-154A/Hadsar-Kugti Rd,32.47,76.69,Debris          Slide,NA,
7923,HP/CHA/52D11/2020/134,Chamba,NH-154A/Hadsar-Kugti Rd,32.47,76.69,Debris          Slide,NA,
7924,HP/CHA/52D11/2020/135,Chamba,NH-154A/Hadsar-Kugti Rd,32.47,76.68,Rock            Slide,NA,
7925,HP/CHA/52D11/2020/136,Chamba,NH-154A/Hadsar-Kugti Rd,32.47,76.68,Debris          Slide,NA,
7926,HP/CHA/52D11/2020/137,Chamba,NH-154A/Hadsar-Kugti Rd,32.47,76.67,Debris          Slide,NA,
7927,HP/CHA/52D11/2020/138,Chamba,NH-154A/Hadsar-Kugti Rd,32.47,76.67,Rock            Slide,NA,
7928,HP/CHA/52D11/2020/139,Chamba,NH-154A/Hadsar-Kugti Rd,32.47,76.67,Rock            Slide,NA,
7929,HP/CHA/52D11/2020/140,Chamba,NH-154A/Hadsar-Kugti Rd,32.47,76.68,Debris          Slide,NA,
7930,HP/CHA/52D11/2020/141,Chamba,NH-154A/Hadsar-Kugti Rd,32.47,76.67,Debris          Slide,NA,
7931,HP/CHA/52D03/2020/26,Chamba,"Jangi,NH-154A",32.48,76.19,Debris          Slide,NA,
7932,HP/CHA/52D03/2020/27,Chamba,"Jangi,NH-154A",32.48,76.19,Debris          Slide,NA,
7933,HP/CHA/52D03/2020/34,Chamba,"Jangi,NH-154A",32.48,76.19,Debris          Slide,NA,
7934,HP/CHA/52D03/2020/35,Chamba,"Jangi,NH-154A",32.48,76.19,Debris          Slide,NA,
7935,HP/CHA/52D07/2020/1,Chamba,Near Bagga .,32.48,76.26,Debris          Slide,NA,
7936,HP/CHA/52D07/2020/9,Chamba,"Right bank of Ravi river,",32.48,76.29,Rock            Slide,NA,
7937,HP/CHA/52D07/2020/11,Chamba,"Bagga, upslope of chamera II",32.48,76.25,Rock            Slide,NA,
7938,HP/CHA/52D07/2020/15,Chamba,Chamba Bharmour road,32.48,76.31,Debris          Slide,NA,
7939,HP/CHA/52D07/2020/31,Chamba,Left bank of Dhunali nala,32.48,76.25,Rock            Slide,NA,
7940,HP/CHA/52D07/2020/32,Chamba,Near Dudain village,32.48,76.26,Rock            Slide,NA,
7941,HP/CHA/52D07/2020/39,Chamba,Chamba bharmour road,32.48,76.27,Debris          Slide,NA,
7942,HP/CHA/52D07/2020/45,Chamba,Right bank of Ravi river.,32.48,76.29,Debris          Slide,NA,
7943,HP/CHA/52D07/2020/53,Chamba,Left bank of Dhaneli nala,32.48,76.25,Rock            Slide,NA,
7944,HP/CHA/52D07/2020/54,Chamba,Bagga Upslope of Chamera II,32.48,76.25,Debris          Slide,NA,
7945,HP/CHA/52D07/2020/55,Chamba,Right bank of Braguna nala,32.48,76.28,Debris          Slide,NA,
7946,HP/CHA/52D07/2020/56,Chamba,Dharwala,32.48,76.29,Debris          Slide,NA,
7947,HP/CHA/52D07/2020/57,Chamba,Lothal,32.48,76.29,Debris          Slide,NA,
7948,HP/CHA/52D07/2020/58,Chamba,Batot link road,32.48,76.33,Rock            Slide,NA,
7949,HP/CHA/52D07/2020/60,Chamba,Right bank of Ravi river.,32.48,76.32,Debris          Slide,NA,
7950,HP/CHA/52D07/2020/64,Chamba,Left bank of Dunali nala,32.48,76.25,Rock            Slide,NA,
7951,HP/CHA/52D07/2020/65,Chamba,Chamba Bharmour road,32.48,76.31,Debris          Slide,NA,
7952,HP/CHA/52D07/2020/69,Chamba,Sunara link road,32.48,76.29,Debris          Slide,NA,
7953,HP/CHA/52D07/2020/85,Chamba,Dunali,32.48,76.32,Debris          Slide,NA,
7954,HP/CHA/52D07/2020/86,Chamba,Batwara link road,32.48,76.29,Rock            Slide,NA,
7955,HP/CHA/52D07/2020/92,Chamba,Right bank of Ravi river,32.48,76.29,Debris          Slide,NA,
7956,HP/CHA/52D07/2020/94,Chamba,Sunara link road,32.48,76.29,Debris          Slide,NA,
7957,HP/CHA/52D07/2020/101,Chamba,Dudain village,32.48,76.26,Rock            Slide,NA,
7958,HP/CHA/52D07/2020/105,Chamba,Dunali,32.48,76.32,Debris          Slide,NA,
7959,HP/CHA/52D07/2020/112,Chamba,Dharwala,32.48,76.28,Debris          Subsidence,NA,
7960,HP/CHA/52D07/2020/126,Chamba,Chamba Bharmour road,32.48,76.27,Debris          Slide,NA,
7961,HP/LAH/52H03/2015/20,Lahaul & Spiti,Koksar-Keylong NH21,32.4813,77.1271,Debris          Slide,NA,
7962,HP/LAH/52H03/2015/19,Lahaul & Spiti,Koksar-Keylong NH21,32.4827,77.1166,Debris          Slide,NA,
7963,HP/LAH/52H03/2015/18,Lahaul & Spiti,Koksar-Keylong NH21,32.4861,77.1063,Debris          Slide,NA,
7964,HP/CHA/52D03/2020/24,Chamba,"Kuran,NH-154A",32.49,76.17,Debris,Slide,2010
7965,HP/CHA/52D03/2020/25,Chamba,Pukhlara,32.49,76.17,Debris          Slide,NA,
7966,HP/CHA/52D03/2020/33,Chamba,"Soana,NH-154A",32.49,76.18,Rock            Slide,NA,
7967,HP/CHA/52D07/2020/3,Chamba,Upslope of Tundah nala,32.49,76.44,Rock            Slide,NA,
7968,HP/CHA/52D07/2020/5,Chamba,Trela village,32.49,76.44,Debris          Slide,NA,
7969,HP/CHA/52D07/2020/6,Chamba,Trela village,32.49,76.44,Rock            Slide,NA,
7970,HP/CHA/52D07/2020/14,Chamba,Trela village,32.49,76.44,Debris          Slide,NA,
7971,HP/CHA/52D07/2020/28,Chamba,Thala village,32.49,76.45,Debris          Slide,NA,
7972,HP/CHA/52D07/2020/29,Chamba,Thala link road,32.49,76.44,Rock            Slide,NA,
7973,HP/CHA/52D07/2020/30,Chamba,Sulia link road,32.49,76.44,Rock            Fall,NA,
7974,HP/CHA/52D07/2020/42,Chamba,Batot link road,32.49,76.35,Rock            Slide,NA,
7975,HP/CHA/52D07/2020/75,Chamba,Batot link road,32.49,76.35,Rock            Slide,NA,
7976,HP/CHA/52D07/2020/78,Chamba,Batot link road,32.49,76.35,Rock            Slide,NA,
7977,HP/CHA/52D07/2020/88,Chamba,Right bank of braguna nala,32.49,76.28,Rock            Slide,NA,
7978,HP/CHA/52D07/2020/102,Chamba,Left bank of braguna nala,32.49,76.28,Debris          Slide,NA,
7979,HP/LAH/52H03/2015/16,Lahaul & Spiti,Koksar-Keylong NH21,32.4919,77.0936,Debris          Slide,NA,
7980,HP/LAH/52H03/2015/17,Lahaul & Spiti,Koksar-Keylong NH21,32.4919,77.0936,Rock            Topple,NA,
7981,HP/CHA/43P15/2020/48,Chamba,Balera village,32.5,75.94,Debris,Slide,2015
7982,HP/CHA/52D02/2020/21,Chamba,"Dalghana,NH-154A",32.5,76.17,Rock            Slide,NA,
7983,HP/CHA/52D02/2020/22,Chamba,Dalghana,32.5,76.17,Debris          Slide,NA,
7984,HP/CHA/52D07/2020/59,Chamba,Left bank of ravi river,32.5,76.48,Debris          Slide,NA,
7985,HP/CHA/52D07/2020/74,Chamba,Left bank of Beli nala,32.5,76.36,Rock            Slide,NA,
7986,HP/CHA/52D07/2020/76,Chamba,Left bank of Beli nala,32.5,76.35,Rock            Slide,NA,
7987,HP/LAH/52H03/2015/15,Lahaul & Spiti,Koksar-Keylong NH21,32.5013,77.0621,Debris          Slide,NA,
7988,HP/CHA/43P14/2017/13,Chamba,,32.501779,75.922098,Debris          Slide,NA,
7989,HP/CHA/43P14/2017/56,Chamba,,32.503185,75.982304,Rock            Slide,NA,
7990,HP/CHA/43P14/2017/43,Chamba,,32.5042,75.979277,Rock            Slide,NA,
7991,HP/CHA/43P14/2017/3,Chamba,,32.504268,75.986248,Rock            Slide,NA,
7992,HP/CHA/43P14/2017/10,Chamba,,32.504681,75.985554,Rock            Slide,NA,
7993,HP/CHA/43P14/2017/20,Chamba,,32.506146,75.975698,Rock            Slide,NA,
7994,HP/CHA/43P14/2017/4,Chamba,,32.507371,75.920011,Rock            Slide,NA,
7995,HP/CHA/43P14/2017/18,Chamba,,32.507581,75.918692,Rock            Slide,NA,
7996,HP/CHA/43P14/2017/16,Chamba,,32.508189,75.921616,Debris          Slide,NA,
7997,HP/CHA/43P14/2017/30,Chamba,,32.508361,75.92219,Debris          Slide,NA,
7998,HP/CHA/43P14/2017/54,Chamba,,32.508655,75.977994,Rock            Slide,NA,
7999,HP/CHA/43P14/2017/52,Chamba,,32.508677,75.921207,Debris          Slide,NA,
8000,HP/CHA/52D02/2020/18,Chamba,South of Karian Village,32.51,76.15,Debris          Slide,NA,
8001,HP/CHA/52D02/2020/20,Chamba,"Bandri,NH-154A",32.51,76.18,Debris          Slide,NA,
8002,HP/CHA/43P14/2017/40,Chamba,,32.511499,75.924982,Debris          Slide,NA,
8003,HP/CHA/52D02/2020/17,Chamba,South of Karian Village,32.52,76.15,Debris          Slide,NA,
8004,HP/CHA/52D02/2020/19,Chamba,"south of Karian Village,NH-154A",32.52,76.15,Debris          Slide,NA,
8005,HP/CHA/52D02/2020/125,Chamba,"Get,SH-43",32.52,76.07,Debris          Slide,NA,
8006,HP/CHA/52D02/2020/135,Chamba,Rakhila,32.52,76.06,Rock            Slide,NA,
8007,HP/CHA/43P14/2017/17,Chamba,,32.521658,75.927372,Debris          Slide,NA,
8008,HP/CHA/43P14/2017/36,Chamba,,32.524066,75.928682,Debris          Slide,NA,
8009,HP/CHA/43P14/2017/28,Chamba,,32.524745,75.971756,Rock            Slide,NA,
8010,HP/CHA/52D02/2020/16,Chamba,"Karian,NH-154A",32.53,76.15,Rock            Slide,NA,
8011,HP/CHA/52D02/2020/27,Chamba,Karian,32.53,76.14,Debris          Slide,NA,
8012,HP/CHA/52D02/2020/92,Chamba,North of Get,32.53,76.08,Rock            Slide,NA,
8013,HP/CHA/52D02/2020/99,Chamba,Get,32.53,76.07,Rock            Slide,NA,
8014,HP/CHA/52D02/2020/102,Chamba,Kuphara P.F,32.53,76.13,Debris          Slide,NA,
8015,HP/CHA/52D02/2020/106,Chamba,Karian,32.53,76.14,Debris          Slide,NA,
8016,HP/CHA/52D02/2020/103,Chamba,"Hather,SH-43",32.54,76.12,Rock            Slide,NA,
8017,HP/CHA/52D02/2020/114,Chamba,"Kol,SH-43",32.54,76.11,Rock            Slide,NA,
8018,HP/CHA/52D02/2020/43,Chamba,west of Ludu,32.55,76.14,Debris          Slide,NA,
8019,HP/CHA/52D02/2020/44,Chamba,"Mangla slide Near Mangla Nala,Chamba-",32.55,76.11,Debris          Slide,NA,
8020,HP/CHA/52D02/2020/66,Chamba,"Chamba bus stand subsidence Chamba Bus Stand,NH 154A",32.55,76.12,Debris,Subsidence,2019
8021,HP/CHA/52D02/2020/75,Chamba,ludu,32.55,76.14,Debris          Slide,NA,
8022,HP/CHA/52D02/2020/76,Chamba,south of Chakhla,32.55,76.15,Debris          Slide,NA,
8023,HP/CHA/52D02/2020/108,Chamba,Chamba bridge subsidence Near Chamba Bus,32.55,76.12,Debris,Slide,2018
8024,HP/CHA/52D06/2020/27,Chamba,Left bank of Kiri nala,32.55,76.25,Rock            Slide,NA,
8025,HP/CHA/52D02/2020/42,Chamba,,32.56,76.14,Debris          Slide,NA,
8026,HP/CHA/52D02/2020/78,Chamba,"Chamba, Near suspension",32.56,76.12,Rock,Slide,2008
8027,HP/CHA/52D06/2020/2,Chamba,Neari Kiri village,32.56,76.26,Rock            Slide,NA,
8028,HP/CHA/52D06/2020/34,Chamba,Near Kiri village,32.56,76.26,Rock            Slide,NA,
8029,HP/CHA/43P14/2017/57,Chamba,,32.563291,75.894672,Rock            Slide,NA,
8030,HP/CHA/43P14/2017/8,Chamba,,32.565425,75.891553,Rock            Slide,NA,
8031,HP/CHA/43P14/2017/5,Chamba,,32.568546,75.98333,Rock            Slide,NA,
8032,HP/CHA/52D02/2020/45,Chamba,Badhala,32.57,76.07,Debris          Slide,NA,
8033,HP/CHA/52D02/2020/51,Chamba,Pangoda,32.57,76.07,Debris          Slide,NA,
8034,HP/CHA/52D02/2020/52,Chamba,Pangoda,32.57,76.07,Debris          Slide,NA,
8035,HP/CHA/52D02/2020/81,Chamba,Ludrera,32.57,76.14,Rock            Slide,NA,
8036,HP/CHA/52D02/2020/117,Chamba,"Rathangarh slide Rathangarh, Sultanpur,Sarol",32.57,76.12,Debris,Slide,2013
8037,HP/CHA/52D06/2020/25,Chamba,Left bank of Kiri Nala,32.57,76.25,Rock            Slide,NA,
8038,HP/CHA/43P14/2017/47,Chamba,,32.578181,75.90204,Rock            Slide,NA,
8039,HP/CHA/43P14/2017/42,Chamba,,32.578919,75.939933,Debris          Slide,NA,
8040,HP/CHA/43P14/2017/14,Chamba,,32.579417,75.938467,Debris          Slide,NA,
8041,HP/CHA/43P14/2017/29,Chamba,,32.579572,75.90054,Rock            Slide,NA,
8042,HP/CHA/43P14/2017/11,Chamba,,32.579987,75.901499,Rock            Slide,NA,
8043,HP/CHA/52D02/2020/36,Chamba,"Tara,NH-154A",32.58,76.1,Debris          Slide,NA,
8044,HP/CHA/52D02/2020/37,Chamba,"Near Chambi Village,NH-154A",32.58,76.11,Debris          Slide,NA,
8045,HP/CHA/52D02/2020/38,Chamba,"Chambi slide Chambi,NH-154A",32.58,76.11,Rock,Slide,1990
8046,HP/CHA/52D02/2020/39,Chamba,"Chambi subsidence Chambi,NH 154A",32.58,76.11,Debris,Slide,2016
8047,HP/CHA/52D02/2020/50,Chamba,Singhi,32.58,76.07,Debris          Slide,NA,
8048,HP/CHA/52D02/2020/82,Chamba,Ludrera,32.58,76.14,Rock,Slide,2003
8049,HP/CHA/52D02/2020/83,Chamba,Ludrera,32.58,76.15,Debris          Slide,NA,
8050,HP/CHA/52D02/2020/89,Chamba,Ganji,32.58,76.23,Debris          Slide,NA,
8051,HP/CHA/52D02/2020/90,Chamba,Ganji,32.58,76.23,Debris          Slide,NA,
8052,HP/CHA/52D02/2020/91,Chamba,Singhi P.F,32.58,76.06,Rock            Slide,NA,
8053,HP/CHA/52D02/2020/98,Chamba,Sanaul,32.58,76.23,Debris          Slide,NA,
8054,HP/CHA/52D02/2020/112,Chamba,Sanaul,32.58,76.23,Debris          Slide,NA,
8055,HP/CHA/52D02/2020/115,Chamba,Singhi P.F,32.58,76.06,Rock            Slide,NA,
8056,HP/CHA/43P14/2017/2,Chamba,,32.580869,75.899736,Rock            Slide,NA,
8057,HP/CHA/43P14/2017/1,Chamba,,32.580891,75.976923,Debris          Slide,NA,
8058,HP/CHA/43P14/2017/51,Chamba,,32.581996,75.974083,Debris          Slide,NA,
8059,HP/CHA/43P14/2017/6,Chamba,,32.582235,75.899427,Debris          Slide,NA,
8060,HP/CHA/43P14/2017/39,Chamba,,32.583723,75.971117,Debris          Slide,NA,
8061,HP/CHA/43P14/2017/46,Chamba,,32.587751,75.969603,Debris          Slide,NA,
8062,HP/CHA/52D02/2020/26,Chamba,Jabkun,32.59,76.12,Rock            Slide,NA,
8063,HP/CHA/52D02/2020/41,Chamba,"Drada P.F.,NH 154A",32.59,76.09,Rock            Slide,NA,
8064,HP/CHA/52D02/2020/48,Chamba,Dula P.F,32.59,76.09,Rock            Slide,NA,
8065,HP/CHA/52D02/2020/49,Chamba,Chima P.F,32.59,76.09,Debris          Slide,NA,
8066,HP/CHA/52D02/2020/65,Chamba,Chulla,32.59,76.23,Debris          Slide,NA,
8067,HP/CHA/52D02/2020/84,Chamba,Siyundi,32.59,76.18,Debris          Slide,NA,
8068,HP/CHA/52D02/2020/87,Chamba,Aiasa,32.59,76.21,Debris          Slide,NA,
8069,HP/CHA/52D02/2020/88,Chamba,South of Saho,32.59,76.23,Debris          Slide,NA,
8070,HP/CHA/52D02/2020/94,Chamba,Binnu,32.59,76.24,Debris          Slide,NA,
8071,HP/CHA/52D02/2020/95,Chamba,Kothi,32.59,76.24,Debris          Slide,NA,
8072,HP/CHA/52D02/2020/105,Chamba,Baraur,32.59,76.16,Debris          Slide,NA,
8073,HP/CHA/43P14/2017/19,Chamba,,32.595971,75.945754,Debris          Slide,NA,
8074,HP/CHA/43P14/2017/50,Chamba,,32.596153,75.937565,Debris          Slide,NA,
8075,HP/CHA/43P14/2017/21,Chamba,,32.596404,75.944525,Debris          Slide,NA,
8076,HP/CHA/52D02/2020/25,Chamba,Dharmar P.F,32.6,76.05,Rock            Slide,NA,
8077,HP/CHA/52D02/2020/34,Chamba,"Khabbar,NH-154A",32.6,76.04,Rock            Slide,NA,
8078,HP/CHA/52D02/2020/40,Chamba,Ugran,32.6,76.12,Rock            Slide,NA,
8079,HP/CHA/52D02/2020/64,Chamba,Gunun P.F,32.6,76.04,Rock            Slide,NA,
8080,HP/CHA/52D02/2020/85,Chamba,Sangera,32.6,76.21,Debris          Slide,NA,
8081,HP/CHA/52D02/2020/86,Chamba,Sangera,32.6,76.21,Debris          Slide,NA,
8082,HP/CHA/52D02/2020/93,Chamba,Dhangraon,32.6,76.24,Rock            Slide,NA,
8083,HP/CHA/52D02/2020/97,Chamba,Dhangraon,32.6,76.24,Debris          Slide,NA,
8084,HP/CHA/52D02/2020/107,Chamba,Gunun P.F,32.6,76.04,Rock,Slide,1995
8085,HP/CHA/43P14/2017/15,Chamba,,32.601693,75.956609,Debris          Slide,NA,
8086,HP/CHA/52D02/2020/1,Chamba,Sal,32.61,76.05,Rock            Slide,NA,
8087,HP/CHA/52D02/2020/35,Chamba,Chamri,32.61,76.04,Rock            Slide,NA,
8088,HP/CHA/52D02/2020/46,Chamba,"Cha,mri",32.61,76.03,Rock            Slide,NA,
8089,HP/CHA/52D02/2020/53,Chamba,Dug,32.61,76.02,Debris          Slide,NA,
8090,HP/CHA/52D02/2020/58,Chamba,Charor,32.61,76.04,Debris          Slide,NA,
8091,HP/CHA/52D02/2020/63,Chamba,Chimra,32.61,76.04,Rock            Slide,NA,
8092,HP/CHA/52D02/2020/69,Chamba,Chimra,32.61,76.04,Rock            Slide,NA,
8093,HP/CHA/52D02/2020/96,Chamba,Protha,32.61,76.24,Debris          Slide,NA,
8094,HP/CHA/52D02/2020/110,Chamba,Chamri,32.61,76.03,Rock            Slide,NA,
8095,HP/CHA/52D02/2020/111,Chamba,Chamri,32.61,76.03,Rock            Slide,NA,
8096,HP/CHA/52D02/2020/113,Chamba,Chamri,32.61,76.03,Rock            Slide,NA,
8097,HP/CHA/52D06/2020/16,Chamba,Rajendu village,32.61,76.26,Rock            Slide,NA,
8098,HP/CHA/52D06/2020/21,Chamba,Near Sara village,32.61,76.27,Rock            Slide,NA,
8099,HP/CHA/52D06/2020/33,Chamba,Kurtha village,32.61,76.26,Rock            Slide,NA,
8100,HP/CHA/43P14/2017/9,Chamba,,32.612064,75.944035,Debris          Slide,NA,
8101,HP/CHA/52D02/2020/2,Chamba,Taru,32.62,76,Debris          Slide,NA,
8102,HP/CHA/52D02/2020/13,Chamba,Taru,32.62,76,Rock            Slide,NA,
8103,HP/CHA/52D02/2020/23,Chamba,Taru,32.62,76,Debris          Slide,NA,
8104,HP/CHA/52D02/2020/24,Chamba,North of Taru,32.62,76,Rock            Slide,NA,
8105,HP/CHA/52D02/2020/32,Chamba,Taru,32.62,76,Debris          Slide,NA,
8106,HP/CHA/52D02/2020/33,Chamba,Taru,32.62,76,Rock            Slide,NA,
8107,HP/CHA/52D02/2020/61,Chamba,North of Taru,32.62,76,Rock            Slide,NA,
8108,HP/CHA/52D02/2020/62,Chamba,Bairoh,32.62,76.18,Debris          Slide,NA,
8109,HP/CHA/52D02/2020/67,Chamba,Bairoh,32.62,76.18,Debris          Slide,NA,
8110,HP/CHA/52D02/2020/109,Chamba,Thari,32.62,76.05,Rock            Slide,NA,
8111,HP/CHA/52D06/2020/1,Chamba,Khundi Mata lake,32.62,76.4,Rock            Slide,NA,
8112,HP/CHA/52D06/2020/24,Chamba,Sara village,32.62,76.28,Debris          Slide,NA,
8113,HP/CHA/52D02/2020/100,Chamba,Pukhrolu,32.63,76.18,Debris          Slide,NA,
8114,HP/CHA/52D02/2020/138,Chamba,"Sonthli,SH-33",32.63,76.08,Rock            Slide,NA,
8115,HP/CHA/52D06/2020/29,Chamba,Right bank of Khad Nala,32.63,76.39,Rock            Slide,NA,
8116,HP/CHA/43P14/2017/60,Chamba,,32.639396,75.956317,Rock            Slide,NA,
8117,HP/CHA/52D02/2020/4,Chamba,"Pukhri,SH-33",32.64,76.08,Rock            Slide,NA,
8118,HP/CHA/52D02/2020/5,Chamba,"Pukhri,SH-33",32.64,76.09,Rock            Slide,NA,
8119,HP/CHA/52D02/2020/68,Chamba,Sheri,32.64,76.11,Debris          Slide,NA,
8120,HP/CHA/52D02/2020/70,Chamba,Sheri,32.64,76.12,Debris          Slide,NA,
8121,HP/CHA/52D02/2020/116,Chamba,"Pukhri slide Pukhri,SH-33",32.64,76.08,Debris          Slide,NA,
8122,HP/CHA/52D02/2020/119,Chamba,"Pukhri,SH-33",32.64,76.08,Rock            Slide,NA,
8123,HP/CHA/52D02/2020/121,Chamba,"Pukhri,SH-33",32.64,76.08,Rock,Slide,2017
8124,HP/CHA/52D02/2020/122,Chamba,"Pukhri,SH-33",32.64,76.09,Rock,Slide,2018
8125,HP/CHA/52D02/2020/123,Chamba,Pukhri,32.64,76.09,Rock            Slide,NA,
8126,HP/CHA/52D02/2020/132,Chamba,"Pukhri,SH-33",32.64,76.08,Rock            Slide,NA,
8127,HP/CHA/52D02/2020/133,Chamba,"Pukhri,SH-33",32.64,76.08,Rock            Slide,NA,
8128,HP/CHA/52D02/2020/137,Chamba,"Pukhri,SH-33",32.64,76.08,Rock            Slide,NA,
8129,HP/CHA/52D02/2020/139,Chamba,"Int,SH-33",32.64,76.09,Debris          Slide,NA,
8130,HP/CHA/52D02/2020/140,Chamba,pathankot-tissa road,32.64,76.08,Debris          Slide,NA,
8131,HP/CHA/52D02/2020/143,Chamba,Pukhri,32.64,76.08,Rock            Slide,NA,
8132,HP/CHA/52D06/2020/5,Chamba,Left bank of Tangair nala,32.64,76.39,Debris          Slide,NA,
8133,HP/CHA/52D06/2020/8,Chamba,Left bank of Tangair Nala,32.64,76.39,Rock            Slide,NA,
8134,HP/CHA/52D06/2020/26,Chamba,Dugga Badhurua,32.64,76.35,Rock            Slide,NA,
8135,HP/CHA/43P14/2017/12,Chamba,,32.647819,75.944299,Rock            Slide,NA,
8137,HP/CHA/52D02/2020/10,Chamba,"Pukhri,SH-33",32.65,76.08,Rock            Slide,NA,
8138,HP/CHA/52D02/2020/118,Chamba,"Pukhri,SH-33",32.65,76.08,Rock            Slide,NA,
8139,HP/CHA/52D02/2020/120,Chamba,"Pukhri,SH-33",32.65,76.08,Rock            Slide,NA,
8140,HP/CHA/52D06/2020/4,Chamba,Left bank og Tangair nala,32.65,76.38,Debris          Slide,NA,
8141,HP/CHA/52D06/2020/6,Chamba,Left bank of tangair nala,32.65,76.39,Rock            Slide,NA,
8142,HP/CHA/52D06/2020/30,Chamba,Left bank of Tangair nala,32.65,76.38,Rock            Slide,NA,
8143,HP/CHA/52D06/2020/31,Chamba,Right bank of Tangair nala.,32.65,76.39,Rock            Slide,NA,
8145,HP/CHA/43P14/2017/31,Chamba,,32.655125,75.946986,Rock            Slide,NA,
8146,HP/CHA/43P14/2017/41,Chamba,,32.65571,75.947206,Rock            Slide,NA,
8147,HP/CHA/43P14/2017/26,Chamba,,32.656311,75.947771,Rock              Slide,NA,
8148,HP/CHA/43P14/2017/49,Chamba,,32.657321,75.948034,Rock              Slide,NA,
8149,HP/CHA/43P14/2017/22,Chamba,,32.659332,75.938482,Rock              Slide,NA,
8150,HP/CHA/52D02/2020/47,Chamba,Bhing P.F,32.66,76,Debris            Slide,NA,
8151,HP/CHA/52D02/2020/54,Chamba,Dhampu Village,32.66,76.02,Rock              Slide,NA,
8152,HP/CHA/52D02/2020/55,Chamba,Bhing P.F,32.66,76,Debris            Slide,NA,
8153,HP/CHA/52D02/2020/124,Chamba,Salah,32.66,76.04,Rock              Slide,NA,
8154,HP/CHA/52D02/2020/134,Chamba,Salah,32.66,76.04,Rock              Slide,NA,
8155,HP/CHA/52D06/2020/7,Chamba,Left bank of Tangair Nala,32.66,76.38,Debris            Slide,NA,
8156,HP/CHA/52D06/2020/19,Chamba,Left bank of Tangair nala,32.66,76.38,Rock              Slide,NA,
8157,HP/CHA/52D02/2020/56,Chamba,0,32.67,76.03,Rock              Slide,NA,
8158,HP/CHA/52D02/2020/101,Chamba,Sundla,32.67,76.04,Rock              Slide,NA,
8159,HP/CHA/52D02/2020/131,Chamba,Sundla,32.67,76.02,Rock              Slide,NA,
8160,HP/CHA/52D06/2020/17,Chamba,Left bank of Tangair Nala,32.67,76.38,Rock              Slide,NA,
8161,HP/CHA/52D06/2020/20,Chamba,Left bank of Tangair nala,32.67,76.37,Rock              Slide,NA,
8162,HP/CHA/43P14/2017/32,Chamba,,32.672246,75.983281,Rock cum debris   Slide,NA,
8163,HP/CHA/43P14/2017/27,Chamba,,32.67477,75.980441,Rock cum debris   Slide,NA,
8164,HP/CHA/43P14/2017/7,Chamba,,32.676526,75.937859,Rock cum debris   Slide,NA,
8165,HP/CHA/52D02/2020/127,Chamba,Kandla,32.68,76.06,Rock              Slide,NA,
8166,HP/CHA/52D02/2020/136,Chamba,Sundla,32.68,76.05,Rock              Slide,NA,
8167,HP/CHA/52D02/2020/141,Chamba,Sundla,32.68,76.05,Rock              Slide,NA,
8168,HP/CHA/52D02/2020/142,Chamba,Sundla,32.68,76.05,Rock              Slide,NA,
8169,HP/CHA/52D06/2020/3,Chamba,Right bank of Tangair nala,32.68,76.37,Rock              Slide,NA,
8170,HP/CHA/52D06/2020/18,Chamba,Left bank of Tangair nala,32.68,76.36,Rock              Slide,NA,
8171,HP/CHA/52D02/2020/6,Chamba,Danun,32.69,76.04,Debris            Slide,NA,
8172,HP/CHA/52D02/2020/79,Chamba,Jarodi,32.69,76.05,Debris            Slide,NA,
8173,HP/CHA/52D02/2020/126,Chamba,Kandla,32.69,76.06,Rock              Slide,NA,
8174,HP/CHA/52D02/2020/128,Chamba,Kandla,32.69,76.06,Rock              Slide,NA,
8175,HP/CHA/52D02/2020/129,Chamba,"Kandla,SH-33",32.69,76.06,Rock              Slide,NA,
8176,HP/CHA/52D02/2020/130,Chamba,Danun,32.69,76.04,Debris            Slide,NA,
8177,HP/CHA/52D02/2020/144,Chamba,Kandla,32.69,76.06,Rock              Slide,NA,
8178,HP/CHA/43P14/2017/58,Chamba,,32.695303,75.990241,Rock cum debris   Slide,NA,
8179,HP/CHA/43P14/2017/59,Chamba,,32.695375,75.990712,Rock cum debris   Slide,NA,
8180,HP/CHA/43P14/2017/23,Chamba,,32.69676,75.916372,Rock cum debris   Slide,NA,
8181,HP/CHA/52D02/2020/11,Chamba,Rampur,32.7,76.08,Debris            Slide,NA,
8182,HP/CHA/52D02/2020/28,Chamba,Akata,32.7,76.05,Debris            Slide,NA,
8183,HP/CHA/52D02/2020/71,Chamba,Pandtan,32.7,76.05,Debris            Slide,NA,
8184,HP/CHA/52D02/2020/72,Chamba,Pandtan,32.7,76.05,Debris            Slide,NA,
8185,HP/CHA/52D02/2020/73,Chamba,Pandtan,32.7,76.05,Rock              Slide,NA,
8186,HP/CHA/52D02/2020/74,Chamba,Pandtan,32.7,76.05,Rock              Slide,NA,
8187,HP/CHA/52D02/2020/77,Chamba,Phagulla P.F.,32.7,76.05,Debris            Slide,NA,
8188,HP/CHA/52D02/2020/80,Chamba,Pandtan,32.7,76.05,Debris            Slide,NA,
8189,HP/CHA/52D02/2020/3,Chamba,Bhalod,32.71,76.09,Rock,Slide,2017
8190,HP/CHA/52D02/2020/7,Chamba,Bhalod,32.71,76.09,Debris            Slide,NA,
8191,HP/CHA/52D02/2020/60,Chamba,Jainsn,32.71,76.05,Debris            Slide,NA,
8192,HP/CHA/52D02/2020/145,Chamba,Bhalod,32.71,76.09,Rock              Slide,NA,
8193,HP/CHA/52D06/2020/9,Chamba,Daton,32.71,76.32,Debris            Slide,NA,
8194,HP/CHA/52D06/2020/11,Chamba,Near Dehra village,32.71,76.3,Rock              Slide,NA,
8195,HP/CHA/52D06/2020/12,Chamba,Near Dehra village,32.71,76.3,Rock              Slide,NA,
8196,HP/CHA/52D06/2020/28,Chamba,Daton,32.71,76.33,Debris            Slide,NA,
8197,HP/CHA/43P14/2017/45,Chamba,,32.716937,75.99165,Rock cum debris   Slide,NA,
8198,HP/CHA/52D02/2020/8,Chamba,Sangodi,32.72,76.1,Rock              Slide,NA,
8199,HP/CHA/52D02/2020/9,Chamba,Sangodi,32.72,76.1,Debris,Slide,2009
8200,HP/CHA/52D02/2020/12,Chamba,Shali,32.72,76.08,Rock              Slide,NA,
8201,HP/CHA/52D02/2020/14,Chamba,Shali,32.72,76.07,Rock              Slide,NA,
8202,HP/CHA/52D02/2020/15,Chamba,Bhadoh,32.72,76.11,Rock              Slide,NA,
8203,HP/CHA/52D02/2020/57,Chamba,Saluni,32.72,76.06,Rock              Slide,NA,
8204,HP/CHA/52D02/2020/59,Chamba,Biana,32.72,76.07,Debris            Slide,NA,
8205,HP/CHA/52D06/2020/10,Chamba,Near Pariarka village,32.72,76.29,Rock              Slide,NA,
8206,HP/CHA/52D06/2020/15,Chamba,Jhakla village,32.72,76.28,Debris            Slide,NA,
8207,HP/CHA/43P14/2017/44,Chamba,,32.727672,75.960062,Rock cum debris   Slide,NA,
8208,HP/CHA/43P14/2017/24,Chamba,,32.728633,75.95987,Rock cum debris   Slide,NA,
8209,HP/CHA/52D06/2020/13,Chamba,Upslope of pariarka village,32.73,76.29,Debris            Slide,NA,
8210,HP/CHA/52D06/2020/14,Chamba,Near Jhakla village,32.73,76.26,Debris            Slide,NA,
8211,HP/CHA/52D06/2020/22,Chamba,Upslope of Dehra,32.73,76.3,Rock              Slide,NA,
8212,HP/CHA/52D06/2020/23,Chamba,Near Khalli village,32.73,76.25,Debris            Slide,NA,
8213,HP/CHA/52D06/2020/32,Chamba,Near Khalli village,32.73,76.26,Rock              Slide,NA,
8214,HP/CHA/43P14/2017/55,Chamba,,32.732059,75.930659,Rock cum debris   Slide,NA,
8215,HP/CHA/43P14/2017/38,Chamba,,32.732546,75.928798,Rock cum debris   Slide,NA,
8216,HP/CHA/43P14/2017/48,Chamba,,32.734949,75.930799,Rock cum debris   Slide,NA,
8217,HP/CHA/43P14/2017/25,Chamba,,32.735001,75.93851,Rock cum debris   Slide,NA,
8218,HP/CHA/43P14/2017/33,Chamba,,32.735454,75.93971,Rock cum debris   Slide,NA,
8219,HP/CHA/43P14/2017/34,Chamba,,32.736315,75.953336,Rock cum debris   Slide,NA,
8220,HP/CHA/43P14/2017/35,Chamba,,32.738637,75.929507,Rock cum debris   Slide,NA,
8221,HP/CHA/43P14/2017/37,Chamba,,32.739394,75.929887,Rock cum debris   Slide,NA,
8222,HP/CHA/52D02/2020/29,Chamba,"Kyani, near Kalhel Nala",32.74,76.12,Rock              Fall,NA,
8223,HP/CHA/52D02/2020/30,Chamba,"Kyani,SH-33",32.74,76.12,Rock              Slide,NA,
8224,HP/LAH/52D06/2020/35,Lahaul & Spiti,Right bank of chenab river,32.74,76.49,Rock              Fall,NA,
8225,HP/LAH/52D06/2020/37,Lahaul & Spiti,Udaipur to Tindi link road,32.74,76.49,Rock              Slide,NA,
8226,HP/LAH/52D06/2020/38,Lahaul & Spiti,Right bank of Chenab river,32.74,76.48,Rock              Slide,NA,
8227,HP/LAH/52D06/2020/39,Lahaul & Spiti,Right bank of Chenab river,32.74,76.47,Rock              Slide,NA,
8228,HP/LAH/52D06/2020/43,Lahaul & Spiti,Udaipur to Tindi road,32.74,76.49,Rock              Slide,NA,
8229,HP/CHA/43P14/2017/53,Chamba,,32.747628,75.952134,Rock cum debris   Slide,NA,
8230,HP/CHA/52D01/2020/55,Chamba,Bagai nala,32.75,76.24,Debris            Slide,NA,
8231,HP/CHA/52D02/2020/31,Chamba,Seri P.F,32.75,76.13,Rock              Slide,NA,
8232,HP/CHA/52D02/2020/104,Chamba,Seri P.F,32.75,76.13,Rock              Slide,NA,
8233,HP/LAH/52D06/2020/36,Lahaul & Spiti,Udaipur to Tindi link road,32.75,76.48,Rock              Fall,NA,
8234,HP/LAH/52D06/2020/40,Lahaul & Spiti,Udaipur to Tindi link road,32.75,76.47,Rock              Fall,NA,
8235,HP/LAH/52D06/2020/41,Lahaul & Spiti,Tindi village,32.75,76.46,Debris            Slide,NA,
8236,HP/CHA/52D01/2020/40,Chamba,"Naredh rock slide Naredh Village, Nakrol-Gheya",32.76,76.22,Rock,Slide,2002
8237,HP/CHA/52D01/2020/52,Chamba,Nagali P.F,32.76,76.14,Rock              Slide,NA,
8238,HP/CHA/43P13/2017/83,Chamba,,32.764634,75.990502,Debris            Slide,NA,
8239,HP/CHA/52D01/2020/31,Chamba,Ser,32.77,76.15,Debris            Slide,NA,
8240,HP/CHA/52D01/2020/56,Chamba,Chataga,32.77,76.17,Rock              Slide,NA,
8241,HP/CHA/52D01/2020/57,Chamba,Gadhera,32.77,76.18,Debris            Slide,NA,
8242,HP/CHA/52D01/2020/72,Chamba,Airias P.F near Chanju nala,32.77,76.17,Debris            Slide,NA,
8243,HP/CHA/52D01/2020/78,Chamba,Manki,32.77,76.15,Rock              Slide,NA,
8244,HP/CHA/52D01/2020/79,Chamba,Chataga,32.77,76.17,Rock              Slide,NA,
8245,HP/CHA/52D01/2020/85,Chamba,Chataga,32.77,76.17,Rock              Slide,NA,
8246,HP/CHA/52D01/2020/38,Chamba,Chatuga,32.78,76.18,Debris            Slide,NA,
8247,HP/CHA/52D01/2020/39,Chamba,Tikrigarh,32.78,76.19,Debris            Slide,NA,
8248,HP/CHA/52D01/2020/46,Chamba,Tikrigarh,32.78,76.18,Debris            Slide,NA,
8249,HP/CHA/52D01/2020/47,Chamba,Tikrigarh,32.78,76.18,Debris            Slide,NA,
8250,HP/CHA/52D01/2020/51,Chamba,Chala P.F,32.78,76.14,Rock              Slide,NA,
8251,HP/CHA/52D01/2020/62,Chamba,Challa village,32.78,76.15,Debris            Slide,NA,
8252,HP/CHA/52D01/2020/63,Chamba,Tikrigarh,32.78,76.18,Debris            Slide,NA,
8253,HP/CHA/52D01/2020/81,Chamba,Buthyal,32.78,76.15,Rock              Slide,NA,
8254,HP/CHA/52D01/2020/82,Chamba,Challa slide Challa village,32.78,76.15,Rock              Slide,NA,
8255,HP/CHA/52D01/2020/84,Chamba,Challa village,32.78,76.15,Rock              Slide,NA,
8256,HP/CHA/43P13/2017/2,Chamba,,32.786586,75.94895,Debris            Slide,NA,
8257,HP/CHA/52D01/2020/58,Chamba,Shial,32.79,76.15,Debris            Slide,NA,
8258,HP/CHA/52D01/2020/59,Chamba,Shial,32.79,76.15,Debris            Slide,NA,
8259,HP/CHA/52D01/2020/69,Chamba,Challa Village,32.79,76.14,Debris            Slide,NA,
8260,HP/CHA/52D01/2020/6,Chamba,Kaliyas slide Kaliyas Village near Baira Dam,32.8,76.14,Debris            Slide,NA,
8261,HP/CHA/52D01/2020/27,Chamba,Kaleg Village,32.8,76.13,Debris            Slide,NA,
8262,HP/CHA/52D01/2020/37,Chamba,Padhar,32.8,76.16,Debris            Slide,NA,
8263,HP/CHA/52D01/2020/67,Chamba,Padhar,32.8,76.15,Debris            Slide,NA,
8264,HP/CHA/52D01/2020/76,Chamba,Padhar,32.8,76.15,Debris            Slide,NA,
8265,HP/CHA/43P13/2017/61,Chamba,,32.800854,75.997509,Debris            Slide,NA,
8266,HP/CHA/52D01/2020/24,Chamba,Bairadam reservoir area,32.81,76.14,Rock              Slide,NA,
8267,HP/CHA/52D01/2020/60,Chamba,Shala,32.81,76.15,Rock              Slide,NA,
8268,HP/CHA/43P13/2017/84,Chamba,,32.816364,75.996342,Debris            Slide,NA,
8269,HP/CHA/43P13/2017/85,Chamba,,32.818027,75.996029,Debris            Slide,NA,
8270,HP/CHA/52D01/2020/22,Chamba,Tissa,32.82,76.14,Rock              Slide,NA,
8271,HP/CHA/52D01/2020/25,Chamba,Buin P.F,32.82,76.13,Rock              Slide,NA,
8272,HP/CHA/52D01/2020/26,Chamba,Lunsar,32.82,76.13,Debris            Slide,NA,
8273,HP/CHA/52D01/2020/66,Chamba,Tissa PWD Guest House,32.82,76.14,Rock              Slide,NA,
8274,HP/CHA/52D01/2020/80,Chamba,Rundal,32.82,76.15,Debris            Slide,NA,
8275,HP/CHA/43P13/2017/94,Chamba,,32.823029,75.99446,Debris            Slide,NA,
8276,HP/CHA/43P13/2017/36,Chamba,,32.826755,75.993822,Debris            Slide,NA,
8277,HP/CHA/52D01/2020/2,Chamba,Bhutwan,32.83,76.16,Rock              Slide,NA,
8278,HP/CHA/52D01/2020/3,Chamba,Bhutwan,32.83,76.16,Rock              Slide,NA,
8279,HP/CHA/52D01/2020/4,Chamba,Bhutwan,32.83,76.16,Rock              Slide,NA,
8280,HP/CHA/52D01/2020/5,Chamba,Bhutwan,32.83,76.16,Rock              Slide,NA,
8281,HP/CHA/52D01/2020/23,Chamba,Shukiani,32.83,76.11,Rock              Slide,NA,
8282,HP/CHA/52D01/2020/54,Chamba,Kundolu slide Kundolu,32.83,76.09,Debris            Slide,NA,
8283,HP/CHA/52D01/2020/65,Chamba,Shalon,32.83,76.05,Debris            Slide,NA,
8284,HP/CHA/43P13/2017/62,Chamba,,32.831736,75.985515,Debris            Slide,NA,
8285,HP/CHA/43P13/2017/42,Chamba,,32.837066,75.973106,Debris            Slide,NA,
8286,HP/CHA/43P13/2017/76,Chamba,,32.837146,75.965263,Debris            Slide,NA,
8287,HP/CHA/43P13/2017/78,Chamba,,32.83776,75.860549,Rock cum debris   Slide,NA,
8288,HP/CHA/43P13/2017/77,Chamba,,32.839433,75.972856,Debris            Slide,NA,
8289,HP/CHA/52D01/2020/12,Chamba,Bagraru,32.84,76.11,Debris            Slide,NA,
8290,HP/CHA/52D01/2020/30,Chamba,Jawari,32.84,76.13,Rock              Slide,NA,
8291,HP/CHA/52D01/2020/34,Chamba,Tarroga,32.84,76.07,Debris            Slide,NA,
8292,HP/CHA/52D01/2020/61,Chamba,Jawari,32.84,76.12,Debris            Slide,NA,
8293,HP/CHA/52D01/2020/70,Chamba,Jawari,32.84,76.13,Debris            Slide,NA,
8294,HP/CHA/43P13/2017/29,Chamba,,32.841508,75.969155,Debris            Slide,NA,
8295,HP/CHA/43P13/2017/80,Chamba,,32.84319,75.839161,Rock cum debris   Slide,NA,
8296,HP/CHA/43P13/2017/63,Chamba,,32.843883,75.969087,Debris            Slide,NA,
8297,HP/CHA/43P13/2017/79,Chamba,,32.844014,75.966676,Debris            Slide,NA,
8298,HP/CHA/43P13/2017/64,Chamba,,32.844858,75.96884,Debris            Slide,NA,
8299,HP/CHA/43P13/2017/48,Chamba,,32.846052,75.968727,Debris            Slide,NA,
8300,HP/CHA/52D01/2020/18,Chamba,Seru,32.85,76.18,Debris            Slide,NA,
8301,HP/CHA/52D01/2020/19,Chamba,Seru,32.85,76.18,Debris            Slide,NA,
8302,HP/CHA/52D01/2020/20,Chamba,Chunwas,32.85,76.18,Debris            Slide,NA,
8303,HP/CHA/52D01/2020/21,Chamba,Seru,32.85,76.18,Debris            Slide,NA,
8304,HP/CHA/52D01/2020/45,Chamba,Galain village,32.85,76.05,Debris            Slide,NA,
8305,HP/CHA/52D01/2020/48,Chamba,Chinwas,32.85,76.19,Rock              Fall,NA,
8306,HP/CHA/52D01/2020/64,Chamba,Chinwas,32.85,76.19,Debris            Slide,NA,
8307,HP/CHA/52D01/2020/71,Chamba,Gudesh,32.85,76.15,Debris            Slide,NA,
8308,HP/CHA/52D01/2020/83,Chamba,Chinwas,32.85,76.19,Debris            Slide,NA,
8309,HP/CHA/43P13/2017/4,Chamba,,32.854806,75.962289,Debris            Slide,NA,
8310,HP/CHA/52D01/2020/1,Chamba,Gudesh nala slide Gudesh Village,32.86,76.17,Debris            Slide,NA,
8311,HP/CHA/52D01/2020/7,Chamba,Jukwani slide Jukwani,32.86,76.15,Debris            Slide,NA,
8312,HP/CHA/52D01/2020/14,Chamba,Jukwani subsidence Jukwani,32.86,76.15,Debris            Subsidence,NA,
8313,HP/CHA/52D01/2020/36,Chamba,Gudesh slide Jukwani,32.86,76.15,Debris            Slide,NA,
8314,HP/CHA/43P13/2017/24,Chamba,,32.860325,75.8388,Rock cum debris   Slide,NA,
8315,HP/CHA/43P13/2017/49,Chamba,,32.86054,75.952093,Debris            Slide,NA,
8316,HP/CHA/43P13/2017/65,Chamba,,32.864675,75.948195,Debris            Slide,NA,
8317,HP/CHA/43P13/2017/90,Chamba,,32.866287,75.946836,Debris            Slide,NA,
8318,HP/CHA/43P13/2017/6,Chamba,,32.868405,75.953,Debris            Slide,NA,
8319,HP/CHA/43P13/2017/66,Chamba,,32.868815,75.948224,Debris            Slide,NA,
8320,HP/CHA/52D01/2020/33,Chamba,Sukriala nala slide Sukriala,32.87,76.16,Debris            Slide,NA,
8321,HP/CHA/43P13/2017/37,Chamba,,32.871081,75.951573,Debris            Slide,NA,
8322,HP/CHA/43P13/2017/50,Chamba,,32.87156,75.948783,Debris            Slide,NA,
8323,HP/CHA/43P13/2017/75,Chamba,,32.872053,75.952071,Debris            Slide,NA,
8324,HP/CHA/43P13/2017/67,Chamba,,32.872354,75.947795,Debris            Slide,NA,
8325,HP/CHA/43P13/2017/68,Chamba,,32.873668,75.953889,Debris            Slide,NA,
8326,HP/CHA/43P13/2017/69,Chamba,,32.874046,75.943986,Debris            Slide,NA,
8327,HP/CHA/43P13/2017/7,Chamba,,32.875218,75.958388,Rock cum debris   Slide,NA,
8328,HP/CHA/43P13/2017/1,Chamba,,32.875934,75.948789,Debris            Slide,NA,
8329,HP/CHA/43P13/2017/87,Chamba,,32.876377,75.986441,Rock cum debris   Slide,NA,
8330,HP/CHA/43P13/2017/19,Chamba,,32.87658,75.959122,Rock cum debris   Slide,NA,
8331,HP/CHA/43P13/2017/30,Chamba,,32.876673,75.824719,Rock cum debris   Slide,NA,
8332,HP/CHA/43P13/2017/35,Chamba,,32.87845,75.947306,Debris            Slide,NA,
8333,HP/CHA/43P13/2017/31,Chamba,,32.878856,75.827196,Rock cum debris   Slide,NA,
8334,HP/CHA/43P13/2017/81,Chamba,,32.87911,75.968636,Rock cum debris   Slide,NA,
8335,HP/CHA/43P13/2017/12,Chamba,,32.87972,75.955597,Debris            Slide,NA,
8336,HP/CHA/43P13/2017/43,Chamba,,32.879908,75.941909,Debris            Slide,NA,
8337,HP/CHA/52D01/2020/32,Chamba,Sukriala,32.88,76.16,Debris            Slide,NA,
8338,HP/CHA/43P13/2017/70,Chamba,,32.880274,75.968609,Rock cum debris   Slide,NA,
8339,HP/CHA/43P13/2017/71,Chamba,,32.880883,75.967458,Rock cum debris   Slide,NA,
8340,HP/CHA/43P13/2017/56,Chamba,,32.881151,75.935298,Debris            Slide,NA,
8341,HP/CHA/43P13/2017/13,Chamba,,32.881398,75.941654,Debris            Slide,NA,
8342,HP/CHA/43P13/2017/91,Chamba,,32.881518,75.968332,Rock cum debris   Slide,NA,
8343,HP/CHA/43P13/2017/51,Chamba,,32.882848,75.971185,Rock cum debris   Slide,NA,
8344,HP/CHA/43P13/2017/25,Chamba,,32.883245,75.964755,Rock cum debris   Slide,NA,
8345,HP/CHA/43P13/2017/82,Chamba,,32.883812,75.966235,Rock cum debris   Slide,NA,
8346,HP/CHA/43P13/2017/38,Chamba,,32.884444,75.975404,Rock cum debris   Slide,NA,
8347,HP/CHA/43P13/2017/39,Chamba,,32.884612,75.999739,Rock cum debris   Slide,NA,
8348,HP/CHA/43P13/2017/58,Chamba,,32.884777,75.974426,Rock cum debris   Slide,NA,
8349,HP/CHA/43P13/2017/44,Chamba,,32.884855,75.943294,Debris            Slide,NA,
8350,HP/CHA/43P13/2017/88,Chamba,,32.884902,75.966425,Rock cum debris   Slide,NA,
8351,HP/CHA/43P13/2017/40,Chamba,,32.885091,75.972747,Rock cum debris   Slide,NA,
8352,HP/CHA/43P13/2017/92,Chamba,,32.885501,75.967482,Rock cum debris   Slide,NA,
8353,HP/CHA/43P13/2017/8,Chamba,,32.886792,75.972082,Rock cum debris   Slide,NA,
8354,HP/CHA/43P13/2017/57,Chamba,,32.887127,75.913929,Debris            Slide,NA,
8355,HP/CHA/43P13/2017/32,Chamba,,32.887581,75.976036,Rock cum debris   Slide,NA,
8356,HP/CHA/43P13/2017/89,Chamba,,32.889069,75.976934,Rock cum debris   Slide,NA,
8357,HP/CHA/43P13/2017/17,Chamba,,32.889922,75.926098,Debris            Slide,NA,
8358,HP/CHA/52D01/2020/8,Chamba,Kiora village,32.89,76.14,Debris            Slide,NA,
8359,HP/CHA/52D01/2020/9,Chamba,Kiora village,32.89,76.14,Debris            Slide,NA,
8360,HP/CHA/52D01/2020/10,Chamba,Kiora village,32.89,76.15,Debris            Slide,NA,
8361,HP/CHA/52D01/2020/29,Chamba,Kiora Village,32.89,76.15,Debris            Slide,NA,
8362,HP/CHA/43P13/2017/45,Chamba,,32.891023,75.977702,Rock cum debris   Slide,NA,
8363,HP/CHA/43P13/2017/18,Chamba,,32.893503,75.846912,Debris            Slide,NA,
8364,HP/CHA/43P13/2017/72,Chamba,,32.894674,75.924937,Debris            Slide,NA,
8365,HP/CHA/43P13/2017/5,Chamba,,32.894777,75.921563,Debris            Slide,NA,
8366,HP/CHA/43P13/2017/22,Chamba,,32.89491,75.825338,Debris            Slide,NA,
8367,HP/CHA/43P13/2017/41,Chamba,,32.897523,75.824973,Debris            Slide,NA,
8368,HP/CHA/52D01/2020/11,Chamba,Dhamwas,32.9,76.15,Debris            Slide,NA,
8369,HP/CHA/52D01/2020/13,Chamba,Dilni P.F,32.9,76.19,Rock              Slide,NA,
8370,HP/CHA/52D01/2020/68,Chamba,"Bairagarh slide near Bairagarh, Tissa-Sach Pass-",32.9,76.17,Debris            Slide,NA,
8371,HP/CHA/52D01/2020/74,Chamba,Bairagarh,32.9,76.17,Debris            Slide,NA,
8372,HP/CHA/43P13/2017/3,Chamba,,32.900325,75.921526,Debris            Slide,NA,
8373,HP/CHA/43P13/2017/55,Chamba,,32.900998,75.916339,Debris            Slide,NA,
8374,HP/CHA/43P13/2017/54,Chamba,,32.902054,75.917693,Debris            Slide,NA,
8375,HP/CHA/43P13/2017/15,Chamba,,32.903675,75.917836,Debris            Slide,NA,
8376,HP/CHA/43P13/2017/33,Chamba,,32.905034,75.922868,Debris            Slide,NA,
8377,HP/CHA/43P13/2017/20,Chamba,,32.905685,75.920686,Debris            Slide,NA,
8378,HP/CHA/43P13/2017/52,Chamba,,32.905932,75.848834,Debris            Slide,NA,
8379,HP/CHA/43P13/2017/9,Chamba,,32.906017,75.914551,Debris            Slide,NA,
8380,HP/CHA/43P13/2017/14,Chamba,,32.906118,75.908971,Debris            Slide,NA,
8381,HP/CHA/43P13/2017/10,Chamba,,32.906994,75.918593,Debris            Slide,NA,
8382,HP/CHA/43P13/2017/28,Chamba,,32.907556,75.827418,Debris            Slide,NA,
8383,HP/CHA/43P13/2017/23,Chamba,,32.907809,75.907323,Debris            Slide,NA,
8384,HP/CHA/43P13/2017/59,Chamba,,32.90804,75.913012,Debris            Slide,NA,
8385,HP/CHA/52D01/2020/73,Chamba,Junas P.F,32.91,76.14,Debris            Slide,NA,
8386,HP/CHA/52D01/2020/75,Chamba,kharku,32.91,76.15,Debris            Slide,NA,
8387,HP/CHA/43P13/2017/60,Chamba,,32.910277,75.880926,Rock cum debris   Slide,NA,
8388,HP/CHA/43P13/2017/74,Chamba,,32.910956,75.880876,Rock cum debris   Slide,NA,
8389,HP/CHA/43P13/2017/95,Chamba,,32.911003,75.908917,Debris            Slide,NA,
8390,HP/CHA/43P13/2017/47,Chamba,,32.911304,75.907181,Debris            Slide,NA,
8391,HP/CHA/43P13/2017/26,Chamba,,32.911665,75.897202,Debris            Slide,NA,
8392,HP/CHA/43P13/2017/73,Chamba,,32.91255,75.901352,Debris            Slide,NA,
8393,HP/CHA/43P13/2017/34,Chamba,,32.914107,75.904167,Debris            Slide,NA,
8394,HP/CHA/43P13/2017/21,Chamba,,32.914687,75.90669,Debris            Slide,NA,
8395,HP/CHA/43P13/2017/11,Chamba,,32.916109,75.904373,Debris            Slide,NA,
8396,HP/CHA/43P13/2017/93,Chamba,,32.916468,75.879924,Debris            Slide,NA,
8397,HP/CHA/43P13/2017/46,Chamba,,32.917961,75.876663,Rock cum debris   Slide,NA,
8398,HP/CHA/43P13/2017/27,Chamba,,32.918856,75.876429,Rock cum debris   Slide,NA,
8399,HP/CHA/43P13/2017/53,Chamba,,32.919059,75.877266,Rock cum debris   Slide,NA,
8400,HP/CHA/52D01/2020/77,Chamba,Riwaru,32.92,76.08,Debris            Slide,NA,
8401,HP/CHA/43P13/2017/86,Chamba,,32.922642,75.832825,Debris            Slide,NA,
8402,HP/CHA/43P13/2017/16,Chamba,,32.929304,75.834047,Rock cum debris   Slide,NA,
8403,HP/CHA/52D01/2020/41,Chamba,Shariala,32.93,76.14,Debris            Slide,NA,
8404,HP/CHA/52D01/2020/42,Chamba,Kauli PF,32.93,76.14,Debris            Slide,NA,
8405,HP/CHA/52D01/2020/49,Chamba,Chhitar,32.93,76.07,Debris            Slide,NA,
8406,HP/CHA/52D01/2020/50,Chamba,Kotlu,32.93,76.07,Debris            Slide,NA,
8407,HP/CHA/52D01/2020/43,Chamba,Ranikhot PF,32.95,76.19,Rock              Fall,NA,
8408,HP/CHA/52D01/2020/35,Chamba,Kalaban PF,32.96,76.2,Rock              Slide,NA,
8409,HP/CHA/52D01/2020/53,Chamba,Kalapan PF,32.97,76.21,Debris            Slide,NA,
8410,HP/CHA/52D01/2020/15,Chamba,Kalapan P.F,32.98,76.22,Rock              Fall,NA,
8411,HP/CHA/52D01/2020/44,Chamba,Kalapan PF,32.98,76.22,Rock              Slide,NA,
8412,HP/CHA/52D01/2020/16,Chamba,Sach nala,32.99,76.22,Rock              Slide,NA,
8413,HP/CHA/52D01/2020/17,Chamba,Satrundi,32.99,76.22,Debris            Slide,NA,
8414,HP/CHA/52D01/2020/28,Chamba,near Satrundi Helipad,32.99,76.21,Rock              Fall,NA,
8415,HP/SIR/53F06/2017/06/_ Upd-,Sirmur,Jangirug landslide NH-907A,30.5859,77.29668056,Rock,Slide,2020
8416,HP/SIR/53F6/2024/02,Sirmur,±1km North of Jangirug Landslide NH-907A,30.59269167,77.29814722,Debris,Slide,2023
8417,HP/SIR/53F6/2024/03,Sirmur,Shili Sanari landslide NH-907A,30.60813889,77.28898889,Debris,Slide,2020
8418,HP/SIR/53F6/2024/04,Sirmur,Dhirath Landsldie NH-907A,30.63706111,77.2588,Debris,Slide,2023
8419,HP/SIR/53F6/2024/05,Sirmur,Kuthar Landslide NH-907A,30.81918056,77.10163889,Rock              Slide/fall,NA,
8420,HP/SIR/53F6/2024/06,Solan,Lohan Ji Landslide NH-907A,30.88252778,77.06023611,Debris            Slide,NA,
8421,HP/MAN/53E1/2024/02,Mandi,Prashar Lake Landslide --,31.75555556,77.11,Debris,Slide,"2008 , 2023"
8422,HP/SHI/53E04/2024/01,Shimla,Boilouganj-Chaura Maidan Debris Near Indian Institute of,31.10223889,77.14373611,Debris,Slide,19 August 2024 (Evening)
8423,HP/L&S/52H2/2024/01,Lahaul & Spiti,Piukar Village Ground Cracks --,32.55777778,77.07527778,Debris,Ground Cracks,2024
8424,HP/MAN/53A13/2024/01,Mandi,Kas landslide --,31.9396,76.84066667,Debris,Slide,2023
8425,HP/MAN/53A/13/2017/27_Upd,Mandi,Harabagh Landslide (In proximity to Pathankot-Jogindernagar-,31.99208056,76.819125,Debris,Slide/Subsidenc,2010
8426,HP/SHIMLA/53E/04/2025/02,Shimla,"Benmore, Shimla 02 -",31.966644,77.116205,Debris,Slide,17 August 2025
8427,HP/SHIMLA/53E/04/2025/01,Shimla,"Krishna Nagar, Shimla 01 -",31.102046,77.172914,Debris,Slump,"27,28 August 2025"
8428,HP/KULLU/53E/01/2025/01,Kullu,Akhara bazar slide 01 -,31.96693889,77.11688056,Debris,Slide,03 September 2025
8429,HP/KULLU/53E/01/2025/02,Kullu,Akhara bazar slide 02 -,31.96662778,77.11621111,Debris,Slide,"04 September 2025, 06.20 am"
8430,HP/SOLAN/53F/01/2025/01,Solan,Badog debris slide Link road (Johar ji to Malah),30.773496,77.033228,Debris,Slide,"20,21 July2023"
8431,HP/SOLAN/53F/01/2025/02,Solan,Tadol subsidence Link road,30.853851,77.051418,Debris,Subsidence,"July, 2023"
8432,HP/SOLAN/53B/13/2025/03,Solan,Banoi debris flow & Subsidence Link road,30.90009,76.930137,Debris,Flow/Subsidenc,17 August 2023
8433,HP/SOLAN/53B/13/2025/04,Solan,Thandu subsidence -,30.904596,76.926817,Debris,Subsidence,"22 August, 2023"
8434,HP/SOLAN/53F/1/2025/05,Solan,Suji Charanja subsidence -,30.886995,77.00456,Debris,Subsidence,"08,09 July 2023"
8435,HP/SOLAN/53F/1/2025/06,Solan,Maghoti subsidence -,30.889555,77.000326,Debris,Subsidence,"September, 2019"
8436,HP/SOLAN/53F/1/2025/07,Solan,Khoti Khas debris slide NH-5,30.854624,77.001843,Debris,Slide,"09,10 July 2023"
8437,HP/SOLAN/53B/13/2025/08,Solan,Aarala Subsidence -,30.964006,76.984701,Debris,Subsidence,"09,10 July 2023"
8438,HP/SOLAN/53B/13/2025/09,Solan,Chyali Jhajhatti Subsidence -,30.981344,76.977305,Debris,Subsidence,13 August 2023
8439,HP/SOLAN/53B/13/2025/10,Solan,Chyali Nali Subsidence -,30.976711,76.978138,Debris,Subsidence,"1997, 2023"
8440,HP/SOLAN/53B/13/2025/11,Solan,Khalatu (falls under debris flow path) -,30.972278,76.985903,Debris,Flow,"August, 2023"
8441,HP/SOLAN/53A/16/2025/12,Solan,Shrella debris slide & subsidence -,31.012702,76.873434,Debris,Slide,"August, 2023"
8442,HP/Solan/53A/16/2025/01,Solan,"Katli-1, Debris slide Katli village",31.16436666,76.7617555,Debris,Slide,7 August 2025
8443,HP/SOLAN/53A/16/2025/02,Solan,"Katli -2, Debris slide Katli village",31.16997222,76.76130555,Debris,Slide,31 August 2025
8444,HP/SOLAN/53A/12/2025/03,Solan,Baha subsidence NH-105,31.20961944,76.71348333,Debris,Subsidence,"2023, 2025"
8445,HP/SOLAN/53A/12/2025/04,Solan,Naal (Ghaniri) and Chamba- NH-105,31.21918611,76.72500833,Debris,Subsidence/Slid,22 August 2025
8446,HP/LAH/52D14/2025/01,Lahaul & Spiti,Lindoor Lindoor village,32.64833333,76.87694444,Debris,Slide/Subsidenc,"2000, August 2023."
8447,HP/LAH/52D14/2025/02,Lahaul & Spiti,Jhalma NH-03,32.62888889,76.86361111,Debris,Flow,2023
8448,HP/LAH/52D14/2025/03,Lahaul & Spiti,Haling NH-03,32.63083333,76.86111111,Debris,Flow,2021
8449,HP/LAH/52D14/2025/04,Lahaul & Spiti,Jasrath Jasrath Village located on the,32.63638889,76.85611111,Debris,Flow,2021
8450,HP/LAH/52D14/2025/05,Lahaul & Spiti,Junda Junda Slide situated on the right,32.63833333,76.85222222,Debris          Flow,NA,
8451,HP/LAH/52D13/2025/06,Lahaul & Spiti,Chaling Chaling Village located in Miyar,32.86027778,76.815,Debris,Flow,2025
8452,HP/LAH/52D14/2025/07,Lahaul & Spiti,Tingret Tingret Village located in Miyar,32.63833333,76.85222222,Debris,Flow,2025
8453,HP/LAH/52D09/2025/08,Lahaul & Spiti,Karpat Debris Flow Karpat village under Udaipur,32.82666667,76.74638889,Debris,Flow,13 August 2025
8454,HP/LAH/52D14/2025/09,Lahaul & Spiti,Chimret NH-03,32.63833333,76.85222222,Debris,Flow,2021
8455,HP/LAH/52L08/2025/10,Lahaul & Spiti,Poh NH-505,32.06916667,78.33222222,Debris,Slide,05 August 2025
8456,HP/LAH/52L04/2025/11,Lahaul & Spiti,Shichiling Debris Flow NH-505,32.06138889,78.21944444,Debris          Flow,NA,
8457,HP/KINN/53I09/2025/12,Kinnaur,Maling Nala (Left Bank) NH-505,31.90333333,78.63166667,Debris          Slide          Maling,Slide,zone was initially
8458,HP/KINN/53I02/2025/13,Kinnaur,Meeru Slide Meeru village (Approx 5kms,31.53472222,78.14333333,Debris,Slide,2019
8459,HP/KINN/53I03/2025/14,Kinnaur,Ruturang (Kupa) Karcham-Sangla Road,31.435,78.23638889,Debris,Slide,2005
8460,HP/KIN/53E14/2025/15,Kinnaur,Nathpa NH-05,31.5625,77.98194444,Rock,Slide,"27 October 2023, 1, 26 August 2025"
8461,HP/KINN/53E14/2025/16,Kinnaur,Nigulsari (Sector 26) NH-05 (Approx. 1 km from,31.56305556,77.88361111,Debris cum rock,Slide,2010
8462,HP/UNA/53A6/2025/15,Una,Harot/Kud Link Road,31.609099,76.294201,Debris,Slide,25 August 2025
8463,HP/UNA/53A6/2025/16,Una,Porian Kalan Porian Kalan,31.437986,76.42395,Debris,Slide,01 September 2025
8464,HP/UNA/53A7/2025/17,Una,Raipur Raipur,31.474296,76.416896,Debris,Slide,1st week of September 2025
8465,HP/UNA/53A7/2025/18,Una,PMGSY L18 Landslide PMGSY,31.49135,76.400659,Debris,Slide,1st week of September 2025
8466,HP/UNA/53A7/2025/19,Una,Gharwasra PMGSY Gharwasra,31.484232,76.388595,Debris,Slide,1 September 2025
8467,HP/UNA/53A7/2025/20,Una,Thara Village Thara,31.511164,76.35416,Debris,Subsidence,"01,02,03 September 2025"
8468,HP/UNA/53A7/2025/21,Una,Bohru landslide Village,31.421993,76.416965,Debris,Flow,03 September 2025
8469,HP/BIL/53A12/2025/01,Bilaspur,Ree-Pulachar NH-21,31.230587,76.677044,NA,Subsidence,"2024, 2025"
8470,HP/BIL/53A12/2025/02,Bilaspur,Dadwal Dadwal village link road,31.230401,76.689474,NA,Subsidence,"September 1998, 1st week of"
8471,HP/BIL/53A15/2025/03,Bilaspur,Malyawar slide Malyawar link road damaged,31.413835,76.793732,Rock cum debris,Slide,August 2023
8472,HP/BIL/53A15/2025/04,Bilaspur,Bagi Slide NH-21,31.366877,76.7870719,Debris,Slide,07 August 2025
8473,HP/BIL/53A15/2025/05,Bilaspur,Nog Landslide Link road,31.3704259,76.7702055,Debris,Slide,August 2025
8474,HP/BIL/53A15/2025/06,Bilaspur,Jangal Sungal Nichla landslide NH-21,31.3626538,76.7744273,Debris,Slide,07 September 2025
8475,HP/BIL/53A15/2025/07,Bilaspur,Deoli landslide NH-103,31.3593204,76.806473,Debris,Slide,05 August 2025
8476,HP/BIL/53A15/2025/08,Bilaspur,Chadol Land subsidence Chadol village,31.254981,76.774276,NA,Subsidence,05 August 2025
8477,HP/BIL/53A15/2025/09,Bilaspur,Sai-Bramna Land subsidence Sai-Bramna,31.270428,76.768161,Debris,Subsidence,August 2025
8478,HP/BIL/53A15/2025/10,Bilaspur,Kot Land Subsidence Kot village,31.28191,76.767061,Debris,Subsidence,August 2025
8479,HP/BIL/53A15/2025/11,Bilaspur,Talsari Land subsidence Talsari village,31.274281,76.748515,Debris,Subsidence,"2024, August 2025"
8480,HP/BIL/53A11/2025/12,Bilaspur,Durghat Land subsidence Durghat village,31.31508,76.631323,Debris,Subsidence,August 2025
8481,HP/SIR/53F5/2025/1,Sirmur,Chauras landslide Chauras,30.81025,77.45886111,Debris,Slide,2025
8482,HP/SIR/53F6/2025/2,Sirmur,Malganv landslide Malganv,30.61863889,77.36361111,Debris,Slide,"1 July 2025, 18 June 2023"
8483,HP/SIR/53F10/2023/31/1,Sirmur,Ambaun Landlside Ambaun village,30.57513889,77.54955556,Rock,Slide,1980s
8484,HP/SIR/53F5/2025/3,Sirmur,Matahan landslide Matahan,30.71638889,77.22888889,Debris,Slide,3 September 2025
8485,HP/SIR/53F10/2025/4,Sirmur,Kachchi Dang landslide Sirmauri Tal,30.54847222,77.63788889,Debris,Slide,"2023,2025"
8486,HP/SIR/53F10/2025/5,Sirmur,Agdiwala subsidence Agdiwala,30.46788889,77.38269444,Debris,Subsidence,2025
8487,HP/HMPR/53A9/2025/13,Hamirpur,Pandwin Pandwin village,31.564298,76.598543,Debris,Slide,"August 2023, 1st week of September"
8488,HP/HMPR/53A9/2025/14,Hamirpur,Chabutra Village Chabutra,31.7691009,76.490383,Debris,Subsidence,31 Aug 2025
8489,HP/CHAMBA/43P/14/2025/01,Chamba,Shalla Slide Near Salooni-Tissa SH road,32.62173056,75.99535556,Debris,Slide,"24,25 August 2025"
8490,HP/CHAMBA/52D/01/2025/02,Chamba,Satlog subsidence Tissa-sachkhas SH road,32.93181667,76.15378056,Debris,Subsidence,"24,27 August 2025"
8491,HP/CHAMBA/52D/07/2025/03,Chamba,Lothal slide NH-154A,32.47164722,76.29880556,Debris,Slide,"1995, 2023, 2025"
8492,HP/CHAMBA/52D/07/2025/04,Chamba,Muchka Subsidence -----,32.48638056,76.28263056,Debris,Subsidence,"2019, 2021, 2025"
8493,HP/CHAMBA/52D/07/2025/05,Chamba,Manoon ghar slide Holi-Bajouli SH road,32.45575833,76.4642,Rock,Slide,"16 April 2024, August 2025"
8494,HP/CHAMBA/52D/11/2025/06,Chamba,Kuleth ghar Slide Holi-Bajouli SH road,32.31983056,76.5655,Debris,Slide,"2023, 2024, 2025"
8495,HP/CHAMBA/43P/15/2025/07,Chamba,Bharamplaha ghar Slide MDR 87,32.41663056,75.99166944,Debris,Slide,"2022, 2023, 2025."
8496,HP/CHAMBA/43P/15/2025/08,Chamba,Narola ghar Slide MDR 83,32.4154,75.96971389,Debris,Slide,"2018, 2022, 2023, 2025"
8497,HP/CHAMBA/43P/15/2025/09,Chamba,Chafad Slide MDR 83,32.45266667,75.93528611,Debris,Slide,"2024, September 2025"
8498,HP/CHAMBA/43P/15/2025/10,Chamba,Kamlari Slide MDR 83,32.468125,75.91993611,Debris,Slide,13 September 2025
8499,HP/Kangra/43P/15/2025/01,Kangra,Mohal Swarg Ashram Slide Nurpur Pathankot state,32.30424444,75.88190278,Debris,Slide,"24,25 August 2025"
8500,HP/Kangra/43P/11/2025/02,Kangra,Civil Enclave Road slide Near Military Hospital,32.24875,75.64785,Debris,Slide,"2022, 2023,2024, August 2025"
8501,HP/Kangra/52D/08/2025/03,Kangra,Bhadrol bridge slide Link road,32.015,76.44056944,Debris,Slide,"August 2023, 01 July 2025"
8502,HP/Kangra/53A/05/2025/04,Kangra,Bachhwai village slide Link road,31.92175278,76.44502222,Debris,Subsidence,"2023, September 2025"
8503,HP/Kangra/53A/05/2025/05,Kangra,Manjha Buhla Challah slide Link road (Thurel to Challah),31.92544444,76.44583611,Debris,Slide,7 July 2025
8504,HP/Kangra/52D/12/2025/06,Kangra,Forest land area slide -,32.07001944,76.69208333,Debris,Slide,September 2025
8505,HP/Kangra/52D/08/2025/07,Kangra,Pillar no 6 slide Link road,32.22763611,76.32045,Debris,Slide,19 September 2025
8507,HP/Kullu/ I43X8/2025/01,Chamba,"Manikaran tree fall incident Kasol- Manikaran-Barsheni,",32.02631389,77.34464722,NA,NA,20 March 2025
8508,HP/Kangra/52D/08/2025/08,Kangra,Jogiwada subsidence Khada Danda road - a crucial 4-,32.22934444,76.32632222,Debris,Subsidence,19 August 2025
8509,HP/Mandi/53E01/2025/01,Mandi,Kalang Kalang,31.76286667,77.1127,Debris,Subsidence/Slid,"2023, 2025"
8510,HP/Mandi/53A13/2025/02,Mandi,Reur Reur,31.78527778,76.75444444,Debris,Subsidence,2023
8511,HP/Mandi/53A14/2025/03,Mandi,Rissa Rissa,31.725,76.7725,Debris,Slide,5 August 2025
8512,HP/Mandi/53A14/2025/04,Mandi,Patrai Galu Patrai Galu,31.73972222,76.75388889,Debris,Slide,"2023, 6 September 2025"
8513,HP/Mandi/53A10/2025/05,Mandi,Sarouri Sarouri,31.71694444,76.73472222,Debris,Subsidence,"2023, 2025"
8514,HP/Mandi/53E03/2025/06,Mandi,Kandhi Sapnot Kandhi Sapnot,31.33083333,77.18444444,Debris,Subsidence,"2023, 2025"
8515,HP/Mandi/53E06/2025/07,Mandi,Khunachi Khunachi,31.51194444,77.30166667,Debris,Subsidence,"August, September, 2025"
8516,HP/Mandi/53E02/2025/08,Mandi,Deol Deol,31.60555556,77.20027778,Debris,Subsidence,22 July 2025
8517,HP/Mandi/53A13/2025/09,Mandi,Kunduni Kunduni,31.96222222,76.80194444,Debris,Subsidence/Slid,"1999, 2023, 2025"
8518,HP/Mandi/53A13/2025/10,Mandi,Talghar Talghar,31.93277778,76.87944444,Debris,Flow,"2017, 2025"
8519,HP/Mandi/53E06/2025/11,Mandi,Sharash Sharash,31.69194444,77.27805556,Debris,Subsidence,June 2025
8520,HP/Mandi/53E06/2025/12,Mandi,Bhela Bhela,31.68611111,77.2625,Debris,Subsidence/Flo,June 2025
8521,HP/Kullu/53E01/2025/01,Kullu,Bhela Bhela,31.95333333,77.08583333,Debris,Subsidence,"1994, 2023, 2025"
8522,HP/Kullu/53E06/2025/02,Kullu,Sojha Sojha,31.56138889,77.36833333,Debris,Subsidence,August 2025
8523,HP/Kullu/52H03/2025/03,Kullu,Solang Solang,32.32277778,77.155,Debris,Slide,"2016, 2023, 2025"
8524,HP/Kullu/53E05/2025/04,Kullu,Matla Matla,31.78138889,77.33666667,Debris,Subsidence,25-28 August 2025
8525,HP/Kullu/53E06/2025/05,Kullu,Maror Maror,31.71194444,77.3125,Debris,Subsidence,"2023, September 2025"
8526,HP/Kullu/53E06/2025/06,Kullu,Dukhan Dukhan,31.665,77.34027778,Debris,Subsidence/Slid,"2023, 15 August 2025"
8527,HP/Kullu/53E06/2025/07,Kullu,Daari Daari,31.64027778,77.40055556,Debris,Slide,"2023, 2025"
8528,HP/Kullu/53E07/2025/08,Kullu,Jaterh Jaterh,31.4825,77.44805556,Debris,Subsidence,"August 2023, 2025"
8529,HP/Kullu/53E07/2025/09,Kullu,Marech Marech,31.46222222,77.35861111,Debris,Subsidence/Slid,"2023, 2025"
8530,HP/Kullu/53E011/2025/10,Kullu,Nauni Nauni,31.47027778,77.5125,Debris,Subsidence,"August 2023,2025"
8531,HP/Kullu/53E011/2025/11,Kullu,Bari Lanj Bari Lanj,31.46111111,77.54055556,Debris,Subsidence,"August 2023,2025"
8532,HP/Kullu/53E011/2025/12,Kullu,Lakhi Lanj (Patwar circle Rhanu) Lakhi Lanj (Patwar circle Rhanu),31.46416667,77.52444444,Debris,Subsidence,"August 2023,2025"
8533,HP/Kullu/53E011/2025/13,Kullu,Kutli Kutli,31.46472222,77.52916667,Debris,Subsidence,"August 2023,2025"
8534,HP/Kullu/53E011/2025/14,Kullu,Katmori Katmori,31.45833333,77.54416667,Debris,Subsidence,"August 2023,2025"
8535,HP/SIR/53F/10 /2017/01,Sirmur,"27.150 to 27.250 Km. Minor Slope 27.150 to 27.250 Km., Paonta",30.58886389,77.65825833,Rock cum debris   Slide,NA,
8536,HP/SIR/53F/10 /2017/02,Sirmur,"26.650 to 26.800 Km. Landslide 26.650 to 26.800 Km., Paonta",30.58992778,77.65168056,Rock cum debris   Slide,NA,
8537,HP/SIR/53F/10 /2017/03,Sirmur,"24.0 to 24.100 Km. Landslide 24.0 to 24.100 Km., Paonta",30.57501667,77.65348056,Rock cum debris   Fall,NA,
8538,HP/SIR/53F/10 /2017/04,Sirmur,"19.550 to 19.750 Km. Landslide 19.550 to 19.750 Km., Paonta",30.56023056,77.64343333,Debris            Fall/Slide,NA,
8539,HP/SIR/53F06/2017/05,Sirmur,"8.000 to 8.100 Km. (Jangirug -1) 8.000 to 8.100 Km., Jangirug",30.58376389,77.2963,Rock cum debris,Slide,2017
8540,HP/SIR/53F06/2017/06,Sirmur,"8.200 to 8.300 Km. (Jangirug -2) 8.200 to 8.300 Km., Jangirug",30.58581111,77.2964,Rock cum debris,Slide,2017
8541,HP/SIR/53F06/2017/07,Sirmur,"13.800 to 14.000 Km. (Renuka Do 13.800 to 14.000 Km.,Renuka",30.59701389,77.29059722,Rock cum debris,Slide,2017
8542,HP/SIR/53F06/2017/08,Sirmur,"15.200 to 15.350 Km. (Ladu Landslide) 15.200 to 15.350 Km., Ladu",30.61211111,77.288475,Rock,Slide,2017
8543,HP/SIR/53F06/2017/09,Sirmur,"61.900 to 62.000 Km. (Gadshaya 61.900 to 62.000 Km.,",30.82098889,77.09651111,Rock cum debris,Slide,2017
8544,HP/KUL/53E06/2017/02,Kullu,"Mashnoo Nala Landslide Near Khanar Village, Dist.",31.5267,77.40256944,Debris            Slide,NA,
8545,HP/KUL/53E06/2017/03,Kullu,"Kot Nala Landslide Near Khanar Village, Dist. Kullu,",31.51934444,77.41823889,Debris            Slide,NA,
8546,HP/KUL/53E07/2017/04,Kullu,"Banigad Landslide Near Banigad Village, Dist.",31.46465,77.42683056,Debris,Slide,2016
8547,HP/SHI/53E11/2017/01,Shimla,"Jhakri (Baroni Nala) Landslide Jhakri Village, Dist. Shimla,",31.48377222,77.69446667,Debris            Slide,NA,
8548,HP/KIN/53E14/2017/01,Kinnaur,"Nigulsari Sinking Zone Nigulsari Village, Dist.",31.55016667,77.88252778,Colluvium,Subsidence/,"2016, 2017"
8549,HP/KIN/53E14/2017/02,Kinnaur,"Nigulsari Landslide Nigulsari Village, Dist. Kinnaur,",31.565,77.88508333,Colluvium,Slide,"1st week of August 2015, 2016, 2017"
8551,HP/SIR/53F06 /2018/01,Sirmur,"Badolia Slide Nahan-Dadahu Road, Distt.",30.60783333,77.37825,Rock cum debris,Slide,2017
8552,HP/SIR/53F06 /2018/02,Sirmur,Bhatgarh Slide Bhatgarh Village on Dadahu-,30.62602778,77.50877778,Debris cum rock,Slide,26 July 2018
8554,HP/SOL/53F01/2018/04,Solan,"ITBP Colony, Dharmpur Chandigarh-Shimla NH-22, Distt.",30.89975,77.02602778,Rock,Slide,"2017, 21July 2018"
8560,HP/SOL/53F01/2018/10,Solan,"NH-22/RD 99 +020 Chandigarh-Shimla NH-22, Distt.",30.88721667,77.09086667,Rock cum debris   Slide,NA,
8561,HP/SOL/53F01/2018/11,Solan,"NH-22/RD Km92 +960m Chandigarh-Simla Road (NH-22),",30.88131667,77.0793,Rock cum debris   Slide,NA,
8567,HP/SOL/53F01 /2018/17,Solan,"Anji Slide Chandigarh-Shimla NH-22, Distt.",30.89001667,77.08665,Rock,Slide,Recent
8568,HP/SOL/53F01/2018/18,Solan,"Barog Slide-2 Chandigarh-Shimla NH-22, Distt.",30.88744444,77.08658333,Debris cum rock     Slide,NA,
8571,HP/53B13/2019/1,Solan,"Jabli School land slide Near Jabli village, Kalka - Shimla",30.87722222,76.99547778,Colluvium,Slide,March 2019
8572,HP/53F01/2019/2,Solan,"RD Km81+550m Near Sanwara village, Kalka -",30.89656111,77.00436111,Colluvium,Slide,January 2019
8583,HP/CHAM/43P15/2019/13,Chamba,"Phina Singh Dam slide near Lahru village, Nurpur",32.40133889,75.98525278,Debris,Slide,17 August 2019
8584,HP/CHAM/43P/16/2019/14,Chamba,"Phina Singh canal slide, Lahru Near Phina Singh Canal, Lahru",32.40864722,75.98548611,Rock,Fall,Data not available
8585,HP/CHAM/43P15/2019/15,Chamba,"Kalidhar Slide zone Near Kalidhar village, r/b of",32.41269722,75.98649444,Debris,Slide,Data not available.
8586,HP/CHAM/43P/15/2019/16,Chamba,Barrian Nala slide zone SH – 28 (Lahru-Chamba road),32.42897222,75.95915833,Soil cum debris,Slide,Before 2002
8587,HP/KAN/52D/03/2019/17,Kangra,Niangal slide 1 Niangal Village,32.25430556,76.08022222,Debris cum soil,Slide,23 October 2013
8588,HP/KAN/52D/03/2019/18,Kangra,"Niangal slide - 2 Niangal Village,",32.25710556,76.07544444,Debris cum soil,Slide,17 August 2019
8614,HP/KIN/53E14/2022/02,Kinnaur,"Sector-26 slide NH-05, Nigulsari Village",31.563877,77.884119,Rock              Fall,NA,
8616,HP/KIN/53E14/2022/01,Kinnaur,"Nigulsari slide NH-05, Thachh Village",31.56293,77.872847,Rock,Slide,2019
8621,HP/Shimla/53E/14/2023/01,Shimla,"Kache Slide Kache, Link road to NH-05",31.551479,77.918532,Rock,Falls,2003
8622,HP/Kinnaur/53I/02/2023/01,Kinnaur,"Sapni Slide Sapni link road, 2.6 km from",31.482028,78.177578,Debris,Slide,"September 2022, 28 Jan 2023"
8623,HP/SOL/53F/2022/LS_01,Solan,Kasauli-Dharampur road slide NH-05 and Kasauli-Dharampur,30.896535,77.009852,Debris            Slide,NA,
8624,HP/SOL/53F/2022/LS_02,Solan,Solan-Shimla flyover slide. NH-05,30.88227,77.0932,Debris            Slide,NA,
8625,HP/SOL/53F/2022/LS_03,Solan,Kalka-Shimla Rail track slide. Kalka-Shimla Rail track,30.900587,77.030105,NA                Slide,NA,
8626,HP/SOL/53F/2022/LS_04,Solan,Siharri-Brahmna Slide NH-05,30.89322,77.046705,Debris            Slide,NA,
8627,HP/SOL/53F/2022/LS_05,Solan,Sanwara slide NH-05,30.896963,77.004,Debris            Slide,NA,
8628,HP/SOL/53F/2022/LS_06,Solan,Jabli Slide NH-05,30.875535,76.999926,Debris            Slide,NA,
8629,HP/MAN/53A14/2023/,Mandi,"Tarna Hill debris slide Near Hotel Koyal, Mangwai",31.70522,76.933442,Debris,Slide,14 August 2023 (Morning)
8630,HP/MAN/53A14/2023/,Mandi,"--- Near HPPWD Circuit house,",31.700833,76.927222,Debris,Slide,14 August 2023 (Morning)
8631,HP/MAN/53A10/2023/,Mandi,Juccain Cloudburst Juccain Village,31.66694,76.74722,Debris,Flow,13th August 2023
8632,HP/MAN/53A13/2023/,Mandi,Tatih debris slide Tatih Village,31.704166,76.723611,Debris,Slide,14th August 2023 (Morning)
8633,HP/MAN/53A/13/2023/,Mandi,Narera Cloudburst Narera Village,31.793055,76.780555,Debris,Flow,14 August 2023 (06:30 hrs)
8634,HP/MAN/53A13/2023/,Mandi,Banal Slide Banal village,31.79333,76.76222,Debris,Slide/Subsidenc,14 August 2023 (Morning)
8635,HP/MAN/53A13/2023/,Mandi,--- Banal village,31.78944,76.75555,Debris,Slide/Subsidenc,13 and 14 August 2023 (Morning)
8636,HP/MAN/53A13/2023/,Mandi,--- Banal village,31.789722,76.754722,Debris,Slide/Subsidenc,14 August 2023 (Morning)
8637,HP/MAN/53A13/2023/,Mandi,--- Riyur village,31.782631,76.755115,Debris,Slide/Subsidenc,14 August 2023 (Morning)
8638,HP/MAN/53A13/2023/,Mandi,"--- Near Kamksha Devi Temple,",31.78222222,76.75055556,Debris,Slide/Subsidenc,14 August 2023
8639,HP/MAN/53A13/2023/,Mandi,--- Didnu road,31.781418,76.756217,Debris,Slide,14 August 2023
8640,HP/MAN/53A13/2023/,Mandi,Didnu Debris Slide Didnu road,31.78,76.77055,Debris,Slide,14 August 2023
8641,HP/MAN/53A13/2023/,Mandi,"Baral Slide Baral Village, Riyur-Baroti Road",31.78083,76.77722,Debris,Slide/Subsidenc,14 August 2023
8642,HP/MAN/53A13/2023/,Mandi,"--- Near PWD Guest house, Baroti",31.78527778,76.78305556,Debris,Slide,14 August 2023
8643,HP/MAN/53A13/2023/,Mandi,"Maloh Slide Maloh Village, NH-03",31.79611,76.785,Debris,Slide/Subsidenc,14 August 2023
8644,HP/MAN/53A13/2023/,Mandi,"Langerh Slide Langerh Village, Baroti-Langerh",31.783611,76.7825,Debris,Slide,14 August 2023
8645,HP/MAN/53A13/2023/,Mandi,"Brahma Falad Slide Brahma Falad Village, Mandap",31.756241,76.791823,Debris,Slide/Subsidenc,14 August 2023
8646,HP/MAN/53A13/2023/,Mandi,Chanauta Slide Chanauta Village,31.75833,76.773055,Debris,Subsidence,14 August 2023
8647,HP/MAN/53A13/2023/,Mandi,Bhadyar Slide Chhatter Road,31.76694,76.7675,Debris,Slide,14 August 2023
8648,HP/MAN/53A13/2023/,Mandi,--- Bhadyar Road,31.7675,76.76527,Debris,Slide,14 August 2023
8649,HP/MAN/53A13/2023/,Mandi,"Brang slide Brang village, Bhadyar Road",31.761944,76.768333,Debris,Slide,14 August 2023
8650,HP/MAN/53A13/2023/,Mandi,Bhadyar slide Bhadyar village,31.76722,76.77583,Debris,Slide,14 August 2023
8651,HP/MAN/53A15/2023/,Mandi,"Phagwaon slide Phagwaon village, Kaleru road",31.480833,76.963333,Debris,Slide/Subsidenc,14 August 2023 (Morning)
8652,HP/MAN/53A15/2023/,Mandi,Doldhar slide Doldhar village,31.466111,76.944166,Debris,Slide/Subsidenc,14 August 2023 (Morning)
8653,HP/Solan/53F01/2023/01,Solan,Shamti Slide Along Solan-Rajgarh Link Road,30.88944444,77.10583333,Debris          Subsidence,NA,
8659,HP/SOL/53B13/2023/,Solan,Subathu Slide Dharampur-Subathu Road,30.970355,76.992139,Debris,Slide,14 August 2023
8660,HP/Man-kul/2024/1,Mandi,Kun NH-03,31.45066667,76.85385278,Debris,Slide,"2018, 14 August 2023"
8661,HP/Man-kul/2024/2,Kullu,Banala NH-03,31.759575,77.20756667,Rock,Fall,"2010, 11 July 2023"
8662,HP/Man-kul/2024/3,Kullu,Panarsa NH-03,31.77500833,77.19483611,Debris,Slide,"2018, 11 July 2023"
8663,HP/Man-kul/2024/2,Kullu,Jhiri NH-03,31.8254,77.17297778,Rock,Fall,"2010, 08 July 2023"
8664,HP/Man-kul/2024/5,Kullu,Rhuadu-Garsa NH-03,31.85661111,77.16758056,Debris,Slide,"2018,11 July 2023"
8665,HP/Man-kul/2024/6,Kullu,Seobagh NH-03,31.99953056,77.1265,Debris,Slide,11 July 2023
8666,HP/Man-kul/2024/6,Kullu,15- Mile NH-03,31.71223611,77.31291389,Debris,Slide,08 July 2023
8667,HP/Man-kul/2024/6,Kullu,Kalath NH-03,32.18584167,77.18534167,Debris,Slide,08 July 2023
8668,HP/Man-kul/2024/6,Kullu,Volvo Bus Stand NH-03,32.23295833,77.1874,Debris,Slide,08 July 2023
8669,HP/MAN/53A14/2024/,Mandi,"Glory Church Slide (Chainage NH-03, Garhan",31.50055556,76.87336389,Debris          Slide,NA,
8670,HP/MAN/53E02/2024/,Mandi,"Garhan Slide (Chainage 204+200) NH-03, Garhan",31.72176667,77.010675,Rock            Slide,NA,
8671,HP/MAN/53E02/2024/,Mandi,"Jagar Slide (Chainage 208+260) NH-03, Jagar",31.69748889,77.03721944,Debris           Slide,NA,
8672,HP/MAN/53E02/2024/,Mandi,"Soja Slide (Chainage 209+450) NH-03, Soja",31.68921944,77.04186111,Debris           Slide,NA,
8673,HP/SOL/53B13/2023/01,Solan,Datyar Slide NH-05,30.84638889,76.99527778,Debris,Slide,08 – 11 July 2023
8674,HP/SOL/53B13/2023/01,Solan,Dimple Dhaba & AAA Slide NH-05,30.88666667,77.00472222,Debris,Slide,"7 July, 2023"
8675,HP/SHI/53E04/2023/,Shimla,"Tutikandi, Bangali Bagicha Landslide in NH-05, Shimla Bye Pass Road",31.09722222,77.15361111,Debris,Slide,04 August
8676,HP/SHI/53E04/2023/,Shimla,"Rajvir Motors Landslide in Shimla NH-05, Shimla Bye Paas Road",31.09527778,77.17027778,Debris,Slide,23 August 2023
8677,HP/SHI/53E04/2023/,Shimla,Comely Bank NH-05,31.1075,77.16305556,Debris,Subsidence,"July 2020, 14-15 August 2023"
8678,HP/SOL/53B13/2023/01,Shimla,Indian Institute of Advanced Study Shimla Urban,31.10333333,77.14111111,Debris,Subsidence,14 August 2023
8679,HP/SOL/53B13/2023/01,Shimla,Vidhan Sabha Shimla Urban,31.1075,77.16305556,Debris,Subsidence,"14,15 August 2023"
8680,HP/SHI/53E04/2023/,Solan,Mohan Mekin Landslide NH-05,30.92333333,77.11111111,Debris,Slide/Subsidenc,"7 July, 2023"
8681,HP/SHI/53E04/2023/,Solan,Mansar Landslide NH-05,30.9425,77.12916667,Debris,Subsidence,"July, 2023"
8682,HP/SHI/53E04/2023/,Solan,Karibangla NH-05,30.99120833,77.09283333,Rock,Slide,"July, 2020"
8683,HP/SHI/53E04/2023/,Shimla,Nangal Devi NH-05,31.11972222,77.33472222,Rock,Slide,2020
8684,HP/SHI/53E04/2023/,Shimla,Himfed Petrol Pump NH-05,31.12694444,77.33944444,Debris,Subsidence,"July, 2020, 14-15 August 2023"
8685,HP/SHI/53E04/2023/,Shimla,Rahighat-Kiartoo Slide NH-05,31.12833333,77.34888889,Debris,Slide,13 August 2023
8686,HP/SHI/53E04/2023/,Shimla,Barauni Nala NH-05,31.485,77.69055556,Debris,Subsidence,11 July 2023
8687,HP/SHI/53E04/2023/,Kinnaur,Jeori NH-05,31.53866667,77.78386389,Rock,Slide,"July, 2021, 14 August 2023"
8688,HP/SHI/53E04/2023/,Kinnaur,Chaura NH-05,31.53866667,77.78386389,Rock,Slide,14 August 2023
8689,HP/SHI/53E04/2023/,Nathpa,Nathpa NH-05,31.56230833,77.98207222,Rock,Fall,27 August 2023
8690,HP/SHI/53E04/2023/,Kinnaur,Panvi NH-05,31.53944444,78.01388889,Rock,Slide,11 July 2023
8691,HP/KINN/53E04/2023/,Kinnaur,Khab Slide NH05,31.81055556,78.63638889,Rock             Slide,NA,
8692,HP/KUL/53E1/2023/01,Kullu,Devdhar Kharahal landslide NH-03,31.96335556,77.11833611,Debris,Subsidence,2023
8693,HP/KUL/53E1/2023/02,Kullu,Up slope of Indian oil Petrol Pump NH-03,31.95800278,77.11654722,Debris           Slide,NA,
8694,HP/KUL/53E1/2023/03,Kullu,~120 m south of Indian oil Petrol NH-03,31.95682222,77.11633056,Debris,Slide,2023
8695,HP/KUL/53E1/2023/04,Kullu,Banontar Kharahal NH-03,31.95561944,77.11650556,Debris,Subsidence,2023
8696,HP/KUL/53E1/2023/05,Kullu,Garsa Slide --,31.82856111,77.25558889,Debris,Subsidence,2023
8697,HP/KUL/53E1/2023/06,Kullu,Baraiuna landslide NH-03,32.03464722,77.35013889,Debris,Slide,2023
8698,HP/KUL/53E1/2023/07,Kullu,Bandal landslide --,31.63430278,77.42550278,Debris,Slide,2023
8699,HP/KUL/53E1/2023/08,Kullu,Machine Nala slide --,31.77272222,77.29856111,Debris,Slide,2023
8700,HP/KUL/53E1/2023/09,Kullu,Sainj Landslide --,31.76910278,77.30811667,Debris,Slide,2023
8701,HP/KUL/53E1/2023/10,Kullu,Mourod subsidence --,31.71223611,77.31291389,Debris,Subsidence,2023
8702,HP/KUL/53E1/2023/11,Kullu,Daduhar ward No.1 --,31.642,77.3433,Debris,Slide,2023
8703,HP/KUL/53E1/2023/12,Kullu,Kartah subsidence --,31.7798,77.34311111,Debris,Subsidence,2023
8704,HP/KUL/53E1/2023/13,Kullu,Sharai subsidence --,31.652,77.3324,Debris,Subsidence,2023
8705,HP/KUL/53E7/2023/14,Kullu,"Rageli, Nigloodhar landslide -",31.46975,77.36669444,Debris,Slide,14 August 2023
8706,HP/KUL/53E7/2023/15,Kullu,"Dharta, Nigloodhar landslide -",31.473,77.36772222,Debris,Slide,14 August 2023
8707,HP/KUL/53E7/2023/16,Kullu,Gungi ---,31.40355556,77.4475,Debris,Subsidence,2023
8708,HP/KUL/53E7/2023/17,Kullu,Chehva ----,31.40355556,77.4475,Debris,Subsidence,2023
8709,HP/KUL/53E7/2023/18,Kullu,Lehrarali ----,31.41186111,77.42902778,Debris,Subsidence,2023
8710,HP/KUL/53E7/2023/19,Kullu,Mashnoo Nala NH 305,31.52813889,77.40125,Debris,Slide,2018
8711,HP/KUL/53E7/2023/20,Kullu,Kot Nala NH 305,31.51826667,77.41673333,Debris,Slide,2008
8712,HP/KUL/53E7/2023/20,Kullu,Falela Nala NH 305,31.48377778,77.42308333,Debris,Slide,2022
8713,HP/KUL/53E7/2023/21,Kullu,Shailubhan NH 305,31.4865,77.41466667,Debris,Slide,2023
8714,HP/KUL/53E7/2023/22,Kullu,Shaleen --,32.19863889,77.18497222,Debris,Subsidence,2023
8715,HP/KUL/53E7/2023/23,Kullu,Darsha ---,32.14903056,77.15234444,Debris,Slide,2023
