Sl_No,Slide_No,District,Location,Latitude,Longitude,Material_Involved,Movement,History,Elevation_m,Slope_deg,Rainfall_2023_mm,Rainfall_Dates_2023
2111,HP/SOL/53F01/2018/004,Solan,NH22/ RD: 70+750 to 70+950 NH22/ RD: 70+750 to,30.078833,79.794472,Rock cum debris   Slide,,,2545.5478515625,37.71139422927834,,
2112,HP/SOL/53F01/2018/003,Solan,NH22/ RD: 71+100 to 71+200 NH22/ RD: 71+100 to,30.083278,79.79875,Rock cum debris   Slide,,,2222.346435546875,41.3546159448575,,
2113,HP/SOL/53F01/2018/002,Solan,NH22/ RD: 71+300 to 71+420 NH22/ RD: 71+300 to,30.083639,79.800806,Rock cum debris   Slide,,,2155.116943359375,31.48158257461355,,
2114,HP/SOL/53F01/2018/001,Solan,NH22/ RD: 87+480 NH22/ RD: 87+480/3km away,30.083917,79.799694,Rock cum debris   Slide,,,2166.6181640625,24.447994676272742,,
2115,HP/SIR/53F07/2017/9,Sirmur,Mehtawala,30.448658,77.379747,Rock cum debris   Slide,,,424.6547546386719,20.231657302830396,,
2116,HP/SIR/53F07/2017/10,Sirmur,Mehtawala,30.450071,77.376833,Rock cum debris   Slide,,,478.4826049804687,16.18543607416507,,
2117,HP/SIR/53F07/2017/1,Sirmur,Mehtawala,30.450422,77.375728,Rock cum debris   Slide,,,490.1652221679687,32.658923223451964,,
2118,HP/SIR/53F07/2017/2,Sirmur,Mehtawala,30.451326,77.375918,Rock cum debris   Slide,,,516.7006225585938,27.554069913598205,,
2119,HP/SIR/53F07/2017/3,Sirmur,Mehtawala,30.451887,77.375859,Rock cum debris   Slide,,,511.713623046875,16.82000309514783,,
2120,HP/SIR/53F07/2017/4,Sirmur,Mehtawala,30.452326,77.376697,Rock cum debris   Slide,,,478.5554504394531,32.77857331600545,,
2121,HP/SIR/53F07/2017/17,Sirmur,Sout of Haripur,30.452799,77.38828,Rock cum debris   Slide,,,392.3156433105469,27.170680372848064,,
2122,HP/SIR/53F07/2017/5,Sirmur,Mehtawala,30.452893,77.378037,Rock cum debris   Slide,,,403.77728271484375,31.128795408532604,,
2123,HP/SIR/53F07/2017/6,Sirmur,Mehtawala,30.453874,77.377954,Rock cum debris   Slide,,,410.4550476074219,30.440619590390263,,
2124,HP/SIR/53F07/2017/8,Sirmur,Mehtawala,30.454318,77.374081,Rock cum debris   Slide,,,458.2545776367187,33.738163060507055,,
2125,HP/SIR/53F07/2017/7,Sirmur,Mehtawala,30.454612,77.374562,Rock cum debris   Slide,,,470.1725463867187,29.60504652169624,,
2126,HP/SIR/53F07/2017/16,Sirmur,Singhauli,30.462165,77.292031,Rock              Slide,,,384.3097534179687,22.477301313281327,,
2127,HP/SIR/53F07/2017/15,Sirmur,North of Haripur,30.4642,77.391658,Rock cum debris   Slide,,,424.162109375,35.868505081007946,,
2128,HP/SIR/53F07/2017/13,Sirmur,North of Haripur,30.467475,77.39639,Rock cum debris   Slide,,,451.94866943359375,28.58594570130549,,
2129,HP/SIR/53F07/2017/14,Sirmur,North of Haripur,30.47039,77.39739,Rock cum debris   Slide,,,472.32867431640625,34.83237442152818,,
2130,HP/SIR/53F07/2017/12,Sirmur,Mahronwala,30.476497,77.405078,Rock cum debris   Slide,,,412.2825927734375,14.109790722189814,,
2131,HP/SIR/53F07/2017/11,Sirmur,Mahronwala,30.480822,77.410069,Rock cum debris   Slide,,,439.6538391113281,15.782094769018558,,
2132,HP/SIR/53F02/2017/30,Sirmur,BanogKaulawala bhood road,30.496999,77.217426,Rock              Slide,,,392.4053955078125,27.21723866481954,,
2133,HP/SIR/53F03/2017/1,Sirmur,,30.507724,77.245914,Rock              Slide,,,439.9603576660156,20.596526906188167,,
2134,HP/SIR/53F03/2017/2,Sirmur,,30.508651,77.2472,Rock              Slide,,,414.2439575195313,25.33819267057084,,
2135,HP/SIR/53F06/2017/54,Sirmur,Khadri,30.513754,77.269974,Rock              Slide,,,445.9231872558594,27.93764555044299,,
2136,HP/SIR/53F06/2017/313,Sirmur,Shambhuwala,30.51528,77.335421,Debris            Slide,,,539.556884765625,25.8034123583355,,
2137,HP/SIR/53F06/2017/387,Sirmur,Dhaduwala,30.517019,77.272756,Rock              Slide,,,442.6854248046875,32.42128903150685,,
2138,HP/SIR/53F06/2017/59,Sirmur,Dewni,30.518703,77.268434,Rock              Slide,,,448.2034606933594,13.238733963966538,,
2139,HP/SIR/53F06/2017/53,Sirmur,Dewni,30.519807,77.254651,Rock              Slide,,,415.9057312011719,13.600085538631534,,
2140,HP/SIR/53F06/2017/383,Sirmur,Dhaduwala,30.520144,77.277889,Rock              Slide,,,426.641845703125,29.392598071091317,,
2141,HP/SIR/53F06/2017/52,Sirmur,Dewni,30.520263,77.255465,Rock              Slide,,,439.3795166015625,13.628116714120644,,
2142,HP/SIR/53F06/2017/384,Sirmur,Dhaduwala,30.520283,77.277424,Rock              Slide,,,440.67437744140625,40.21075280131714,,
2143,HP/SIR/53F06/2017/58,Sirmur,Dewni,30.521782,77.25463,Rock              Slide,,,462.0797119140625,13.41040180548073,,
2144,HP/SIR/53F06/2017/55,Sirmur,Ambwala R.F.,30.521896,77.268907,Rock              Slide,,,472.5315856933594,22.06190526935444,,
2145,HP/SIR/53F06/2017/56,Sirmur,Ambwala R.F.,30.523011,77.268443,Rock              Slide,,,503.3565979003906,23.3324622466356,,
2146,HP/SIR/53F06/2017/44,Sirmur,Bikram Bag R.F.,30.52327,77.300171,Rock              Slide,,,662.0927734375,39.05435497378189,,
2147,HP/SIR/53F06/2017/45,Sirmur,Bikram Bag R.F.,30.523434,77.301593,Rock              Slide,,,609.7504272460938,39.76760779816845,,
2148,HP/SIR/53F06/2017/48,Sirmur,Bikram Bag R.F.,30.52388,77.290155,Rock              Slide,,,535.1055297851562,30.619662638829844,,
2149,HP/SIR/53F06/2017/46,Sirmur,Bikram Bag R.F.,30.523963,77.304515,Rock              Slide,,,599.5095825195312,37.25375385922585,,
2150,HP/SIR/53F06/2017/47,Sirmur,Bikram Bag R.F.,30.523967,77.289347,Rock              Slide,,,527.2380981445312,35.11847731510124,,
2151,HP/SIR/53F06/2017/50,Sirmur,Bikram Bag R.F.,30.524006,77.292159,Rock              Slide,,,531.4547729492188,32.81361743268728,,
2152,HP/SIR/53F06/2017/51,Sirmur,Bikram Bag R.F.,30.524217,77.294645,Rock              Slide,,,579.6444091796875,28.85487463116785,,
2153,HP/SIR/53F06/2017/57,Sirmur,Ambwala R.F.,30.524302,77.268451,Rock              Slide,,,527.5061645507812,22.97238238232456,,
2154,HP/SIR/53F06/2017/385,Sirmur,Dhaduwala,30.524525,77.277616,Rock              Slide,,,430.061767578125,36.329529405242134,,
2155,HP/SIR/53F06/2017/381,Sirmur,Dhaduwala,30.524573,77.273435,Rock              Slide,,,561.5286865234375,48.18515433510035,,
2156,HP/SIR/53F06/2017/32,Sirmur,Ganyoni R.F.,30.52474,77.459892,Rock              Slide,,,547.2333984375,32.55955084018959,,
2157,HP/SIR/53F06/2017/49,Sirmur,Bikram Bag R.F.,30.524945,77.291472,Rock              Slide,,,591.1377563476562,42.02596781692046,,
2158,HP/SIR/53F14/2017/48,Sirmur,Shalahat R.F.,30.52507,77.819787,Rock cum debris   Slide,,,517.72607421875,52.89098603315308,,
2159,HP/SIR/53F06/2017/27,Sirmur,Ganyoni R.F.,30.525249,77.472139,Rock              Slide,,,551.9751586914062,46.32131975285108,,
2160,HP/SIR/53F06/2017/22,Sirmur,Ganyoni R.F.,30.525553,77.471235,Rock              Slide,,,538.9425659179688,42.79388375169315,,
2161,HP/SIR/53F06/2017/25,Sirmur,Ganyoni R.F.,30.525657,77.475024,Rock              Slide,,,531.8667602539062,33.41817484613421,,
2162,HP/SIR/53F06/2017/24,Sirmur,Ganyoni R.F.,30.525711,77.475945,Rock              Slide,,,539.5211181640625,35.86443939697445,,
2163,HP/SIR/53F06/2017/64,Sirmur,Shambhuwala,30.525731,77.330641,Debris            Slide,,,539.7702026367188,27.099870434543707,,
2164,HP/SIR/53F06/2017/23,Sirmur,Ganyoni R.F.,30.525856,77.470907,Rock              Slide,,,553.7349243164062,43.95703585138618,,
2165,HP/SIR/53F06/2017/382,Sirmur,Dhaduwala,30.525924,77.27429,Rock              Slide,,,620.4296264648438,39.24738741789358,,
2166,HP/SIR/53F06/2017/31,Sirmur,Ganyoni R.F.,30.525936,77.466596,Rock              Slide,,,507.24853515625,44.58647475100428,,
2167,HP/SIR/53F14/2017/49,Sirmur,Shalahat R.F.,30.525985,77.820675,Rock cum debris   Slide,,,535.2203979492188,38.68886137368605,,
2168,HP/SIR/53F02/2017/58,Sirmur,Bank of Mazar ki Nadi,30.526014,77.250998,Rock              Slide,,,435.2438354492187,33.050711852668776,,
2169,HP/SIR/53F06/2017/26,Sirmur,Ganyoni R.F.,30.526138,77.470413,Rock              Slide,,,563.3638305664062,41.34060587954276,,
2170,HP/SIR/53F02/2017/4,Sirmur,,30.526333,77.247598,Rock              Fall,,,419.2856140136719,14.691422911335772,,
2171,HP/SIR/53F06/2017/33,Sirmur,Ganyoni R.F.,30.526578,77.465766,Rock              Slide,,,544.2657470703125,26.342576616969804,,
2172,HP/SIR/53F06/2017/386,Sirmur,Dhaduwala,30.527018,77.275068,Rock              Slide,,,604.2017211914062,43.537527970656576,,
2173,HP/SIR/53F06/2017/28,Sirmur,Ganyoni R.F.,30.527746,77.466557,Rock              Slide,,,571.8165283203125,31.26564302052172,,
2174,HP/SIR/53F06/2017/63,Sirmur,South of Bhur,30.529595,77.318603,Debris            Slide,,,523.0491333007812,17.829118177200368,,
2175,HP/SIR/53F06/2017/29,Sirmur,Ganyoni R.F.,30.529605,77.468104,Rock              Slide,,,564.148193359375,36.85489028504154,,
2176,HP/SIR/53F06/2017/30,Sirmur,Ganyoni R.F.,30.529805,77.46843,Rock              Slide,,,555.501953125,39.76588703983012,,
2177,HP/SIR/53F06/2017/62,Sirmur,South of Bhur,30.530091,77.316047,Debris            Slide,,,488.2738952636719,28.88304689621516,,
2178,HP/SIR/53F06/2017/61,Sirmur,South of Bhur,30.530364,77.312742,Debris            Slide,,,482.8963928222656,30.86412701800416,,
2179,HP/SIR/53F06/2017/60,Sirmur,South of Bhur,30.530389,77.31207,Debris            Slide,,,473.0861511230469,21.153307713197517,,
2180,HP/SIR/53F02/2017/54,Sirmur,BurmaParaliNahan road,30.530716,77.249241,Rock              Slide,,,485.1097717285156,18.9088161714576,,
2181,HP/SIR/53F06/2017/312,Sirmur,North of Dhaduwala,30.530868,77.283911,Rock              Slide,,,459.7055969238281,23.660750672511647,,
2182,HP/SIR/53F06/2017/43,Sirmur,North of Dhaduwala,30.531423,77.282423,Rock              Slide,,,447.6582946777344,41.64611221431096,,
2183,HP/SIR/53F06/2017/42,Sirmur,North of Dhaduwala,30.53173,77.282261,Rock              Slide,,,480.2524719238281,46.275482287402575,,
2184,HP/SIR/53F02/2017/53,Sirmur,BurmaParaliNahan road,30.532029,77.249097,Rock              Slide,,,476.02581787109375,32.85638004441622,,
2185,HP/SIR/53F02/2017/51,Sirmur,BurmaParaliNahan road,30.532029,77.249097,Rock              Slide,,,476.02581787109375,32.85638004441622,,
2186,HP/SIR/53F02/2017/52,Sirmur,BurmaParaliNahan road,30.532029,77.249097,Rock              Slide,,,476.02581787109375,32.85638004441622,,
2187,HP/SIR/53F02/2017/56,Sirmur,BurmaParaliNahan road,30.532209,77.250743,Rock              Slide,,,435.05804443359375,28.98486337189597,,
2188,HP/SIR/53F02/2017/57,Sirmur,Bank of Mazar ki Nadi,30.532209,77.250743,Rock              Slide,,,435.05804443359375,28.98486337189597,,
2189,HP/SIR/53F06/2017/40,Sirmur,North of Dhaduwala,30.532212,77.282849,Rock              Slide,,,472.1253662109375,43.39944455468776,,
2190,HP/SIR/53F06/2017/41,Sirmur,North of Dhaduwala,30.53231,77.283089,Rock              Slide,,,462.6889343261719,47.829857735958136,,
2191,HP/SIR/53F02/2017/55,Sirmur,BurmaParaliNahan road,30.533669,77.249402,Rock              Slide,,,460.18304443359375,14.398759643942306,,
2192,HP/SIR/53F02/2017/75,Sirmur,Along NH72,30.535608,77.160475,Rock              Slide,,,393.4822998046875,15.936945479226834,,
2193,HP/SIR/53F02/2017/59,Sirmur,Bank of Mazar ki Nadi,30.536239,77.200908,Rock              Slide,,,383.4134826660156,34.211528711394266,,
2194,HP/SIR/53F02/2017/49,Sirmur,BurmaParaliNahan road,30.536602,77.158932,Rock              Slide,,,385.1654357910156,9.343337433517586,,
2195,HP/SIR/53F02/2017/77,Sirmur,KalaambTrilokpur link road,30.540591,77.175556,Rock              Slide,,,414.7923583984375,21.612316644186997,,
2196,HP/SIR/53F10/2017/134,Sirmur,Rajpur,30.541102,77.713399,Rock              Slide,,,784.5428466796875,37.40396801062798,,
2197,HP/SIR/53F02/2017/76,Sirmur,Along NH72,30.541533,77.17585,Rock              Slide,,,418.75921630859375,20.97162058009247,,
2198,HP/SIR/53F10/2017/220,Sirmur,South of Kulthiana,30.541602,77.703918,Rock              Slide,,,815.6209716796875,38.76373180738232,,
2199,HP/SIR/53F14/2017/51,Sirmur,Tauru,30.541918,77.781609,Rock              Slide,,,1114.376220703125,36.4201449823403,,
2200,HP/SIR/53F10/2017/128,Sirmur,Danda,30.541918,77.781609,Rock cum debris   Slide,,,1114.376220703125,36.4201449823403,,
2201,HP/SIR/53F10/2017/133,Sirmur,Rajpur,30.543739,77.714591,Rock              Slide,,,868.2249755859375,42.55942806015561,,
2202,HP/SIR/53F10/2017/219,Sirmur,South of Kulthiana,30.544142,77.702687,Rock              Slide,,,893.4646606445312,41.87328066744419,,
2203,HP/SIR/53F10/2017/132,Sirmur,Rajpur,30.544228,77.720898,Rock              Slide,,,868.9888916015625,43.396953878100256,,
2204,HP/SIR/53F10/2017/129,Sirmur,Rajpur,30.546334,77.721158,Rock              Slide,,,983.9942016601562,43.87767236483242,,
2205,HP/SIR/53F14/2017/4,Sirmur,North of Kalawar,30.546948,77.817488,Rock cum debris   Slide,,,633.5137939453125,44.71457966491743,,
2206,HP/SIR/53F10/2017/130,Sirmur,Rajpur,30.547089,77.721554,Rock              Slide,,,992.09716796875,42.03475812687771,,
2207,HP/SIR/53F10/2017/282,Sirmur,Janjli R.F.,30.547272,77.667155,Rock cum debris   Slide,,,676.085693359375,35.27328173507604,,
2208,HP/SIR/53F10/2017/14,Sirmur,South of Kulthiana,30.547313,77.703282,Rock              Slide,,,970.5548706054688,39.704754508332655,,
2209,HP/SIR/53F10/2017/165,Sirmur,Bhatrog,30.547655,77.669054,Rock cum debris   Slide,,,791.4931640625,43.26394123049483,,
2210,HP/SIR/53F10/2017/279,Sirmur,Bhatrog,30.547817,77.665273,Rock cum debris   Slide,,,599.6204223632812,40.850185951073875,,
2211,HP/SIR/53F10/2017/131,Sirmur,Rajpur,30.547872,77.722184,Rock              Slide,,,974.9657592773438,37.34654159496204,,
2212,HP/SIR/53F10/2017/221,Sirmur,South of Kulthiana,30.547898,77.702253,Rock              Slide,,,1050.936767578125,39.38780081260887,,
2213,HP/SIR/53F10/2017/127,Sirmur,"Sataun, SataunPaonta road",30.548165,77.63888,Rock cum debris   Slide,,,617.2888793945312,36.47006471524987,,
2214,HP/SIR/53F10/2017/223,Sirmur,North of Dhamaun,30.548739,77.685628,Rock              Slide,,,1103.434814453125,41.208323619384515,,
2215,HP/SIR/53F10/2017/224,Sirmur,North of Dhamaun,30.54986,77.686931,Rock              Slide,,,1032.5755615234375,39.54863426676443,,
2216,HP/SIR/53F14/2017/9,Sirmur,North of Kalatha,30.550125,77.79934,Rock              Slide,,,885.906005859375,53.85671923140821,,
2217,HP/SIR/53F10/2017/15,Sirmur,West of Navi,30.550131,77.712553,Rock              Slide,,,899.1318359375,41.894065557064046,,
2218,HP/SIR/53F10/2017/16,Sirmur,West of Navi,30.550541,77.712915,Rock              Slide,,,913.401123046875,42.570808805038936,,
2219,HP/SIR/53F10/2017/218,Sirmur,Sataun,30.550661,77.635263,Rock cum debris   Slide,,,538.7794189453125,29.933369498338813,,
2220,HP/SIR/53F10/2017/217,Sirmur,Sataun,30.550705,77.635916,Rock cum debris   Slide,,,495.8600158691406,34.12425404680661,,
2221,HP/SIR/53F10/2017/206,Sirmur,South of Kandon,30.550789,77.604632,Rock              Slide,,,756.5543212890625,37.57142966595957,,
2222,HP/SIR/53F14/2017/5,Sirmur,North of Kalawar,30.551028,77.819175,Rock              Slide,,,672.4132690429688,40.06769314944401,,
2223,HP/SIR/53F14/2017/6,Sirmur,North of Kalawar,30.551073,77.40092,Rock              Slide,,,630.84912109375,14.77786695263861,,
2224,HP/SIR/53F10/2017/276,Sirmur,Janjli R.F.,30.551307,77.649813,Rock cum debris   Slide,,,589.5175170898438,45.76787284866387,,
2225,HP/SIR/53F10/2017/281,Sirmur,Janjli R.F.,30.551323,77.651374,Rock cum debris   Slide,,,655.1422119140625,46.00072205705348,,
2226,HP/SIR/53F10/2017/280,Sirmur,Janjli R.F.,30.551531,77.654451,Rock cum debris   Slide,,,662.4908447265625,43.61260942627222,,
2227,HP/SIR/53F14/2017/8,Sirmur,North of Kalatha,30.551663,77.798436,Rock              Slide,,,735.5756225585938,47.94819759826751,,
2228,HP/SIR/53F10/2017/222,Sirmur,South of Kulthiana,30.551809,77.704214,Rock              Slide,,,1284.0823974609375,35.93843104935844,,
2229,HP/SIR/53F10/2017/275,Sirmur,Janjli R.F.,30.551811,77.648774,Rock cum debris   Slide,,,601.8665161132812,39.192440119650776,,
2230,HP/SIR/53F10/2017/72,Sirmur,"Sataun, SataunPaonta road",30.552012,77.632201,Rock              Slide,,,552.2208251953125,26.301162444962493,,
2231,HP/SIR/53F10/2017/71,Sirmur,"Sataun, SataunPaonta road",30.55236,77.630377,Rock              Slide,,,564.78076171875,36.620361024120534,,
2232,HP/SIR/53F14/2017/7,Sirmur,North of Kalatha,30.552823,77.805948,Rock              Slide,,,651.8179931640625,30.92835880803718,,
2233,HP/SIR/53F10/2017/70,Sirmur,"Sataun, SataunPaonta road",30.553115,77.629641,Rock              Slide,,,544.2269897460938,31.3503711405781,,
2234,HP/SIR/53F14/2017/3,Sirmur,North of Kalawar,30.553222,77.806676,Rock              Slide,,,628.5646362304688,41.73544482016015,,
2235,HP/SIR/53F10/2017/283,Sirmur,Janjli R.F.,30.553296,77.64633,Rock cum debris   Slide,,,565.5156860351562,39.69712753209,,
2236,HP/SIR/53F10/2017/277,Sirmur,Janjli R.F.,30.553432,77.653686,Rock cum debris   Slide,,,805.9754638671875,34.27559392164038,,
2237,HP/SIR/53F10/2017/278,Sirmur,Janjli R.F.,30.553608,77.654342,Rock cum debris   Slide,,,830.8248901367188,40.54377395959841,,
2238,HP/SIR/53F10/2017/202,Sirmur,West of Sataun,30.553796,77.619786,Rock              Slide,,,576.9260864257812,29.48838306629782,,
2239,HP/SIR/53F10/2017/69,Sirmur,Kandon,30.554175,77.607527,Rock              Slide,,,814.4876708984375,34.191999496205035,,
2240,HP/SIR/53F10/2017/200,Sirmur,West of Sataun,30.554238,77.623577,Rock              Slide,,,543.682373046875,22.18031754414637,,
2241,HP/SIR/53F10/2017/68,Sirmur,Kandon,30.554495,77.609345,Rock              Slide,,,816.9181518554688,32.781770785804866,,
2242,HP/SIR/53F10/2017/64,Sirmur,West of Sataun,30.554573,77.629803,Rock              Slide,,,534.0096435546875,37.311517878770246,,
2243,HP/SIR/53F10/2017/63,Sirmur,West of Sataun,30.554764,77.630116,Rock              Slide,,,557.5863647460938,43.329326947422174,,
2244,HP/SIR/53F10/2017/203,Sirmur,West of Sataun,30.554769,77.619106,Rock              Slide,,,614.803955078125,28.924672917470076,,
2245,HP/SIR/53F10/2017/199,Sirmur,West of Sataun,30.555079,77.622877,Rock              Slide,,,552.7078247070312,31.931975309469124,,
2246,HP/SIR/53F10/2017/192,Sirmur,West of Sataun,30.555373,77.625201,Rock              Slide,,,594.2745361328125,35.569048633077564,,
2247,HP/SIR/53F10/2017/205,Sirmur,West of Sataun,30.555467,77.618304,Rock              Slide,,,664.747314453125,42.97706160288107,,
2248,HP/SIR/53F14/2017/1,Sirmur,North of Kalawar,30.555651,77.818269,Rock              Slide,,,636.9796142578125,35.90223080249226,,
2249,HP/SIR/53F10/2017/198,Sirmur,West of Sataun,30.556022,77.621881,Rock              Slide,,,647.762451171875,41.23496321129272,,
2250,HP/SIR/53F10/2017/194,Sirmur,West of Sataun,30.556141,77.623083,Rock              Slide,,,616.085205078125,37.04376973764318,,
2251,HP/SIR/53F02/2017/60,Sirmur,Left bank of Mazar ki Nadi,30.556198,77.181743,Rock              Slide,,,385.56744384765625,26.457926831938934,,
2252,HP/SIR/53F10/2017/204,Sirmur,West of Sataun,30.556238,77.619771,Rock              Slide,,,716.9769897460938,35.392562398848796,,
2253,HP/SIR/53F10/2017/201,Sirmur,West of Sataun,30.556383,77.619375,Rock              Slide,,,741.3580322265625,41.174706058086954,,
2254,HP/SIR/53F10/2017/67,Sirmur,Kandon,30.556407,77.614667,Rock              Slide,,,734.5909423828125,32.25793240429153,,
2255,HP/SIR/53F10/2017/13,Sirmur,Rajpur R.F.,30.556479,77.732282,Rock              Slide,,,1434.591552734375,34.71336297121229,,
2256,HP/SIR/53F06/2017/288,Sirmur,"Daghat, NahanRama Don road",30.556722,77.366481,Rock              Slide,,,669.2614135742188,28.48761516749578,,
2257,HP/SIR/53F10/2017/197,Sirmur,West of Sataun,30.556827,77.624558,Rock              Slide,,,712.8240966796875,36.84095814498076,,
2258,HP/SIR/53F10/2017/193,Sirmur,West of Sataun,30.556872,77.623139,Rock              Slide,,,671.1641235351562,37.720932597773654,,
2259,HP/SIR/53F10/2017/66,Sirmur,Kandon,30.556981,77.616055,Rock              Slide,,,750.5747680664062,35.119900985654326,,
2260,HP/SIR/53F06/2017/289,Sirmur,"Daghat, NahanRama Don road",30.557001,77.367543,Rock              Slide,,,691.1425170898438,27.140375429149348,,
2261,HP/SIR/53F14/2017/2,Sirmur,North of Kalawar,30.557038,77.817361,Rock              Slide,,,650.5448608398438,36.98047093080942,,
2262,HP/SIR/53F10/2017/196,Sirmur,West of Sataun,30.557048,77.62121,Rock              Slide,,,714.6524047851562,40.00881675468931,,
2263,HP/SIR/53F06/2017/286,Sirmur,"Daghat, NahanRama Don road",30.557387,77.362984,Rock              Slide,,,686.849853515625,19.349482932202974,,
2264,HP/SIR/53F14/2017/12,Sirmur,Dharnogh,30.557436,77.779132,Rock              Slide,,,589.2926025390625,44.05392154807538,,
2265,HP/SIR/53F10/2017/12,Sirmur,Rajpur R.F.,30.557505,77.728204,Rock              Slide,,,1457.0118408203125,52.557025551843815,,
2266,HP/SIR/53F10/2017/195,Sirmur,West of Sataun,30.557556,77.622111,Rock              Slide,,,712.9487915039062,44.95292003633827,,
2267,HP/SIR/53F14/2017/13,Sirmur,Dharnogh,30.557674,77.779581,Rock              Slide,,,570.9215087890625,43.84556089978118,,
2268,HP/SIR/53F10/2017/65,Sirmur,West of Sataun,30.557697,77.622709,Rock              Slide,,,738.2037353515625,35.47031974024868,,
2269,HP/SIR/53F14/2017/11,Sirmur,Dharnogh,30.557803,77.780068,Rock              Slide,,,594.0687866210938,42.068012419435426,,
2270,HP/SIR/53F14/2017/10,Sirmur,Dharnogh,30.558109,77.7811,Rock              Slide,,,613.3723754882812,39.90248199713717,,
2271,HP/SIR/53F10/2017/186,Sirmur,South of Detar,30.558135,77.551492,Rock cum debris   Slide,,,851.4273071289062,40.66221747885834,,
2272,HP/SIR/53F06/2017/287,Sirmur,"Daghat, NahanRama Don road",30.558245,77.364637,Rock              Slide,,,676.66455078125,41.04113753871519,,
2273,HP/SIR/53F02/2017/50,Sirmur,BurmaParaliNahan road,30.558274,77.190015,Rock              Slide,,,420.7808532714844,46.86047533138004,,
2274,HP/SIR/53F06/2017/301,Sirmur,"Rama, NahanRama Don road",30.559264,77.372515,Rock              Slide,,,740.3030395507812,45.43628924314339,,
2275,HP/SIR/53F10/2017/61,Sirmur,Kanyon,30.559665,77.539273,Rock              Slide,,,847.4300537109375,47.24464315027099,,
2276,HP/SIR/53F10/2017/185,Sirmur,South of Tapri,30.559997,77.61479,Rock              Slide,,,638.99951171875,44.74991431962694,,
2277,HP/SIR/53F10/2017/168,Sirmur,South of Rudane,30.560251,77.747453,Rock              Slide,,,1200.4603271484375,37.723550309347054,,
2278,HP/SIR/53F06/2017/300,Sirmur,"RamaDon slide Rama, NahanRama Don road",30.560516,77.375735,Rock              Slide,,,776.7110595703125,43.707096465687016,,
2279,HP/SIR/53F10/2017/167,Sirmur,South of Rudane,30.560565,77.747255,Rock              Slide,,,1192.3699951171875,40.63582478535642,,
2280,HP/SIR/53F10/2017/190,Sirmur,South of Detar,30.560657,77.542548,Rock              Slide,,,820.6795654296875,32.18201453769461,,
2281,HP/SIR/53F10/2017/188,Sirmur,South of Detar,30.560862,77.546242,Rock              Slide,,,889.5372924804688,30.47309438202164,,
2282,HP/SIR/53F14/2017/15,Sirmur,Ambheta,30.561051,77.769193,Rock              Slide,,,653.9566040039062,37.58452596341826,,
2283,HP/SIR/53F10/2017/187,Sirmur,South of Detar,30.561102,77.553012,Rock              Slide,,,751.8042602539062,34.7653565135496,,
2284,HP/SIR/53F10/2017/166,Sirmur,South of Rudane,30.561105,77.747737,Rock              Slide,,,1265.518798828125,42.61653026403773,,
2285,HP/SIR/53F06/2017/290,Sirmur,"Khakari, NahanRama Don road",30.561124,77.374098,Rock              Slide,,,742.1838989257812,38.30331788480199,,
2286,HP/SIR/53F10/2017/9,Sirmur,South of Tapri,30.561381,77.620104,Rock              Slide,,,525.7362060546875,26.167142549865183,,
2287,HP/SIR/53F10/2017/8,Sirmur,South of Tapri,30.561424,77.621071,Rock              Slide,,,541.8460083007812,30.196736748576416,,
2288,HP/SIR/53F10/2017/189,Sirmur,South of Detar,30.561605,77.544762,Rock              Slide,,,817.103271484375,36.04332788602537,,
2289,HP/SIR/53F14/2017/14,Sirmur,Ambheta,30.562347,77.767561,Rock              Slide,,,716.4153442382812,43.88337266706447,,
2290,HP/SIR/53F02/2017/37,Sirmur,,30.562484,77.240475,Rock              Slide,,,525.603515625,34.18200535395742,,
2291,HP/SIR/53F10/2017/25,Sirmur,Sadiyar landslide Sadiyar,30.562642,77.566015,Rock cum debris   Slide,,,665.2120361328125,33.33173731272852,,
2292,HP/SIR/53F10/2017/62,Sirmur,Kanyon,30.562878,77.540032,Rock              Slide,,,717.3197631835938,47.19437991444462,,
2293,HP/SIR/53F02/2017/38,Sirmur,,30.562932,77.240255,Rock              Slide,,,531.3064575195312,27.02398195717982,,
2294,HP/SIR/53F06/2017/362,Sirmur,Kansar R.F.,30.564086,77.493167,Rock              Slide,,,832.7889404296875,28.464726379867177,,
2295,HP/SIR/53F02/2017/81,Sirmur,,30.564298,77.173239,Rock              Slide,,,408.3031921386719,10.122321453263798,,
2296,HP/SIR/53F10/2017/60,Sirmur,Haldwari,30.564329,77.531325,Rock              Slide,,,743.2538452148438,32.501079742700725,,
2297,HP/SIR/53F10/2017/180,Sirmur,Bhujon,30.564428,77.576934,Rock cum debris   Slide,,,665.8043823242188,42.92896971681393,,
2298,HP/SIR/53F10/2017/58,Sirmur,Haldwari,30.56445,77.531949,Rock cum debris   Slide,,,725.340576171875,40.090558480389426,,
2299,HP/SIR/53F06/2017/363,Sirmur,Kansar R.F.,30.564454,77.493151,Rock              Slide,,,835.2103881835938,31.047204335104905,,
2300,HP/SIR/53F02/2017/82,Sirmur,,30.564477,77.176865,Rock              Slide,,,447.5426330566406,4.217750907318843,,
2301,HP/SIR/53F10/2017/181,Sirmur,Bhujon,30.564508,77.580479,Rock cum debris   Slide,,,614.2044067382812,44.50693205513481,,
2302,HP/SIR/53F10/2017/59,Sirmur,Haldwari,30.564639,77.532567,Rock              Slide,,,729.64013671875,36.67066260212094,,
2303,HP/SIR/53F10/2017/26,Sirmur,Sadiyar landslide Sadiyar,30.564822,77.567919,Rock cum debris   Slide,,,651.4330444335938,39.16394414623324,,
2304,HP/SIR/53F02/2017/80,Sirmur,,30.564892,77.17274,Rock              Slide,,,412.5967712402344,13.646892810128508,,
2305,HP/SIR/53F02/2017/79,Sirmur,,30.565149,77.175564,Rock              Slide,,,430.0118408203125,23.8146961984302,,
2306,HP/SIR/53F10/2017/7,Sirmur,Bhujon,30.565182,77.584104,Debris            Slide,,,623.60693359375,43.87588446938094,,
2307,HP/SIR/53F10/2017/39,Sirmur,Haryal,30.565222,77.603583,Rock              Slide,,,574.8569946289062,32.58969224565375,,
2308,HP/SIR/53F06/2017/373,Sirmur,Rohas,30.565316,77.397817,Rock              Slide,,,802.5549926757812,27.464885431491776,,
2309,HP/SIR/53F02/2017/61,Sirmur,Left bank of Mazar ki Nadi,30.565342,77.187336,Rock              Slide,,,438.0518493652344,31.269713025963185,,
2310,HP/SIR/53F06/2017/291,Sirmur,"Daghera R.F., NahanBirla road",30.565347,77.378611,Debris            Slide,,,916.8746948242188,24.11021998539095,,
2311,HP/SIR/53F02/2017/85,Sirmur,,30.565364,77.177537,Rock              Slide,,,465.2394409179687,26.58063760516687,,
2312,HP/SIR/53F10/2017/182,Sirmur,Dadua,30.565385,77.586311,Debris            Slide,,,661.1588134765625,42.35094283273013,,
2313,HP/SIR/53F10/2017/169,Sirmur,South of Rudane,30.565455,77.746417,Rock              Slide,,,1432.4849853515625,33.09617665542082,,
2314,HP/SIR/53F06/2017/292,Sirmur,"Daghera R.F., NahanBirla road",30.565619,77.385726,Rock              Slide,,,998.1259765625,36.038457276186435,,
2315,HP/SIR/53F10/2017/126,Sirmur,"Chilon, PaontaShillai road",30.56571,77.648572,Rock              Slide,,,758.8607177734375,30.40582698989371,,
2316,HP/SIR/53F02/2017/83,Sirmur,,30.565714,77.178797,Rock              Slide,,,482.5873107910156,32.596028467965596,,
2317,HP/SIR/53F02/2017/78,Sirmur,Left bank of River,30.565717,77.179694,Rock              Slide,,,471.0519714355469,36.018404198456,,
2318,HP/SIR/53F02/2017/84,Sirmur,,30.565775,77.176542,Rock              Slide,,,476.2608337402344,27.56101044868967,,
2319,HP/SIR/53F06/2017/379,Sirmur,Rohas,30.565789,77.397033,Rock              Slide,,,877.6243896484375,39.685531038862216,,
2320,HP/SIR/53F06/2017/305,Sirmur,Rohas,30.565923,77.396645,Rock              Slide,,,899.4344482421875,40.8434377440505,,
2321,HP/SIR/53F10/2017/179,Sirmur,Salri,30.566166,77.570773,Rock cum debris   Slide,,,582.494140625,9.252984537559971,,
2322,HP/SIR/53F06/2017/364,Sirmur,Torwali,30.566251,77.483458,Rock              Slide,,,795.9833374023438,30.96522928898852,,
2323,HP/SIR/53F06/2017/293,Sirmur,"Daghera R.F., NahanBirla road",30.566309,77.385901,Rock              Slide,,,1015.1625366210938,32.67906626657483,,
2324,HP/SIR/53F02/2017/36,Sirmur,,30.566465,77.239503,Rock              Slide,,,506.885986328125,24.846460117094068,,
2325,HP/SIR/53F02/2017/62,Sirmur,Left bank of Mazar ki Nadi,30.566512,77.186748,Rock              Slide,,,467.3998107910156,34.72691208940806,,
2326,HP/SIR/53F10/2017/52,Sirmur,"Sataun, DadahuSataun road",30.566614,77.635869,Rock              Slide,,,772.8244018554688,48.0375727551277,,
2327,HP/SIR/53F06/2017/298,Sirmur,"Rama, NahanRama Don road",30.566634,77.38041,Rock              Slide,,,961.163330078125,40.62274689852515,,
2328,HP/SIR/53F06/2017/380,Sirmur,Rohas,30.566663,77.399032,Rock              Slide,,,773.5872192382812,39.114459985771155,,
2329,HP/SIR/53F06/2017/377,Sirmur,Rohas,30.566665,77.39826,Rock              Slide,,,810.9370727539062,30.11094245304932,,
2330,HP/SIR/53F06/2017/378,Sirmur,Rohas,30.566783,77.397057,Rock              Slide,,,878.8134765625,38.53748973378842,,
2331,HP/SIR/53F02/2017/34,Sirmur,Bahar link road,30.567039,77.237415,Rock              Slide,,,513.1679077148438,15.338583785285584,,
2332,HP/SIR/53F02/2017/35,Sirmur,,30.567039,77.237415,Rock              Slide,,,513.1679077148438,15.338583785285584,,
2333,HP/SIR/53F06/2017/299,Sirmur,"Rama, NahanRama Don road",30.56707,77.380899,Rock              Slide,,,951.4530639648438,47.080776574910765,,
2334,HP/SIR/53F10/2017/164,Sirmur,North of Barwa,30.567127,77.657649,Rock cum debris   Slide,,,808.9948120117188,37.87285294622139,,
2335,HP/SIR/53F06/2017/367,Sirmur,Torwali,30.567215,77.493903,Rock              Slide,,,831.6646118164062,47.108480058011125,,
2336,HP/SIR/53F06/2017/294,Sirmur,"Daghera R.F., NahanBirla road",30.567436,77.387334,Rock              Slide,,,1014.8770751953124,38.542745848766074,,
2337,HP/SIR/53F14/2017/16,Sirmur,Nigali R.F.,30.567458,77.766471,Rock              Slide,,,587.6219482421875,27.227052158306044,,
2338,HP/SIR/53F06/2017/376,Sirmur,Rohas,30.567475,77.400705,Rock cum debris   Slide,,,767.3688354492188,35.938609023473504,,
2339,HP/SIR/53F02/2017/63,Sirmur,Near Lehi village,30.567499,77.186832,Rock              Slide,,,454.9601135253906,27.22021929946118,,
2340,HP/SIR/53F06/2017/374,Sirmur,Rohas,30.567611,77.401175,Rock              Slide,,,747.9465942382812,35.77110175968694,,
2341,HP/SIR/53F06/2017/306,Sirmur,Rohas,30.567634,77.40092,Rock              Slide,,,767.3688354492188,35.938635490742996,,
2342,HP/SIR/53F06/2017/375,Sirmur,Rohas,30.567684,77.400445,Rock              Slide,,,799.1443481445312,33.93251842424117,,
2343,HP/SIR/53F06/2017/372,Sirmur,Rohas,30.56769,77.399598,Rock cum debris   Slide,,,803.4254150390625,39.781329834688954,,
2344,HP/SIR/53F10/2017/51,Sirmur,"Sataun, DadahuSataun road",30.56773,77.636011,Rock              Slide,,,801.058837890625,43.8805392011483,,
2345,HP/SIR/53F06/2017/307,Sirmur,Rohas,30.567809,77.400231,Rock cum debris   Slide,,,801.2725219726562,39.041277164951495,,
2346,HP/SIR/53F02/2017/64,Sirmur,LehiKaulawala bhood road,30.568351,77.187204,Rock              Slide,,,452.62738037109375,42.23434723950757,,
2347,HP/SIR/53F10/2017/57,Sirmur,Dabra,30.5686,77.519308,Rock              Slide,,,685.8817138671875,40.69798998367057,,
2348,HP/SIR/53F06/2017/361,Sirmur,Kansar R.F.,30.568784,77.497862,Rock cum debris   Slide,,,761.8719482421875,39.85826201587459,,
2349,HP/SIR/53F02/2017/65,Sirmur,LehiKaulawala bhood road,30.569253,77.18782,Rock              Slide,,,469.2622375488281,39.82191634694958,,
2350,HP/SIR/53F10/2017/54,Sirmur,North of Baneri,30.569359,77.509781,Rock              Slide,,,676.6741333007812,38.13205760172491,,
2351,HP/SIR/53F10/2017/46,Sirmur,"Sataun, DadahuSataun road",30.569415,77.630775,Rock              Slide,,,741.4871826171875,38.77503965585913,,
2352,HP/SIR/53F10/2017/53,Sirmur,North of Baneri,30.56942,77.507564,Rock              Slide,,,713.2363891601562,37.589320980998856,,
2353,HP/SIR/53F10/2017/35,Sirmur,"Jhankar, DadahuSataun road",30.569503,77.609317,Rock cum debris   Slide,,,612.7146606445312,36.20025192840268,,
2354,HP/SIR/53F10/2017/50,Sirmur,"Sataun, DadahuSataun road",30.569554,77.633772,Rock              Slide,,,789.533447265625,42.9400886865711,,
2355,HP/SIR/53F06/2017/365,Sirmur,Torwali,30.569842,77.476005,Rock              Slide,,,1020.5877075195312,38.11126713110646,,
2356,HP/SIR/53F02/2017/66,Sirmur,BurmaParaliNahan road,30.569856,77.188142,Rock              Slide,,,458.0131530761719,33.680888490900216,,
2357,HP/SIR/53F02/2017/33,Sirmur,KumarhattiNahan road,30.570066,77.236443,Rock              Slide,,,535.0374755859375,20.364118625666997,,
2358,HP/SIR/53F10/2017/191,Sirmur,North of Baneri,30.570362,77.504277,Rock              Slide,,,820.57177734375,27.474289599235373,,
2359,HP/SIR/53F10/2017/34,Sirmur,"Dadua, DadahuSataun road",30.570367,77.597624,Rock cum debris   Slide,,,604.6151123046875,22.04725256522248,,
2360,HP/SIR/53F10/2017/32,Sirmur,"Dadua, DadahuSataun road",30.570515,77.594808,Rock cum debris   Slide,,,631.6264038085938,35.624059188166164,,
2361,HP/SIR/53F10/2017/49,Sirmur,"Sataun, DadahuSataun road",30.57053,77.634866,Rock              Slide,,,889.38720703125,49.41751499725471,,
2362,HP/SIR/53F06/2017/366,Sirmur,Torwali,30.570682,77.477886,Rock              Slide,,,1058.209228515625,39.12301031421936,,
2363,HP/SIR/53F10/2017/33,Sirmur,"Dadua, DadahuSataun road",30.570699,77.596106,Rock cum debris   Slide,,,615.8687744140625,31.488839454107055,,
2364,HP/SIR/53F10/2017/38,Sirmur,"North of Manal,",30.57073,77.614378,Rock              Slide,,,611.9432373046875,46.70487549332226,,
2365,HP/SIR/53F02/2017/67,Sirmur,NarayangadMajara road,30.570745,77.189116,Rock              Slide,,,440.9685974121094,20.53356082569719,,
2366,HP/SIR/53F02/2017/32,Sirmur,Bahar link road,30.570784,77.236195,Rock              Slide,,,543.0707397460938,28.43280550273818,,
2367,HP/SIR/53F10/2017/55,Sirmur,North of Baneri,30.570794,77.502231,Rock              Slide,,,930.2147827148438,38.700196376125504,,
2368,HP/SIR/53F06/2017/285,Sirmur,"Kanaun, NahanRama Don road",30.570842,77.326262,Rock              Slide,,,781.3072509765625,30.857251059284543,,
2369,HP/SIR/53F10/2017/184,Sirmur,"Dadua, DadahuSataun road",30.570876,77.592462,Debris            Slide,,,670.632080078125,46.77608856821471,,
2370,HP/SIR/53F02/2017/48,Sirmur,,30.570974,77.233602,Rock              Slide,,,552.5843505859375,23.05803106531796,,
2371,HP/SIR/53F10/2017/45,Sirmur,"Sataun, DadahuSataun road",30.571093,77.629904,Rock              Slide,,,827.22216796875,42.81382052128189,,
2372,HP/SIR/53F06/2017/295,Sirmur,"Daghera R.F., NahanBirla road",30.571198,77.391179,Rock              Slide,,,1037.4263916015625,27.77003034866414,,
2373,HP/SIR/53F10/2017/24,Sirmur,Jandnian,30.571409,77.55816,Rock cum debris   Slide,,,638.339599609375,39.22300604597445,,
2374,HP/SIR/53F10/2017/37,Sirmur,"North of Manal,",30.571449,77.614421,Rock              Slide,,,595.2625122070312,37.74038691894049,,
2375,HP/SIR/53F06/2017/284,Sirmur,"Kanaun, NahanRama Don road",30.571531,77.325988,Rock              Slide,,,787.2429809570312,36.50166340038031,,
2376,HP/SIR/53F10/2017/48,Sirmur,"Sataun, DadahuSataun road",30.571659,77.634617,Rock              Slide,,,956.3301391601562,43.75590582652967,,
2377,HP/SIR/53F10/2017/47,Sirmur,"Sataun, DadahuSataun road",30.571793,77.63146,Rock              Slide,,,888.7457275390625,41.44144387040911,,
2378,HP/SIR/53F06/2017/297,Sirmur,"Talo, NahanRama Don road",30.572068,77.321236,Rock              Slide,,,765.583251953125,21.74806781734404,,
2379,HP/SIR/53F10/2017/10,Sirmur,Salag R.F.,30.572081,77.656766,Rock cum debris   Slide,,,728.0493774414062,28.601152861980093,,
2380,HP/SIR/53F10/2017/183,Sirmur,"Bhujon, DadahuSataun road",30.572297,77.583617,Rock              Slide,,,674.2920532226562,42.90873283327321,,
2381,HP/SIR/53F06/2017/114,Sirmur,"Banog, NahanDadahu road",30.572299,77.294477,Rock              Slide,,,771.2866821289062,29.15539957192334,,
2382,HP/SIR/53F14/2017/20,Sirmur,Nigali R.F.,30.57238,77.764971,Rock              Slide,,,599.4453735351562,46.760630882520395,,
2383,HP/SIR/53F10/2017/11,Sirmur,Salag R.F.,30.572886,77.656911,Rock cum debris   Slide,,,746.7413940429688,26.69284534344645,,
2384,HP/SIR/53F06/2017/304,Sirmur,Rohas,30.5729,77.396414,Rock              Slide,,,972.1409301757812,34.05604687949179,,
2385,HP/SIR/53F02/2017/31,Sirmur,BanogKaulawala bhood road,30.572907,77.234883,Rock              Slide,,,529.9113159179688,16.477343874610984,,
2386,HP/SIR/53F10/2017/125,Sirmur,"North of Chilon,",30.572931,77.652467,Rock              Slide,,,899.6676635742188,5.44699639813554,,
2387,HP/SIR/53F10/2017/56,Sirmur,North of Baneri,30.57352,77.506004,Rock              Slide,,,946.3671875,37.95023598146454,,
2388,HP/SIR/53F06/2017/113,Sirmur,"Banog, NahanDadahu road",30.573562,77.295235,Rock              Slide,,,766.6377563476562,27.570154777285463,,
2389,HP/SIR/53F06/2017/303,Sirmur,Rohas,30.573664,77.397066,Rock              Slide,,,921.911376953125,41.59553818928641,,
2390,HP/SIR/53F10/2017/36,Sirmur,"Jhankar, DadahuSataun road",30.573801,77.612013,Rock cum debris   Slide,,,607.8676147460938,45.245281843359926,,
2391,HP/SIR/53F06/2017/112,Sirmur,"Banog, NahanDadahu road",30.574188,77.294989,Rock              Slide,,,758.4724731445312,20.260915226804876,,
2392,HP/SIR/53F06/2017/283,Sirmur,"Talo, NahanRama Don road",30.574348,77.317295,Rock              Slide,,,779.3272705078125,18.35832102195021,,
2393,HP/SIR/53F06/2017/246,Sirmur,Tanlog,30.574411,77.494649,Rock              Slide,,,880.0711669921875,38.040085131424064,,
2394,HP/SIR/53F06/2017/310,Sirmur,Rohas,30.574478,77.4003,Rock              Slide,,,816.9078369140625,37.53690024991303,,
2395,HP/SIR/53F14/2017/19,Sirmur,Nigali R.F.,30.574653,77.75998,Rock              Slide,,,668.3275756835938,40.43238388148011,,
2396,HP/SIR/53F06/2017/247,Sirmur,Tanlog,30.574709,77.492147,Rock              Slide,,,739.7821655273438,41.04216509092621,,
2397,HP/SIR/53F06/2017/296,Sirmur,"Serta, NahanRamaDon road",30.574933,77.317399,Rock              Slide,,,763.2542724609375,27.327572763027565,,
2398,HP/SIR/53F10/2017/240,Sirmur,Kufar,30.575139,77.732127,Rock              Slide,,,1641.2886962890625,53.73288499022758,,
2399,HP/SIR/53F06/2017/309,Sirmur,Rohas,30.575203,77.401924,Rock              Slide,,,868.1557006835938,41.6314717471179,,
2400,HP/SIR/53F10/2017/27,Sirmur,"Sadiyar, DadahuSataun road",30.575256,77.5723,Rock              Slide,,,731.2794189453125,43.634112170169814,,
2401,HP/SIR/53F10/2017/241,Sirmur,Kufar,30.575654,77.731745,Rock              Slide,,,1627.3577880859375,51.37804574826029,,
2402,HP/SIR/53F06/2017/308,Sirmur,Rohas,30.575702,77.402354,Rock              Slide,,,889.7531127929688,38.3906353746865,,
2403,HP/SIR/53F10/2017/29,Sirmur,"Sadiyar, DadahuSataun road",30.575732,77.574584,Rock cum debris   Slide,,,761.6726684570312,38.05856726937436,,
2404,HP/SIR/53F14/2017/18,Sirmur,Nigali R.F.,30.575858,77.759061,Rock              Slide,,,670.3346557617188,48.81631819812903,,
2405,HP/SIR/53F10/2017/28,Sirmur,"Sadiyar, DadahuSataun road",30.575886,77.572783,Rock              Slide,,,776.1982421875,41.965152521116494,,
2406,HP/SIR/53F06/2017/279,Sirmur,"Serta, NahanRamaDon road",30.576191,77.304949,Rock              Slide,,,749.2937622070312,14.32896860210907,,
2407,HP/SIR/53F06/2017/111,Sirmur,"Banog, NahanDadahu road",30.576237,77.296903,Rock              Slide,,,756.5848388671875,27.116736934036755,,
2408,HP/SIR/53F02/2017/39,Sirmur,,30.576308,77.191744,Rock              Slide,,,445.2756958007813,25.949144263379218,,
2409,HP/SIR/53F06/2017/311,Sirmur,Rohas,30.576447,77.398106,Rock cum debris   Slide,,,839.8612670898438,29.389038370299957,,
2410,HP/SIR/53F06/2017/278,Sirmur,"Serta, NahanRamaDon road",30.576599,77.303591,Rock              Slide,,,747.3577880859375,13.570358380620824,,
2411,HP/SIR/53F14/2017/21,Sirmur,Nigali R.F.,30.576606,77.75553,Rock              Slide,,,924.5752563476562,43.64594898611318,,
2412,HP/SIR/53F02/2017/40,Sirmur,,30.576699,77.191566,Rock              Slide,,,442.4984436035156,30.137917710259995,,
2413,HP/SIR/53F10/2017/30,Sirmur,"Sadiyar, DadahuSataun road",30.576753,77.575427,Rock cum debris   Slide,,,702.5955200195312,37.17713517136131,,
2414,HP/SIR/53F10/2017/31,Sirmur,"Bhujon, DadahuSataun road",30.577107,77.576408,Rock cum debris   Slide,,,723.6851806640625,44.11150354992102,,
2415,HP/SIR/53F10/2017/124,Sirmur,"Birpa, Paontashillai road",30.577163,77.65423,Rock              Slide,,,943.22607421875,40.127613663156666,,
2416,HP/SIR/53F02/2017/41,Sirmur,,30.577169,77.191512,Rock              Slide,,,450.8909301757813,25.145056486824505,,
2417,HP/SIR/53F10/2017/242,Sirmur,Kufar,30.577379,77.729557,Rock              Slide,,,1500.83837890625,46.69249129376427,,
2418,HP/SIR/53F06/2017/248,Sirmur,Tanlog,30.577693,77.495078,Rock              Slide,,,758.2991333007812,32.042634710242965,,
2419,HP/SIR/53F06/2017/280,Sirmur,"Serta, NahanRamaDon road",30.577835,77.305778,Rock              Slide,,,744.6143188476562,24.08643365854497,,
2420,HP/SIR/53F06/2017/249,Sirmur,Tanlog,30.577898,77.488982,Rock              Slide,,,811.5880126953125,44.99156338652249,,
2421,HP/SIR/53F10/2017/239,Sirmur,Kufar,30.577986,77.730328,Rock              Slide,,,1409.4407958984375,37.611137879489135,,
2422,HP/SIR/53F06/2017/127,Sirmur,Kandon Bhaila R.F.,30.578047,77.442879,Rock              Slide,,,988.2645263671876,33.913099111737615,,
2423,HP/SIR/53F06/2017/126,Sirmur,Kandon Bhaila R.F.,30.57842,77.443126,Rock              Slide,,,981.0896606445312,29.26926036142014,,
2424,HP/SIR/53F10/2017/233,Sirmur,North of Kufar,30.578562,77.737415,Rock              Slide,,,1371.4669189453125,40.92553756425174,,
2425,HP/SIR/53F06/2017/125,Sirmur,Kandon Bhaila R.F.,30.578626,77.442946,Rock              Slide,,,987.8318481445312,31.7305153975212,,
2426,HP/SIR/53F06/2017/302,Sirmur,Jadhaun,30.578676,77.395993,Rock              Slide,,,945.0675659179688,41.75857652443718,,
2427,HP/SIR/53F10/2017/234,Sirmur,North of Kufar,30.57879,77.736254,Rock              Slide,,,1400.5587158203125,38.13629866214054,,
2428,HP/SIR/53F06/2017/250,Sirmur,Tanlog,30.579006,77.488884,Rock              Slide,,,795.360595703125,45.00807358534111,,
2429,HP/SIR/53F06/2017/281,Sirmur,"Serta, NahanRamaDon road",30.579008,77.305405,Rock              Slide,,,745.6920776367188,17.328083407786398,,
2430,HP/SIR/53F10/2017/6,Sirmur,North of Bhujon,30.5793,77.579217,Rock              Slide,,,927.5643920898438,40.99210650841325,,
2431,HP/SIR/53F10/2017/235,Sirmur,North of Kufar,30.57935,77.736016,Rock              Slide,,,1358.4073486328125,38.337658266630434,,
2432,HP/SIR/53F06/2017/251,Sirmur,Tanlog,30.579419,77.489113,Rock              Slide,,,790.1781005859375,44.785964577307496,,
2433,HP/SIR/53F10/2017/236,Sirmur,North of Kufar,30.579481,77.735403,Rock              Slide,,,1391.3182373046875,42.80412812520582,,
2434,HP/SIR/53F06/2017/110,Sirmur,"Talon, nahanDadahu road",30.579735,77.295501,Rock              Slide,,,796.1405029296875,29.752836605215016,,
2435,HP/SIR/53F02/2017/42,Sirmur,,30.579791,77.193439,Rock              Slide,,,439.2168884277344,29.12079179669867,,
2436,HP/SIR/53F06/2017/282,Sirmur,"Serta, NahanRamaDon road",30.580003,77.306849,Rock              Slide,,,738.8700561523438,32.26201716241206,,
2437,HP/SIR/53F10/2017/237,Sirmur,North of Kufar,30.580069,77.733593,Rock              Slide,,,1268.22509765625,53.16605812938453,,
2438,HP/SIR/53F02/2017/43,Sirmur,KumarhattiNahan road,30.580348,77.192899,Rock              Slide,,,454.9596557617187,20.22711880125216,,
2439,HP/SIR/53F06/2017/109,Sirmur,"Talon, nahanDadahu road",30.580357,77.296458,Rock              Slide,,,801.9052124023438,25.891358180317138,,
2440,HP/SIR/53F10/2017/23,Sirmur,Abra Slide Abra,30.58039,77.554812,Rock cum debris   Slide,,,912.8245239257812,38.93360996414592,,
2441,HP/SIR/53F06/2017/352,Sirmur,Chaur,30.580429,77.433603,Rock              Slide,,,901.529541015625,41.66033902959073,,
2442,HP/SIR/53F10/2017/238,Sirmur,North of Kufar,30.580509,77.733835,Rock              Slide,,,1202.819580078125,52.65290688071324,,
2443,HP/SIR/53F02/2017/44,Sirmur,KumarhattiNahan road,30.580815,77.192326,Rock              Slide,,,467.4082946777344,24.54593088148586,,
2444,HP/SIR/53F06/2017/349,Sirmur,Chaur,30.58137,77.436221,Rock              Slide,,,796.2295532226562,45.11500762797594,,
2445,HP/SIR/53F06/2017/315,Sirmur,Chandni,30.581634,77.544806,Rock              Slide,,,997.8375854492188,37.220046858373365,,
2446,HP/SIR/53F10/2017/209,Sirmur,Abra,30.581816,77.553307,Rock              Slide,,,960.041748046875,36.18716101280968,,
2447,HP/SIR/53F10/2017/210,Sirmur,Abra,30.581942,77.553009,Rock              Slide,,,941.6206665039062,39.976344147970934,,
2448,HP/SIR/53F10/2017/225,Sirmur,Banor,30.581973,77.745424,Rock              Slide,,,1182.291015625,39.70663357210301,,
2449,HP/SIR/53F10/2017/208,Sirmur,Abra,30.582056,77.553995,Rock              Slide,,,991.310546875,38.012525839878535,,
2450,HP/SIR/53F06/2017/108,Sirmur,"Jangirub, Nahan",30.582121,77.297798,Rock              Slide,,,833.8681030273438,34.15910708822429,,
2451,HP/SIR/53F10/2017/207,Sirmur,Abra,30.582323,77.553488,Rock              Slide,,,986.9136352539062,39.245846724486185,,
2452,HP/SIR/53F06/2017/19,Sirmur,Mehat,30.582735,77.478151,Debris            Slide,,,837.0912475585938,26.001999378276498,,
2453,HP/SIR/53F06/2017/20,Sirmur,Mehat,30.582889,77.47487,Rock cum debris   Slide,,,761.7857666015625,38.35418050507805,,
2454,HP/SIR/53F10/2017/246,Sirmur,Nigali,30.582987,77.729204,Rock              Slide,,,1265.415283203125,52.55097545004435,,
2455,HP/SIR/53F14/2017/17,Sirmur,Nigali R.F.,30.583117,77.754965,Rock              Slide,,,747.731689453125,49.93758728963161,,
2456,HP/SIR/53F14/2017/22,Sirmur,Nigali R.F.,30.583117,77.754965,Rock              Slide,,,747.731689453125,49.93758728963161,,
2457,HP/SIR/53F06/2017/350,Sirmur,Chaur,30.583708,77.43171,Rock              Slide,,,950.7611083984376,29.15384746179176,,
2458,HP/SIR/53F02/2017/71,Sirmur,NH72,30.583756,77.232885,Rock              Slide,,,633.92578125,30.651772334999293,,
2459,HP/SIR/53F06/2017/66,Sirmur,South of Jangirug,30.58384,77.29732,Rock,Slide,2012,849.0603637695312,38.57555069536971,,
2460,HP/SIR/53F06/2017/67,Sirmur,South of Jangirug,30.58386,77.29643,Rock,Slide,2012,844.5278930664062,34.29475361673488,,
2461,HP/SIR/53F10/2017/245,Sirmur,Nigali,30.583867,77.729523,Rock              Slide,,,1193.347900390625,41.6347046253093,,
2462,HP/SIR/53F06/2017/355,Sirmur,Chaur,30.583885,77.432713,Rock              Slide,,,912.958740234375,44.64142567981846,,
2463,HP/SIR/53F10/2017/228,Sirmur,Banor,30.583922,77.746206,Rock              Slide,,,1011.9451293945312,41.726637398063595,,
2464,HP/SIR/53F10/2017/42,Sirmur,Okhaltu,30.584037,77.621193,Rock              Slide,,,861.4768676757812,47.37910152078674,,
2465,HP/SIR/53F06/2017/356,Sirmur,Chaur,30.584086,77.43371,Rock              Slide,,,876.9996337890625,38.803401952796165,,
2466,HP/SIR/53F06/2017/107,Sirmur,"Jangirub, Nahan",30.584164,77.296146,Rock              Slide,,,844.8770141601562,33.98750696247441,,
2467,HP/SIR/53F10/2017/4,Sirmur,Guana,30.584246,77.508587,Rock              Slide,,,693.7127075195312,10.418813171368493,,
2468,HP/SIR/53F10/2017/247,Sirmur,Nigali,30.584309,77.72925,Rock              Slide,,,1194.549560546875,41.8199044166902,,
2469,HP/SIR/53F10/2017/40,Sirmur,Okhaltu,30.584329,77.618933,Rock              Slide,,,837.1382446289062,45.629337665987705,,
2470,HP/SIR/53F02/2017/70,Sirmur,NH72,30.584785,77.230105,Rock              Slide,,,605.0343017578125,38.27919066476691,,
2471,HP/SIR/53F06/2017/353,Sirmur,Chaur,30.584842,77.43347,Rock              Slide,,,893.2232055664062,41.689093459397704,,
2472,HP/SIR/53F10/2017/41,Sirmur,Okhaltu,30.585005,77.622296,Rock              Slide,,,996.4732666015624,45.29562683184193,,
2473,HP/SIR/53F10/2017/243,Sirmur,Nigali,30.585039,77.7262,Rock              Slide,,,1344.293212890625,21.83865232142948,,
2474,HP/SIR/53F10/2017/227,Sirmur,Banor,30.585161,77.744139,Rock              Slide,,,927.8375244140624,40.75344488134504,,
2475,HP/SIR/53F06/2017/360,Sirmur,Mehat,30.585209,77.479832,Rock              Slide,,,691.917236328125,36.038532136713584,,
2476,HP/SIR/53F06/2017/354,Sirmur,Chaur,30.585375,77.426301,Rock              Slide,,,873.472900390625,30.533162595911023,,
2477,HP/SIR/53F06/2017/65,Sirmur,Chandni,30.585383,77.540228,Rock              Slide,,,899.5841064453125,39.50794991427837,,
2478,HP/SIR/53F06/2017/314,Sirmur,Chandni,30.58546,77.539539,Rock              Slide,,,921.85400390625,39.59881156196051,,
2479,HP/SIR/53F10/2017/226,Sirmur,Banor,30.585667,77.746755,Rock              Slide,,,887.6210327148438,34.76050523762891,,
2480,HP/SIR/53F02/2017/68,Sirmur,,30.585778,77.225786,Rock              Slide,,,649.4191284179688,27.390432405181837,,
2481,HP/SIR/53F06/2017/351,Sirmur,Chaur,30.585824,77.433614,Rock              Slide,,,861.1209106445312,34.0115737449932,,
2482,HP/SIR/53F06/2017/106,Sirmur,"Jangirub, Nahan",30.585962,77.29643,Rock              Slide,,,864.9533081054688,38.77016117758487,,
2483,HP/SIR/53F06/2017/21,Sirmur,South of Khala,30.58601,77.497446,Rock              Slide,,,604.6583862304688,35.76314463843706,,
2484,HP/SIR/53F10/2017/3,Sirmur,Guana,30.586045,77.507477,Rock              Slide,,,674.3206176757812,38.32381600176829,,
2485,HP/SIR/53F02/2017/69,Sirmur,NH72,30.58616,77.22852,Rock              Slide,,,626.8922119140625,24.902405454017007,,
2486,HP/SIR/53F10/2017/22,Sirmur,Chandni Slide Chandni,30.586342,77.537132,Rock cum debris   Slide,,,980.3082275390624,43.53840391400291,,
2487,HP/SIR/53F06/2017/91,Sirmur,"NE of Mehat, DadahuSataun",30.586528,77.491288,Rock              Slide,,,725.6832885742188,39.29171028780935,,
2488,HP/SIR/53F10/2017/43,Sirmur,Okhaltu,30.586676,77.617731,Rock              Slide,,,865.9171752929688,42.02423587036391,,
2489,HP/SIR/53F10/2017/232,Sirmur,Banor,30.587111,77.741816,Rock              Slide,,,861.8148803710938,34.84928251502576,,
2490,HP/SIR/53F10/2017/123,Sirmur,"South of Deolan,",30.587142,77.650988,Rock              Slide,,,1085.486328125,39.90665731711075,,
2491,HP/SIR/53F10/2017/244,Sirmur,Nigali,30.587489,77.730646,Rock              Slide,,,1147.3818359375,43.47744170874057,,
2492,HP/SIR/53F06/2017/348,Sirmur,Tikar,30.587747,77.421454,Rock              Slide,,,819.4859008789062,49.486419306131445,,
2493,HP/SIR/53F06/2017/90,Sirmur,"NE of Mehat, DadahuSataun",30.587773,77.489025,Rock              Slide,,,677.3765258789062,39.9846725535473,,
2494,HP/SIR/53F10/2017/120,Sirmur,"South of Deolan,",30.587897,77.655223,Rock              Slide,,,1178.6181640625,37.41452518363508,,
2495,HP/SIR/53F10/2017/229,Sirmur,Banor,30.588195,77.743127,Rock              Slide,,,765.7933349609375,37.01838936582854,,
2496,HP/SIR/53F06/2017/92,Sirmur,"South of Khala,",30.588312,77.49624,Rock              Slide,,,704.0349731445312,40.87521181177398,,
2497,HP/SIR/53F10/2017/230,Sirmur,Banor,30.588322,77.743858,Rock              Slide,,,771.7109985351562,34.80987014854842,,
2498,HP/SIR/53F06/2017/105,Sirmur,"Jangirub, NahanDadahu road",30.588449,77.297322,Rock              Slide,,,908.78662109375,37.37801874124837,,
2499,HP/SIR/53F10/2017/231,Sirmur,Banor,30.588815,77.741691,Rock              Slide,,,805.5783081054688,44.87713879225709,,
2500,HP/SIR/53F10/2017/177,Sirmur,"North of Chandni,",30.588822,77.519218,Rock              Slide,,,723.648681640625,46.68946755930443,,
2501,HP/SIR/53F06/2017/71,Sirmur,South of Khala,30.588878,77.487156,Rock              Slide,,,687.7794189453125,39.090481013467354,,
2502,HP/SIR/53F10/2017/121,Sirmur,"South of Deolan,",30.588896,77.653453,Rock              Slide,,,1138.8992919921875,45.79466378160289,,
2503,HP/SIR/53F06/2017/347,Sirmur,Tikar,30.58896,77.422519,Rock              Slide,,,770.6471557617188,43.18054244333356,,
2504,HP/SIR/53F10/2017/175,Sirmur,"South of Pharuwala Falls,",30.589152,77.513847,Rock            Slide,,,695.76806640625,48.344784839664506,,
2505,HP/SIR/53F10/2017/44,Sirmur,Pipal,30.589376,77.615474,Rock            Slide,,,937.8778686523438,46.61911783505102,,
2506,HP/SIR/53F02/2017/45,Sirmur,KumarhattiNahan road,30.589404,77.191415,Rock            Slide,,,475.4023132324219,42.60210928588631,,
2507,HP/SIR/53F02/2017/72,Sirmur,NH72,30.589719,77.197398,Rock            Slide,,,473.5282897949219,29.37574415902725,,
2508,HP/SIR/53F10/2017/176,Sirmur,"North of Guana,",30.589749,77.516751,Rock            Slide,,,719.8622436523438,42.93265595947882,,
2509,HP/SIR/53F10/2017/122,Sirmur,"South of Deolan,",30.589799,77.652428,Rock            Slide,,,1125.343505859375,39.84508511183878,,
2510,HP/SIR/53F06/2017/329,Sirmur,"South of Lupu,",30.589806,77.500006,Rock            Slide,,,716.45068359375,38.699455481838555,,
2511,HP/SIR/53F10/2017/178,Sirmur,North of Chandni,30.590118,77.519794,Rock            Slide,,,758.0374755859375,37.96604091427691,,
2512,HP/SIR/53F10/2017/163,Sirmur,Deolan,30.590253,77.663671,Rock            Slide,,,1100.237548828125,49.365800832748576,,
2513,HP/SIR/53F02/2017/73,Sirmur,NH72,30.590367,77.198082,Rock            Slide,,,481.7042236328125,40.05347283613195,,
2514,HP/SIR/53F10/2017/162,Sirmur,Deolan,30.590473,77.662389,Rock            Slide,,,1113.84130859375,44.72518303489935,,
2515,HP/SIR/53F06/2017/224,Sirmur,South of Renuka Ji,30.590878,77.468077,Rock            Slide,,,790.8938598632812,42.86830928709931,,
2516,HP/SIR/53F02/2017/74,Sirmur,Along NH72,30.59095,77.197632,Rock            Slide,,,433.9241638183594,32.00072067517176,,
2517,HP/SIR/53F10/2017/5,Sirmur,Duhlia,30.591496,77.52015,Rock            Slide,,,804.3871459960938,55.82422683462997,,
2518,HP/SIR/53F10/2017/173,Sirmur,"Baicha, Dadahu",30.591546,77.503133,Rock            Slide,,,740.752197265625,38.87801292681479,,
2519,HP/SIR/53F10/2017/174,Sirmur,"Pharuwala Falls,",30.591977,77.512717,Rock            Slide,,,781.8150024414062,41.26391088074817,,
2520,HP/SIR/53F06/2017/104,Sirmur,"Chawahan, Nahan",30.592202,77.297388,Rock            Slide,,,938.6506958007812,29.107111776177874,,
2521,HP/SIR/53F10/2017/21,Sirmur,"Pharuwala Falls,",30.592253,77.511167,Rock            Slide,,,717.5781860351562,34.00902306882333,,
2522,HP/SIR/53F06/2017/222,Sirmur,South of Renuka Ji,30.592306,77.46919,Rock            Slide,,,794.6520385742188,35.60433263690158,,
2523,HP/SIR/53F02/2017/2,Sirmur,Bahar link road,30.592442,77.197668,Rock            Fall,,,484.9532470703125,30.56525993415668,,
2524,HP/SIR/53F10/2017/216,Sirmur,Deolan,30.592504,77.661036,Rock            Slide,,,1104.7562255859375,43.671649766011186,,
2525,HP/SIR/53F02/2017/6,Sirmur,NainatikkarSarahan road,30.592505,77.198119,Rock            Fall,,,495.0970458984375,24.22492554723407,,
2526,HP/SIR/53F06/2017/223,Sirmur,South of Renuka Ji,30.592576,77.468869,Rock            Slide,,,819.6852416992188,33.10105449482699,,
2527,HP/SIR/53F10/2017/153,Sirmur,Pamta P.F.,30.592774,77.712653,Rock            Slide,,,1372.019287109375,35.825456145298794,,
2528,HP/SIR/53F02/2017/29,Sirmur,BanogKaulawala bhood road,30.592822,77.19613,Rock            Slide,,,484.81640625,34.38965105692595,,
2529,HP/SIR/53F10/2017/154,Sirmur,Pamta P.F.,30.592836,77.708925,Rock            Slide,,,1367.8624267578125,54.00269721529111,,
2530,HP/SIR/53F06/2017/103,Sirmur,"Chawahan, Nahan",30.592864,77.298087,Rock            Slide,,,948.8591918945312,39.614881205801275,,
2531,HP/SIR/53F10/2017/1,Sirmur,Baicha,30.592957,77.50229,Rock            Slide,,,800.53955078125,28.594704199272353,,
2532,HP/SIR/53F02/2017/46,Sirmur,,30.593067,77.194589,Rock            Slide,,,488.21875,29.580912619049084,,
2533,HP/SIR/53F02/2017/28,Sirmur,KumarhattiNahan road,30.593099,77.197077,Rock            Slide,,,490.3133850097656,35.548395818782375,,
2534,HP/SIR/53F06/2017/70,Sirmur,Khala,30.593531,77.495663,Rock,Slide,2017,720.4688110351562,42.064287119644355,,
2535,HP/SIR/53F06/2017/221,Sirmur,South of Renuka Ji,30.593675,77.459477,Rock            Slide,,,677.13720703125,32.34667812403564,,
2536,HP/SIR/53F10/2017/155,Sirmur,Pamta P.F.,30.593879,77.706372,Rock            Slide,,,1388.755126953125,53.877654292014135,,
2537,HP/SIR/53F06/2017/102,Sirmur,"North of Chawahan,",30.593993,77.296802,Rock            Slide,,,948.2518310546876,34.90457282472433,,
2538,HP/SIR/53F06/2017/9,Sirmur,Taran,30.594016,77.474554,Rock            Slide,,,753.8609008789062,36.337151228119694,,
2539,HP/SIR/53F06/2017/101,Sirmur,"North of Chawahan,",30.594188,77.296319,Rock            Slide,,,960.2734375,29.422274843549168,,
2540,HP/SIR/53F10/2017/157,Sirmur,Behaldhar,30.594509,77.69491,Rock            Slide,,,1710.7410888671875,45.1903765434279,,
2541,HP/SIR/53F06/2017/217,Sirmur,South of Renuka Ji,30.594519,77.463335,Rock            Slide,,,843.6726684570312,36.879815904082086,,
2542,HP/SIR/53F06/2017/225,Sirmur,South of Renuka Ji,30.594743,77.472205,Rock            Slide,,,900.1741333007812,47.48192390608933,,
2543,HP/SIR/53F06/2017/232,Sirmur,South of Renuka Ji,30.594831,77.478943,Rock            Slide,,,786.2454833984375,46.86211420686383,,
2544,HP/SIR/53F06/2017/226,Sirmur,South of Renuka Ji,30.594877,77.47272,Rock              Slide,,,915.1192016601562,40.52528579731815,,
2545,HP/SIR/53F06/2017/230,Sirmur,South of Renuka Ji,30.595003,77.477996,Rock              Slide,,,822.9581298828125,43.47855497683834,,
2546,HP/SIR/53F06/2017/227,Sirmur,South of Renuka Ji,30.595124,77.471094,Rock              Slide,,,893.3991088867188,40.432630107626785,,
2547,HP/SIR/53F06/2017/229,Sirmur,South of Renuka Ji,30.595144,77.46899,Rock              Slide,,,983.1798095703124,31.87019490576649,,
2548,HP/SIR/53F06/2017/228,Sirmur,South of Renuka Ji,30.595202,77.472934,Rock              Slide,,,901.7561645507812,39.469284548624834,,
2549,HP/SIR/53F10/2017/158,Sirmur,Behaldhar,30.595236,77.69475,Rock              Slide,,,1666.96240234375,41.93926462746313,,
2550,HP/SIR/53F06/2017/220,Sirmur,South of Renuka Ji,30.595264,77.457866,Rock              Slide,,,679.6240234375,33.3397791336312,,
2551,HP/SIR/53F02/2017/47,Sirmur,,30.595394,77.194045,Rock              Slide,,,475.1308898925781,16.251961504560754,,
2552,HP/SIR/53F06/2017/231,Sirmur,South of Renuka Ji,30.595454,77.479514,Rock              Slide,,,846.7490234375,11.571139799004229,,
2553,HP/SIR/53F06/2017/15,Sirmur,South of Baneri,30.595571,77.388292,Rock              Slide,,,838.049560546875,41.15712359542525,,
2554,HP/SIR/53F10/2017/156,Sirmur,Behaldhar,30.595658,77.700842,Rock              Slide,,,1542.42138671875,49.2890114446947,,
2555,HP/SIR/53F06/2017/18,Sirmur,South of Baneri,30.595955,77.386349,Rock              Slide,,,926.3462524414062,41.23436096460791,,
2556,HP/SIR/53F10/2017/160,Sirmur,Kankot,30.596028,77.689696,Rock              Slide,,,1734.0614013671875,46.71790723342386,,
2557,HP/SIR/53F06/2017/185,Sirmur,"South of Kanoti, SH1",30.596311,77.285489,Rock cum debris   Slide,,,1090.3580322265625,37.83871660390084,,
2558,HP/SIR/53F06/2017/218,Sirmur,South of Renuka Ji,30.596407,77.462859,Rock              Slide,,,911.8916015625,44.14660383954648,,
2559,HP/SIR/53F06/2017/184,Sirmur,"South of Kanoti, SH1",30.596416,77.286487,Rock              Slide,,,1086.4163818359375,32.45722357772034,,
2560,HP/SIR/53F06/2017/14,Sirmur,Kashoga R.F.,30.596567,77.393825,Rock              Slide,,,837.258056640625,31.67265832747184,,
2561,HP/SIR/53F06/2017/10,Sirmur,Ganwara,30.596678,77.407991,Rock              Slide,,,789.30615234375,35.670277949894945,,
2562,HP/SIR/53F06/2017/219,Sirmur,South of Renuka Ji,30.596751,77.462563,Rock              Slide,,,919.6875610351562,40.90269944757901,,
2563,HP/SIR/53F06/2017/11,Sirmur,Ganwara,30.596792,77.406617,Rock              Slide,,,752.56591796875,38.14972624857637,,
2564,HP/SIR/53F06/2017/186,Sirmur,"South of Kanoti, SH1",30.596844,77.287316,Rock              Slide,,,1108.3819580078125,37.45698574220153,,
2565,HP/SIR/53F06/2017/187,Sirmur,"South of Kanoti, SH1",30.596885,77.287472,Rock              Slide,,,1096.844482421875,37.26964116674754,,
2566,HP/SIR/53F06/2017/183,Sirmur,"South of Kanoti, SH1",30.596928,77.288555,Rock              Slide,,,1078.4774169921875,40.08251715049275,,
2567,HP/SIR/53F10/2017/115,Sirmur,Kankot,30.596944,77.683118,Rock              Slide,,,1635.156494140625,35.92767575998458,,
2568,HP/SIR/53F10/2017/2,Sirmur,Lupli,30.596947,77.503792,Rock              Slide,,,949.4276123046876,37.74052597491071,,
2569,HP/SIR/53F10/2017/159,Sirmur,Kankot,30.597011,77.691497,Rock              Slide,,,1643.775390625,30.658199789678065,,
2570,HP/SIR/53F06/2017/182,Sirmur,"South of Kanoti, SH1",30.597061,77.289646,Rock              Slide,,,1073.0758056640625,33.762406268406345,,
2571,HP/SIR/53F06/2017/96,Sirmur,"North of Chawahan,",30.59726,77.292322,Rock              Slide,,,1062.32763671875,42.287290838105775,,
2572,HP/SIR/53F06/2017/95,Sirmur,"North of Chawahan,",30.597282,77.290775,Rock              Slide,,,1074.094482421875,39.63386538909735,,
2573,HP/SIR/53F10/2017/161,Sirmur,Kankot,30.597382,77.690735,Rock              Slide,,,1611.353515625,37.16059898050666,,
2574,HP/SIR/53F06/2017/94,Sirmur,"North of Chawahan,",30.597471,77.291025,Rock              Slide,,,1095.961181640625,43.74371586135395,,
2575,HP/SIR/53F06/2017/13,Sirmur,Kashoga R.F.,30.597607,77.395734,Rock              Slide,,,736.3597412109375,31.185907113729098,,
2576,HP/SIR/53F06/2017/97,Sirmur,"North of Chawahan,",30.597663,77.292783,Rock              Slide,,,1053.8121337890625,38.346218821684815,,
2577,HP/SIR/53F06/2017/321,Sirmur,"Kiar, DadahuSataun road",30.597754,77.47685,Rock              Slide,,,863.4459838867188,28.49086375135425,,
2578,HP/SIR/53F06/2017/215,Sirmur,South of Renuka Ji,30.5978,77.460996,Rock              Slide,,,934.1271362304688,36.12348620421984,,
2579,HP/SIR/53F06/2017/12,Sirmur,Kashoga R.F.,30.597859,77.393373,Rock              Slide,,,755.2427978515625,29.199356372420677,,
2580,HP/SIR/53F06/2017/99,Sirmur,"North of Chawahan,",30.597941,77.295187,Rock              Slide,,,1047.2332763671875,39.97203108492972,,
2581,HP/SIR/53F06/2017/98,Sirmur,"North of Chawahan,",30.598009,77.293662,Rock              Slide,,,1051.4259033203125,35.34699193597335,,
2582,HP/SIR/53F06/2017/4,Sirmur,Taran,30.598035,77.4779,Debris,Slide,2017,818.6683349609375,31.52683224099156,,
2583,HP/SIR/53F06/2017/82,Sirmur,"East of Jamta,",30.598296,77.327819,Rock              Slide,,,1187.69580078125,33.5724692204865,,
2584,HP/SIR/53F06/2017/5,Sirmur,Taran,30.598333,77.476754,Debris,Slide,2010,857.225830078125,28.440232659686306,,
2585,HP/SIR/53F06/2017/214,Sirmur,South of Renuka Ji,30.598333,77.456253,Rock              Slide,,,751.921630859375,21.0011419609837,,
2586,HP/SIR/53F06/2017/216,Sirmur,South of Renuka Ji,30.59838,77.461078,Rock              Slide,,,961.4320678710938,33.412468819071414,,
2587,HP/SIR/53F06/2017/100,Sirmur,"North of Chawahan,",30.598403,77.296633,Rock              Slide,,,1026.7047119140625,34.78545870115978,,
2588,HP/SIR/53F06/2017/213,Sirmur,South of Renuka Ji,30.598446,77.455708,Rock              Slide,,,741.4092407226562,28.30396086978795,,
2589,HP/SIR/53F06/2017/3,Sirmur,South of Kiar,30.598703,77.477586,Rock              Slide,,,812.140625,41.16554149800061,,
2590,HP/SIR/53F06/2017/83,Sirmur,"East of Jamta,",30.599502,77.322055,Debris            Slide,,,1193.42578125,35.61810627581123,,
2591,HP/SIR/53F06/2017/16,Sirmur,South of Baneri,30.600043,77.389038,Rock              Slide,,,920.4674682617188,32.416520798985566,,
2592,HP/SIR/53F06/2017/84,Sirmur,"Dadahu sinking zone Dadahu, Nahan Dadahu road",30.600271,77.412036,Debris            Subsidence,,,688.2149047851562,15.413570772721618,,
2593,HP/SIR/53F06/2017/212,Sirmur,South of Renuka Ji,30.600488,77.455023,Rock              Slide,,,907.0401000976562,31.77223438561922,,
2594,HP/SIR/53F06/2017/73,Sirmur,"East of Baneri, NahanDadahu",30.600809,77.397896,Rock,Slide,2012,738.1401977539062,31.667121276840305,,
2595,HP/SIR/53F06/2017/120,Sirmur,Dadahu,30.600839,77.433041,Rock              Slide,,,763.2140502929688,32.70696482951221,,
2596,HP/SIR/53F06/2017/17,Sirmur,South of Baneri,30.600976,77.389017,Rock              Slide,,,860.6557006835938,34.660255859757406,,
2597,HP/SIR/53F06/2017/211,Sirmur,South of Renuka Ji,30.601122,77.451605,Rock              Slide,,,855.0516357421875,35.771717007679314,,
2598,HP/SIR/53F10/2017/170,Sirmur,Kathwar R.F.,30.60158,77.547067,Rock              Slide,,,1488.2457275390625,30.705412067071745,,
2599,HP/SIR/53F06/2017/121,Sirmur,Dadahu,30.601762,77.434184,Rock              Slide,,,762.4760131835938,35.67253762652947,,
2600,HP/SIR/53F10/2017/250,Sirmur,Anrog,30.60201,77.733537,Rock              Slide,,,799.1846923828125,47.18691748714961,,
2601,HP/SIR/53F06/2017/68,Sirmur,East of Baneri,30.60205,77.40403,Rock,Slide,2011,685.3467407226562,20.770049576321465,,
2602,HP/SIR/53F06/2017/123,Sirmur,Dadahu,30.602341,77.433133,Rock              Slide,,,820.6796264648438,37.7769034422269,,
2603,HP/SIR/53F06/2017/122,Sirmur,Dadahu,30.602357,77.432761,Rock              Slide,,,834.10302734375,38.38465424481486,,
2604,HP/SIR/53F06/2017/72,Sirmur,"South of Gharania,",30.602615,77.403778,Rock              Slide,,,711.680908203125,34.939333309607115,,
2605,HP/SIR/53F06/2017/119,Sirmur,Dadahu,30.602934,77.43346,Rock              Slide,,,851.3489379882812,36.44146535360761,,
2606,HP/SIR/53F06/2017/319,Sirmur,"Kiar, Dadahu Sataun road",30.603463,77.482403,Rock              Slide,,,748.1903686523438,19.58930123126076,,
2607,HP/SIR/53F10/2017/248,Sirmur,Anrog,30.603572,77.725189,Rock              Slide,,,926.4022827148438,45.520540082378176,,
2608,HP/SIR/53F06/2017/115,Sirmur,"Dadahu, SataunDadahu",30.603612,77.438409,Rock              Slide,,,711.177734375,26.074464424706537,,
2609,HP/SIR/53F06/2017/118,Sirmur,Dadahu,30.603934,77.434887,Rock              Slide,,,782.6639404296875,32.025887981177995,,
2610,HP/SIR/53F06/2017/6,Sirmur,North of Shamlog,30.604016,77.490669,Rock              Slide,,,862.0328369140625,42.53521493599515,,
2611,HP/SIR/53F06/2017/117,Sirmur,Dadahu,30.604031,77.435446,Rock              Slide,,,805.2037963867188,26.850787429873588,,
2612,HP/SIR/53F06/2017/243,Sirmur,Katli,30.604257,77.31306,Rock              Slide,,,1133.970458984375,32.22023082161156,,
2613,HP/SIR/53F06/2017/74,Sirmur,"North of Baneri,",30.604291,77.397072,Rock              Slide,,,705.7160034179688,40.61276428981861,,
2614,HP/SIR/53F10/2017/249,Sirmur,Anrog,30.604445,77.726543,Rock              Slide,,,952.1257934570312,51.517803937136755,,
2615,HP/SIR/53F10/2017/118,Sirmur,"Parlo, PaontaShillai road",30.604675,77.664236,Rock              Slide,,,1422.7650146484375,37.11814362166257,,
2616,HP/SIR/53F06/2017/242,Sirmur,Katli,30.60479,77.319789,Rock              Slide,,,1121.3974609375,26.07642762831727,,
2617,HP/SIR/53F06/2017/69,Sirmur,"Kiar, DadahuSataun road",30.604811,77.480771,Rock              Slide,,,751.6860961914062,37.28782675115223,,
2618,HP/SIR/53F10/2017/117,Sirmur,"Parlo, PaontaShillai road",30.604955,77.668168,Rock              Slide,,,1469.081787109375,36.150357987236184,,
2619,HP/SIR/53F10/2017/119,Sirmur,"Parlo, PaontaShillai road",30.604998,77.658516,Rock              Slide,,,1332.06103515625,36.483456246111885,,
2620,HP/SIR/53F10/2017/172,Sirmur,Shama,30.605048,77.692859,Debris            Subsidence,,,1449.5926513671875,18.638659734236413,,
2621,HP/SIR/53F06/2017/124,Sirmur,Dadahu,30.605298,77.419272,Rock              Slide,,,816.4886474609375,34.12794648866239,,
2622,HP/SIR/53F06/2017/75,Sirmur,"Khadri, Nahan Dadahu road",30.605545,77.390633,Rock              Slide,,,735.0848388671875,36.12872022601825,,
2623,HP/SIR/53F06/2017/2,Sirmur,"South of Renuka,",30.605551,77.467316,Debris,Slide,2017,678.56396484375,10.239413225470615,,
2624,HP/SIR/53F10/2017/116,Sirmur,"Parlo, PaontaShillai road",30.605664,77.669885,Rock              Slide,,,1465.187744140625,38.82161540642161,,
2625,HP/SIR/53F06/2017/358,Sirmur,North of Dadahu,30.606265,77.438194,Rock              Slide,,,720.7080078125,42.96243791888017,,
2626,HP/SIR/53F10/2017/171,Sirmur,Shama,30.606499,77.698066,Rock cum debris   Slide,,,1277.5377197265625,35.51197611960803,,
2627,HP/SIR/53F06/2017/77,Sirmur,"Khadri, NahanDadahu road",30.606762,77.378434,Rock cum debris   Slide,,,866.7500610351562,33.46104530730955,,
2628,HP/SIR/53F06/2017/245,Sirmur,Katli,30.60731,77.312535,Debris            Slide,,,1138.5084228515625,9.889814811070035,,
2629,HP/SIR/53F06/2017/244,Sirmur,Katli,30.607353,77.312308,Rock              Slide,,,1143.613037109375,23.680128756866164,,
2630,HP/SIR/53F02/2017/17,Sirmur,SH02,30.607552,77.2334,Rock              Slide,,,682.6665649414062,31.185541012100373,,
2631,HP/SIR/53F06/2017/357,Sirmur,North of Dadahu,30.607565,77.445101,Rock              Slide,,,753.3552856445312,46.169636018245505,,
2632,HP/SIR/53F06/2017/128,Sirmur,North of Dadahu,30.607573,77.441768,Rock              Fall,,,683.6781616210938,49.363939955350176,,
2633,HP/SIR/53F06/2017/76,Sirmur,Khadri,30.607897,77.390714,Rock              Slide,,,718.9094848632812,40.08991233718038,,
2634,HP/SIR/53F10/2017/152,Sirmur,Kuphatti,30.607993,77.700387,Rock              Slide,,,1383.211669921875,39.28199661297008,,
2635,HP/SIR/53F06/2017/7,Sirmur,North of Shamlog,30.608075,77.495495,Rock              Slide,,,1256.6610107421875,41.90821226153874,,
2636,HP/SIR/53F06/2017/328,Sirmur,Near Bhagara Falls,30.608201,77.373561,Rock              Slide,,,985.0491943359376,33.26468681230582,,
2637,HP/SIR/53F06/2017/320,Sirmur,N/A #N/A,30.608342,77.481049,Rock              Slide,,,963.4825439453124,34.51753189607764,,
2638,HP/SIR/53F06/2017/188,Sirmur,"North of Kanoti, SH1",30.608354,77.289073,Rock              Slide,,,1207.687255859375,38.09913919810294,,
2639,HP/SIR/53F06/2017/1,Sirmur,"South of Renuka,",30.608375,77.457588,Debris            Slide,,,778.8853759765625,39.390633024284185,,
2640,HP/SIR/53F06/2017/210,Sirmur,"Dadahu, Bacheri ka bagh",30.608407,77.435701,Rock              Slide,,,851.8067016601562,39.380316479769995,,
2641,HP/SIR/53F10/2017/151,Sirmur,Kuphatti,30.608416,77.699928,Rock              Slide,,,1379.5238037109375,39.676826902964166,,
2642,HP/SIR/53F06/2017/316,Sirmur,"East of Renuka,",30.608741,77.467724,Rock,Slide,2005,732.09912109375,35.10848399576884,,
2643,HP/SIR/53F06/2017/189,Sirmur,"North of Kanoti, SH1",30.608841,77.287955,Rock cum debris   Slide,,,1210.78173828125,33.15015148037495,,
2644,HP/SIR/53F06/2017/8,Sirmur,Pipalti,30.60888,77.493563,Rock              Slide,,,1313.124267578125,34.51702248791589,,
2645,HP/SIR/53F06/2017/35,Sirmur,North of Dadahu,30.608976,77.439556,Rock              Slide,,,688.3883666992188,48.966074864839825,,
2646,HP/SIR/53F14/2017/50,Sirmur,Jamana Pobhar R.F.,30.608982,77.757142,Rock              Slide,,,914.4908447265624,45.403753740785234,,
2647,HP/SIR/53F06/2017/116,Sirmur,Dadahu,30.609192,77.434976,Rock              Slide,,,966.0248413085938,39.823602068670176,,
2648,HP/SIR/53F06/2017/318,Sirmur,"East of Renuka,",30.609212,77.472053,Rock              Slide,,,780.6637573242188,24.359370877423828,,
2649,HP/SIR/53F06/2017/317,Sirmur,"East of Renuka,",30.60934,77.471753,Rock              Slide,,,806.8029174804688,40.82929289306903,,
2650,HP/SIR/53F06/2017/190,Sirmur,"North of Kanoti, SH1",30.60958,77.285466,Rock              Slide,,,1211.5528564453125,32.84274325356769,,
2651,HP/SIR/53F06/2017/34,Sirmur,North of Dadahu,30.609682,77.439208,Rock              Slide,,,725.9739379882812,53.64526326750463,,
2652,HP/SIR/53F06/2017/78,Sirmur,"Near Bhagara Falls,",30.609974,77.375279,Rock              Slide,,,840.9549560546875,39.96996217910871,,
2653,HP/SIR/53F06/2017/89,Sirmur,"Near Bhagara Falls,",30.610916,77.3749,Rock              Slide,,,831.6483154296875,37.23478747027037,,
2654,HP/SIR/53F06/2017/93,Sirmur,Gharjara,30.61113,77.370098,Rock              Slide,,,931.44775390625,33.856662354590185,,
2655,HP/SIR/53F10/2017/113,Sirmur,"Kaffota, PaontaShillai road",30.611279,77.686085,Rock              Slide,,,1675.375244140625,47.5965508055587,,
2656,HP/SIR/53F10/2017/114,Sirmur,"Kaffota, PaontaShillai road",30.611656,77.682627,Rock              Slide,,,1736.0870361328125,43.00597685318634,,
2657,HP/SIR/53F06/2017/191,Sirmur,"Ladu, SH1, NahanSolan road",30.611812,77.288527,Rock              Slide,,,1240.235107421875,37.12256545648976,,
2658,HP/SIR/53F02/2017/18,Sirmur,SH02,30.611849,77.221776,Rock              Slide,,,628.501708984375,14.562626191542837,,
2659,HP/SIR/53F06/2017/192,Sirmur,"Ladu, SH1, NahanSolan road",30.612035,77.289512,Rock              Slide,,,1246.59716796875,33.83060995113243,,
2660,HP/SIR/53F10/2017/109,Sirmur,Masu,30.612569,77.75802,Rock              Slide,,,1052.17333984375,29.999848963976103,,
2661,HP/SIR/53F06/2017/241,Sirmur,Dathnog,30.612574,77.319852,Rock              Slide,,,1024.9677734375,30.971054327636345,,
2662,HP/SIR/53F06/2017/85,Sirmur,North of Khadri,30.6127,77.387564,Rock              Slide,,,793.2030029296875,44.60635101097913,,
2663,HP/SIR/53F06/2017/336,Sirmur,Gharjara,30.612887,77.370368,Rock              Slide,,,807.9750366210938,33.07379611190499,,
2664,HP/SIR/53F06/2017/81,Sirmur,"South of Nalli,",30.612919,77.336663,Rock              Slide,,,1104.48583984375,27.038513061371127,,
2665,HP/SIR/53F06/2017/335,Sirmur,Gharjara,30.613316,77.372006,Rock              Slide,,,780.3975219726562,33.78006172897514,,
2666,HP/SIR/53F06/2017/79,Sirmur,"Nalli, NahanDadahu road",30.614202,77.339964,Rock cum debris   Slide,,,1130.929443359375,8.059604211662595,,
2667,HP/SIR/53F06/2017/257,Sirmur,North of Kyarta,30.614221,77.493873,Rock              Slide,,,1405.214111328125,44.42631112402763,,
2668,HP/SIR/53F06/2017/193,Sirmur,"Ladu, SH1, NahanSolan road",30.614336,77.289461,Rock              Slide,,,1246.6080322265625,25.533564327104173,,
2669,HP/SIR/53F06/2017/80,Sirmur,"South of Nalli,",30.614552,77.337166,Rock              Slide,,,1037.2637939453125,17.28424467609186,,
2670,HP/SIR/53F10/2017/112,Sirmur,"Kaffota, PaontaShillai road",30.614685,77.690175,Rock              Slide,,,1725.399169921875,48.12012643040518,,
2671,HP/SIR/53F06/2017/37,Sirmur,North of Dadahu,30.614953,77.438158,Rock              Slide,,,762.6216430664062,42.465715972371726,,
2672,HP/SIR/53F14/2017/41,Sirmur,Masu,30.615065,77.766885,Rock              Slide,,,859.5584106445312,51.566062199921454,,
2673,HP/SIR/53F06/2017/359,Sirmur,North of Dadahu,30.615243,77.441305,Rock              Slide,,,653.7713623046875,34.44484131035165,,
2674,HP/SIR/53F06/2017/326,Sirmur,Kharari,30.615398,77.395485,Rock              Slide,,,977.275634765625,36.6065786427345,,
2675,HP/SIR/53F06/2017/36,Sirmur,North of Dadahu,30.61546,77.438366,Rock              Slide,,,824.7324829101562,46.45242759870899,,
2676,HP/SIR/53F10/2017/111,Sirmur,"Kaffota, PaontaShillai road",30.615482,77.69231,Rock              Slide,,,1755.7838134765625,45.09941965686553,,
2677,HP/SIR/53F06/2017/256,Sirmur,North of Kyarta,30.61551,77.483981,Rock              Slide,,,1355.737060546875,47.68193258329759,,
2678,HP/SIR/53F06/2017/332,Sirmur,Katal,30.615591,77.372474,Rock              Slide,,,717.9550170898438,5.767500259921603,,
2679,HP/SIR/53F06/2017/254,Sirmur,North of Kyarta,30.615636,77.483127,Rock              Slide,,,1335.8919677734375,54.315637004494896,,
2680,HP/SIR/53F06/2017/255,Sirmur,North of Kyarta,30.615639,77.483592,Rock              Slide,,,1348.836669921875,50.61592536996323,,
2681,HP/SIR/53F06/2017/253,Sirmur,North of Kyarta,30.61574,77.484492,Rock              Slide,,,1397.1285400390625,48.709022475678445,,
2682,HP/SIR/53F10/2017/110,Sirmur,"Kaffota, PaontaShillai road",30.616222,77.695668,Rock              Slide,,,1767.7939453125,39.68641463225829,,
2683,HP/SIR/53F06/2017/330,Sirmur,Katal,30.61626,77.371877,Rock              Slide,,,747.7485961914062,32.70062512531317,,
2684,HP/SIR/53F06/2017/86,Sirmur,South of kamlar,30.616294,77.378369,Rock cum debris   Slide,,,818.9434204101562,31.890487674124568,,
2685,HP/SIR/53F06/2017/325,Sirmur,Kharari,30.616334,77.39352,Rock              Slide,,,967.3126220703124,31.91853512080668,,
2686,HP/SIR/53F06/2017/252,Sirmur,North of Kyarta,30.616481,77.490342,Rock              Slide,,,1398.6297607421875,40.57128225631358,,
2687,HP/SIR/53F06/2017/327,Sirmur,Kharari,30.616491,77.392383,Rock              Slide,,,937.0725708007812,39.75786183050874,,
2688,HP/SIR/53F06/2017/129,Sirmur,"Sathan, DadahuSangrah road",30.616502,77.462923,Rock              Slide,,,805.704833984375,38.473747009812875,,
2689,HP/SIR/53F06/2017/258,Sirmur,North of Kyarta,30.616539,77.481107,Rock              Slide,,,1430.1790771484375,38.31565331662698,,
2690,HP/SIR/53F06/2017/194,Sirmur,"Ladu, SH1, NahanSolan road",30.616765,77.291903,Rock              Slide,,,1279.82080078125,36.48447493032844,,
2691,HP/SIR/53F06/2017/333,Sirmur,Katal,30.616979,77.37327,Rock              Slide,,,791.979736328125,32.95637208650791,,
2692,HP/SIR/53F06/2017/331,Sirmur,Katal,30.617212,77.374076,Rock              Slide,,,748.2620849609375,28.42285240291567,,
2693,HP/SIR/53F06/2017/322,Sirmur,South of kamlar,30.617763,77.379019,Rock cum debris   Slide,,,873.5615844726562,35.59897686701593,,
2694,HP/SIR/53F14/2017/42,Sirmur,Masu,30.61781,77.770513,Rock              Slide,,,678.0008544921875,41.468625919743026,,
2695,HP/SIR/53F06/2017/88,Sirmur,South of kamlar,30.61805,77.376938,Rock cum debris   Slide,,,821.4618530273438,29.330250477741313,,
2696,HP/SIR/53F06/2017/240,Sirmur,Jhalara,30.61845,77.332451,Rock              Slide,,,1004.2911987304688,14.103841912189948,,
2697,HP/SIR/53F06/2017/345,Sirmur,Anji,30.618694,77.365659,Rock              Slide,,,766.075927734375,39.59248585730728,,
2698,HP/SIR/53F06/2017/323,Sirmur,South of kamlar,30.619378,77.379867,Rock cum debris   Slide,,,971.0762329101562,35.629399718251065,,
2699,HP/SIR/53F14/2017/44,Sirmur,Masu,30.619598,77.773223,Rock              Slide,,,843.7821044921875,19.015057715212592,,
2700,HP/SIR/53F14/2017/43,Sirmur,Masu,30.619738,77.76963,Rock              Slide,,,837.8722534179688,38.2550067715164,,
2701,HP/SIR/53F06/2017/197,Sirmur,"Kangar, SH1, NahanSolan road",30.620396,77.28574,Rock              Slide,,,1268.3251953125,30.051749569554385,,
2702,HP/SIR/53F06/2017/195,Sirmur,"Kangar, SH1, NahanSolan road",30.620445,77.29107,Rock              Slide,,,1283.0711669921875,36.14484884277677,,
2703,HP/SIR/53F06/2017/196,Sirmur,"Kangar, SH1, NahanSolan road",30.620717,77.290433,Rock              Slide,,,1290.9378662109375,34.05390159490648,,
2704,HP/SIR/53F06/2017/324,Sirmur,Kamlar,30.620796,77.37926,Rock cum debris   Slide,,,960.02783203125,27.396885900842054,,
2705,HP/SIR/53F06/2017/346,Sirmur,Anji,30.621144,77.357198,Rock              Slide,,,812.8141479492188,45.43322601813906,,
2706,HP/SIR/53F6/2017/04,Sirmur,Khadkali Khadkali to Unar Kango road,30.621194,77.46,Rock cum debris,Slide,2017,859.8097534179688,23.175085877707797,,
2707,HP/SIR/53F14/2017/45,Sirmur,Masu,30.621326,77.767548,Rock              Slide,,,911.5005493164062,26.21706304026125,,
2708,HP/SIR/53F06/2017/87,Sirmur,Kamlar,30.621351,77.379212,Rock cum debris   Slide,,,975.31396484375,32.76292721126954,,
2709,HP/SIR/53F06/2017/142,Sirmur,"East of Kharkuli,",30.62137,77.46051,Rock              Slide,,,834.0377807617188,34.98508054525477,,
2710,HP/SIR/53F06/2017/141,Sirmur,"East of Kharkuli,",30.621455,77.459921,Rock              Slide,,,867.948974609375,27.180046667449673,,
2711,HP/SIR/53F06/2017/198,Sirmur,"Kangar, SH1, NahanSolan road",30.621682,77.285782,Rock              Slide,,,1288.391357421875,33.743225924464475,,
2712,HP/SIR/53F06/2017/140,Sirmur,"East of Kharkuli,",30.622021,77.45823,Rock              Slide,,,888.226806640625,45.229198903257696,,
2713,HP/SIR/53F06/2017/238,Sirmur,Jhalara,30.622064,77.341696,Rock              Slide,,,947.4718627929688,32.6501558692834,,
2714,HP/SIR/53F06/2017/139,Sirmur,"East of Kharkuli,",30.622098,77.457608,Rock              Slide,,,928.6166381835938,40.944132749236445,,
2715,HP/SIR/53F06/2017/334,Sirmur,Jaghas,30.622158,77.367897,Rock            Slide,,,832.681640625,30.23567763366644,,
2716,HP/SIR/53F06/2017/337,Sirmur,South of Mohari,30.623072,77.350812,Rock            Slide,,,988.7006225585938,43.36408609403893,,
2717,HP/SIR/53F06/2017/209,Sirmur,"Sanara, Bacheri ka bagh",30.62315,77.431452,Rock            Slide,,,1055.0972900390625,20.345488493697985,,
2718,HP/SIR/53F06/2017/239,Sirmur,Jhalara,30.623456,77.331625,Rock            Slide,,,989.2073364257812,35.11024203486059,,
2719,HP/SIR/53F06/2017/138,Sirmur,"East of Kharkuli,",30.623797,77.460805,Rock            Slide,,,975.44580078125,45.18271491539852,,
2720,HP/SIR/53F06/2017/342,Sirmur,South of Mohari,30.623894,77.35214,Rock            Slide,,,859.6885986328125,35.61244483977123,,
2721,HP/SIR/53F06/2017/137,Sirmur,"East of Kharkuli,",30.623899,77.46281,Rock            Slide,,,880.0260009765625,47.87934629566234,,
2722,HP/SIR/53F06/2017/136,Sirmur,"East of Kharkuli,",30.624114,77.462729,Rock            Slide,,,886.580810546875,45.12517219211508,,
2723,HP/SIR/53F06/2017/135,Sirmur,"East of Kharkuli,",30.624564,77.463242,Rock            Slide,,,837.9586791992188,42.66469610030056,,
2724,HP/SIR/53F02/2017/19,Sirmur,,30.624628,77.189682,Rock            Slide,,,564.7046508789062,22.221597555080965,,
2725,HP/SIR/53F06/2017/340,Sirmur,South of Mohari,30.625512,77.350874,Rock            Slide,,,949.1416625976562,38.296927486291835,,
2726,HP/SIR/53F06/2017/341,Sirmur,South of Mohari,30.625613,77.3522,Rock            Slide,,,838.699951171875,39.59325309990581,,
2727,HP/SIR/53F10/2017/105,Sirmur,"Jamna, KotiKaffota road",30.625873,77.739205,Rock            Slide,,,1381.066162109375,19.68906911475984,,
2728,HP/SIR/53F02/2017/1,Sirmur,,30.625875,77.190204,Rock            Fall,,,561.236328125,27.651751702097165,,
2729,HP/SIR/53F10/2017/106,Sirmur,"Jamna, KotiKaffota road",30.626339,77.740025,Rock            Slide,,,1364.2489013671875,34.705127721155854,,
2730,HP/SIR/53F10/2017/108,Sirmur,"Jamna, KotiKaffota road",30.626728,77.757029,Rock            Slide,,,1309.3673095703125,45.34143447118869,,
2731,HP/SIR/53F06/2017/344,Sirmur,Chakli,30.627075,77.343537,Rock            Slide,,,970.6425170898438,43.62204697929752,,
2732,HP/SIR/53F06/2017/237,Sirmur,Chakli,30.627075,77.343537,Rock            Slide,,,970.6425170898438,43.62204697929752,,
2733,HP/SIR/53F06/2017/133,Sirmur,"East of Kharkuli,",30.627188,77.465038,Rock            Slide,,,816.0889892578125,35.806506320902756,,
2734,HP/SIR/53F06/2017/338,Sirmur,South of Mohari,30.627494,77.351694,Rock            Slide,,,882.9614868164062,36.14422082159037,,
2735,HP/SIR/53F10/2017/107,Sirmur,"Jamna, KotiKaffota road",30.627519,77.748647,Rock            Slide,,,1331.3558349609375,30.329456202948403,,
2736,HP/SIR/53F06/2017/343,Sirmur,South of Mohari,30.627911,77.354044,Rock            Slide,,,789.4857788085938,42.64107694747008,,
2737,HP/SIR/53F06/2017/134,Sirmur,"East of Kharkuli,",30.628007,77.466613,Rock            Slide,,,809.0875244140625,50.150541647114736,,
2738,HP/SIR/53F06/2017/339,Sirmur,South of Mohari,30.628045,77.353262,Rock            Slide,,,851.0458984375,40.868479375684295,,
2739,HP/SIR/53F06/2017/131,Sirmur,Aliyan,30.62816,77.477754,Rock            Slide,,,1180.8310546875,37.029609538717665,,
2740,HP/SIR/53F06/2017/201,Sirmur,South of Banethi SH1,30.628313,77.27314,Rock            Slide,,,1294.67236328125,41.63511160537912,,
2741,HP/SIR/53F06/2017/200,Sirmur,South of Banethi SH1,30.628351,77.274717,Debris          Subsidence,,,1289.8345947265625,31.08589757870047,,
2742,HP/SIR/53F06/2017/199,Sirmur,South of Banethi SH1,30.62841,77.276472,Rock            Slide,,,1285.9808349609375,27.411973454701496,,
2743,HP/SOL/53B13/2017/190,Solan,,30.62909,76.219379,Rock            Slide,,,259.3121337890625,0.6211426693715791,,
2744,HP/SIR/53F06/2017/132,Sirmur,"East of Kharkuli,",30.629979,77.467679,Rock            Slide,,,796.3740234375,34.24079435320118,,
2745,HP/SIR/53F06/2017/130,Sirmur,Aliyan,30.631394,77.475749,Rock            Slide,,,950.780517578125,37.686363272646815,,
2746,HP/SIR/53F06/2017/234,Sirmur,Dongi Ki Ser,30.633491,77.340888,Rock            Slide,,,824.3170166015625,35.49627097138978,,
2747,HP/SIR/53F06/2017/233,Sirmur,Dongi Ki Ser,30.633799,77.34176,Rock            Slide,,,810.5232543945312,31.12520033234691,,
2748,HP/SIR/53F02/2017/5,Sirmur,NainatikkarSarahan road,30.633933,77.187139,Rock            Fall,,,559.818603515625,25.342461688534858,,
2749,HP/SIR/53F06/2017/235,Sirmur,Dongi Ki Ser,30.634022,77.342596,Rock            Slide,,,851.9320068359375,40.1280294180909,,
2750,HP/SIR/53F02/2017/20,Sirmur,,30.634969,77.186424,Rock            Slide,,,569.9842529296875,23.582348058808552,,
2751,HP/SIR/53F06/2017/236,Sirmur,Dongi Ki Ser,30.635744,77.344014,Rock            Slide,,,815.8048095703125,39.127441723670145,,
2752,HP/SIR/53F06/2017/143,Sirmur,"Kakog, Dadahu",30.641925,77.435935,Rock            Slide,,,1080.343994140625,40.11155513396816,,
2753,HP/SIR/53F14/2017/36,Sirmur,Kyontha,30.642261,77.776432,Rock            Slide,,,1132.854736328125,37.58983981491279,,
2754,HP/SIR/53F14/2017/35,Sirmur,Kyontha,30.643713,77.775265,Rock            Slide,,,1063.494140625,44.592207253907056,,
2755,HP/SIR/53F06/2017/38,Sirmur,Chamiyana,30.643924,77.412068,Rock            Slide,,,970.6820068359376,37.02481668374959,,
2756,HP/SIR/53F14/2017/34,Sirmur,Kyontha,30.644488,77.774026,Rock            Slide,,,1046.657958984375,40.437491633853675,,
2757,HP/SIR/53F02/2017/3,Sirmur,,30.645573,77.189126,Rock            Fall,,,661.6233520507812,21.38527054039899,,
2758,HP/SIR/53F02/2017/7,Sirmur,Kala ambPoanta road,30.645665,77.188158,Debris          Slide,,,648.9852294921875,33.60408053632823,,
2759,HP/SIR/53F14/2017/38,Sirmur,Kyontha,30.646869,77.753782,Rock            Slide,,,816.9943237304688,40.587226472406016,,
2760,HP/SIR/53F10/2017/79,Sirmur,"Jathyan, PaontaShillai road",30.647243,77.658204,Rock            Slide,,,1104.4774169921875,25.644896294584075,,
2761,HP/SIR/53F14/2017/32,Sirmur,West of Koti,30.647635,77.754581,Rock            Slide,,,819.3876953125,40.13194615595696,,
2762,HP/SIR/53F06/2017/208,Sirmur,"Chunkhar, Bacheri ka bagh",30.647691,77.395456,Rock            Slide,,,1358.2711181640625,40.91766555181464,,
2763,HP/SIR/53F06/2017/206,Sirmur,"Chunkhar, Bacheri ka bagh",30.648488,77.392265,Rock            Slide,,,1370.89453125,40.40087039640344,,
2764,HP/SIR/53F06/2017/144,Sirmur,"Kakog, Dadahu",30.648535,77.441542,Rock            Slide,,,1178.9229736328125,32.480903260336724,,
2765,HP/SIR/53F06/2017/207,Sirmur,"Chunkhar, Bacheri ka bagh",30.648576,77.393697,Rock            Slide,,,1376.043701171875,41.737738504920195,,
2766,HP/SIR/53F14/2017/37,Sirmur,Kyontha,30.64884,77.756197,Rock            Slide,,,839.6868286132812,37.81339380905932,,
2767,HP/SIR/53F10/2017/80,Sirmur,"Jathyan, PaontaShillai road",30.648912,77.658136,Rock            Slide,,,1089.557861328125,15.01686555660289,,
2768,HP/SIR/53F02/2017/8,Sirmur,Bhajjar link road,30.649657,77.186049,Debris          Slide,,,709.9942626953125,28.0144380373436,,
2769,HP/SIR/53F10/2017/81,Sirmur,"Jathyan, PaontaShillai road",30.650732,77.653178,Rock            Slide,,,1109.8751220703125,45.03285666717631,,
2770,HP/SIR/53F14/2017/33,Sirmur,Kyontha,30.651217,77.758593,Rock            Slide,,,799.1035766601562,44.83003169847039,,
2771,HP/SIR/53F14/2017/25,Sirmur,West of Koti,30.653296,77.767848,Rock            Slide,,,746.7469482421875,39.22912519052911,,
2772,HP/SIR/53F02/2017/9,Sirmur,Bahar link road,30.653549,77.184548,Debris          Slide,,,738.0740356445312,21.45966926023028,,
2773,HP/SIR/53F14/2017/26,Sirmur,West of Koti,30.653648,77.768193,Rock            Slide,,,765.7453002929688,41.06374811872062,,
2774,HP/SIR/53F14/2017/27,Sirmur,West of Koti,30.653878,77.768773,Rock            Slide,,,779.1712036132812,39.01507436737448,,
2775,HP/SIR/53F14/2017/23,Sirmur,West of Koti,30.654556,77.767209,Rock            Slide,,,820.1217041015625,43.53573717992629,,
2776,HP/SIR/53F14/2017/24,Sirmur,West of Koti,30.654974,77.766019,Rock            Slide,,,832.573486328125,38.44916737806284,,
2777,HP/SIR/53F14/2017/30,Sirmur,West of Koti,30.65505,77.785625,Rock            Slide,,,780.9727172851562,47.57308052699234,,
2778,HP/SIR/53F02/2017/22,Sirmur,KumarhattiNahan road,30.655681,77.184091,Rock            Slide,,,775.082275390625,24.136155696848483,,
2779,HP/SIR/53F02/2017/16,Sirmur,SH02,30.656356,77.22558,Rock            Slide,,,1380.6624755859375,39.25263137861584,,
2780,HP/SIR/53F02/2017/23,Sirmur,KumarhattiNahan road,30.656704,77.183142,Rock            Slide,,,788.4397583007812,28.47434236775345,,
2781,HP/SIR/53F02/2017/15,Sirmur,SH02,30.65704,77.224474,Rock            Slide,,,1388.708740234375,39.19985944244002,,
2782,HP/SIR/53F14/2017/29,Sirmur,West of Koti,30.657058,77.789386,Rock            Slide,,,670.3345336914062,44.037991112330815,,
2783,HP/SIR/53F14/2017/28,Sirmur,West of Koti,30.657422,77.787449,Rock            Slide,,,782.2267456054688,41.21199584485575,,
2784,HP/SIR/53F14/2017/31,Sirmur,West of Koti,30.657513,77.78814,Rock            Slide,,,751.57568359375,52.803085658874664,,
2785,HP/SIR/53F02/2017/14,Sirmur,SH02,30.658507,77.222564,Rock            Slide,,,1374.916015625,34.21463078185954,,
2786,HP/SIR/53F02/2017/21,Sirmur,,30.659523,77.188996,Rock            Slide,,,834.4378051757812,19.68152849500822,,
2787,HP/SIR/53F02/2017/13,Sirmur,SH02,30.659615,77.220759,Rock            Slide,,,1362.2626953125,36.91876363108418,,
2788,HP/SIR/53F10/2017/82,Sirmur,"Gangtoli, PaontaShillai road",30.659898,77.659879,Rock            Slide,,,1207.249267578125,48.454882534084454,,
2789,HP/SIR/53F06/2017/202,Sirmur,"Banel, BanethiRajgarh road",30.660177,77.26166,Rock            Slide,,,1265.8345947265625,34.74953775692548,,
2790,HP/SIR/53F10/2017/91,Sirmur,"Larao, paontaShillai road",30.660686,77.674656,Rock            Slide,,,1441.3729248046875,40.191981874397634,,
2791,HP/SIR/53F14/2017/46,Sirmur,West of Koti,30.661283,77.77499,Rock            Slide,,,814.9473876953125,42.64573967041915,,
2792,HP/SIR/53F14/2017/47,Sirmur,West of Koti,30.661568,77.774259,Rock            Slide,,,812.8353881835938,40.18145323064807,,
2793,HP/SIR/53F10/2017/90,Sirmur,"Larao, paontaShillai road",30.661674,77.673378,Rock            Slide,,,1443.608642578125,40.10567253110535,,
2794,HP/SIR/53F02/2017/12,Sirmur,SH02,30.661998,77.217881,Rock            Slide,,,1370.1044921875,31.342612374652983,,
2795,HP/SIR/53F02/2017/24,Sirmur,KumarhattiNahan road,30.662261,77.178608,Rock            Slide,,,852.2688598632812,31.003322967386183,,
2796,HP/SIR/53F10/2017/92,Sirmur,"South of Tikar, PaontaShillai",30.662276,77.67865,Rock            Slide,,,1527.53271484375,33.13436960068761,,
2797,HP/SIR/53F10/2017/89,Sirmur,"Larao, paontaShillai road",30.662523,77.673166,Rock            Slide,,,1410.79736328125,25.59569608216403,,
2798,HP/SIR/53F10/2017/93,Sirmur,"South of Tikar, PaontaShillai",30.66285,77.679174,Rock            Slide,,,1504.0029296875,42.779834228639345,,
2799,HP/SIR/53F02/2017/25,Sirmur,KumarhattiNahan road,30.66303,77.178793,Rock            Slide,,,845.9917602539062,27.379963831134837,,
2800,HP/SIR/53F06/2017/203,Sirmur,"Banel, BanethiRajgarh road",30.664368,77.262329,Rock            Slide,,,1267.856201171875,36.87894251097656,,
2801,HP/SIR/53F10/2017/88,Sirmur,"Larao, paontaShillai road",30.664481,77.671733,Rock            Slide,,,1375.412841796875,28.45504268233405,,
2802,HP/SIR/53F10/2017/87,Sirmur,"Larao, paontaShillai road",30.665193,77.670624,Rock            Slide,,,1386.5439453125,35.22318122616809,,
2803,HP/SIR/53F10/2017/94,Sirmur,"South of Tikar, PaontaShillai",30.665382,77.679582,Rock              Slide,,,1532.99853515625,44.42236416586294,,
2804,HP/SIR/53F10/2017/95,Sirmur,"South of Tikar, PaontaShillai",30.6655,77.68247,Rock              Slide,,,1541.4720458984375,35.23638351977018,,
2805,HP/SIR/53F06/2017/145,Sirmur,"North of Guhana,",30.665618,77.427879,Rock              Slide,,,1322.4326171875,42.54387864770866,,
2806,HP/SIR/53F10/2017/86,Sirmur,"Larao, paontaShillai road",30.666051,77.669408,Rock              Slide,,,1385.842529296875,45.08730385131821,,
2807,HP/SIR/53F10/2017/85,Sirmur,"Larao, paontaShillai road",30.666725,77.66836,Rock              Slide,,,1364.377197265625,41.33505087426386,,
2808,HP/SIR/53F10/2017/84,Sirmur,"Larao, paontaShillai road",30.667588,77.667401,Rock              Slide,,,1365.7362060546875,39.63886111163952,,
2809,HP/SIR/53F10/2017/98,Sirmur,"South of Tikar, PaontaShillai",30.667949,77.690677,Rock              Slide,,,1644.663818359375,28.850447639675465,,
2810,HP/SIR/53F02/2017/26,Sirmur,KumarhattiNahan road,30.668309,77.172411,Rock              Slide,,,830.4812622070312,19.227626708279335,,
2811,HP/SIR/53F10/2017/96,Sirmur,"South of Tikar, PaontaShillai",30.668453,77.684717,Rock              Slide,,,1560.3060302734375,36.37370435676899,,
2812,HP/SIR/53F10/2017/97,Sirmur,"South of Tikar, PaontaShillai",30.668724,77.688054,Rock              Slide,,,1572.48046875,31.45521197098244,,
2813,HP/SIR/53F14/2017/39,Sirmur,Chaukri,30.671679,77.757625,Rock cum debris   Slide,,,796.83740234375,31.81734136934929,,
2814,HP/SIR/53F06/2017/39,Sirmur,Majhai,30.671767,77.393658,Rock              Slide,,,686.8914184570312,38.70334779855473,,
2815,HP/SOL/53F02/2017/90,Solan,,30.671841,77.245255,Rock              Slide,,,1231.0968017578125,16.3409870228442,,
2816,HP/SOL/53F02/2017/101,Solan,Palticut road,30.67221,77.246092,Rock              Slide,,,1262.9580078125,38.006897376939506,,
2817,HP/SIR/53F10/2017/83,Sirmur,"Manal, PaontaShillai road",30.672265,77.666886,Rock              Slide,,,1323.8251953125,23.301872006486143,,
2818,HP/SOL/53F02/2017/87,Solan,,30.672722,77.237315,Rock              Slide,,,1288.81689453125,35.6645302917194,,
2819,HP/SIR/53F10/2017/99,Sirmur,"Shillai, PaontaShillai road",30.672764,77.692348,Rock              Slide,,,1660.1790771484375,30.321309653299657,,
2820,HP/SIR/53F10/2017/100,Sirmur,"Shillai, PaontaShillai road",30.674109,77.692476,Rock              Slide,,,1661.58203125,36.11878802271316,,
2821,HP/SIR/53F02/2017/11,Sirmur,Bahar link road,30.674189,77.199135,Rock              Slide,,,1380.4066162109375,25.441675418446103,,
2822,HP/SIR/53F14/2017/40,Sirmur,Chaukri,30.676025,77.751894,Rock              Slide,,,738.3408813476562,29.22054832000332,,
2823,HP/SIR/53F10/2017/101,Sirmur,"Shillai, PaontaShillai road",30.676765,77.692873,Rock              Slide,,,1685.5177001953125,40.51231328958718,,
2824,HP/SIR/53F02/2017/10,Sirmur,,30.677099,77.198142,Debris            Slide,,,1379.4390869140625,18.68536189634923,,
2825,HP/SIR/53F02/2017/27,Sirmur,KumarhattiNahan road,30.67764,77.170066,Rock              Slide,,,895.06591796875,29.868919577839,,
2826,HP/SIR/53F10/2017/102,Sirmur,"Shillai, PaontaShillai road",30.677939,77.696419,Rock              Slide,,,1712.7039794921875,33.987869411833366,,
2827,HP/SIR/53F10/2017/18,Sirmur,Chaukri,30.678049,77.745366,Rock cum debris   Slide,,,828.0177001953125,40.59219827516571,,
2828,HP/SOL/53F02/2017/106,Solan,Palticut road,30.678066,77.192317,Rock              Slide,,,1304.498046875,19.848917953285024,,
2829,HP/SOL/53F02/2017/107,Solan,,30.678938,77.196898,Rock              Slide,,,1342.866455078125,29.814075599150268,,
2830,HP/SOL/53F02/2017/100,Solan,Palticut road,30.680075,77.19582,Rock              Slide,,,1317.271728515625,21.82309959306908,,
2831,HP/SIR/53F10/2017/77,Sirmur,"Shillai, ShillaiRonhat road",30.680093,77.708275,Rock              Slide,,,1805.0660400390625,40.41735540505784,,
2832,HP/SIR/53F10/2017/103,Sirmur,"Shillai, ShillaiRonhat road",30.680226,77.703184,Rock              Slide,,,1765.058349609375,36.736435369164035,,
2833,HP/SIR/53F10/2017/104,Sirmur,"Shillai, ShillaiRonhat road",30.680238,77.703654,Rock              Slide,,,1760.589599609375,22.53389955966332,,
2834,HP/SIR/53F10/2017/78,Sirmur,"Shillai, ShillaiRonhat road",30.68107,77.709443,Rock              Slide,,,1824.5443115234375,36.28375345846772,,
2835,HP/SOL/53F01/2017/191,Solan,SH02,30.681428,77.198749,Rock              Slide,,,1342.82666015625,30.133649276188375,,
2836,HP/SOL/53F02/2017/91,Solan,,30.682255,77.248867,Rock              Slide,,,1167.8114013671875,28.137634682249196,,
2837,HP/SOL/53F01/2017/12,Solan,SH02,30.682555,77.203656,Rock              Fall,,,1403.0660400390625,32.941228475937145,,
2838,HP/SIR/53F10/2017/17,Sirmur,Bela,30.683565,77.720718,Rock              Slide,,,1286.0936279296875,37.059047062460344,,
2839,HP/SIR/53F02/2017/86,Sirmur,,30.684081,77.168239,Rock              Slide,,,1170.7696533203125,36.83564202408487,,
2840,HP/SIR/53F06/2017/205,Sirmur,"Bagthan, Banethirajgarh road",30.685119,77.283547,Rock              Slide,,,982.4337158203124,38.6292092614949,,
2841,HP/SOL/53F02/2017/99,Solan,Palticut road,30.685577,77.208853,Rock              Slide,,,1462.9422607421875,26.140522939630483,,
2842,HP/SIR/53F06/2017/204,Sirmur,"Bagthan, Banethirajgarh road",30.685787,77.283194,Rock              Slide,,,958.7134399414062,30.719588803693412,,
2843,HP/SIR/53F10/2017/251,Sirmur,Chyali R.F.,30.686362,77.681393,Rock              Slide,,,1580.7037353515625,34.807284925190125,,
2844,HP/SOL/53F02/2017/104,Solan,Palticut road,30.686721,77.202801,Rock              Slide,,,1405.1551513671875,17.199912405685172,,
2845,HP/SIR/53F06/2017/172,Sirmur,South west of Siyun,30.687389,77.385229,Rock              Slide,,,1007.4937744140624,33.96920090267085,,
2846,HP/SIR/53F10/2017/263,Sirmur,Chyali R.F.,30.687821,77.668471,Rock              Slide,,,1634.416015625,36.52627110846888,,
2847,HP/SOL/53F02/2017/93,Solan,NainatikkarSarahan road,30.687845,77.212412,Rock            Slide,,,1456.4293212890625,23.284969631582612,,
2848,HP/SIR/53F10/2017/253,Sirmur,Chyali R.F.,30.688903,77.693864,Rock            Slide,,,2005.74609375,33.93518462106182,,
2849,HP/SIR/53F10/2017/265,Sirmur,Chyali R.F.,30.689614,77.668694,Rock            Slide,,,1768.600341796875,36.04573471475506,,
2850,HP/SOL/53F02/2017/95,Solan,KumarhattiNahan road,30.689835,77.215813,Rock            Slide,,,1527.109375,20.99506290549061,,
2851,HP/SIR/53F10/2017/264,Sirmur,Chyali R.F.,30.690004,77.668262,Rock            Slide,,,1784.9884033203125,37.787985858184506,,
2852,HP/SIR/53F10/2017/19,Sirmur,Balikoti R.F.,30.690184,77.738088,Rock            Slide,,,1040.225830078125,37.68763548435269,,
2853,HP/SIR/53F10/2017/252,Sirmur,Chyali R.F.,30.690227,77.691432,Rock            Slide,,,1891.555419921875,36.446789668766755,,
2854,HP/SOL/53F02/2017/94,Solan,KumarhattiNahan road,30.690449,77.214687,Rock            Slide,,,1541.0341796875,19.756104435643568,,
2855,HP/SIR/53F10/2017/254,Sirmur,Chyali R.F.,30.690784,77.695169,Rock            Slide,,,2028.789306640625,39.892009204312224,,
2856,HP/SOL/53F02/2017/92,Solan,,30.691055,77.212649,Rock            Slide,,,1542.8341064453125,27.88899382307095,,
2857,HP/SIR/53F10/2017/256,Sirmur,Chyali R.F.,30.692667,77.668112,Rock            Slide,,,2002.9075927734375,34.9805248600505,,
2858,HP/SIR/53F10/2017/255,Sirmur,Chyali R.F.,30.693445,77.670611,Rock            Slide,,,2039.302490234375,33.86674963507563,,
2859,HP/SIR/53F10/2017/20,Sirmur,Balikoti R.F.,30.693923,77.741002,Rock            Slide,,,971.1050415039062,35.66438843500889,,
2860,HP/SIR/53F06/2017/174,Sirmur,West of Sangrah,30.694736,77.399333,Rock            Slide,,,988.2275390625,51.46573484040897,,
2861,HP/SIR/53F06/2017/173,Sirmur,West of Sangrah,30.694885,77.402033,Rock            Slide,,,1017.92529296875,43.11222166937062,,
2862,HP/SOL/53F02/2017/89,Solan,,30.695287,77.17192,Rock            Slide,,,1031.78466796875,24.042405079304984,,
2863,HP/SOL/53F02/2017/105,Solan,Palticut road,30.695713,77.171817,Rock            Slide,,,1040.2786865234375,27.93351041249458,,
2864,HP/SIR/53F06/2017/175,Sirmur,West of Sangrah,30.696411,77.400848,Rock            Slide,,,1152.9091796875,38.213517975999665,,
2865,HP/SIR/53F10/2017/266,Sirmur,Chyali R.F.,30.697106,77.659831,Rock            Slide,,,2253.162353515625,38.54263421798225,,
2866,HP/SIR/53F06/2017/181,Sirmur,West of Sangrah,30.697408,77.40522,Rock            Slide,,,1149.72119140625,37.2652686851826,,
2867,HP/SIR/53F10/2017/262,Sirmur,Chyali R.F.,30.69744,77.666865,Rock            Slide,,,2232.85302734375,36.9065337599607,,
2868,HP/SIR/53F06/2017/153,Sirmur,North of Siyun,30.697462,77.386054,Rock            Slide,,,812.994873046875,39.936918690201296,,
2869,HP/SIR/53F10/2017/260,Sirmur,Chyali R.F.,30.697783,77.662471,Rock            Slide,,,2145.732177734375,37.29461601943141,,
2870,HP/SIR/53F06/2017/176,Sirmur,West of Sangrah,30.697882,77.401767,Rock            Slide,,,1199.9307861328125,37.32149029198626,,
2871,HP/SIR/53F06/2017/180,Sirmur,West of Sangrah,30.698104,77.404631,Rock            Slide,,,1201.2667236328125,38.14309718375586,,
2872,HP/SIR/53F06/2017/179,Sirmur,West of Sangrah,30.698426,77.404783,Rock            Slide,,,1222.9486083984375,38.39246855920794,,
2873,HP/SIR/53F06/2017/151,Sirmur,North of Siyun,30.698436,77.386015,Rock            Slide,,,888.047119140625,52.93413841263453,,
2874,HP/SIR/53F06/2017/152,Sirmur,North of Siyun,30.698498,77.38812,Rock            Slide,,,889.6318359375,37.19622262677057,,
2875,HP/SIR/53F06/2017/178,Sirmur,West of Sangrah,30.698511,77.403403,Rock            Slide,,,1253.88134765625,31.89993569907779,,
2876,HP/SIR/53F10/2017/261,Sirmur,Chyali R.F.,30.698544,77.665919,Rock            Slide,,,2269.89306640625,32.96089812504266,,
2877,HP/SIR/53F10/2017/268,Sirmur,Chyali R.F.,30.698638,77.653771,Rock            Slide,,,2106.949462890625,40.94186657140293,,
2878,HP/SIR/53F06/2017/177,Sirmur,West of Sangrah,30.69914,77.402305,Rock            Slide,,,1280.9405517578125,38.19667997802009,,
2879,HP/SIR/53F06/2017/147,Sirmur,North of Siyun,30.699213,77.37545,Rock            Slide,,,915.4476318359376,36.22549542020395,,
2880,HP/SIR/53F10/2017/267,Sirmur,Chyali R.F.,30.700708,77.65509,Rock            Slide,,,2184.262451171875,37.21741213222961,,
2881,HP/SIR/53F06/2017/146,Sirmur,North of Siyun,30.700721,77.374693,Rock            Slide,,,983.5594482421876,39.430150190991746,,
2882,HP/SIR/53F10/2017/257,Sirmur,Chyali R.F.,30.700832,77.661064,Rock            Slide,,,2425.85107421875,35.51253030743011,,
2883,HP/SIR/53F10/2017/258,Sirmur,Chyali R.F.,30.70086,77.661464,Rock            Slide,,,2421.433837890625,38.14135828730066,,
2884,HP/SIR/53F06/2017/148,Sirmur,North of Siyun,30.700968,77.373155,Rock            Slide,,,878.0856323242188,39.3451153572994,,
2885,HP/SIR/53F10/2017/259,Sirmur,Chyali R.F.,30.701313,77.660256,Rock            Slide,,,2470.351318359375,39.05121326464666,,
2886,HP/SIR/53F10/2017/137,Sirmur,South of Chanpur,30.701478,77.652506,Rock            Slide,,,2093.50732421875,45.58559591253273,,
2887,HP/SIR/53F10/2017/136,Sirmur,South of Chanpur,30.702012,77.65203,Rock            Slide,,,2113.802978515625,44.61332491594867,,
2888,HP/SIR/53F10/2017/138,Sirmur,South of Chanpur,30.702136,77.651578,Rock            Slide,,,2144.344482421875,40.50744731748677,,
2889,HP/SIR/53F06/2017/150,Sirmur,North of Siyun,30.702855,77.371491,Rock            Slide,,,935.0505981445312,45.74094680160962,,
2890,HP/SIR/53F06/2017/149,Sirmur,North of Siyun,30.702943,77.371001,Rock            Slide,,,958.6835327148438,49.21620044330021,,
2891,HP/SIR/53F10/2017/75,Sirmur,"Sangtan, PaontaShillai road",30.703224,77.694204,Rock            Slide,,,1498.5997314453125,40.58513399681924,,
2892,HP/SIR/53F10/2017/74,Sirmur,"Bhatnaul, PaontaShillai road",30.704783,77.705297,Rock            Slide,,,1567.109130859375,38.24890737157383,,
2893,HP/SIR/53F10/2017/135,Sirmur,South of Chanpur,30.705146,77.664362,Rock            Slide,,,2333.014404296875,46.8929450043117,,
2894,HP/SIR/53F10/2017/73,Sirmur,"Bhatnaul, PaontaShillai road",30.705964,77.70916,Rock            Slide,,,1604.5423583984375,43.50619233743902,,
2895,HP/SOL/53F02/2017/96,Solan,NarayangadMajara road,30.706817,77.197603,Rock            Slide,,,1621.2691650390625,5.441408514084017,,
2896,HP/SOL/53F02/2017/97,Solan,NarayangadMajara road,30.706817,77.197603,Rock            Slide,,,1621.2691650390625,5.441408514084017,,
2897,HP/SIR/53F06/2017/160,Sirmur,South of Chinar,30.707643,77.386619,Rock            Slide,,,1184.7442626953125,39.0491983859194,,
2898,HP/SIR/53F06/2017/169,Sirmur,South of Chinar,30.707723,77.401891,Rock            Slide,,,936.80615234375,48.83874948186693,,
2899,HP/SIR/53F06/2017/168,Sirmur,South of Chinar,30.708128,77.400789,Rock            Slide,,,1031.3448486328125,52.840692165282256,,
2900,HP/SIR/53F06/2017/171,Sirmur,South of Chinar,30.708258,77.404764,Rock            Slide,,,812.3563842773438,37.22597060900678,,
2901,HP/SIR/53F06/2017/170,Sirmur,South of Chinar,30.708839,77.404807,Rock            Slide,,,844.5899047851562,47.37567007344534,,
2902,HP/SIR/53F06/2017/167,Sirmur,South of Chinar,30.708975,77.395913,Rock            Slide,,,1068.0845947265625,39.1976539977322,,
2903,HP/SOL/53F02/2017/98,Solan,NarayangadMajara road,30.709138,77.195191,Rock            Slide,,,1613.352783203125,23.75063766964671,,
2904,HP/SIR/53F06/2017/166,Sirmur,South of Chinar,30.709742,77.39457,Rock            Slide,,,1117.9990234375,35.43559570421571,,
2905,HP/SIR/53F06/2017/154,Sirmur,South of Chinar,30.710037,77.380767,Rock            Slide,,,1479.8468017578125,39.63200902343182,,
2906,HP/SIR/53F06/2017/165,Sirmur,South of Chinar,30.710069,77.394031,Rock            Slide,,,1128.02392578125,37.608897614314984,,
2907,HP/SIR/53F06/2017/163,Sirmur,South of Chinar,30.711237,77.392727,Rock            Slide,,,1187.769775390625,50.48666193103214,,
2908,HP/SIR/53F06/2017/157,Sirmur,South of Chinar,30.711406,77.388971,Rock            Slide,,,1194.9130859375,40.876464998095855,,
2909,HP/SIR/53F06/2017/162,Sirmur,South of Chinar,30.711432,77.391595,Rock            Slide,,,1215.6143798828125,39.2924640543674,,
2910,HP/SIR/53F06/2017/164,Sirmur,South of Chinar,30.711665,77.395123,Rock            Slide,,,1274.5738525390625,35.718143301394754,,
2911,HP/SIR/53F06/2017/158,Sirmur,South of Chinar,30.711674,77.390179,Rock            Slide,,,1241.37353515625,45.0843575490054,,
2912,HP/SIR/53F06/2017/161,Sirmur,South of Chinar,30.711701,77.391694,Rock            Slide,,,1236.4639892578125,39.04507655726234,,
2913,HP/SIR/53F06/2017/156,Sirmur,South of Chinar,30.712014,77.38795,Rock            Slide,,,1235.967041015625,32.40723080985968,,
2914,HP/SIR/53F10/2017/272,Sirmur,Shri Kyari R.F.,30.712209,77.67226,Rock            Slide,,,1815.735595703125,44.953730363137666,,
2915,HP/SIR/53F06/2017/159,Sirmur,South of Chinar,30.712291,77.389805,Rock            Slide,,,1291.034423828125,39.779528751163866,,
2916,HP/SIR/53F10/2017/150,Sirmur,Shri Kyari R.F.,30.712602,77.664866,Rock            Slide,,,2001.7899169921875,39.98045569146932,,
2917,HP/SIR/53F06/2017/155,Sirmur,South of Chinar,30.713057,77.386936,Rock            Slide,,,1307.5482177734375,36.20500568285156,,
2918,HP/SIR/53F10/2017/273,Sirmur,Shri Kyari R.F.,30.713681,77.672466,Rock            Slide,,,1907.4390869140625,36.32355544063266,,
2919,HP/SIR/53F10/2017/270,Sirmur,Shri Kyari R.F.,30.714397,77.662803,Rock            Slide,,,2178.3134765625,33.86434797342663,,
2920,HP/SIR/53F10/2017/271,Sirmur,Shri Kyari R.F.,30.714812,77.662951,Rock            Slide,,,2186.45751953125,29.492475267543444,,
2921,HP/SIR/53F10/2017/274,Sirmur,Shri Kyari R.F.,30.715237,77.668257,Rock            Slide,,,2046.9261474609375,35.82499298111082,,
2922,HP/SIR/53F10/2017/269,Sirmur,Shri Kyari R.F.,30.715865,77.667312,Rock            Slide,,,2121.044189453125,35.03248565906919,,
2923,HP/SIR/53F06/2017/266,Sirmur,East of Kufar,30.718982,77.361832,Rock            Slide,,,1415.128662109375,42.1568964636174,,
2924,HP/SIR/53F10/2017/76,Sirmur,"Rapail, PaontaShillai road",30.719302,77.695346,Rock            Slide,,,1304.025146484375,39.32065996052686,,
2925,HP/SIR/53F10/2017/149,Sirmur,West of Tikar,30.720006,77.67533,Rock            Slide,,,1957.3167724609375,36.53724611599864,,
2926,HP/SIR/53F10/2017/148,Sirmur,West of Tikar,30.720029,77.674827,Rock            Slide,,,1962.68798828125,36.65205330947452,,
2927,HP/SIR/53F10/2017/147,Sirmur,West of Tikar,30.721078,77.676601,Rock            Slide,,,1982.464599609375,48.42408635682257,,
2928,HP/SIR/53F06/2017/264,Sirmur,East of Kufar,30.721337,77.372189,Rock            Slide,,,1510.304443359375,37.55851964992416,,
2929,HP/SIR/53F06/2017/265,Sirmur,East of Kufar,30.721646,77.364822,Rock            Slide,,,1425.120361328125,38.57444982156054,,
2930,HP/SIR/53F06/2017/267,Sirmur,East of Kufar,30.722552,77.367069,Rock            Slide,,,1481.41015625,41.87657092984133,,
2931,HP/SIR/53F06/2017/370,Sirmur,East of Kufar,30.722871,77.364923,Rock            Slide,,,1534.864013671875,38.43564303345279,,
2932,HP/SIR/53F06/2017/263,Sirmur,East of Kufar,30.723503,77.367245,Rock            Slide,,,1565.08349609375,43.97163064855812,,
2933,HP/SIR/53F06/2017/369,Sirmur,East of Kufar,30.723516,77.364084,Rock            Slide,,,1645.535400390625,47.39408503282892,,
2934,HP/SIR/53F10/2017/146,Sirmur,West of Tikar,30.723534,77.675492,Rock            Slide,,,1989.084716796875,39.45779867759346,,
2935,HP/SIR/53F06/2017/371,Sirmur,East of Kufar,30.723605,77.363598,Rock            Slide,,,1646.470458984375,40.7922258418572,,
2936,HP/SIR/53F06/2017/368,Sirmur,East of Kufar,30.725697,77.37016,Rock            Slide,,,1801.8607177734375,38.873796730558155,,
2937,HP/SIR/53F06/2017/262,Sirmur,East of Kufar,30.725926,77.366081,Rock            Slide,,,1790.499755859375,46.103684527242066,,
2938,HP/SIR/53F06/2017/277,Sirmur,Khurkuna,30.72611,77.332449,Rock            Slide,,,978.7655029296876,45.16034744882406,,
2939,HP/SIR/53F10/2017/145,Sirmur,Katara,30.726343,77.675688,Rock            Slide,,,1952.2603759765625,33.4407707016084,,
2940,HP/SIR/53F10/2017/144,Sirmur,Katara,30.726467,77.673878,Rock            Slide,,,2067.7412109375,38.00596030196609,,
2941,HP/SIR/53F06/2017/272,Sirmur,Khurkuna,30.727121,77.331929,Rock            Slide,,,1014.7792358398438,39.72003401020951,,
2942,HP/SIR/53F06/2017/273,Sirmur,Khurkuna,30.728517,77.330487,Rock            Slide,,,954.7560424804688,47.16934470874635,,
2943,HP/SIR/53F10/2017/143,Sirmur,Katara,30.729178,77.677944,Rock            Slide,,,2023.43359375,49.31431458228952,,
2944,HP/SIR/53F06/2017/276,Sirmur,Khurkuna,30.730205,77.336433,Rock            Slide,,,1305.1265869140625,37.88979793512726,,
2945,HP/SIR/53F10/2017/142,Sirmur,Katara,30.730258,77.678059,Rock            Slide,,,1990.3499755859375,34.72748247256149,,
2946,HP/SIR/53F06/2017/259,Sirmur,North of Kufar,30.7313,77.357153,Rock            Slide,,,1617.1253662109375,39.91087643449276,,
2947,HP/SIR/53F06/2017/260,Sirmur,North of Kufar,30.73142,77.356582,Rock              Slide,,,1611.423095703125,37.489359519992554,,
2948,HP/SIR/53F06/2017/261,Sirmur,North of Kufar,30.731873,77.355672,Rock              Slide,,,1662.0732421875,39.56431257732233,,
2949,HP/SIR/53F06/2017/271,Sirmur,Khurkuna,30.732603,77.332733,Rock              Slide,,,1188.5594482421875,42.66986889155917,,
2950,HP/SIR/53F10/2017/139,Sirmur,Katara,30.732812,77.675608,Rock cum debris   Slide,,,2039.425537109375,48.46095038572993,,
2951,HP/SIR/53F10/2017/140,Sirmur,Katara,30.733797,77.675748,Rock              Slide,,,2063.71044921875,43.730601790816245,,
2952,HP/SIR/53F06/2017/270,Sirmur,Khurkuna,30.733852,77.329866,Rock              Slide,,,1011.9448852539062,42.74071577839314,,
2953,HP/SIR/53F06/2017/269,Sirmur,Khurkuna,30.733869,77.329447,Rock              Slide,,,1009.558349609375,35.87670411556588,,
2954,HP/SOL/53F02/2017/88,Solan,,30.734038,77.134426,Rock              Slide,,,943.5867309570312,13.366123784838525,,
2955,HP/SIR/53F06/2017/268,Sirmur,Khurkuna,30.734759,77.328535,Rock              Slide,,,994.1054077148438,37.39055539729352,,
2956,HP/SIR/53F10/2017/215,Sirmur,Anyar,30.735398,77.72563,Rock              Slide,,,783.0806274414062,42.613244620121286,,
2957,HP/SIR/53F10/2017/213,Sirmur,Umri,30.737355,77.716318,Rock              Slide,,,813.0467529296875,29.075842676417725,,
2958,HP/SIR/53F06/2017/275,Sirmur,Khurkuna,30.73755,77.331507,Rock              Slide,,,1193.725830078125,37.21539268583256,,
2959,HP/SIR/53F10/2017/141,Sirmur,Katara,30.737838,77.675959,Rock              Slide,,,1973.1768798828125,35.19172030057155,,
2960,HP/SIR/53F10/2017/214,Sirmur,Umri,30.738046,77.714846,Rock              Slide,,,783.0095825195312,30.025383984084183,,
2961,HP/SIR/53F06/2017/274,Sirmur,Khurkuna,30.738662,77.33066,Rock              Slide,,,1134.146484375,40.57412370071334,,
2962,HP/SIR/53F10/2017/212,Sirmur,Sanog,30.73876,77.708543,Rock              Slide,,,740.1034545898438,46.63163661035107,,
2963,HP/SIR/53F10/2017/211,Sirmur,Sanog,30.74017,77.705436,Rock              Slide,,,759.133544921875,27.55485328257684,,
2964,HP/SOL/53F02/2017/102,Solan,Palticut road,30.74873,77.169596,Rock              Slide,,,1675.947509765625,31.30819184290643,,
2965,HP/SOL/53F02/2017/103,Solan,Palticut road,30.74873,77.169596,Rock              Slide,,,1675.947509765625,31.30819184290643,,
2966,HP/SOL/53F01/2017/268,Solan,KumarhattiNahan road,30.749265,77.170328,Rock              Slide,,,1692.7135009765625,30.507212917133685,,
2967,HP/SIR/53F05/2017/16,Sirmur,Lana Macher,30.753561,77.315803,Rock cum debris   Slide,,,815.4364624023438,39.08493227088942,,
2968,HP/SOL/53F01/2017/322,Solan,NainatikkarSarahan road,30.754536,77.132663,Rock              Slide,,,1155.8277587890625,33.05897097746354,,
2969,HP/SIR/53F05/2017/26,Sirmur,Bhanra/MDR3,30.754653,77.441347,Rock              Fall,,,1597.66796875,38.06548388595536,,
2970,HP/SIR/53F05/2017/22,Sirmur,Bhanra,30.755364,77.307417,Debris            Slide,,,929.41552734375,9.36525688848534,,
2971,HP/SIR/53F05/2017/23,Sirmur,"MDR3,Bhanra",30.755944,77.441825,Rock cum debris   Fall,,,1574.8673095703125,34.4398446257299,,
2972,HP/SIR/53F05/2017/85,Sirmur,Kotla mangan,30.756336,77.315536,Rock cum debris   Slide,,,791.0924072265625,42.33297768665346,,
2973,HP/SIR/53F05/2017/17,Sirmur,Kotla mangan,30.7565,77.316869,Rock              Fall,,,914.748046875,37.828826815204074,,
2974,HP/SIR/53F09/2017/45,Sirmur,Jarwa Juneile,30.756508,77.597869,Debris            Slide,,,1730.7213134765625,36.58345639946774,,
2975,HP/SIR/53F05/2017/90,Sirmur,Kotla mangan,30.756844,77.317569,Rock cum debris   Slide,,,964.73681640625,46.01435142393553,,
2976,HP/SHM/53F09/2017/49,Shimla,Haripurdhar Ranat Road,30.756917,77.632889,Rock cum debris   Slide,,,1355.7413330078125,36.57002076567187,,
2977,HP/SIR/53F05/2017/27,Sirmur,Bhanra,30.757153,77.439139,Rock              Fall,,,1737.8936767578125,31.297808882170703,,
2978,HP/SHM/53F09/2017/46,Shimla,JurwaThariya village,30.758361,77.599611,Rock cum debris   Slide,,,1645.9722900390625,50.644194001523445,,
2979,HP/SIR/53F09/2017/44,Sirmur,Haripurdhar Ranat Road,30.758475,77.592844,Rock cum debris   Slide,,,1805.195068359375,50.88178039324448,,
2980,HP/SIR/53F09/2017/43,Sirmur,Haripurdhar Ranat Road,30.758528,77.58975,Rock cum debris   Slide,,,1796.4273681640625,35.91344909122941,,
2981,HP/SIR/53F09/2017/42,Sirmur,Haripurdhar Ranat Road,30.758578,77.589211,Debris            Slide,,,1791.1259765625,17.498951526701696,,
2982,HP/SHM/53F09/2017/48,Shimla,Panog,30.759694,77.609639,Debris            Slide,,,1538.965576171875,34.497279847639405,,
2983,HP/SHM/53F09/2017/47,Shimla,Haripurdhar Ranat Road,30.761214,77.603542,Rock cum debris   Slide,,,1568.800537109375,26.723369128874825,,
2984,HP/SIR/53F09/2017/39,Sirmur,"Tikiri Dasakna,",30.761308,77.603703,Debris            Slide,,,1579.8770751953125,24.93498811098215,,
2985,HP/SOL/53F01/2017/72,Solan,NaragDalhan road,30.761546,77.197579,Debris            Slide,,,1405.3458251953125,18.640959575488797,,
2986,HP/SIR/53F05/2017/47,Sirmur,Chaloga Byas,30.761947,77.308911,Debris            Slide,,,787.995361328125,44.62089776911901,,
2987,HP/SIR/53F05/2017/43,Sirmur,Naichana,30.762094,77.437281,Rock              Fall,,,1758.419677734375,45.03993394465448,,
2988,HP/SOL/53F01/2017/320,Solan,KumarhattiNahan road,30.762115,77.152756,Rock              Slide,,,1715.7867431640625,6.203154118147199,,
2989,HP/SIR/53F05/2017/19,Sirmur,Bagrauti,30.762161,77.307811,Debris            Fall,,,806.7822875976562,45.531380563187895,,
2990,HP/SHM/53F09/2017/26,Shimla,Tikiri Dasakna,30.764453,77.561217,Debris            Slide,,,2137.061767578125,37.10032122228854,,
2991,HP/SIR/53F09/2017/41,Sirmur,Haripurdhar Ranat Road,30.765167,77.582911,Rock cum debris   Slide,,,1852.77783203125,35.3483909612281,,
2992,HP/SIR/53F05/2017/62,Sirmur,Naichana,30.765497,77.411125,Debris            Slide,,,1369.4246826171875,52.36439442072907,,
2993,HP/SIR/53F09/2017/40,Sirmur,Haripurdhar Ranat Road,30.765642,77.581697,Debris            Slide,,,1865.426513671875,35.367085727639726,,
2994,HP/SOL/53F01/2017/267,Solan,KumarhattiNahan road,30.766811,77.148463,Rock              Slide,,,1753.271240234375,25.956119458335134,,
2995,HP/SHM/53F09/2017/33,Shimla,"Tikiri Dasakna,",30.767306,77.566417,Rock cum debris   Slide,,,2013.759521484375,39.27912483845248,,
2996,HP/SHM/53F09/2017/27,Shimla,Tikiri Dasakna,30.767344,77.560942,Rock cum debris   Slide,,,2109.020263671875,34.90657669458602,,
2997,HP/SHM/53F09/2017/34,Shimla,"Tikiri Dasakna,",30.767381,77.560906,Rock cum debris   Slide,,,2112.207275390625,33.751524361447174,,
2998,HP/SHM/53F09/2017/28,Shimla,Tikiri Dasakna,30.767417,77.561167,Debris            Slide,,,2093.501708984375,32.995546874223244,,
2999,HP/SHM/53F09/2017/38,Shimla,"Tikiri Dasakna,",30.768222,77.569083,Rock cum debris   Slide,,,1992.897705078125,38.3559091612658,,
3000,HP/SHM/53F09/2017/36,Shimla,"Tikiri Dasakna,",30.768283,77.565092,Rock cum debris   Slide,,,2045.7149658203125,39.011789356301314,,
3001,HP/SHM/53F09/2017/32,Shimla,Tikiri Dasakna,30.768611,77.56325,Debris            Slide,,,2044.4586181640625,33.73218925995105,,
3002,HP/SHM/53F09/2017/35,Shimla,"Tikiri Dasakna,",30.768611,77.56325,Debris            Slide,,,2044.4586181640625,33.73218925995105,,
3003,HP/SHM/53F09/2017/29,Shimla,Tikiri Dasakna,30.768731,77.558567,Debris            Slide,,,2212.399658203125,24.96492437452278,,
3004,HP/SHM/53F09/2017/30,Shimla,Tikiri Dasakna,30.768917,77.561056,Debris            Slide,,,2072.579345703125,33.89623022459188,,
3005,HP/SHM/53F09/2017/37,Shimla,"Tikiri Dasakna,",30.769325,77.567106,Debris            Slide,,,2029.3416748046875,19.864650119596995,,
3006,HP/SIR/53F05/2017/49,Sirmur,"Khairi,MDR3",30.769636,77.300794,Rock              Fall,,,805.10498046875,26.99730161370585,,
3007,HP/SHM/53F09/2017/31,Shimla,Tikiri Dasakna,30.769778,77.561889,Rock cum debris   Slide,,,2051.3916015625,32.71286214249059,,
3008,HP/SIR/53F09/2017/24,Sirmur,Haripurdhar,30.771331,77.531839,Rock cum debris   Slide,,,2368.484375,30.56029852237716,,
3009,HP/SHM/53F09/2017/25,Shimla,Haripurdhar,30.771619,77.554289,Debris            Slide,,,2208.73291015625,36.84470178556196,,
3010,HP/SOL/53F01/2017/33,Solan,NainatikkarSarahan road,30.772285,77.122619,Rock              Fall,,,1262.75830078125,37.14641141464062,,
3011,HP/SHM/53F09/2017/50,Shimla,Kot/MDR6,30.773153,77.637481,Rock cum debris   Slide,,,1228.7152099609375,53.3945319273114,,
3012,HP/SHM/53F09/2017/82,Shimla,Kulath link road,30.773192,77.648636,Debris            Slide,,,1030.8338623046875,40.97555555709169,,
3013,HP/SIR/53F05/2017/86,Sirmur,Kathli Barahan,30.7737,77.340817,Debris            Slide,,,944.6858520507812,45.768714468169875,,
3014,HP/SIR/53F05/2017/56,Sirmur,Deva Manal,30.774881,77.445561,Rock cum debris   Slide,,,1472.752197265625,28.099839975584175,,
3015,HP/SOL/53F01/2017/266,Solan,KumarhattiNahan road,30.774996,77.145521,Rock              Slide,,,1730.310546875,24.216519162747915,,
3016,HP/SIR/53F05/2017/13,Sirmur,Kanada Koti,30.776856,77.484003,Debris,Slide,2017,1984.092529296875,37.62103465497664,,
3017,HP/SOL/53F01/2017/319,Solan,KumarhattiNahan road,30.776939,77.143723,Rock              Slide,,,1754.7813720703125,35.03254670354149,,
3018,HP/SIR/53F05/2017/24,Sirmur,Lana Marag,30.776981,77.295697,Debris            Slide,,,819.2621459960938,41.40974839096872,,
3019,HP/SIR/53F05/2017/33,Sirmur,Bhutli,30.778319,77.358242,Rock cum debris   Slide,,,1065.0953369140625,50.505238986640705,,
3020,HP/SIR/53F05/2017/21,Sirmur,Chunar,30.778547,77.295728,Debris            Slide,,,836.6478271484375,47.775935356698,,
3021,HP/SIR/53F05/2017/84,Sirmur,Khairi,30.779231,77.298042,Debris            Slide,,,798.8486328125,33.902517015771046,,
3022,HP/SIR/53F05/2017/42,Sirmur,Chunwin Board,30.782442,77.496183,Debris            Slide,,,1985.6890869140625,25.76303465804441,,
3023,HP/SOL/53F01/2017/318,Solan,KumarhattiNahan road,30.784137,77.141954,Rock              Slide,,,1750.24462890625,27.20310947941812,,
3024,HP/SOL/53F01/2017/265,Solan,KumarhattiNahan road,30.788977,77.134107,Rock              Slide,,,1673.595458984375,22.91656978920496,,
3025,HP/SIR/53F05/2017/28,Sirmur,Rihana,30.790303,77.354767,Soil              Slide,,,1150.401123046875,38.58621345477091,,
3026,HP/SIR/53F05/2017/41,Sirmur,Kathli Barahan,30.790508,77.354406,Debris            Slide,,,1165.1136474609375,40.516255555815114,,
3027,HP/SIR/53F05/2017/6,Sirmur,"Soda Dhayari, link road",30.79053,77.299,Rock cum debris   Slide,,,1019.027587890625,25.61319672725302,,
3028,HP/SOL/53F01/2017/60,Solan,NaragOcchghat road,30.791955,77.186376,Debris            Slide,,,1344.22705078125,27.434619315751146,,
3029,HP/SOL/53F01/2017/317,Solan,KumarhattiNahan road,30.792254,77.128005,Rock              Slide,,,1651.704833984375,32.13295202318381,,
3030,HP/SOL/53F01/2017/369,Solan,NaragDalhan road,30.792495,77.197579,Rock              Slide,,,1351.1517333984375,21.29917334857497,,
3031,HP/SIR/53F05/2017/44,Sirmur,Rihana,30.793361,77.356611,Rock cum debris   Slide,,,1128.3885498046875,19.376503005995623,,
3032,HP/SOL/53F01/2017/264,Solan,KumarhattiNahan road,30.794557,77.124415,Rock              Slide,,,1627.2755126953125,35.8324740603423,,
3033,HP/SOL/53F01/2017/370,Solan,NaragOcchghat road,30.794565,77.19421,Rock              Slide,,,1390.6474609375,31.358870740712916,,
3034,HP/SOL/53F01/2017/64,Solan,NainatikkarDhangiar road,30.79637,77.109587,Debris            Slide,,,1406.4256591796875,34.06736212149132,,
3035,HP/SOL/53F01/2017/22,Solan,KumarhattiNahan road,30.796643,77.125267,Rock              Fall,,,1605.30810546875,13.83742672348873,,
3036,HP/SOL/53B13/2017/198,Solan,,30.797625,76.99224,Rock              Slide,,,935.0791625976562,34.802572653412994,,
3037,HP/SOL/53B13/2017/199,Solan,,30.797745,76.990504,Rock              Slide,,,948.7801513671876,39.23068052083679,,
3038,HP/SOL/53F01/2017/263,Solan,KumarhattiNahan road,30.797923,77.123339,Rock              Slide,,,1596.16357421875,41.75146929169062,,
3039,HP/SOL/53B13/2017/200,Solan,,30.798125,76.991206,Rock              Slide,,,966.3428344726562,38.59920708684256,,
3040,HP/SOL/53F01/2017/371,Solan,NaragOcchghat road,30.798593,77.19351,Rock              Slide,,,1364.6092529296875,31.74767975856586,,
3041,HP/SIR/53F05/2017/45,Sirmur,Lana Chaita,30.798772,77.360256,Rock cum debris   Slide,,,1175.52099609375,39.03374657525584,,
3042,HP/SOL/53B13/2017/197,Solan,,30.798874,76.989274,Rock              Slide,,,1017.5048217773438,36.7334409443441,,
3043,HP/SOL/53F01/2017/372,Solan,NaragOcchghat road,30.799786,77.193251,Rock              Slide,,,1365.7506103515625,28.594969186825757,,
3044,HP/SIR/53F05/2017/7,Sirmur,"Soda Dhayari, link road",30.800128,77.312919,Rock cum debris   Slide,,,1503.28955078125,38.06303622357175,,
3045,HP/SIR/53F05/2017/5,Sirmur,Ravna Village,30.801506,77.260769,Rock cum debris,Slide,2004,967.1231079101562,25.60863310032081,,
3046,HP/SIR/53F05/2017/9,Sirmur,Lana Shalora,30.806653,77.262894,Rock cum debris   Slide,,,871.4937744140625,49.49620867174313,,
3047,HP/SIR/53F05/2017/12,Sirmur,Jubal Chandesh,30.807833,77.318803,Rock cum debris,Slide,2011,1652.1136474609375,34.390539719792024,,
3048,HP/SOL/53F01/2017/21,Solan,KumarhattiNahan road,30.808098,77.115981,Rock              Fall,,,1516.3890380859375,36.03122649000074,,
3049,HP/SIR/53F05/2017/3,Sirmur,Choures/MDR2,30.808833,77.458667,Rock cum debris   Slide,,,1876.06640625,31.57871629342325,,
3050,HP/SOL/53F01/2017/262,Solan,KumarhattiNahan road,30.808865,77.116067,Rock              Slide,,,1525.79443359375,39.855430652722376,,
3051,HP/SOL/53F01/2017/261,Solan,KumarhattiNahan road,30.809376,77.115386,Rock              Slide,,,1535.086181640625,42.02435648214641,,
3052,HP/SOL/53F01/2017/260,Solan,KumarhattiNahan road,30.809627,77.114367,Rock              Slide,,,1514.036865234375,39.663929172042714,,
3053,HP/SOL/53F01/2017/258,Solan,KumarhattiNahan road,30.810925,77.107749,Rock              Slide,,,1445.7398681640625,29.836140685001613,,
3054,HP/SOL/53F01/2017/257,Solan,KumarhattiNahan road,30.811343,77.107299,Rock              Slide,,,1429.8157958984375,32.962088403544236,,
3055,HP/SOL/53F01/2017/259,Solan,KumarhattiNahan road,30.811467,77.113814,Rock              Slide,,,1476.014404296875,32.75899137490014,,
3056,HP/SOL/53F01/2017/374,Solan,NainatikkarNarag road,30.811624,77.124285,Rock              Slide,,,1535.45361328125,27.120939149175346,,
3057,HP/SOL/53F01/2017/283,Solan,NaragKaasar link road,30.811781,77.232766,Rock              Slide,,,1479.5224609375,32.776923016486265,,
3058,HP/SOL/53F01/2017/373,Solan,NaragOcchghat road,30.811938,77.186154,Rock              Slide,,,1332.0316162109375,13.70960997090477,,
3059,HP/SOL/53F01/2017/282,Solan,NaragKaasar link road,30.811952,77.230651,Rock              Slide,,,1429.74462890625,42.96556873098141,,
3060,HP/SOL/53F01/2017/414,Solan,NainatikkarNarag road,30.81311,77.12205,Rock              Slide,,,1535.31689453125,31.760726677862692,,
3061,HP/SOL/53F01/2017/424,Solan,NaragKaasar road,30.813149,77.24502,Rock              Slide,,,1425.9024658203125,33.63469329528224,,
3062,HP/SIR/53F05/2017/29,Sirmur,Karang,30.813208,77.344883,Rock cum debris   Slide,,,1788.924560546875,39.56343824361871,,
3063,HP/SOL/53F01/2017/423,Solan,NaragKaasar road,30.813277,77.246838,Rock              Slide,,,1352.0130615234375,35.70499529125986,,
3064,HP/SOL/53F01/2017/43,Solan,NainatikkarNarag road,30.813361,77.122746,Rock              Fall,,,1544.2740478515625,36.08984085319551,,
3065,HP/SOL/53F01/2017/199,Solan,KumarhattiNahan road,30.813386,77.10805,Rock              Slide,,,1430.8170166015625,39.72561525819348,,
3066,HP/SOL/53F01/2017/281,Solan,NaragKaasar link road,30.813565,77.2292,Rock              Slide,,,1475.8045654296875,46.81941477251067,,
3067,HP/SOL/53F01/2017/279,Solan,NaragKaasar link road,30.813892,77.226114,Rock              Slide,,,1425.7935791015625,32.14460998232901,,
3068,HP/SOL/53F01/2017/280,Solan,NaragKaasar link road,30.813918,77.227606,Rock              Slide,,,1455.8187255859375,39.07898924673995,,
3069,HP/SOL/53F01/2017/428,Solan,TarolChakki Mor road,30.81403,77.039597,Rock              Slide,,,1041.750244140625,23.509372373651075,,
3070,HP/SIR/53F05/2017/4,Sirmur,Nohra/ SH6,30.8155,77.4225,Rock cum debris   Slide,,,2208.020263671875,20.451186798294422,,
3071,HP/SOL/53F01/2017/256,Solan,KumarhattiNahan road,30.816123,77.106417,Rock              Slide,,,1397.2242431640625,16.48654732853419,,
3072,HP/SOL/53F01/2017/273,Solan,NaragKaasar link road,30.816162,77.221346,Rock              Slide,,,1378.54833984375,30.034406442637483,,
3073,HP/SOL/53F01/2017/274,Solan,NaragKaasar link road,30.816242,77.222381,Rock              Slide,,,1404.1785888671875,29.36553173408749,,
3074,HP/SOL/53F01/2017/278,Solan,NaragKaasar link road,30.81664,77.220488,Rock              Slide,,,1381.848388671875,28.47622241372685,,
3075,HP/SOL/53F01/2017/52,Solan,BhojnagarParwanoo road,30.817169,77.001923,Debris            Slide,,,1337.660400390625,16.425962301757806,,
3076,HP/SOL/53F01/2017/425,Solan,NaragKaasar road,30.817392,77.245514,Rock              Slide,,,1203.6385498046875,29.064879524875984,,
3077,HP/SOL/53F01/2017/198,Solan,KumarhattiNahan road,30.817464,77.10337,Rock              Slide,,,1393.3009033203125,26.626847528794443,,
3078,HP/SOL/53F01/2017/50,Solan,BhojnagarParwanoo road,30.817489,77.001252,Debris            Slide,,,1349.73291015625,40.5726453792928,,
3079,HP/SOL/53B13/2017/108,Solan,NH22,30.817648,76.985689,Rock              Slide,,,1163.83447265625,26.47653222108743,,
3080,HP/SIR/53F05/2017/15,Sirmur,Lana Shalora,30.817778,77.260961,Debris            Slide,,,826.4254760742188,0.8263173911475306,,
3081,HP/SOL/53F01/2017/189,Solan,NH22,30.817883,77.002769,Rock              Slide,,,1366.3297119140625,28.419264065016083,,
3082,HP/SOL/53F01/2017/276,Solan,NaragKaasar link road,30.818034,77.217724,Rock              Slide,,,1397.5986328125,30.87159077900036,,
3083,HP/SOL/53F01/2017/277,Solan,NaragKaasar link road,30.818156,77.216525,Rock              Slide,,,1387.829345703125,26.61156337133587,,
3084,HP/SOL/53F01/2017/275,Solan,NaragKaasar link road,30.818168,77.220252,Rock              Slide,,,1427.638427734375,37.45976092477795,,
3085,HP/SIR/53F05/2017/40,Sirmur,Nohra,30.818644,77.427078,Rock              Fall,,,2142.43408203125,28.19018822687484,,
3086,HP/SOL/53F01/2017/170,Solan,BhojnagarParwanoo road,30.818652,77.000616,Rock              Slide,,,1371.077880859375,19.163236014917405,,
3087,HP/SOL/53F01/2017/197,Solan,KumarhattiNahan road,30.818699,77.102092,Rock              Slide,,,1414.6595458984375,35.35421591998115,,
3088,HP/SOL/53B13/2017/83,Solan,NH22,30.818765,76.986988,Rock              Slide,,,1197.403564453125,37.288320023184326,,
3089,HP/SOL/53F01/2017/420,Solan,NaragGiripul road,30.819297,77.198631,Rock              Slide,,,1319.26708984375,20.62526658389671,,
3090,HP/SOL/53F01/2017/48,Solan,KumarhattiNahan road,30.819357,77.101985,Debris            Slide,,,1416.0987548828125,36.62416849241579,,
3091,HP/SOL/53F01/2017/419,Solan,SumanaKandaghat road,30.819792,77.188905,Rock              Slide,,,1297.96875,12.311895218338504,,
3092,HP/SOL/53F01/2017/360,Solan,NaragGiripul road,30.819792,77.188905,Rock              Slide,,,1297.96875,12.311895218338504,,
3093,HP/SOL/53F01/2017/10,Solan,KumarhattiNahan road,30.820494,77.100911,Rock              Fall,,,1425.637939453125,41.69281803049208,,
3094,HP/SOL/53F01/2017/315,Solan,KumarhattiNahan road,30.821032,77.090353,Rock              Slide,,,1416.704833984375,31.233632774207237,,
3095,HP/SOL/53F01/2017/218,Solan,SH02,30.821492,77.096026,Rock              Slide,,,1417.8016357421875,34.394472025037125,,
3096,HP/SOL/53F01/2017/51,Solan,KumarhattiNahan road,30.821492,77.096026,Debris            Slide,,,1417.8016357421875,34.394472025037125,,
3097,HP/SOL/53F01/2017/316,Solan,KumarhattiNahan road,30.821634,77.098513,Rock              Slide,,,1423.5523681640625,38.06844059045186,,
3098,HP/SOL/53F01/2017/300,Solan,BhojnagarChakki road,30.822851,77.0185,Rock              Slide,,,1460.8841552734375,25.462746929436985,,
3099,HP/SOL/53F01/2017/301,Solan,BhojnagarChakki road,30.823072,77.020249,Rock              Slide,,,1467.1085205078125,29.51229722642888,,
3100,HP/SIM/53F13/2016/16,Shimla,Antrouli-Gumma road Antrouli-Gumma road,30.8232,77.7503,Rock              Slide,,,976.927978515625,41.45701954088777,,
3101,HP/SHI/53F13/2016/20,Shimla,ANTROULI-GUMMA ROAD,30.8232,77.7503,Debris            Slide,,,976.927978515625,41.45701954088777,,
3102,HP/SHI/53F13/2016/21,Shimla,ANTROULI-GUMMA ROAD,30.8233,77.7506,Debris            Slide,,,968.8323974609376,41.64689943553938,,
3103,HP/SIM/53F13/2016/17,Shimla,Antrouli-Gumma road Antrouli-Gumma road,30.8234,77.7507,Rock              Slide,,,956.4627685546876,37.73148553621051,,
3104,HP/SIM/53F13/2016/18,Shimla,Antrouli-Gumma road Antrouli-Gumma road,30.8235,77.7514,Rock              Slide,,,943.960693359375,38.460228693617495,,
3105,HP/SHI/53F13/2016/7,Shimla,ANTROULI-GUMMA ROAD,30.8235,77.7514,Debris            Slide,,,943.960693359375,38.460228693617495,,
3106,HP/SOL/53B13/2017/61,Solan,BhojnagarParwanoo road,30.823684,76.988697,Rock              Slide,,,1248.8253173828125,42.0932845068398,,
3107,HP/SOL/53F01/2017/426,Solan,NaragKaasar road,30.824026,77.242462,Rock              Slide,,,1124.636474609375,38.09183643651267,,
3108,HP/SOL/53B13/2017/16,Solan,,30.824423,76.988677,Debris            Slide,,,1183.9395751953125,30.659579033099252,,
3109,HP/MAN/53E01/2015/21,Mandi,,30.824722,77.077139,Rock              Slide,,,1327.490478515625,26.852971681232248,,
3110,HP/MAN/53E01/2015/22,Mandi,,30.824722,77.077139,Rock cum debris   Slide,,,1327.490478515625,26.852971681232248,,
3111,HP/MAN/53E01/2015/23,Mandi,Jhanjheli-Thunag road,30.824722,77.077139,Debris            Slide,,,1327.490478515625,26.852971681232248,,
3112,HP/SOL/53F01/2017/27,Solan,NaragGiripul road,30.82501,77.19503,Rock              Fall,,,1279.2916259765625,20.289252931523087,,
3113,HP/SIM/53F13/2016/19,Shimla,Near Gumma Gumma-Choinyain road,30.8257,77.7517,Rock              Slide,,,1002.8594970703124,38.630354332859376,,
3114,HP/SHI/53F13/2016/22,Shimla,NEAR GUMMAGUMMA-,30.8257,77.7517,Debris            Slide,,,1002.8594970703124,38.630354332859376,,
3115,HP/SIM/53F13/2016/20,Shimla,Near Gumma Gumma-Choinyain road,30.8258,77.7515,Rock              Slide,,,1022.9838256835938,37.79982177759974,,
3116,HP/SHI/53F13/2016/23,Shimla,NEAR GUMMAGUMMA-,30.8258,77.7515,Debris            Slide,,,1022.9838256835938,37.79982177759974,,
3117,HP/SOL/53B13/2017/110,Solan,NH22,30.826102,76.965403,Rock              Slide,,,842.61083984375,38.407554958746225,,
3118,HP/SOL/53B13/2017/60,Solan,Opposite of Timber Trial,30.826478,76.989665,Rock              Slide,,,1135.80419921875,41.02943182139816,,
3119,HP/SIM/53F13/2016/22,Shimla,Near Gumma Gumma-Choinyain road,30.8269,77.7528,Rock              Slide,,,1025.03271484375,33.922940127273804,,
3120,HP/SHI/53F13/2016/25,Shimla,NEAR GUMMAGUMMA-,30.8269,77.7528,Debris            Slide,,,1025.03271484375,33.922940127273804,,
3121,HP/SOL/53F01/2017/186,Solan,NH22,30.826948,77.008967,Rock              Slide,,,1459.5115966796875,32.207164681858615,,
3122,HP/SIM/53F13/2016/23,Shimla,Near Gumma Gumma-Choinyain road,30.8272,77.7556,Rock              Slide,,,930.105712890625,39.5751069115738,,
3123,HP/SHI/53F13/2016/26,Shimla,NEAR GUMMAGUMMA-,30.8272,77.7556,Debris            Slide,,,930.105712890625,39.5751069115738,,
3124,HP/SIM/53F13/2016/24,Shimla,Near Gumma Gumma-Choinyain road,30.8275,77.7559,Rock              Slide,,,932.8120727539062,36.499105725715765,,
3125,HP/SHI/53F13/2016/24,Shimla,NEAR GUMMAGUMMA-,30.8275,77.7559,Debris            Slide,,,932.8120727539062,36.499105725715765,,
3126,HP/SOL/53B13/2017/125,Solan,Opposite of Timber Trial,30.82761,76.989722,Rock              Slide,,,1106.714599609375,43.81127266730875,,
3127,HP/SOL/53B13/2017/109,Solan,NH22,30.827686,76.968638,Rock              Slide,,,880.512451171875,28.446508302271777,,
3128,HP/SOL/53B13/2017/90,Solan,NH22,30.827707,76.961819,Rock              Slide,,,717.5034790039062,36.60631784874501,,
3129,HP/SOL/53F01/2017/188,Solan,NH22,30.827897,77.006395,Rock              Slide,,,1433.8026123046875,25.61505431338395,,
3130,HP/SOL/53F01/2017/187,Solan,NH22,30.828353,77.007578,Rock              Slide,,,1431.0372314453125,33.52137775895733,,
3131,HP/SOL/53B13/2017/124,Solan,Opposite of Timber Trial,30.82874,76.990386,Rock              Slide,,,1112.8360595703125,40.95173470914137,,
3132,HP/SIM/53F13/2016/26,Shimla,Near Choinyan,30.8306,77.7571,Rock              Slide,,,929.4119873046876,40.168763146129194,,
3133,HP/SHI/53F13/2016/6,Shimla,NEAR CHOINYAN,30.8306,77.7571,Debris            Slide,,,929.4119873046876,40.168763146129194,,
3134,HP/SOL/53B13/2017/59,Solan,BhojnagarChakki road,30.831193,76.997315,Rock              Slide,,,1026.9246826171875,31.271746135787804,,
3135,HP/SOL/53F01/2017/28,Solan,NaragGiripul road,30.83154,77.186415,Rock              Fall,,,1306.42333984375,41.50183004054987,,
3136,HP/SIM/53F13/2016/25,Shimla,Near Choinyan Right bank of Shalong Gad,30.8316,77.7567,Rock              Slide,,,946.829345703125,37.59970741399027,,
3137,HP/SHI/53F13/2016/16,Shimla,NEAR CHOINYAN RIGHT BANK,30.8316,77.7567,Debris            Slide,,,946.829345703125,37.59970741399027,,
3138,HP/SOL/53B13/2017/121,Solan,NH22,30.831859,76.967198,Rock              Slide,,,683.1538696289062,33.769878266251496,,
3139,HP/SOL/53B13/2017/120,Solan,NH22,30.831872,76.96791,Rock              Slide,,,697.3283081054688,18.598403492213947,,
3140,HP/SOL/53F01/2017/314,Solan,KumarhattiNahan road,30.832338,77.07517,Rock              Slide,,,1458.5159912109375,29.85919584763224,,
3141,HP/SHM/53F09/2017/81,Shimla,Kulath link road,30.832486,77.586469,Debris            Slide,,,1812.89697265625,40.35546341738409,,
3142,HP/SIM/53F13/2016/27,Shimla,Near Choinyan,30.834,77.7552,Debris            Slide,,,946.8191528320312,39.482501121303606,,
3143,HP/SHI/53F13/2016/17,Shimla,NEAR CHOINYAN,30.834,77.7552,Debris            Slide,,,946.8191528320312,39.482501121303606,,
3144,HP/SOL/53B13/2017/21,Solan,NH22,30.834476,76.96533,Debris            Slide,,,741.1151733398438,33.32204826754833,,
3145,HP/SOL/53B13/2017/49,Solan,NH22,30.8359,76.9796,Rock              Slide,,,863.0410766601562,36.27139440748489,,
3146,HP/SHM/53F09/2017/79,Shimla,Jannu link road,30.835958,77.599678,Rock cum debris   Slide,,,1643.4080810546875,37.283781619106506,,
3147,HP/SOL/53F01/2017/382,Solan,left bank of Giri River,30.836,77.250384,Rock              Slide,,,1038.9754638671875,40.83064360705882,,
3148,HP/SOL/53F01/2017/381,Solan,left bank of Giri River,30.836065,77.249966,Rock              Slide,,,1031.964111328125,43.86940335985866,,
3149,HP/SOL/53B13/2017/93,Solan,NH22,30.83609,76.983865,Rock              Slide,,,934.63037109375,34.4036143025459,,
3150,HP/SOL/53F01/2017/415,Solan,NainatikkarNarag road,30.836108,77.162248,Rock              Slide,,,1011.0819091796876,28.63791724553902,,
3151,HP/SOL/53F01/2017/416,Solan,NainatikkarNarag road,30.836108,77.162248,Rock              Slide,,,1011.0819091796876,28.63791724553902,,
3152,HP/SOL/53F01/2017/340,Solan,NaragOcchghat road,30.83638,77.163064,Rock              Slide,,,1069.6514892578125,33.38719566658584,,
3153,HP/SOL/53B13/2017/91,Solan,NH22,30.83645,76.982895,Rock              Slide,,,917.716796875,36.67055896399238,,
3154,HP/SOL/53F01/2017/168,Solan,BhojnagarChakki road,30.836954,77.004814,Rock              Slide,,,1040.1561279296875,23.53471377246061,,
3155,HP/SOL/53F01/2017/380,Solan,left bank of Giri River,30.837003,77.248815,Rock              Slide,,,1063.5364990234375,49.45514226132955,,
3156,HP/SHM/53F09/2017/78,Shimla,Jannu link road,30.8371,77.6023,Debris            Slide,,,1796.014404296875,34.0282628518714,,
3157,HP/SOL/53F01/2017/169,Solan,BhojnagarChakki road,30.837289,77.003353,Rock              Slide,,,1042.576904296875,23.220468181277315,,
3158,HP/SHM/53F09/2017/76,Shimla,Jannu link road,30.837478,77.603439,Debris            Slide,,,1793.506591796875,39.7187559518724,,
3159,HP/SOL/53F01/2017/379,Solan,left bank of Giri River,30.837481,77.247151,Rock              Slide,,,1015.0660400390624,44.08568401319591,,
3160,HP/SHM/53F09/2017/77,Shimla,Jannu link road,30.837889,77.604189,Debris            Slide,,,1806.4061279296875,33.26963782771987,,
3161,HP/SOL/53F01/2017/435,Solan,KandaghatChail road,30.838252,77.043779,Rock              Slide,,,1335.65283203125,20.40005474364296,,
3162,HP/SOL/53F01/2017/5,Solan,BhojnagarChakki road,30.838323,77.059828,Rock              Fall,,,1418.0919189453125,34.66908550015572,,
3163,HP/SOL/53F01/2017/341,Solan,NaragOcchghat road,30.838846,77.162639,Rock              Slide,,,1046.04736328125,34.02830330524229,,
3164,HP/SOL/53F01/2017/167,Solan,BhojnagarChakki road,30.838978,77.00569,Rock              Slide,,,1043.77685546875,40.17465853570138,,
3165,HP/SOL/53F01/2017/303,Solan,BhojnagarChakki road,30.838982,77.05868,Rock              Slide,,,1419.092041015625,24.33784147678846,,
3166,HP/KUL/53E01/2015/19,Kullu,,30.839528,77.148167,Rock cum debris   Slide,,,1008.529541015625,9.400601220365202,,
3167,HP/SOL/53F01/2017/284,Solan,NaragKaasar link road,30.83965,77.2348,Rock              Slide,,,1143.064697265625,26.772240750394523,,
3168,HP/SOL/53F01/2017/165,Solan,BhojnagarChakki road,30.83989,77.003327,Rock              Slide,,,1063.08154296875,22.441913384912553,,
3169,HP/SOL/53F01/2017/166,Solan,BhojnagarChakki road,30.83994,77.005528,Rock              Slide,,,1074.874267578125,37.55839704168223,,
3170,HP/SOL/53F01/2017/342,Solan,NaragOcchghat road,30.840056,77.16297,Rock              Slide,,,1039.5679931640625,35.91494984427419,,
3171,HP/KUL/53E01/2015/20,Kullu,,30.840556,77.144889,Rock cum debris   Slide,,,1021.378662109375,27.683983414130324,,
3172,HP/SOL/53F01/2017/74,Solan,NainatikkarNarag road,30.841073,77.152706,Debris            Slide,,,1052.7012939453125,28.521997793475983,,
3173,HP/SOL/53F01/2017/393,Solan,left bank of Giri River,30.841118,77.244906,Rock              Slide,,,1036.6536865234375,47.962896065725324,,
3174,HP/SOL/53B13/2017/34,Solan,NH22,30.84121,76.991177,Debris            Slide,,,1008.6502685546876,34.12625150957778,,
3175,HP/SOL/53B13/2017/50,Solan,NH22,30.84121,76.991177,Rock              Slide,,,1008.6502685546876,34.12625150957778,,
3176,HP/SOL/53F01/2017/302,Solan,BhojnagarChakki road,30.841326,77.043314,Rock              Slide,,,1487.747802734375,31.41775426181662,,
3177,HP/SOL/53F01/2017/343,Solan,NaragOcchghat road,30.841485,77.161664,Rock              Slide,,,997.13720703125,35.24358680443166,,
3178,HP/SOL/53F01/2017/73,Solan,DilmanDenthal road,30.841545,77.154598,Debris            Slide,,,1066.0892333984375,40.50550057528391,,
3179,HP/SOL/53B13/2017/33,Solan,NH22,30.841565,76.991834,Debris            Slide,,,1033.791259765625,15.653517152113505,,
3180,HP/SOL/53F01/2017/155,Solan,NaragOcchghat road,30.841675,77.161047,Rock              Slide,,,998.2864990234376,37.42825379761551,,
3181,HP/SOL/53B13/2017/172,Solan,NH22,30.841891,76.992263,Rock              Slide,,,1017.6337280273438,26.796065722550296,,
3182,HP/SOL/53F01/2017/156,Solan,NaragOcchghat road,30.842717,77.16416,Rock              Slide,,,1012.0071411132812,36.608025349683146,,
3183,HP/SHM/53F09/2017/80,Shimla,Kupvi link road,30.842864,77.598411,Rock cum debris   Slide,,,1529.8843994140625,38.212553276864256,,
3184,HP/SOL/53B13/2017/94,Solan,NH22,30.843192,76.990981,Rock              Slide,,,1037.3966064453125,33.87563915684547,,
3185,HP/SOL/53B13/2017/95,Solan,NH22,30.84362,76.99208,Rock              Slide,,,992.6510009765624,27.23628271590591,,
3186,HP/SOL/53B13/2017/146,Solan,NH22,30.84376,76.99199,Rock              Slide,,,1012.9743041992188,35.07182024204571,,
3187,HP/SHM/53F09/2017/75,Shimla,Jannu link road,30.843792,77.608272,Debris            Slide,,,1862.7418212890625,36.99818670666211,,
3188,HP/SOL/53F01/2017/164,Solan,BhojnagarChakki road,30.843907,77.003229,Rock              Slide,,,1103.5174560546875,37.86644715002333,,
3189,HP/SOL/53F01/2017/344,Solan,NaragOcchghat road,30.844287,77.161078,Rock              Slide,,,1090.6156005859375,16.742575157704884,,
3190,HP/SOL/53F01/2017/163,Solan,BhojnagarChakki road,30.844294,77.004251,Rock              Slide,,,1109.6312255859375,29.12175204550408,,
3191,HP/SOL/53F01/2017/19,Solan,KumarhattiNahan road,30.844622,77.087733,Rock              Fall,,,1519.3604736328125,28.21048633079352,,
3192,HP/SOL/53F01/2017/20,Solan,KumarhattiNahan road,30.844622,77.087733,Rock              Fall,,,1519.3604736328125,28.21048633079352,,
3194,HP/SOL/53B13/2017/23,Solan,,30.844873,76.998686,Debris            Slide,,,863.1696166992188,41.32579242117288,,
3195,HP/SOL/53B13/2017/84,Solan,NH22,30.84513,76.99469,Rock              Slide,,,1005.4228515625,31.89458741605844,,
3196,HP/SOL/53F01/2017/363,Solan,SolanDharja road,30.845193,77.18806,Rock              Slide,,,1102.955078125,29.508172935608403,,
3197,HP/SOL/53F01/2017/162,Solan,BhojnagarChakki road,30.846016,77.012098,Rock              Slide,,,1118.4368896484375,33.20304009917104,,
3198,HP/SOL/53B13/2017/96,Solan,NH22,30.84607,76.9954,Rock              Slide,,,1030.6025390625,42.86903282119395,,
3199,HP/SHM/53F09/2017/51,Shimla,Kanda,30.846389,77.409122,Rock cum debris   Slide,,,2094.757080078125,41.5745951422639,,
3200,HP/SHM/53F09/2017/70,Shimla,Serti link road,30.846461,77.618033,Debris            Slide,,,2092.43994140625,29.94269128898709,,
3201,HP/SHM/53F09/2017/71,Shimla,Serti link road,30.847367,77.613594,Debris            Slide,,,1926.7352294921875,39.14919527554888,,
3202,HP/SOL/53F01/2017/378,Solan,NaragOcchghat road,30.847722,77.244933,Rock              Slide,,,1125.3477783203125,40.43324114454595,,
3203,HP/SIR/53F05/2017/30,Sirmur,Rajgarh,30.847778,77.297667,Rock cum debris   Slide,,,1586.327392578125,29.11026308497225,,
3204,HP/SHM/53F09/2017/73,Shimla,Jannu link road,30.8478,77.610308,Debris            Slide,,,1904.996826171875,39.670561650228805,,
3205,HP/SOL/53B13/2017/104,Solan,ParwanooKasauli road,30.847831,76.956958,Rock              Slide,,,868.489013671875,32.82581454489394,,
3206,HP/SHM/53F09/2017/74,Shimla,Jannu link road,30.847842,77.610136,Debris            Slide,,,1916.0772705078125,35.42007770579958,,
3207,HP/SIR/53F05/2017/34,Sirmur,Kulath,30.847856,77.349094,Rock cum debris   Slide,,,1655.966064453125,35.97602429453724,,
3208,HP/SOL/53F01/2017/18,Solan,KumarhattiNahan road,30.847897,77.086614,Rock              Fall,,,1537.9443359375,25.65287343771764,,
3209,HP/SOL/53F01/2017/392,Solan,left bank of Giri River,30.8479,77.244877,Rock              Slide,,,1125.3477783203125,40.43328814831934,,
3210,HP/SHM/53F09/2017/72,Shimla,Serti link road,30.848028,77.615961,Debris            Slide,,,1925.328369140625,44.812280498377795,,
3211,HP/SOL/53F01/2017/345,Solan,NaragOcchghat road,30.848116,77.160188,Rock              Slide,,,1168.2623291015625,27.947107035444027,,
3212,HP/SIR/53F05/2017/95,Sirmur,Kulath link road,30.848444,77.315439,Debris            Slide,,,1402.1015625,40.26315190768566,,
3213,HP/SOL/53B13/2017/20,Solan,ParwanooKasauli road,30.84853,76.957807,Debris            Slide,,,843.9820556640625,34.38691381880115,,
3214,HP/SOL/53B13/2017/5,Solan,NH22,30.848827,76.994508,Rock              Fall,,,1065.148193359375,31.461143143625566,,
3215,HP/SIR/53F05/2017/25,Sirmur,Kothia jajar,30.848933,77.289883,Rock cum debris   Slide,,,1710.663330078125,33.34046585863057,,
3216,HP/SOL/53F01/2017/394,Solan,left bank of Giri River,30.849145,77.243294,Rock              Slide,,,1030.978759765625,45.977189798333654,,
3217,HP/SIR/53F05/2017/36,Sirmur,Kulath,30.850078,77.316492,Rock              Fall,,,1344.4102783203125,34.42249539543009,,
3218,HP/SIR/53F05/2017/35,Sirmur,Kulath,30.850131,77.3164,Debris            Slide,,,1344.4102783203125,34.42250660912113,,
3219,HP/SOL/53F01/2017/32,Solan,NaragKaasar road,30.850329,77.22357,Rock              Fall,,,1200.5621337890625,32.110024549513604,,
3220,HP/SOL/53B13/2017/18,Solan,NH22,30.850909,76.994232,Debris            Slide,,,1096.7664794921875,26.7547495901352,,
3221,HP/SOL/53F01/2017/395,Solan,left bank of Giri River,30.851095,77.242821,Rock              Slide,,,1121.5380859375,35.58085389994644,,
3222,HP/SOL/53F01/2017/271,Solan,left bank of Giri River,30.851205,77.238581,Rock              Slide,,,998.2115478515624,36.72002460681179,,
3223,HP/SOL/53B13/2017/51,Solan,NH22,30.8513,76.996799,Rock              Slide,,,1120.5283203125,35.31007215626817,,
3224,HP/SIR/53F05/2017/31,Sirmur,Rajgarh,30.851556,77.299889,Rock              Fall,,,1530.1510009765625,14.634267954623247,,
3225,HP/SOL/53F01/2017/269,Solan,left bank of Giri River,30.85161,77.240181,Rock              Slide,,,1053.8917236328125,39.892711897865865,,
3226,HP/SOL/53F01/2017/272,Solan,left bank of Giri River,30.851656,77.241692,Rock              Slide,,,1102.8970947265625,31.359817284327058,,
3227,HP/SOL/53F01/2017/160,Solan,BhojnagarChakki road,30.851872,77.015908,Rock              Slide,,,1095.927978515625,21.130541896077183,,
3228,HP/SIR/53F05/2017/32,Sirmur,Rajgarh,30.851972,77.301778,Rock cum debris   Slide,,,1518.024658203125,32.08084196084732,,
3229,HP/SOL/53F01/2017/422,Solan,NaragKaasar road,30.852163,77.222433,Rock              Slide,,,1190.055419921875,37.5339952329833,,
3230,HP/SOL/53F01/2017/44,Solan,NaragKaasar road,30.85227,77.22274,Rock              Fall,,,1167.2384033203125,40.395607038264075,,
3231,HP/SOL/53F01/2017/285,Solan,BhojnagarChakki road,30.852473,77.055265,Rock              Slide,,,1236.90087890625,23.701740321229178,,
3232,HP/SOL/53F01/2017/270,Solan,left bank of Giri River,30.852595,77.238601,Rock              Slide,,,1062.392333984375,22.55939173389248,,
3233,HP/SOL/53B13/2017/111,Solan,NH22,30.853055,76.995431,Rock              Slide,,,1178.897216796875,38.57735557103387,,
3234,HP/SOL/53F01/2017/105,Solan,NH22,30.8533,77.001986,Rock              Slide,,,1118.1512451171875,21.861599009300843,,
3236,HP/SOL/53F01/2017/286,Solan,BhojnagarTarol road,30.853956,77.050593,Rock              Slide,,,1208.3817138671875,35.4135898830294,,
3237,HP/SOL/53F01/2017/106,Solan,NH22,30.854297,77.001437,Rock              Slide,,,1139.237060546875,16.00185224633922,,
3238,HP/SOL/53F01/2017/4,Solan,GadiyarChakki road,30.855199,77.010924,Rock            Fall,,,990.288330078125,39.31102283782422,,
3239,HP/SOL/53F01/2017/288,Solan,BhojnagarTarol road,30.855326,77.049184,Rock            Slide,,,1219.819580078125,34.34687364452167,,
3240,HP/SOL/53F01/2017/287,Solan,BhojnagarTarol road,30.8556,77.050326,Rock            Slide,,,1196.03466796875,18.00810361430572,,
3241,HP/SOL/53F01/2017/313,Solan,KumarhattiNahan road,30.856004,77.07917,Rock            Slide,,,1548.406982421875,24.418152152400072,,
3242,HP/SOL/53F01/2017/291,Solan,BhojnagarTarol road,30.856082,77.096689,Rock            Slide,,,1242.61767578125,19.09055549574155,,
3243,HP/SOL/53F01/2017/107,Solan,NH22,30.856111,77.001116,Rock            Slide,,,1124.3092041015625,20.4471498465632,,
3244,HP/SOL/53F01/2017/289,Solan,BhojnagarTarol road,30.856188,77.046687,Rock            Slide,,,1226.9296875,34.41112443433688,,
3245,HP/SOL/53F01/2017/427,Solan,BhojnagarTarol road,30.857107,77.044856,Rock            Slide,,,1223.547607421875,38.59385520590934,,
3246,HP/SOL/53F01/2017/157,Solan,GadiyarChakki road,30.858194,77.007802,Rock            Slide,,,981.960693359375,44.91552486108151,,
3247,HP/SOL/53F01/2017/290,Solan,BhojnagarTarol road,30.85861,77.096204,Rock            Slide,,,1212.2305908203125,34.04644783742673,,
3248,HP/SOL/53F01/2017/240,Solan,KumarhattiOcchghat road,30.858641,77.11864,Rock            Slide,,,1276.7491455078125,22.13575240221729,,
3249,HP/SOL/53F01/2017/294,Solan,GadiyarChakki road,30.85886,77.00514,Rock            Slide,,,945.1849975585938,19.489565265767556,,
3250,HP/SOL/53F01/2017/49,Solan,BhojnagarTarol road,30.858941,77.046024,Debris          Slide,,,1196.7430419921875,33.487960173850595,,
3251,HP/SOL/53F01/2017/45,Solan,BhojnagarTarol road,30.85945,77.042591,Rock            Fall,,,1193.6341552734375,20.72296815964888,,
3252,HP/SOL/53F01/2017/46,Solan,BhojnagarChakki road,30.859618,77.041466,Rock            Fall,,,1227.1104736328125,34.04169046253685,,
3253,HP/SOL/53F01/2017/108,Solan,NH22,30.860233,77.000804,Rock            Slide,,,1116.712646484375,8.463538392659945,,
3254,HP/SOL/53F01/2017/158,Solan,GadiyarChakki road,30.860287,77.008933,Rock            Slide,,,973.9988403320312,34.84868885779334,,
3255,HP/SOL/53F01/2017/57,Solan,TarolChakki Mor road,30.86048,77.039956,Debris          Slide,,,1252.367919921875,28.55363415098929,,
3256,HP/SOL/53F01/2017/298,Solan,GadiyarChakki road,30.860706,77.003727,Rock            Slide,,,1005.4686279296876,22.35555383812836,,
3257,HP/SOL/53F01/2017/295,Solan,GadiyarChakki road,30.860808,77.00536,Rock            Slide,,,977.208740234375,27.46425854282014,,
3258,HP/SOL/53F01/2017/346,Solan,NaragGiripul road,30.861102,77.197102,Rock            Slide,,,1080.8955078125,23.378997439893084,,
3259,HP/SOL/53F01/2017/159,Solan,GadiyarChakki road,30.86112,77.005487,Rock            Slide,,,989.1278686523438,31.893913952969783,,
3260,HP/SOL/53F01/2017/299,Solan,GadiyarChakki road,30.861306,77.003751,Rock            Slide,,,1010.8129272460938,31.508883123848577,,
3261,HP/SOL/53F01/2017/239,Solan,KumarhattiOcchghat road,30.861475,77.09962,Rock            Slide,,,1366.9339599609375,33.07635300250848,,
3262,HP/SOL/53F01/2017/297,Solan,GadiyarChakki road,30.861625,77.00412,Rock            Slide,,,1006.4285278320312,23.164572190917394,,
3263,HP/SOL/53B13/2017/44,Solan,ParwanooKasauli road,30.861673,76.952354,Debris          Slide,,,989.7716064453124,29.84742683076672,,
3264,HP/SOL/53F01/2017/54,Solan,TarolChakki Mor road,30.86184,77.03938,Debris          Slide,,,1193.5225830078125,32.373256028873946,,
3265,HP/SOL/53B13/2017/179,Solan,ParwanooKasauli road,30.862182,76.953132,Rock            Slide,,,1005.53369140625,30.843543709364116,,
3266,HP/SOL/53F01/2017/376,Solan,NaragGiripul road,30.862192,77.199179,Rock            Slide,,,1073.0823974609375,41.997129073816375,,
3267,HP/SOL/53F01/2017/296,Solan,GadiyarChakki road,30.862305,77.005283,Rock            Slide,,,1003.986328125,36.90283633584959,,
3268,HP/SOL/53F01/2017/58,Solan,TarolChakki Mor road,30.8625,77.0377,Debris          Slide,,,1219.5157470703125,24.54681425596847,,
3270,HP/SOL/53F01/2017/375,Solan,NaragGiripul road,30.863008,77.192756,Rock            Slide,,,1008.332275390625,47.93660208409693,,
3271,HP/SOL/53F01/2017/361,Solan,NaragGiripul road,30.86357,77.201186,Rock            Slide,,,1031.700439453125,45.091083051260625,,
3272,HP/SOL/53F01/2017/241,Solan,KumarhattiOcchghat road,30.863941,77.120751,Rock            Slide,,,1228.4227294921875,21.32865112456783,,
3273,HP/SOL/53B13/2017/45,Solan,ParwanooKasauli road,30.864411,76.950736,Debris          Slide,,,1058.760009765625,35.66359551052951,,
3274,HP/SOL/53F01/2017/29,Solan,NaragGiripul road,30.864469,77.197555,Rock            Fall,,,995.227294921875,55.51632710535557,,
3275,HP/SOL/53F01/2017/292,Solan,GadiyarChakki road,30.86451,77.032936,Rock            Slide,,,1246.4083251953125,23.680792888963477,,
3276,HP/SOL/53B13/2017/98,Solan,NH22,30.864601,76.999161,Rock            Slide,,,1127.7801513671875,28.603906397349007,,
3277,HP/SIR/53F05/2017/58,Sirmur,Haban,30.864664,77.304244,Debris          Slide,,,1272.252197265625,36.21938174706351,,
3278,HP/SOL/53F01/2017/247,Solan,SH06,30.864699,77.157447,Rock            Slide,,,1390.3599853515625,35.90878597154441,,
3279,HP/SOL/53F01/2017/409,Solan,KumarhattiOcchghat road,30.864743,77.120331,Rock            Slide,,,1245.451904296875,40.22278688829367,,
3280,HP/SIR/53F05/2017/37,Sirmur,Koti Mawga,30.864797,77.304378,Debris          Slide,,,1277.199951171875,38.1970247267048,,
3281,HP/SOL/53F01/2017/59,Solan,GharyarChakki road,30.8649,77.032752,Debris          Slide,,,1212.954345703125,29.976108488834168,,
3282,HP/SOL/53F01/2017/196,Solan,KumarhattiOcchghat road,30.864962,77.089633,Rock            Slide,,,1405.7891845703125,34.02992205314086,,
3283,HP/SOL/53B13/2017/52,Solan,NH22,30.865213,76.997495,Rock            Slide,,,1132.9052734375,25.751718691291416,,
3284,HP/SOL/53F01/2017/366,Solan,KumarhattiOcchghat road,30.865255,77.120327,Rock            Slide,,,1237.34423828125,36.554422899968074,,
3285,HP/SOL/53F01/2017/62,Solan,KumarhattiOcchghat road,30.865541,77.123096,Debris          Slide,,,1221.71826171875,6.095839573276716,,
3286,HP/SOL/53F01/2017/338,Solan,KumarhattiOcchghat road,30.865573,77.125035,Rock            Slide,,,1227.6241455078125,30.646390228179953,,
3287,HP/SOL/53F01/2017/56,Solan,TarolChakki Mor road,30.865971,77.040589,Debris          Slide,,,1160.541748046875,27.5564932043926,,
3288,HP/SIR/53F05/2017/20,Sirmur,Ser Jagas,30.866,77.274,Rock            Fall,,,1526.957763671875,23.67266846889112,,
3289,HP/SOL/53F01/2017/396,Solan,GadiyarChakki road,30.866215,77.019833,Rock              Slide,,,1127.01513671875,26.896753092800587,,
3290,HP/SOL/53B13/2017/126,Solan,ParwanooKasauli road,30.866227,76.954786,Rock              Slide,,,1071.67724609375,40.062654560589024,,
3291,HP/SOL/53F01/2017/367,Solan,KumarhattiOcchghat road,30.866264,77.124902,Rock              Slide,,,1231.9671630859375,11.241924111177743,,
3292,HP/SOL/53F01/2017/14,Solan,SH06,30.866301,77.156462,Rock              Fall,,,1391.5203857421875,38.298642464252254,,
3293,HP/SOL/53B13/2017/53,Solan,NH22,30.86653,76.998027,Rock              Slide,,,1149.3330078125,25.806465908045197,,
3294,HP/SOL/53F01/2017/63,Solan,Shirala village,30.8666,77.0196,Debris            Slide,,,1106.985595703125,23.71142613668541,,
3295,HP/SOL/53F01/2017/69,Solan,KumarhattiOcchghat road,30.866979,77.112538,Debris            Slide,,,1423.31005859375,37.5318232265019,,
3296,HP/SOL/53F01/2017/391,Solan,left bank of Giri River,30.866985,77.233121,Rock              Slide,,,1001.9049072265624,46.751173716667125,,
3297,HP/SOL/53F01/2017/390,Solan,left bank of Giri River,30.866997,77.232442,Rock              Slide,,,975.3989868164062,46.720236843714225,,
3298,HP/SOL/53F01/2017/335,Solan,SolanDharja road,30.867015,77.190354,Rock              Slide,,,1221.543212890625,21.878246454755693,,
3299,HP/SOL/53F01/2017/337,Solan,KumarhattiOcchghat road,30.867016,77.122427,Rock              Slide,,,1206.2119140625,29.40995371196211,,
3300,HP/SOL/53F01/2017/30,Solan,NaragGiripul road,30.867188,77.200639,Rock              Fall,,,975.1148681640624,55.22597678024422,,
3301,HP/SOL/53F01/2017/377,Solan,NaragGiripul road,30.867207,77.200608,Rock              Slide,,,975.1148681640624,55.22597679861441,,
3302,HP/SOL/53F01/2017/13,Solan,SH06,30.86721,77.155939,Rock              Fall,,,1386.1905517578125,37.08103323243155,,
3303,HP/SOL/53F01/2017/347,Solan,GadiyarChakki road,30.86735,77.02467,Rock              Slide,,,1157.009033203125,31.659178006265588,,
3304,HP/SOL/53B13/2017/127,Solan,ParwanooKasauli road,30.867589,76.953974,Rock              Slide,,,1048.9598388671875,24.0140353221855,,
3305,HP/SOL/53F01/2017/389,Solan,left bank of Giri River,30.867933,77.231635,Rock              Slide,,,1001.9564208984376,33.06209534975089,,
3306,HP/SOL/53F01/2017/246,Solan,SH06,30.868238,77.15017,Rock              Slide,,,1434.8736572265625,42.49407103970038,,
3307,HP/SOL/53F01/2017/336,Solan,SolanDharja road,30.868321,77.188564,Rock              Slide,,,1251.12548828125,27.93324584935135,,
3308,HP/SOL/53F01/2017/139,Solan,NH22,30.86929,77.100872,Rock              Slide,,,1657.070556640625,18.03759835404934,,
3309,HP/SOL/53F01/2017/243,Solan,SH06,30.869423,77.140267,Rock              Slide,,,1409.52099609375,35.86085678676746,,
3310,HP/SOL/53F01/2017/138,Solan,NH22,30.869449,77.098584,Rock              Slide,,,1670.6304931640625,37.0405718798172,,
3311,HP/SOL/53F01/2017/137,Solan,NH22,30.869732,77.097441,Rock              Slide,,,1678.4949951171875,29.003566717116712,,
3312,HP/SOL/53F01/2017/140,Solan,NH22,30.869777,77.101005,Rock              Slide,,,1661.15234375,21.755364512884377,,
3313,HP/SOL/53F01/2017/255,Solan,KumarhattiNahan road,30.86979,77.070956,Rock              Slide,,,1611.722412109375,30.860943918838892,,
3314,HP/SOL/53F01/2017/368,Solan,SH06,30.869994,77.202139,Rock              Slide,,,1031.133544921875,40.22877712613414,,
3315,HP/SHM/53F09/2017/69,Shimla,Down slope of Hanal village,30.870086,77.617628,Debris            Slide,,,2180.6396484375,40.30180449225225,,
3316,HP/SOL/53F01/2017/136,Solan,NH22,30.87018,77.096054,Rock              Slide,,,1675.1007080078125,37.41883136386343,,
3317,HP/SOL/53B13/2017/128,Solan,ParwanooKasauli road,30.870352,76.952025,Rock              Slide,,,1111.490478515625,28.01596970179873,,
3318,HP/SOL/53F01/2017/398,Solan,,30.870571,77.082666,Rock              Slide,,,1397.5584716796875,32.300352935061326,,
3319,HP/SOL/53F01/2017/242,Solan,SH06,30.870602,77.136248,Rock              Slide,,,1339.81884765625,34.122186482328274,,
3320,HP/SOL/53B13/2017/145,Solan,ParwanooKasauli road,30.870764,76.949885,Rock              Slide,,,1040.23388671875,30.12697979932724,,
3321,HP/SIR/53F05/2017/39,Sirmur,Bhanat,30.870786,77.304892,Rock cum debris   Slide,,,1267.49658203125,41.03398436119399,,
3322,HP/SOL/53F01/2017/141,Solan,NH22,30.870803,77.099456,Rock              Slide,,,1654.5120849609375,37.12566302463163,,
3323,HP/SOL/53F01/2017/293,Solan,Near Shirala village,30.870971,77.012441,Rock              Slide,,,988.2024536132812,30.401285588071083,,
3324,HP/SOL/53B13/2017/13,Solan,#N/A #N/A,30.870987,76.996028,Debris            Slide,,,1152.302734375,29.611208968693884,,
3325,HP/SOL/53B13/2017/14,Solan,NH22,30.871038,76.995394,Debris            Slide,,,1158.1416015625,32.096472389626264,,
3326,HP/SOL/53F01/2017/237,Solan,NH22,30.87106,77.09498,Rock              Slide,,,1676.96923828125,39.756609232137066,,
3327,HP/SOL/53B13/2017/12,Solan,NH22,30.871109,76.997205,Debris            Slide,,,1143.262451171875,29.992189271447227,,
3328,HP/SOL/53B13/2017/54,Solan,NH22,30.871196,76.998287,Rock              Slide,,,1139.943115234375,12.106451289800528,,
3329,HP/SOL/53B13/2017/105,Solan,ParwanooKasauli road,30.87144,76.951625,Rock              Slide,,,1116.2659912109375,28.76479369735567,,
3330,HP/SOL/53F01/2017/23,Solan,SH06,30.871511,77.204193,Rock              Fall,,,1048.6160888671875,54.60204792432455,,
3331,HP/SOL/53F01/2017/2,Solan,NH22,30.871661,77.94165,Rock              Fall,,,1851.3931884765625,20.1557669213639,,
3332,HP/SOL/53F01/2017/24,Solan,SH06,30.872072,77.205302,Rock              Fall,,,1045.2681884765625,40.86208823361642,,
3333,HP/SOL/53F01/2017/135,Solan,NH22,30.872208,77.092553,Rock              Slide,,,1676.1881103515625,34.60950292606538,,
3334,HP/SOL/53F01/2017/142,Solan,NH22,30.872426,77.099722,Rock              Slide,,,1651.1976318359375,33.5231115062146,,
3335,HP/SOL/53F01/2017/365,Solan,SolanDharja road,30.87248,77.200757,Rock              Slide,,,1200.94482421875,38.796053545816065,,
3336,HP/SOL/53F01/2017/406,Solan,SolanDharja road,30.872534,77.202665,Rock              Slide,,,1205.5911865234375,33.154193127185714,,
3337,HP/SOL/53F01/2017/407,Solan,SolanDharja road,30.872537,77.201052,Rock              Slide,,,1199.255859375,40.94913060686637,,
3338,HP/SOL/53F01/2017/25,Solan,SH06,30.872571,77.20587,Rock              Fall,,,1035.140869140625,38.340199778165115,,
3339,HP/SOL/53F01/2017/236,Solan,NH22,30.872701,77.091929,Rock              Slide,,,1671.3983154296875,40.834626927628186,,
3340,HP/SOL/53F01/2017/388,Solan,left bank of Giri River,30.872716,77.22782,Rock              Slide,,,1122.264404296875,51.06287141580064,,
3341,HP/SOL/53F01/2017/312,Solan,KumarhattiNahan road,30.872924,77.067529,Rock              Slide,,,1598.020751953125,30.9591575059565,,
3342,HP/SOL/53F01/2017/36,Solan,SH06,30.873042,77.206258,Rock              Fall,,,1040.96923828125,40.71421566038549,,
3343,HP/SOL/53F01/2017/421,Solan,NaragGiripulroad,30.87308,77.215723,Rock              Slide,,,941.7960205078124,42.85955509418736,,
3344,HP/SOL/53B13/2017/106,Solan,ParwanooKasauli road,30.873116,76.951625,Rock              Slide,,,1126.59619140625,38.7486472563409,,
3345,HP/SOL/53F01/2017/305,Solan,DharampurKyarad link road,30.873121,77.045194,Rock              Slide,,,1404.94091796875,21.03487437378179,,
3346,HP/SOL/53F01/2017/134,Solan,NH22,30.873126,77.089995,Rock              Slide,,,1669.8450927734375,28.85380235717925,,
3347,HP/SOL/53F01/2017/192,Solan,NH22,30.873209,77.097617,Rock              Slide,,,1688.999755859375,35.92290050474628,,
3348,HP/SIR/53F05/2017/51,Sirmur,Koti Mawga,30.873339,77.307378,Debris            Slide,,,1270.6224365234375,34.185869480014105,,
3349,HP/SIR/53F05/2017/38,Sirmur,Bhanat,30.873411,77.307472,Debris            Slide,,,1270.6224365234375,34.185876328867934,,
3350,HP/SOL/53F01/2017/304,Solan,DharampurKyarad link road,30.873553,77.046782,Rock              Slide,,,1415.503662109375,35.81547588192998,,
3351,HP/SOL/53F01/2017/37,Solan,SH06,30.8739,77.207787,Rock              Fall,,,1051.9951171875,31.307442850032473,,
3352,HP/SOL/53F01/2017/8,Solan,Dagshai,30.873904,77.059384,Rock              Fall,,,1754.9405517578125,32.66854780303179,,
3353,HP/SOL/53F01/2017/171,Solan,DharampurKyarad link road,30.87398,77.045171,Rock              Slide,,,1417.9368896484375,38.07140682405286,,
3354,HP/SOL/53F01/2017/68,Solan,KumarhattiSultanpur road,30.874018,77.078948,Debris            Slide,,,1409.903076171875,38.72944578467989,,
3355,HP/SOL/53F01/2017/387,Solan,left bank of Giri River,30.874042,77.226812,Rock              Slide,,,1120.89453125,40.360788235939104,,
3356,HP/SOL/53F01/2017/38,Solan,SH06,30.874573,77.209621,Rock              Fall,,,998.7501220703124,25.740490922448277,,
3357,HP/SOL/53F01/2017/220,Solan,NH22,30.874613,77.002314,Rock              Slide,,,1210.9906005859375,29.290440029251243,,
3358,HP/SIR/53F05/2017/91,Sirmur,Tikkri,30.874789,77.273333,Debris            Slide,,,1502.974609375,34.450283676129246,,
3359,HP/SOL/53F01/2017/386,Solan,left bank of Giri River,30.874809,77.226634,Rock              Slide,,,1072.5706787109375,30.193450711854577,,
3360,HP/SOL/53F01/2017/235,Solan,NH22,30.874852,77.088931,Rock              Slide,,,1663.698974609375,39.710590311672334,,
3361,HP/SOL/53F01/2017/143,Solan,NH22,30.874872,77.09771,Rock              Slide,,,1619.065185546875,23.453675052242023,,
3362,HP/SOL/53F01/2017/172,Solan,DharampurKyarad link road,30.87498,77.044745,Rock              Slide,,,1425.8507080078125,30.669822789707563,,
3363,HP/SOL/53F01/2017/70,Solan,SH06,30.875108,77.210774,Debris            Slide,,,996.751220703125,18.841598612857105,,
3364,HP/SOL/53F01/2017/39,Solan,SH06,30.875108,77.210774,Rock              Fall,,,996.751220703125,18.841598612857105,,
3365,HP/SOL/53B13/2017/78,Solan,ParwanooKasauli road,30.875158,76.951897,Rock              Slide,,,1133.5921630859375,33.80887544517275,,
3366,HP/SOL/53F01/2017/219,Solan,NH22,30.875302,77.001483,Rock              Slide,,,1196.0535888671875,34.71509201613505,,
3367,HP/SOL/53F01/2017/61,Solan,KumarhattiSultanpur road,30.875404,77.070185,Debris            Slide,,,1475.21484375,27.77504131389123,,
3368,HP/SOL/53F01/2017/109,Solan,NH22,30.875434,77.002735,Rock              Slide,,,1225.230712890625,31.343987371224628,,
3369,HP/SOL/53B13/2017/107,Solan,ParwanooKasauli road,30.875461,76.953675,Rock              Slide,,,1168.992431640625,34.88929183915568,,
3370,HP/SOL/53B13/2017/6,Solan,ParwanooKasauli road,30.875461,76.953265,Rock              Fall,,,1159.1273193359375,40.185158839307235,,
3371,HP/SOL/53F01/2017/1,Solan,NH22,30.875728,77.087579,Rock              Fall,,,1686.4671630859375,37.61383395730954,,
3372,HP/SOL/53F01/2017/110,Solan,NH22,30.875753,77.002353,Rock              Slide,,,1234.3311767578125,20.050193838836385,,
3374,HP/SOL/53B13/2017/10,Solan,ParwanooGunaiPatta road,30.875932,76.948681,Rock              Fall,,,1029.37744140625,37.86726398253548,,
3375,HP/SIR/53F05/2017/92,Sirmur,1km from Tikkri,30.875961,77.270206,Rock cum debris   Slide,,,1487.7852783203125,30.648759726972393,,
3376,HP/SOL/53B13/2017/99,Solan,NH22,30.876021,76.999286,Rock              Slide,,,1187.8560791015625,30.783679515514383,,
3377,HP/SOL/53F01/2017/221,Solan,NH22,30.876069,77.00195,Rock              Slide,,,1240.2447509765625,25.42110962387975,,
3378,HP/SOL/53B13/2017/85,Solan,NH22,30.876196,76.998822,Rock              Slide,,,1176.875,29.64696022796418,,
3379,HP/SOL/53F01/2017/133,Solan,NH22,30.876389,77.086098,Rock              Slide,,,1707.4849853515625,25.70933821857436,,
3380,HP/SOL/53F01/2017/144,Solan,NH22,30.876392,77.094725,Rock              Slide,,,1681.667724609375,35.47890654820794,,
3381,HP/SIR/53F05/2017/93,Sirmur,Tikkri,30.8765,77.26765,Debris            Slide,,,1465.477783203125,19.22989463081024,,
3382,HP/SOL/53F01/2017/385,Solan,left bank of Giri River,30.876508,77.225643,Rock              Slide,,,1036.1956787109375,36.67873060271191,,
3383,HP/SOL/53F01/2017/173,Solan,DharampurKyarad link road,30.876765,77.04351,Rock              Slide,,,1436.585205078125,33.86776299059286,,
3384,HP/SIR/53F05/2017/94,Sirmur,"Juniyo kanogta,MDR2",30.877289,77.266139,Rock cum debris   Slide,,,1420.9241943359375,40.16905833490171,,
3385,HP/SOL/53F01/2017/174,Solan,DharampurKyarad link road,30.877327,77.040969,Rock              Slide,,,1444.6468505859375,40.88476639184781,,
3386,HP/SOL/53F01/2017/111,Solan,NH22,30.877663,77.002258,Rock              Slide,,,1244.52490234375,27.363028900848224,,
3387,HP/SOL/53F01/2017/17,Solan,KumarhattiNahan road,30.878258,77.067058,Rock              Fall,,,1569.361572265625,26.391358937576303,,
3388,HP/SOL/53F01/2017/132,Solan,NH22,30.878259,77.084663,Rock              Slide,,,1711.5340576171875,38.737621689280566,,
3389,HP/SOL/53F01/2017/408,Solan,KumarhattiSultanpur road,30.878288,77.074,Rock              Slide,,,1444.3089599609375,23.55129065118559,,
3390,HP/SOL/53F01/2017/145,Solan,NH22,30.87846,77.096078,Rock              Slide,,,1625.4158935546875,36.6638365541564,,
3391,HP/SOL/53F01/2017/244,Solan,SH06,30.87848,77.12843,Rock              Slide,,,1446.0738525390625,31.021205413252726,,
3392,HP/SOL/53F01/2017/233,Solan,NH22,30.879038,77.084076,Rock              Slide,,,1701.7696533203125,38.08963111655032,,
3393,HP/SOL/53F01/2017/53,Solan,KumarhattiNahan road,30.879071,77.065909,Debris            Slide,,,1559.396240234375,39.589959245005645,,
3394,HP/SOL/53F01/2017/146,Solan,NH22,30.879186,77.09579,Rock              Slide,,,1607.604248046875,25.329017499698313,,
3395,HP/SOL/53B13/2017/79,Solan,ParwanooKasauli road,30.879343,76.954063,Rock              Slide,,,1223.585693359375,32.00214898584273,,
3396,HP/SOL/53B13/2017/4,Solan,ParwanooKasauli road,30.879343,76.954063,Rock              Fall,,,1223.585693359375,32.00214898584273,,
3397,HP/SOL/53F01/2017/112,Solan,NH22,30.879424,77.001643,Rock              Slide,,,1261.1470947265625,23.024190539395168,,
3398,HP/SOL/53F01/2017/113,Solan,NH22,30.879707,77.00147,Rock              Slide,,,1266.0687255859375,30.229203689831923,,
3399,HP/SOL/53F01/2017/147,Solan,NH22,30.879724,77.094549,Rock              Slide,,,1593.876953125,29.193852175446636,,
3400,HP/SOL/53F01/2017/234,Solan,NH22,30.879744,77.08285,Rock              Slide,,,1707.71044921875,36.32216347620968,,
3401,HP/SOL/53F01/2017/175,Solan,DharampurKyarad link road,30.879849,77.039199,Rock              Slide,,,1472.473876953125,32.25441486372802,,
3402,HP/SOL/53F01/2017/71,Solan,SH06,30.879893,77.210732,Debris            Slide,,,970.0604858398438,48.680046589980016,,
3403,HP/SOL/53F01/2017/131,Solan,NH22,30.880362,77.080617,Rock              Slide,,,1696.10400390625,36.293955591488285,,
3404,HP/SOL/53F01/2017/383,Solan,left bank of Giri River,30.88058,77.224243,Rock              Slide,,,1170.5682373046875,32.533161673330724,,
3405,HP/SOL/53F01/2017/9,Solan,KumarhattiNahan road,30.88071,77.063288,Rock              Fall,,,1590.07373046875,4.73636497945993,,
3406,HP/SOL/53F01/2017/384,Solan,left bank of Giri River,30.880846,77.224926,Rock              Slide,,,1215.3466796875,39.23522500784583,,
3407,HP/SOL/53F01/2017/148,Solan,NH22,30.880877,77.092544,Rock              Slide,,,1600.40869140625,28.94296643708603,,
3408,HP/SIR/53F05/2017/87,Sirmur,Ghill Pabiyana,30.880981,77.28015,Rock cum debris   Slide,,,1154.472900390625,40.78082349834792,,
3409,HP/SOL/53F01/2017/40,Solan,SH06,30.881104,77.209314,Rock              Fall,,,998.03076171875,54.58487739298441,,
3410,HP/SOL/53F01/2017/232,Solan,NH22,30.881571,77.079339,Rock              Slide,,,1704.0526123046875,35.227855485116564,,
3411,HP/SOL/53F01/2017/130,Solan,NH22,30.881789,77.078455,Rock              Slide,,,1690.2296142578125,36.97688045849704,,
3412,HP/SOL/53F01/2017/231,Solan,NH22,30.88219,77.078127,Rock              Slide,,,1705.8798828125,38.31501081705493,,
3413,HP/SOL/53F01/2017/176,Solan,DharampurKyarad link road,30.882279,77.042735,Rock              Slide,,,1464.55859375,33.49375926707261,,
3414,HP/SOL/53F01/2017/364,Solan,SolanDharja road,30.88272,77.201607,Rock              Slide,,,1186.8453369140625,37.38115984374542,,
3415,HP/SOL/53F01/2017/128,Solan,NH22,30.88309,77.075793,Rock              Slide,,,1674.677734375,25.47294230336504,,
3416,HP/SOL/53F01/2017/127,Solan,NH22,30.883096,77.75165,Rock              Slide,,,2263.053466796875,45.44365942796127,,
3417,HP/SOL/53F01/2017/129,Solan,NH22,30.883502,77.077204,Rock              Slide,,,1707.6798095703125,35.735101420875885,,
3418,HP/SOL/53B13/2017/80,Solan,ParwanooKasauli road,30.884103,76.954557,Rock              Slide,,,1247.4476318359375,42.66461876474649,,
3419,HP/SOL/53F01/2017/42,Solan,KumarhattiNahan road,30.884233,77.059516,Rock              Fall,,,1620.3939208984375,34.70039198868452,,
3420,HP/SOL/53F01/2017/41,Solan,SH06,30.884566,77.208197,Rock              Fall,,,983.7562866210938,46.18374047898985,,
3421,HP/SOL/53F01/2017/149,Solan,NH22,30.884699,77.090993,Rock              Slide,,,1521.8817138671875,23.499532875824723,,
3422,HP/SOL/53F01/2017/230,Solan,NH22,30.884828,77.07456,Rock              Slide,,,1698.4984130859375,40.24429459264793,,
3423,HP/SOL/53B13/2017/27,Solan,ParwanooKasauli road,30.88514,76.962858,Debris            Slide,,,1567.337158203125,32.74588051318019,,
3424,HP/SOL/53F01/2017/333,Solan,JuanjiDharon ki dhar road,30.885142,77.172614,Rock              Slide,,,1844.4189453125,27.605148492485668,,
3425,HP/SOL/53F01/2017/85,Solan,NH22,30.885241,77.074139,Rock              Slide,,,1700.8634033203125,29.07675267623307,,
3426,HP/SIR/53F05/2017/14,Sirmur,Kaltu/MDR2,30.885336,77.270542,Debris            Slide,,,1102.4288330078125,54.00147617711814,,
3427,HP/SHM/53F09/2017/68,Shimla,Down slope of Hanal village,30.885428,77.610369,Debris            Slide,,,2177.73486328125,31.087747140899893,,
3428,HP/SOL/53B13/2017/132,Solan,ParwanooGunaiPatta road,30.885444,76.942863,Rock              Slide,,,1099.212158203125,29.572821614337585,,
3429,HP/SOL/53B13/2017/81,Solan,ParwanooKasauli road,30.885641,76.955984,Rock              Slide,,,1279.2921142578125,31.154517299649548,,
3430,HP/SOL/53F01/2017/200,Solan,DharampurKyarad link road,30.886225,77.038479,Rock              Slide,,,1434.8394775390625,32.79326630784387,,
3431,HP/SOL/53F01/2017/114,Solan,NH22,30.88648,77.005146,Rock              Slide,,,1364.3043212890625,24.238773734219127,,
3432,HP/SOL/53B13/2017/133,Solan,ParwanooGunaiPatta road,30.886631,76.943929,Rock              Slide,,,1106.7430419921875,34.753164607847744,,
3433,HP/SOL/53F01/2017/84,Solan,NH22,30.886821,77.074329,Rock              Slide,,,1721.01171875,38.3131200020433,,
3434,HP/SOL/53F01/2017/83,Solan,NH22,30.887145,77.073009,Rock              Slide,,,1703.6483154296875,31.06870983567108,,
3435,HP/SOL/53F01/2017/126,Solan,NH22,30.887278,77.070821,Rock              Slide,,,1668.3914794921875,38.22368686860788,,
3436,HP/SOL/53F01/2017/411,Solan,SH06,30.887351,77.243609,Rock              Slide,,,1273.7322998046875,33.87024542918366,,
3437,HP/SOL/53F01/2017/195,Solan,NH22,30.887409,77.071751,Rock              Slide,,,1675.4949951171875,27.24773898264896,,
3438,HP/SOL/53B13/2017/82,Solan,ParwanooKasauli road,30.888003,76.954004,Rock              Slide,,,1315.704345703125,38.0361840950177,,
3439,HP/SOL/53B13/2017/134,Solan,ParwanooGunaiPatta road,30.888016,76.943231,Rock              Slide,,,1110.262451171875,30.55738292760249,,
3440,HP/SOL/53F01/2017/115,Solan,NH22,30.888063,77.005797,Rock              Slide,,,1382.5921630859375,21.88192184155996,,
3441,HP/SOL/53B13/2017/135,Solan,ParwanooGunaiPatta road,30.88811,76.942756,Rock              Slide,,,1097.8768310546875,36.68887661743221,,
3442,HP/SOL/53F01/2017/82,Solan,NH22,30.888215,77.057795,Rock              Slide,,,1625.9273681640625,18.37298615742508,,
3443,HP/SOL/53F01/2017/177,Solan,DharampurKyarad link road,30.888216,77.037925,Rock              Slide,,,1454.3319091796875,31.759329013822075,,
3444,HP/SOL/53F01/2017/150,Solan,NH22,30.888217,77.084402,Rock              Slide,,,1532.8388671875,38.116309556106586,,
3445,HP/SOL/53B13/2017/129,Solan,ParwanooKasauli road,30.88842,76.952653,Rock              Slide,,,1377.650390625,24.412198037421092,,
3446,HP/SOL/53B13/2017/46,Solan,ParwanooKasauli road,30.888643,76.963773,Debris            Slide,,,1466.1456298828125,30.160479533791264,,
3447,HP/SOL/53F01/2017/410,Solan,SH06,30.8888,77.23155,Rock              Slide,,,1101.325927734375,36.56611471468551,,
3448,HP/SOL/53F01/2017/229,Solan,NH22,30.888957,77.058586,Rock              Slide,,,1630.9122314453125,29.42680436448467,,
3449,HP/SOL/53F01/2017/178,Solan,DharampurKyarad link road,30.889016,77.034311,Rock              Slide,,,1472.055419921875,27.977129254884392,,
3450,HP/SOL/53B13/2017/130,Solan,ParwanooKasauli road,30.889022,76.95396,Rock              Slide,,,1391.07666015625,42.30180601736694,,
3451,HP/SOL/53F01/2017/332,Solan,JuanjiDharon ki dhar road,30.88906,77.165555,Rock              Slide,,,1786.994873046875,39.51733741262443,,
3452,HP/SOL/53F01/2017/193,Solan,NH22,30.889134,76.996536,Rock              Slide,,,1361.9091796875,33.86687489140284,,
3453,HP/SHM/53F09/2017/67,Shimla,Bhanal village road,30.889317,77.618597,Debris            Slide,,,2096.55322265625,35.69686134710022,,
3454,HP/SOL/53B13/2017/131,Solan,ParwanooKasauli road,30.889334,76.957001,Rock              Slide,,,1399.6029052734375,35.982754217155545,,
3456,HP/SOL/53B13/2017/180,Solan,ParwanooGunaiPatta road,30.889813,76.938581,Rock              Slide,,,1126.6072998046875,35.93395052741946,,
3457,HP/SOL/53B13/2017/8,Solan,ParwanooKasauli road,30.889873,76.96376,Rock              Fall,,,1485.445068359375,44.0637432186114,,
3458,HP/SIR/53F05/2017/50,Sirmur,Neri,30.889936,77.344469,Rock cum debris   Slide,,,1786.234619140625,17.831858932090935,,
3459,HP/SIR/53F05/2017/52,Sirmur,Sathah,30.889944,77.344389,Debris            Slide,,,1786.234619140625,17.831859942097797,,
3461,HP/SOL/53F01/2017/34,Solan,NH22,30.890152,77.063488,Rock              Fall,,,1746.3460693359375,25.365007042888788,,
3462,HP/SOL/53F01/2017/151,Solan,NH22,30.890225,77.086293,Rock              Slide,,,1484.2906494140625,11.895239431060716,,
3463,HP/SOL/53F01/2017/102,Solan,NH22,30.890226,77.070981,Rock              Slide,,,1830.1893310546875,38.69938403940806,,
3464,HP/SOL/53B13/2017/19,Solan,NH22,30.890426,76.995798,Debris            Slide,,,1428.5472412109375,31.416239038877062,,
3465,HP/SOL/53B13/2017/181,Solan,ParwanooGunaiPatta road,30.890571,76.939046,Rock              Slide,,,1133.551025390625,30.251312240944273,,
3466,HP/SOL/53F01/2017/125,Solan,NH22,30.890576,77.050264,Rock              Slide,,,1635.15234375,32.015531383186065,,
3467,HP/SOL/53F01/2017/101,Solan,NH22,30.89074,77.06908,Rock              Slide,,,1794.54931640625,38.58845934292887,,
3468,HP/SOL/53F01/2017/152,Solan,NH22,30.890824,77.088157,Rock              Slide,,,1482.8162841796875,28.991536222186568,,
3469,HP/SOL/53B13/2017/100,Solan,NH22,30.891413,76.998402,Rock              Slide,,,1364.4566650390625,35.62077998285162,,
3470,HP/SOL/53F01/2017/124,Solan,NH22,30.891724,77.049848,Rock              Slide,,,1622.84814453125,34.62234418586076,,
3471,HP/SIR/53F05/2017/88,Sirmur,Chakal Dungiser,30.89195,77.266325,Debris            Slide,,,1402.815673828125,33.64590845398271,,
3472,HP/SOL/53B13/2017/55,Solan,NH22,30.89213,76.99648,Rock              Slide,,,1378.2716064453125,33.71987541338488,,
3473,HP/SOL/53B13/2017/182,Solan,ParwanooGunaiPatta road,30.892617,76.941135,Rock              Slide,,,1123.30859375,32.50070844657664,,
3474,HP/SOL/53F01/2017/184,Solan,NH22,30.892803,77.085632,Rock              Slide,,,1597.4964599609375,39.02899065390729,,
3475,HP/SOL/53F01/2017/183,Solan,NH22,30.892953,77.083101,Rock              Slide,,,1645.8184814453125,43.351832513968155,,
3476,HP/SIR/53F05/2017/89,Sirmur,Chakal Dungiser,30.893108,77.261733,Rock cum debris   Slide,,,1351.8714599609375,38.96223996228667,,
3477,HP/SOL/53F01/2017/252,Solan,Nainetti road,30.893389,77.236091,Rock              Slide,,,989.4680786132812,33.96666870539426,,
3478,HP/SOL/53F01/2017/182,Solan,NH22,30.893525,77.081427,Rock              Slide,,,1646.3572998046875,40.94006564742891,,
3479,HP/SOL/53F01/2017/179,Solan,DharampurKyarad link road,30.893584,77.033006,Rock              Slide,,,1501.4287109375,17.205019469710926,,
3480,HP/SHM/53F09/2017/66,Shimla,Bhanal village road,30.893622,77.617283,Debris            Slide,,,2072.601806640625,48.1101295876443,,
3481,HP/SOL/53F01/2017/7,Solan,NH22,30.893793,77.090871,Rock              Fall,,,1646.4993896484375,44.56621125136144,,
3482,HP/SOL/53F01/2017/81,Solan,NH22,30.894047,77.045589,Rock              Slide,,,1562.266845703125,30.08009021677438,,
3483,HP/SOL/53B13/2017/9,Solan,ParwanooKasauli road,30.894169,76.963742,Rock              Fall,,,1610.4698486328125,40.03379787992529,,
3484,HP/SOL/53F01/2017/181,Solan,NH22,30.894411,77.078168,Rock              Slide,,,1644.81640625,21.886706762750272,,
3485,HP/SOL/53F01/2017/116,Solan,NH22,30.894492,77.003009,Rock              Slide,,,1413.5125732421875,27.61082240916473,,
3486,HP/SIR/53F05/2017/2,Sirmur,"MDR3,Satha Palu",30.894633,77.331166,Rock cum debris   Slide,,,1943.469970703125,35.89275312927993,,
3487,HP/SOL/53F01/2017/80,Solan,NH22,30.894984,77.033858,Rock              Slide,,,1559.07568359375,19.96749849935428,,
3488,HP/SOL/53F01/2017/185,Solan,NH22,30.895092,77.090845,Rock              Slide,,,1603.1474609375,37.943781246038256,,
3489,HP/SOL/53F01/2017/245,Solan,SH06,30.895424,77.103161,Rock              Slide,,,1461.931640625,23.78848623487339,,
3490,HP/SOL/53F01/2017/250,Solan,Nainetti road,30.89548,77.235948,Rock              Slide,,,987.7156982421876,37.247628584641625,,
3491,HP/SOL/53F01/2017/153,Solan,NH22,30.89569,77.09261,Rock              Slide,,,1490.8963623046875,32.210814489032316,,
3492,HP/SOL/53F01/2017/359,Solan,SolanDharja road,30.895917,77.187139,Rock              Slide,,,1319.2723388671875,36.28524157334496,,
3493,HP/SHM/53F09/2017/65,Shimla,Bhanal village road,30.895986,77.626228,Debris            Slide,,,2025.5052490234375,27.488691207211367,,
3494,HP/SOL/53F01/2017/119,Solan,NH22,30.896082,77.008986,Rock              Slide,,,1472.8282470703125,30.824004982184793,,
3495,HP/SOL/53F01/2017/120,Solan,NH22,30.8962,77.00933,Rock              Slide,,,1466.2176513671875,33.645146959954104,,
3496,HP/SOL/53F01/2017/117,Solan,NH22,30.896351,77.003332,Rock              Slide,,,1426.7236328125,26.94068409990011,,
3497,HP/SIR/53F05/2017/54,Sirmur,Palu,30.896389,77.340278,Rock cum debris   Slide,,,1860.3702392578125,30.00095452794917,,
3498,HP/SOL/53F01/2017/123,Solan,NH22,30.896433,77.032074,Rock              Slide,,,1541.970947265625,33.778028143439485,,
3499,HP/SOL/53F01/2017/118,Solan,NH22,30.896491,77.007998,Rock              Slide,,,1468.3328857421875,17.005073735425412,,
3500,HP/SOL/53F01/2017/103,Solan,NH22,30.896552,77.067762,Rock              Slide,,,1765.96337890625,14.106778412137142,,
3501,HP/SOL/53F01/2017/180,Solan,NH22,30.896613,77.073648,Rock              Slide,,,1694.03271484375,37.705903864169926,,
3502,HP/SOL/53F01/2017/226,Solan,NH22,30.896636,77.010096,Rock              Slide,,,1489.38818359375,33.031858568113144,,
3503,HP/SOL/53F01/2017/227,Solan,NH22,30.896778,77.010295,Rock              Slide,,,1483.531982421875,32.325349241811324,,
3504,HP/SOL/53B13/2017/11,Solan,,30.896848,76.95866,Rock              Fall,,,1700.9139404296875,31.09049450892156,,
3505,HP/SOL/53F01/2017/216,Solan,Kheel Road,30.897072,77.059425,Rock              Slide,,,1735.78564453125,40.78165595159973,,
3506,HP/SOL/53F01/2017/214,Solan,NH22,30.897146,77.067726,Rock              Slide,,,1747.5855712890625,29.921647865690627,,
3507,HP/SOL/53F01/2017/251,Solan,Nainetti road,30.897439,77.236082,Rock              Slide,,,1151.671630859375,32.92201457041786,,
3508,HP/SOL/53F01/2017/327,Solan,,30.897476,77.150871,Rock              Slide,,,1500.7860107421875,34.45620374560418,,
3509,HP/SOL/53F01/2017/79,Solan,NH22,30.897526,77.030576,Rock              Slide,,,1544.822998046875,31.47559218457219,,
3510,HP/SOL/53F01/2017/225,Solan,NH22,30.897628,77.00749,Rock              Slide,,,1448.350830078125,19.949447602978275,,
3511,HP/SOL/53F01/2017/405,Solan,ShilliJoanji road,30.89792,77.14094,Rock              Slide,,,1498.0682373046875,32.16435331159518,,
3512,HP/SHM/53F09/2017/64,Shimla,Bhanal village road,30.898306,77.626883,Debris            Slide,,,2005.6024169921875,31.382055938472515,,
3513,HP/SOL/53F01/2017/78,Solan,NH22,30.898491,77.02965,Rock              Slide,,,1538.1748046875,41.51801875135852,,
3514,HP/SOL/53F01/2017/224,Solan,NH22,30.898526,77.006447,Rock              Slide,,,1440.50048828125,14.167897990437044,,
3515,HP/SOL/53F01/2017/215,Solan,NH22,30.898608,77.06676,Rock              Slide,,,1741.5899658203125,27.75685037705771,,
3516,HP/SIR/53F05/2017/46,Sirmur,Palu,30.898664,77.330389,Rock              Fall,,,1893.6943359375,37.963091519635185,,
3517,HP/SOL/53F01/2017/228,Solan,NH22,30.898781,77.01385,Rock              Slide,,,1486.3685302734375,18.133398444013284,,
3518,HP/SOL/53F01/2017/356,Solan,Near Kargano village,30.899053,77.211977,Rock              Slide,,,984.2747802734376,39.491066546044415,,
3519,HP/SOL/53F01/2017/222,Solan,NH22,30.899066,77.003609,Rock              Slide,,,1450.7857666015625,25.713382126235754,,
3520,HP/SOL/53F01/2017/122,Solan,NH22,30.899471,77.023591,Rock              Slide,,,1515.933837890625,24.968866918152628,,
3521,HP/SOL/53F01/2017/330,Solan,JuanjiDharon ki dhar road,30.89948,77.160208,Rock              Slide,,,1652.062744140625,31.109704424678867,,
3522,HP/SOL/53F01/2017/355,Solan,Near Kargano village,30.89981,77.21152,Rock              Slide,,,1019.2699584960938,37.97516235500591,,
3523,HP/SOL/53F01/2017/77,Solan,NH22,30.899875,77.026421,Rock              Slide,,,1515.2904052734375,34.254487668422094,,
3524,HP/SOL/53F01/2017/31,Solan,ShilliJoanji road,30.899997,77.140924,Rock              Fall,,,1479.165771484375,28.51319137852706,,
3525,HP/SOL/53F01/2017/334,Solan,JuanjiDharon ki dhar road,30.900103,77.150393,Rock              Slide,,,1440.3187255859375,28.831204419123072,,
3526,HP/SOL/53B13/2017/189,Solan,,30.900236,76.981206,Rock              Slide,,,1593.1573486328125,38.38955712103038,,
3527,HP/SOL/53F01/2017/121,Solan,NH22,30.900279,77.014632,Rock              Slide,,,1514.1551513671875,36.19050766272928,,
3528,HP/SOL/53F01/2017/331,Solan,JuanjiDharon ki dhar road,30.9003,77.162802,Rock              Slide,,,1674.724609375,30.63768389914921,,
3529,HP/SOL/53F01/2017/223,Solan,NH22,30.900324,77.00474,Rock              Slide,,,1443.8143310546875,15.967845559448236,,
3530,HP/SOL/53F01/2017/249,Solan,Nainetti road,30.90066,77.23279,Rock              Slide,,,1003.9357299804688,49.59504411444065,,
3531,HP/SOL/53F01/2017/354,Solan,Near Kargano village,30.90147,77.21163,Rock              Slide,,,998.0089721679688,25.47989671253707,,
3532,HP/SHM/53F09/2017/63,Shimla,Bhanal village road,30.901497,77.621375,Debris            Slide,,,1982.255126953125,34.92450628429731,,
3533,HP/SOL/53F01/2017/329,Solan,JuanjiDharon ki dhar road,30.901852,77.151717,Rock              Slide,,,1539.0594482421875,14.928395630233458,,
3534,HP/SOL/53F01/2017/328,Solan,JuanjiDharon ki dhar road,30.901977,77.151311,Rock              Slide,,,1537.1070556640625,17.746303734611118,,
3535,HP/SOL/53B13/2017/183,Solan,ParwanooGunaiPatta road,30.902668,76.936177,Rock              Slide,,,1064.716064453125,32.8676086116536,,
3536,HP/SOL/53B13/2017/31,Solan,GarkhalDeoni road,30.902975,76.980774,Debris            Slide,,,1611.4276123046875,34.04268673487195,,
3537,HP/SOL/53F01/2017/362,Solan,ShilliJoanji road,30.903611,77.138734,Rock              Slide,,,1446.4456787109375,38.763909110633975,,
3538,HP/SOL/53F01/2017/353,Solan,Near Kargano village,30.903656,77.212209,Rock              Slide,,,1016.7314453125,44.64234203573102,,
3539,HP/SOL/53F01/2017/217,Solan,,30.903772,77.061856,Rock              Slide,,,1876.5843505859375,44.25093434351698,,
3540,HP/SHI/53F13/2016/15,Shimla,NEAR CHANNOG CHANNOG-NH-,30.9038,77.766,Debris            Slide,,,2127.57373046875,33.723229642450995,,
3541,HP/SHM/53F09/2017/62,Shimla,Bhanal village road,30.903889,77.621064,Debris            Slide,,,1944.944091796875,27.238254255694585,,
3542,HP/SOL/53B13/2017/39,Solan,GarkhalSirrir road,30.904196,76.991836,Debris            Slide,,,1739.35302734375,33.96649546916571,,
3543,HP/SOL/53B13/2017/147,Solan,GarkhalJagjitnagar road,30.904423,76.982099,Rock              Slide,,,1670.8941650390625,41.1510015428696,,
3544,HP/SOL/53B13/2017/32,Solan,GarkhalDeoni road,30.904484,76.980738,Debris            Slide,,,1599.8350830078125,26.76704088994559,,
3545,HP/SOL/53F01/2017/248,Solan,Nainetti road,30.904583,77.239732,Rock              Slide,,,1058.01708984375,38.831741322789256,,
3546,HP/SOL/53F01/2017/93,Solan,GodaChail road,30.904657,77.196755,Rock              Slide,,,1189.98291015625,45.99679275071687,,
3547,HP/SOL/53F01/2017/323,Solan,KutharKasauli road,30.904726,77.198756,Rock              Slide,,,1190.52294921875,24.285019792104585,,
3548,HP/SOL/53F01/2017/437,Solan,,30.90473,77.060887,Rock              Slide,,,1792.92529296875,36.34626381727325,,
3549,HP/SHI/53F13/2016/13,Shimla,NEAR CHANNOG CHANNOG-NH-,30.9048,77.763,Debris            Slide,,,1984.8414306640625,24.94139340688331,,
3550,HP/SOL/53B13/2017/196,Solan,ParwanooGunaiPatta road,30.904859,76.935264,Rock              Slide,,,1056.933349609375,37.91890631466667,,
3551,HP/SHI/53F13/2016/14,Shimla,NEAR CHANNOG CHANNOG-NH-,30.9051,77.7624,Debris            Slide,,,1971.01611328125,37.473409241702875,,
3552,HP/SHM/53F09/2017/60,Shimla,Lojnath village road,30.905117,77.626186,Debris            Slide,,,1765.28076171875,36.775684900938536,,
3553,HP/SHI/53F13/2016/19,Shimla,THANGAR VILLAGE,30.906,77.7937,Debris            Slide,,,1964.868408203125,34.5726076376384,,
3554,HP/SOL/53F01/2017/86,Solan,NH22,30.906291,77.090743,Rock              Slide,,,1534.1334228515625,22.325785122152773,,
3555,HP/SHI/53F13/2016/18,Shimla,NEAR THANGAR VILLAGE,30.9063,77.7991,Rock              Slide,,,2068.616943359375,39.79725401448076,,
3556,HP/SOL/53F01/2017/87,Solan,NH22,30.906822,77.09233,Rock              Slide,,,1533.9619140625,21.018567877219812,,
3557,HP/SOL/53F01/2017/352,Solan,Near Kargano village,30.906966,77.21392,Rock              Slide,,,1034.7510986328125,43.53956013198139,,
3558,HP/SHI/53F13/2016/1,Shimla,THANGAR VILLAGE,30.907,77.792,Rock              Fall,,,2029.9095458984375,34.50758104995933,,
3559,HP/SOL/53F01/2017/350,Solan,Near Kargano village,30.907006,77.221143,Rock              Slide,,,1125.1041259765625,48.21301628482601,,
3560,HP/SOL/53F01/2017/402,Solan,,30.90702,77.190193,Rock              Slide,,,1030.18896484375,49.32557993817926,,
3561,HP/SOL/53F01/2017/91,Solan,ChailYashwantnagar link road,30.907223,77.22755,Rock              Slide,,,1234.1162109375,22.65693464112191,,
3562,HP/SOL/53F01/2017/324,Solan,,30.907249,77.206257,Rock              Slide,,,1211.70263671875,38.76018769996956,,
3563,HP/SOL/53B13/2017/195,Solan,ParwanooGunaiPatta road,30.907433,76.934292,Rock              Slide,,,1052.466064453125,39.85641033015949,,
3564,HP/SOL/53F01/2017/92,Solan,ChailYashwantnagar link road,30.90782,77.2286,Rock              Slide,,,1201.49560546875,28.230740704780317,,
3565,HP/SHM/53F09/2017/59,Shimla,Gunsa village,30.907908,77.629325,Debris            Slide,,,1553.2244873046875,33.43258871489854,,
3566,HP/SOL/53F01/2017/94,Solan,GodaChail road,30.908,77.19749,Rock              Slide,,,1250.9462890625,36.48621494530345,,
3567,HP/SOL/53F01/2017/95,Solan,GodaChail road,30.908035,77.204098,Rock              Slide,,,1309.1939697265625,35.75343467254646,,
3568,HP/SOL/53B13/2017/184,Solan,ParwanooGunaiPatta road,30.908132,76.9337,Rock              Slide,,,1021.4606323242188,37.776417252413246,,
3569,HP/SOL/53F01/2017/90,Solan,ChailYashwantnagar link road,30.908252,77.224965,Rock              Slide,,,1226.970703125,31.497757495457737,,
3570,HP/SOL/53F01/2017/96,Solan,GodaChail road,30.908374,77.201081,Rock              Slide,,,1393.3623046875,40.802311558352294,,
3571,HP/SOL/53F01/2017/351,Solan,Near Kargano village,30.908488,77.218944,Rock              Slide,,,1160.0673828125,43.59037892154136,,
3572,HP/SHM/53F09/2017/58,Shimla,SH06 Rarth village road,30.908614,77.628403,Debris            Slide,,,1542.957275390625,44.54389644060965,,
3573,HP/SOL/53F01/2017/404,Solan,SolanShilli road,30.908706,77.122519,Rock              Slide,,,1496.3642578125,19.031623288469984,,
3574,HP/SOL/53F01/2017/89,Solan,ChailYashwantnagar link road,30.909269,77.222942,Rock              Slide,,,1264.7548828125,39.12538624183026,,
3575,HP/SOL/53F01/2017/98,Solan,GodaChail road,30.909435,77.20544,Rock              Slide,,,1280.4326171875,32.800451266644174,,
3576,HP/SOL/53F01/2017/238,Solan,SolanShilli road,30.909439,77.118684,Rock              Slide,,,1519.7054443359375,16.02362174618102,,
3577,HP/SOL/53F01/2017/97,Solan,GodaChail road,30.909693,77.198448,Rock              Slide,,,1419.781005859375,16.515760209988198,,
3578,HP/SHI/53F13/2016/8,Shimla,THANGAR VILLAGE,30.9099,77.7871,Debris            Slide,,,2229.031005859375,40.38813552393346,,
3579,HP/SHM/53F09/2017/15,Shimla,"NeruaTharoch link road,near",30.909944,77.675336,Rock cum debris   Slide,,,1168.4920654296875,37.960458050775706,,
3580,HP/SOL/53F01/2017/55,Solan,DharampurSubathu Road,30.910091,77.027754,Debris            Slide,,,1395.8321533203125,27.792289524273848,,
3581,HP/SOL/53B13/2017/185,Solan,ParwanooGunaiPatta road,30.910364,76.932616,Rock              Slide,,,997.4531860351562,37.61043024951383,,
3582,HP/SOL/53F01/2017/88,Solan,ChailYashwantnagar link road,30.91118,77.207816,Rock              Slide,,,1308.901123046875,35.050646360463844,,
3583,HP/SOL/53F01/2017/326,Solan,Shillikaccha road,30.911181,77.12003,Rock              Slide,,,1500.888671875,30.47514700074281,,
3584,HP/SOL/53F01/2017/35,Solan,SolanShilli road,30.911577,77.126676,Rock              Fall,,,1504.1209716796875,45.000082258100655,,
3585,HP/SOL/53F01/2017/412,Solan,,30.911664,77.243725,Rock              Slide,,,1101.4798583984375,26.40686484847056,,
3586,HP/SOL/53F01/2017/403,Solan,Shillikaccha road,30.911714,77.11979,Rock              Slide,,,1511.3038330078125,21.50735073461868,,
3587,HP/SHM/53F09/2017/61,Shimla,Bhanal village road,30.912794,77.623992,Debris            Slide,,,1872.33837890625,44.383795721645875,,
3588,HP/SOL/53F01/2017/358,Solan,SolanShilli road,30.912822,77.126771,Rock              Slide,,,1481.6802978515625,30.589852163975245,,
3589,HP/SOL/53F01/2017/325,Solan,KatniKandaDharampur road,30.912947,77.005231,Rock              Slide,,,1440.6944580078125,26.13208190238544,,
3590,HP/SOL/53F01/2017/321,Solan,SolanShilli road,30.913034,77.137025,Rock              Slide,,,1414.849609375,8.522898776951752,,
3591,HP/SHI/53F13/2016/12,Shimla,NEAR PANJAR,30.9136,77.7528,Debris            Slide,,,1941.3702392578125,24.625335553821397,,
3592,HP/SOL/53F01/2017/205,Solan,ChailYashwantnagar link road,30.914252,77.231778,Rock              Slide,,,1210.8729248046875,37.74356305488136,,
3593,HP/SOL/53F01/2017/208,Solan,GodaChail road,30.914625,77.20788,Rock              Slide,,,1487.056640625,30.88317452384433,,
3594,HP/SOL/53F01/2017/99,Solan,GodaChail road,30.915068,77.209231,Rock              Slide,,,1472.545166015625,37.2354582753008,,
3595,HP/SHI/53F13/2016/11,Shimla,NEAR PANJAR,30.9154,77.7518,Debris            Slide,,,1967.268798828125,42.17950540529563,,
3596,HP/SOL/53F01/2017/209,Solan,GodaChail road,30.915508,77.212906,Rock              Slide,,,1527.967529296875,28.772377536790763,,
3597,HP/SOL/53F01/2017/397,Solan,ChailYashwantnagar link road,30.915762,77.22758,Rock              Slide,,,1285.851318359375,34.86433916358403,,
3598,HP/SOL/53F01/2017/207,Solan,GodaChail road,30.91595,77.206625,Rock              Slide,,,1464.00537109375,40.10478624531793,,
3599,HP/SHI/53F13/2016/5,Shimla,NEAR MANEWATI VILLAGE,30.916,77.8022,Debris            Subsidence,,,1835.426025390625,22.250471917291616,,
3600,HP/SHI/53F13/2016/9,Shimla,TIKRI VILLAGE,30.9166,77.7581,Debris            Slide,,,1947.4776611328125,31.02983663588589,,
3601,HP/SOL/53F01/2017/253,Solan,SaporaDiothi road,30.916641,77.074628,Rock              Slide,,,1489.447021484375,27.56490317425653,,
3602,HP/SOL/53F01/2017/206,Solan,ChailYashwantnagar link road,30.916646,77.235939,Rock              Slide,,,1187.444580078125,33.4478760937573,,
3603,HP/SHI/53F13/2016/10,Shimla,TIKRI VILLAGE,30.9167,77.7595,Debris            Slide,,,1937.4041748046875,34.90508118140622,,
3604,HP/SOL/53F01/2017/339,Solan,DharampurSubathu Road,30.91703,77.029941,Rock              Slide,,,1353.440185546875,28.505145538298617,,
3605,HP/SOL/53F01/2017/254,Solan,DharampurSubathu Road,30.91732,77.0752,Rock              Slide,,,1453.050537109375,12.38128695898394,,
3606,HP/SOL/53F01/2017/15,Solan,DharampurSubathu Road,30.91732,77.0752,Rock              Fall,,,1453.050537109375,12.38128695898394,,
3607,HP/SOL/53F01/2017/47,Solan,DharampurSubathu Road,30.91732,77.0752,Debris            Slide,,,1453.050537109375,12.38128695898394,,
3608,HP/SHI/53F13/2016/2,Shimla,NEAR MAYOTI VILLAGEMAYOTI-,30.918,77.8008,Debris            Slide,,,1825.1939697265625,13.093874000399186,,
3609,HP/SHI/53F13/2016/3,Shimla,NEAR MAYOTI VILLAGEMAYOTI-,30.9207,77.7985,Rock              Fall,,,1918.8939208984375,11.043627537889131,,
3610,HP/SOL/53F01/2017/11,Solan,GodaChail road,30.922028,77.212733,Rock              Fall,,,1540.7803955078125,38.97204182463887,,
3611,HP/SHM/53F09/2017/57,Shimla,SH08 Bodna village,30.922503,77.63505,Debris            Slide,,,1316.25439453125,15.584965570682447,,
3612,HP/SHM/53F09/2017/9,Shimla,"Nerwa, near Bodna bridge",30.923531,77.639489,Rock cum debris   Slide,,,1195.826904296875,32.71913688131238,,
3613,HP/SOL/53B13/2017/38,Solan,Right bank of khad,30.923997,76.95519,Debris            Slide,,,1234.6785888671875,39.09698319305615,,
3614,HP/SOL/53F01/2017/211,Solan,GodaChail road,30.92471,77.226922,Rock              Slide,,,1683.479248046875,39.77946600353393,,
3615,HP/SIR/53F05/2017/69,Sirmur,Shalogni,30.925825,77.334836,Rock cum debris   Slide,,,1608.7933349609375,18.850954841453113,,
3616,HP/SOL/53F01/2017/401,Solan,Ashwini khadShilli road,30.926205,77.143252,Rock              Slide,,,1172.92333984375,43.2101809832698,,
3617,HP/SHM/53F09/2017/10,Shimla,Nerwa/Basasam,30.926208,77.644786,Debris            Slide,,,1363.7730712890625,14.528217015616296,,
3618,HP/SOL/53B13/2017/178,Solan,PattaHaripur road,30.926297,76.87877,Rock              Slide,,,675.3500366210938,30.410117196484396,,
3619,HP/SOL/53F01/2017/100,Solan,GodaChail road,30.926651,77.227834,Rock              Slide,,,1705.359130859375,43.306871949681536,,
3620,HP/SOL/53B13/2017/48,Solan,,30.926983,76.854978,Debris            Slide,,,513.5742797851562,38.74992500792251,,
3621,HP/SOL/53B13/2017/177,Solan,PattaHaripur road,30.927068,76.879745,Rock              Slide,,,684.6489868164062,26.547439149652902,,
3622,HP/SOL/53F01/2017/213,Solan,NH22,30.927509,77.113524,Rock              Slide,,,1501.0224609375,37.30709378494131,,
3623,HP/SIR/53F05/2017/70,Sirmur,Shalogni,30.927514,77.337169,Debris            Slide,,,1604.2833251953125,42.35664939915189,,
3624,HP/SIR/53F05/2017/68,Sirmur,Ruhata,30.927536,77.337189,Debris            Slide,,,1604.2833251953125,42.356651056480715,,
3625,HP/SOL/53F01/2017/154,Solan,DharampurSubathu Road,30.928258,77.018968,Rock              Slide,,,1408.14697265625,26.059194039161188,,
3626,HP/SIR/53F05/2017/1,Sirmur,MDR3 Shalhech to Chandol,30.9285,77.33983,Rock cum debris   Slide,,,1602.694091796875,39.32064391476244,,
3627,HP/SOL/53F01/2017/357,Solan,Ashwini khadShilli road,30.928619,77.159695,Rock              Slide,,,1121.902587890625,35.13907621087853,,
3628,HP/SIR/53F05/2017/10,Sirmur,Shalogni Village/MDR3,30.928833,77.3405,Rock cum debris   Slide,,,1575.33740234375,28.139050544150656,,
3629,HP/SOL/53F01/2017/210,Solan,GodaChail road,30.93157,77.236354,Rock              Slide,,,1777.312255859375,37.44133533357756,,
3630,HP/SIR/53F05/2017/55,Sirmur,Pain Kufar,30.931869,77.381769,Debris            Slide,,,1593.1861572265625,39.763503645461974,,
3631,HP/SOL/53B13/2017/176,Solan,PattaHaripur road,30.932532,76.876294,Rock              Slide,,,748.9296875,29.616927669675388,,
3632,HP/SHM/53F09/2017/16,Shimla,NeruaChopal link road,30.934011,77.597464,Rock cum debris   Slide,,,1392.1162109375,35.30664802343492,,
3633,HP/SHM/53F09/2017/17,Shimla,Bamrar Tikiri link road,30.934269,77.597369,Debris            Slide,,,1367.50244140625,36.37336862754227,,
3634,HP/SOL/53B13/2017/116,Solan,KatniKandaDharampur road,30.934788,76.99855,Rock              Slide,,,1176.86474609375,28.7462701713156,,
3635,HP/SOL/53F01/2017/3,Solan,DharampurSubathu Road,30.934913,77.043677,Rock              Fall,,,1451.708984375,46.57321065476014,,
3636,HP/SIR/53F05/2017/65,Sirmur,Sanora,30.935403,77.354514,Rock cum debris   Slide,,,1439.8372802734375,37.51803606009259,,
3637,HP/SOL/53B13/2017/175,Solan,PattaHaripur road,30.936427,76.877137,Rock              Slide,,,782.22998046875,30.52363596898792,,
3638,HP/SOL/53B13/2017/174,Solan,PattaHaripur road,30.937327,76.876837,Rock              Slide,,,796.5097045898438,24.086730034397753,,
3639,HP/SOL/53B13/2017/115,Solan,KatniKandaDharampur road,30.937612,76.997998,Rock              Slide,,,1157.098876953125,35.98097781569278,,
3640,HP/SOL/53F01/2017/190,Solan,DharampurSubathu Road,30.938228,77.041741,Rock              Slide,,,1429.75439453125,22.276915603668215,,
3641,HP/SIR/53F05/2017/72,Sirmur,ChaILaKumarhatti Road,30.9395,77.336031,Rock cum debris   Slide,,,1412.7259521484375,17.64623689875493,,
3642,HP/SOL/53F01/2017/436,Solan,Ashwini khadShilli road,30.939703,77.175375,Rock              Slide,,,1352.30908203125,40.4032369758988,,
3643,HP/SOL/53F01/2017/212,Solan,NH22,30.939976,77.13175,Rock              Slide,,,1485.459228515625,33.483684643243585,,
3644,HP/SOL/53F01/2017/400,Solan,Ashni khadChail road,30.940348,77.165848,Rock              Slide,,,1440.355224609375,31.916924277407286,,
3645,HP/SHM/53F09/2017/23,Shimla,Phalauna,30.942389,77.546414,Rock cum debris   Slide,,,1983.5267333984375,32.41058696839561,,
3646,HP/SIR/53F05/2017/57,Sirmur,Manwan,30.942442,77.396494,Rock cum debris   Slide,,,2115.60595703125,48.63256691056884,,
3647,HP/SOL/53F01/2017/26,Solan,ChambaghatGuggaghat road,30.944039,77.076152,Rock              Fall,,,1533.6119384765625,30.93501446713908,,
3648,HP/SOL/53B13/2017/103,Solan,PattaHaripur road,30.944879,76.880998,Rock              Slide,,,821.7012329101562,24.470633142244154,,
3649,HP/SHM/53F09/2017/22,Shimla,Phalauna,30.945919,77.542019,Debris            Slide,,,1933.5809326171875,37.73421049003887,,
3650,HP/SHM/53F09/2017/18,Shimla,Kathiyana,30.946236,77.542325,Debris            Slide,,,1909.929443359375,44.65356349261867,,
3651,HP/SHM/53F09/2017/21,Shimla,Phalauna,30.94655,77.541781,Rock cum debris   Slide,,,1920.59814453125,35.60401711292679,,
3652,HP/SHM/53F09/2017/2,Shimla,ChaupalJinkinpul road,30.946617,77.582478,Debris            Slide,,,2177.610595703125,20.17032154208126,,
3653,HP/SHM/53F09/2017/1,Shimla,"Thana, link road",30.947172,77.571233,Debris,Slide,2011,2179.37841796875,33.48230636987971,,
3654,HP/SHM/53F09/2017/20,Shimla,Phalauna,30.947183,77.540006,Debris            Slide,,,1894.325927734375,40.63878214233248,,
3655,HP/SOL/53B13/2017/114,Solan,KatniKandaDharampur road,30.947873,76.997248,Rock              Slide,,,1110.1566162109375,33.366337483928454,,
3656,HP/SIR/53F05/2017/76,Sirmur,Dhaniya Ser,30.949322,77.330133,Debris            Slide,,,1279.7879638671875,31.691576254947886,,
3657,HP/SOL/53F01/2017/432,Solan,KandaghatChail road,30.949714,77.218654,Rock              Slide,,,1730.5478515625,32.45899342171309,,
3658,HP/SOL/53F01/2017/417,Solan,ChambaghatGuggaghat road,30.950297,77.078917,Rock              Slide,,,1430.298828125,10.628847334719582,,
3659,HP/SIR/53F05/2017/77,Sirmur,Sangthara,30.950367,77.327433,Debris            Slide,,,1300.561767578125,31.16964178381702,,
3660,HP/SOL/53B13/2017/173,Solan,KutharKasauli road,30.951481,76.950667,Rock              Slide,,,1438.9307861328125,36.64989392640539,,
3661,HP/SOL/53B13/2017/47,Solan,,30.952565,76.88466,Debris            Slide,,,751.3139038085938,29.273451773818724,,
3662,HP/SOL/53B13/2017/43,Solan,PattaHaripur road,30.95262,76.901854,Debris            Slide,,,689.393798828125,26.023239485856525,,
3663,HP/SOL/53B13/2017/165,Solan,KuthadMairapatta road,30.952809,76.924678,Rock              Slide,,,849.7366333007812,17.16581526552546,,
3664,HP/SOL/53B13/2017/102,Solan,PattaHaripur road,30.953036,76.901858,Rock              Slide,,,696.056396484375,19.34975219041893,,
3665,HP/SOL/53B13/2017/113,Solan,KuthadArlaDharampur road,30.953334,76.993108,Rock              Slide,,,1160.8026123046875,29.29957097577456,,
3666,HP/SIR/53F05/2017/74,Sirmur,Dhaniya Ser,30.953506,77.327781,Rock cum debris   Slide,,,1242.004638671875,39.71377007775422,,
3667,HP/SIR/53F05/2017/48,Sirmur,Sanghthara,30.953611,77.327778,Rock cum debris   Slide,,,1242.004638671875,39.71379989390034,,
3668,HP/SIR/53F05/2017/73,Sirmur,Chandol,30.95365,77.327764,Rock cum debris   Slide,,,1242.004638671875,39.71381096850253,,
3669,HP/SIR/53F05/2017/61,Sirmur,Sangthara,30.953656,77.327689,Debris            Slide,,,1242.004638671875,39.71381267228911,,
3670,HP/SIR/53F05/2017/78,Sirmur,Rori,30.9537,77.327589,Rock cum debris   Slide,,,1262.9837646484375,44.16969888016238,,
3671,HP/SIR/53F05/2017/66,Sirmur,Sanghthara,30.953731,77.327622,Debris            Slide,,,1262.9837646484375,44.16970811709081,,
3672,HP/SOL/53B13/2017/141,Solan,BatauliNawanagar road,30.953843,76.850593,Rock              Slide,,,581.9757080078125,32.29066850712301,,
3673,HP/SIR/53F05/2017/83,Sirmur,Jagher,30.953942,77.304828,Debris            Slide,,,1161.50634765625,46.31321225699148,,
3674,HP/SOL/53F01/2017/16,Solan,DharampurSubathu Road,30.954098,77.014505,Rock              Fall,,,1310.2021484375,15.43284895854346,,
3675,HP/SIR/53F05/2017/64,Sirmur,Tali Bhujal,30.9547,77.443581,Debris            Slide,,,1581.1961669921875,53.39467018063726,,
3676,HP/SOL/53F01/2017/67,Solan,Ashni khadChail road,30.954873,77.17745,Debris            Slide,,,1892.2728271484375,36.547028460744336,,
3677,HP/SOL/53B13/2017/26,Solan,PattaHaripur road,30.955032,76.906567,Debris            Slide,,,726.6846313476562,21.979494947684344,,
3678,HP/SOL/53B13/2017/164,Solan,KuthadMairapatta road,30.955436,76.923019,Rock              Slide,,,837.75537109375,29.03849774429969,,
3679,HP/SOL/53B13/2017/35,Solan,KuthadMairapatta road,30.955912,76.917313,Debris            Slide,,,810.2095336914062,22.550775775947404,,
3680,HP/SOL/53B13/2017/166,Solan,KuthadMairapatta road,30.957539,76.914894,Rock              Slide,,,789.2410278320312,28.48406910195989,,
3681,HP/SOL/53B13/2017/136,Solan,PattaJoharji road,30.957655,76.902279,Rock              Slide,,,740.2352294921875,29.250672216051324,,
3682,HP/SOL/53B13/2017/167,Solan,Mairapatta,30.95937,76.906912,Rock              Slide,,,698.035400390625,28.823217075106356,,
3683,HP/SOL/53F01/2017/431,Solan,KandaghatChail road,30.959403,77.168658,Rock              Slide,,,1900.5406494140625,20.12775574202514,,
3684,HP/SHM/53F09/2017/19,Shimla,Phalauna,30.959831,77.543514,Rock cum debris   Slide,,,2368.511474609375,34.91184756871469,,
3685,HP/SOL/53B13/2017/58,Solan,DharampurSubathu Road,30.960069,76.996297,Rock              Slide,,,1310.086669921875,26.707469903232926,,
3686,HP/SOL/53B13/2017/24,Solan,KuthadMairapatta road,30.960088,76.926241,Debris            Slide,,,896.1129150390625,40.393444873214186,,
3687,HP/SIR/53F05/2017/67,Sirmur,Kotla,30.96125,77.323761,Rock cum debris   Slide,,,1169.8616943359375,39.85179617442324,,
3688,HP/SIR/53F05/2017/59,Sirmur,Koti Mawga,30.961372,77.326417,Rock cum debris   Slide,,,1245.8970947265625,53.76003677414567,,
3689,HP/SOL/53B13/2017/122,Solan,DharampurSubathu Road,30.961609,76.995689,Rock              Slide,,,1294.310791015625,33.75839348941806,,
3690,HP/SOL/53F01/2017/399,Solan,Ashni khadChail road,30.961874,77.156345,Rock              Slide,,,1615.891845703125,29.37142194373057,,
3691,HP/SOL/53B13/2017/168,Solan,PattaGoeta road,30.962301,76.909687,Rock              Slide,,,696.9656982421875,31.23498770081905,,
3692,HP/SIR/53F05/2017/80,Sirmur,Kotla,30.962572,77.323425,Rock              Slide,,,1195.603271484375,47.60745218471603,,
3693,HP/SHM/53F09/2017/3,Shimla,"SH 8, ChaukiyaJinkinpul road",30.962953,77.587925,Rock cum debris   Slide,,,1652.619873046875,36.54680292626382,,
3694,HP/SOL/53B13/2017/143,Solan,,30.963094,76.864011,Rock              Slide,,,595.0642700195312,35.57072873061631,,
3695,HP/SOL/53B13/2017/191,Solan,Right bank of khad,30.963779,76.830635,Rock              Slide,,,531.33056640625,23.12429870741725,,
3696,HP/SIR/53F05/2017/75,Sirmur,"Kotla,SH06",30.963906,77.324464,Debris            Slide,,,1140.364990234375,33.49703828188855,,
3697,HP/SHM/53F09/2017/8,Shimla,"SH08, ChaupalNerwa Road",30.963911,77.596819,Rock cum debris   Slide,,,1593.05224609375,27.961885677686915,,
3698,HP/SIR/53F05/2017/79,Sirmur,Kotla Bangi,30.963919,77.32435,Rock              Slide,,,1140.364990234375,33.497041578479134,,
3699,HP/SHM/53F09/2017/5,Shimla,Jinkinpul road,30.963958,77.596794,Rock cum debris   Slide,,,1600.1195068359375,32.02047588990101,,
3700,HP/SOL/53B13/2017/144,Solan,,30.963972,76.8693,Rock              Slide,,,622.5427856445312,37.33010067813869,,
3701,HP/SIR/53F05/2017/60,Sirmur,ChailaKumarhatti Road,30.964125,77.325186,Rock cum debris   Slide,,,1149.0389404296875,40.78438115458788,,
3702,HP/SOL/53B13/2017/62,Solan,SubathuKuthad road,30.964164,76.967211,Rock              Slide,,,1086.8101806640625,36.57212982439147,,
3703,HP/SIR/53F05/2017/53,Sirmur,Kotla Bangi,30.964175,77.325281,Debris            Slide,,,1149.0389404296875,40.784394189068514,,
3704,HP/SOL/53B13/2017/194,Solan,Right bank of khad,30.964178,76.832526,Rock              Slide,,,522.658447265625,42.376296169896946,,
3705,HP/SOL/53B13/2017/186,Solan,KuthadArlaDharampur road,30.964213,76.985701,Rock              Slide,,,1141.439208984375,35.578227805966236,,
3706,HP/SOL/53B13/2017/192,Solan,Right bank of khad,30.964376,76.831185,Rock              Slide,,,555.6380004882812,34.0512973671433,,
3707,HP/SOL/53B13/2017/169,Solan,BatauliNawanagar road,30.964665,76.854868,Rock              Slide,,,633.2735595703125,19.205234178769754,,
3708,HP/SOL/53B13/2017/3,Solan,KuthadMairapatta road,30.964706,76.927868,Rock              Fall,,,902.1060180664062,37.81997454778091,,
3709,HP/SOL/53B13/2017/193,Solan,Right bank of khad,30.96481,76.831678,Rock              Slide,,,559.40673828125,33.73800075416102,,
3710,HP/SOL/53F01/2017/204,Solan,KunSolan road,30.96499,77.055292,Rock              Slide,,,1319.7841796875,27.434733231058217,,
3711,HP/SOL/53B13/2017/137,Solan,PattaJoharji road,30.965031,76.895209,Rock              Slide,,,917.917724609375,20.622215633621103,,
3712,HP/SOL/53B13/2017/25,Solan,DharampurSubathu Road,30.965108,76.992414,Debris            Slide,,,1308.6385498046875,36.76516112528613,,
3713,HP/SHM/53F09/2017/6,Shimla,20m away from LS99,30.965131,77.591956,Debris            Slide,,,1600.7027587890625,36.89650792715359,,
3714,HP/SHM/53F09/2017/7,Shimla,ChaupalJhankinipul Road,30.96515,77.593672,Rock cum debris   Slide,,,1613.89306640625,39.470446497070895,,
3715,HP/SOL/53B13/2017/162,Solan,SubathuKuthad road,30.965437,76.979839,Rock              Slide,,,996.4869384765624,41.14345082956161,,
3716,HP/SOL/53B13/2017/101,Solan,KutharKasauli road,30.965641,76.958071,Rock              Slide,,,1244.9012451171875,29.80865422079168,,
3717,HP/SOL/53B13/2017/2,Solan,KuthadMairapatta road,30.965653,76.926301,Rock              Fall,,,933.0472412109376,34.78615231655441,,
3718,HP/SOL/53B13/2017/123,Solan,DharampurSubathu Road,30.965675,76.992112,Rock              Slide,,,1316.2080078125,35.85868460640218,,
3719,HP/SIR/53F09/2017/56,Sirmur,SH06 ChailaKumarhatti Road,30.965892,77.325575,Debris            Slide,,,1160.56591796875,45.663440279326586,,
3720,HP/SOL/53B13/2017/163,Solan,SubathuKuthad road,30.965918,76.97869,Rock              Slide,,,968.90625,22.469753144329506,,
3721,HP/SOL/53B13/2017/161,Solan,SubathuKuthad road,30.966239,76.979414,Rock              Slide,,,996.6942749023438,40.341595599181225,,
3722,HP/SIR/53F05/2017/11,Sirmur,Shalhech,30.966339,77.324081,Rock cum debris   Slide,,,1127.1453857421875,43.34261024681112,,
3723,HP/SOL/53F01/2017/413,Solan,DharampurSubathu Road,30.966409,77.002124,Rock              Slide,,,1300.877197265625,36.2820010838618,,
3724,HP/SOL/53B13/2017/160,Solan,SubathuKuthad road,30.966964,76.980068,Rock              Slide,,,1007.0488891601562,41.040231084505514,,
3725,HP/SHM/53F09/2017/52,Shimla,Kotla bangi,30.967364,77.321517,Debris            Slide,,,1207.7850341796875,36.689540816073375,,
3726,HP/SIR/53F05/2017/71,Sirmur,ChailaKumarhatti Road,30.967447,77.322214,Rock cum debris   Slide,,,1143.6480712890625,40.42249880214275,,
3727,HP/SOL/53B13/2017/142,Solan,,30.967744,76.863116,Rock              Slide,,,700.0831298828125,37.28752931327334,,
3728,HP/SOL/53B13/2017/159,Solan,SubathuKuthad road,30.967923,76.979826,Rock              Slide,,,984.5174560546876,33.72044155346737,,
3729,HP/SOL/53B13/2017/170,Solan,BatauliNawanagar road,30.968014,76.859864,Rock              Slide,,,661.0944213867188,19.384151362023957,,
3730,HP/SOL/53B13/2017/77,Solan,KuthadMairapatta road,30.968292,76.925895,Rock              Slide,,,937.1449584960938,31.853443360470703,,
3731,HP/SOL/53B13/2017/171,Solan,BatauliNawanagar road,30.968657,76.861843,Rock              Slide,,,696.3355102539062,32.59064645620854,,
3732,HP/SOL/53B13/2017/138,Solan,PattaJoharji road,30.968747,76.896709,Rock              Slide,,,999.9027099609376,29.771800844976955,,
3733,HP/SOL/53F01/2017/203,Solan,KunSolan road,30.968776,77.053398,Rock              Slide,,,1300.297119140625,40.758281767311985,,
3734,HP/SHM/53F09/2017/4,Shimla,Jinkinpul road,30.968833,77.572453,Debris            Slide,,,1884.933349609375,35.64717429083623,,
3735,HP/SOL/53B13/2017/158,Solan,SubathuKuthad road,30.969034,76.980295,Rock              Slide,,,981.5677490234376,25.54208454095856,,
3736,HP/SOL/53B13/2017/76,Solan,KuthadMairapatta road,30.969243,76.926792,Rock              Slide,,,947.8921508789062,34.88106191301756,,
3737,HP/SOL/53F01/2017/66,Solan,KandaghatChail road,30.969542,77.189594,Debris            Slide,,,1895.5120849609375,40.57054657025011,,
3738,HP/SOL/53F01/2017/65,Solan,GarkhalSirrir road,30.969685,77.122364,Debris            Slide,,,1382.7403564453125,33.90882878624671,,
3739,HP/SOL/53F01/2017/430,Solan,KandaghatChail road,30.969805,77.12016,Rock              Slide,,,1396.211669921875,27.38539391932522,,
3740,HP/SOL/53B13/2017/75,Solan,KuthadMairapatta road,30.970155,76.925414,Rock              Slide,,,956.7739868164062,36.36504319379245,,
3741,HP/SOL/53F01/2017/202,Solan,ShiorRoad,30.970224,77.053056,Rock              Slide,,,1278.4525146484375,15.860098967234524,,
3742,HP/SOL/53F01/2017/418,Solan,SumanaKandaghat road,30.970598,77.084896,Rock              Slide,,,1373.9239501953125,29.591301864902427,,
3743,HP/SOL/53B13/2017/156,Solan,Right bank of Kuthad Nadi,30.97146,76.979585,Rock              Slide,,,948.291748046875,43.62016406368912,,
3744,HP/SIR/53F05/2017/63,Sirmur,Shilabag,30.971519,77.323575,Rock cum debris   Slide,,,1092.379150390625,40.042438783457,,
3745,HP/SOL/53B13/2017/155,Solan,SubathuKuthad road,30.972031,76.980185,Rock              Slide,,,1023.1932983398438,30.21196896946227,,
3746,HP/SOL/53B13/2017/157,Solan,,30.972233,76.976929,Rock              Slide,,,936.3953247070312,34.706211771123115,,
3747,HP/SOL/53B13/2017/36,Solan,PattaGoeta road,30.972295,76.906196,Debris            Slide,,,771.6312255859375,23.535832082606227,,
3748,HP/SIR/53F05/2017/81,Sirmur,ChailaKumarhatti Road,30.972511,77.313744,Rock cum debris   Slide,,,1068.47607421875,48.583398916399744,,
3749,HP/SOL/53F01/2017/201,Solan,BalianaKun nala road,30.972789,77.058295,Rock              Slide,,,1265.835693359375,31.175381722412514,,
3750,HP/SOL/53B13/2017/37,Solan,PattaGoeta road,30.972927,76.906208,Debris            Slide,,,783.1782836914062,35.58896645368599,,
3751,HP/SOL/53B13/2017/153,Solan,SubathuKuthad road,30.973314,76.979191,Rock              Slide,,,969.888671875,36.555479393362894,,
3752,HP/SOL/53B13/2017/139,Solan,PattaJoharji road,30.973475,76.893604,Rock              Slide,,,1101.6888427734375,28.022471168024623,,
3753,HP/SOL/53B13/2017/74,Solan,KuthadMairapatta road,30.973967,76.925331,Rock              Slide,,,981.7921142578124,24.60362698961834,,
3754,HP/SOL/53B13/2017/154,Solan,Left bank of Kuthad Nadi,30.974059,76.975653,Rock              Slide,,,967.234375,29.032628015168974,,
3755,HP/SOL/53B13/2017/70,Solan,KuthadMairapatta road,30.974386,76.937435,Rock              Slide,,,1073.14501953125,35.449170085102175,,
3756,HP/SOL/53B13/2017/69,Solan,KuthadMairapatta road,30.974772,76.937005,Rock              Slide,,,1059.1541748046875,33.416004271078066,,
3757,HP/SOL/53F01/2017/429,Solan,SanjNH22 link road,30.974819,77.108052,Rock              Slide,,,1474.420654296875,28.20635884831825,,
3758,HP/SOL/53B13/2017/112,Solan,Near Subathu,30.974991,76.982327,Rock              Slide,,,1076.359130859375,17.383922619001535,,
3759,HP/SOL/53B13/2017/66,Solan,KuthadMairapatta road,30.975,76.942444,Rock              Slide,,,1127.4217529296875,37.2110852292301,,
3760,HP/SIR/53F05/2017/82,Sirmur,ChailaKumarhatti Road,30.975025,77.317136,Debris            Slide,,,1043.6630859375,32.0853811018939,,
3761,HP/SOL/53B13/2017/63,Solan,KutharKasauli road,30.975103,76.953916,Rock              Slide,,,1220.1090087890625,33.52336510849678,,
3762,HP/SOL/53B13/2017/17,Solan,KuthadMairapatta road,30.97575,76.92565,Debris            Slide,,,992.757568359375,32.73839423539708,,
3763,HP/SOL/53B13/2017/68,Solan,KuthadMairapatta road,30.97602,76.937421,Rock              Slide,,,1078.775390625,36.5213353646098,,
3764,HP/SOL/53B13/2017/65,Solan,KuthadMairapatta road,30.976037,76.945143,Rock              Slide,,,1135.7294921875,36.06941799941771,,
3765,HP/SOL/53B13/2017/7,Solan,KuthadMairapatta road,30.976421,76.945683,Rock              Fall,,,1137.9560546875,30.696953565538735,,
3766,HP/SOL/53B13/2017/64,Solan,KuthadMairapatta road,30.976516,76.946654,Rock              Slide,,,1147.2352294921875,28.206486997943667,,
3767,HP/SOL/53B13/2017/73,Solan,KuthadMairapatta road,30.976988,76.92638,Rock              Slide,,,997.600830078125,27.37444216718875,,
3768,HP/SOL/53F01/2017/348,Solan,SanjNH22 link road,30.977001,77.105915,Rock              Slide,,,1495.7149658203125,16.24048742819051,,
3769,HP/SOL/53B13/2017/67,Solan,KuthadMairapatta road,30.977004,76.936696,Rock              Slide,,,1011.9448852539062,37.09396272175586,,
3770,HP/SOL/53B13/2017/71,Solan,KuthadMairapatta road,30.977199,76.932055,Rock              Slide,,,1027.6868896484375,16.91512733219544,,
3771,HP/SOL/53B13/2017/72,Solan,KuthadMairapatta road,30.977676,76.931012,Rock              Slide,,,1008.1076049804688,18.77428897983684,,
3772,HP/SOL/53B13/2017/42,Solan,KuthadMairapatta road,30.979125,76.94979,Debris            Slide,,,1170.9625244140625,29.72652750100856,,
3773,HP/SOL/53B13/2017/92,Solan,NH22,30.979381,76.97742,Rock              Slide,,,936.4033813476562,42.5681064989911,,
3774,HP/SOL/53B13/2017/41,Solan,KuthadMairapatta road,30.979588,76.948847,Debris            Slide,,,1168.2054443359375,32.36633226754089,,
3775,HP/SOL/53B13/2017/152,Solan,Near Subathu,30.979588,76.980165,Rock              Slide,,,1077.6439208984375,29.122235774255756,,
3776,HP/SOL/53F01/2017/308,Solan,SanjNH22 link road,30.979731,77.07515,Rock              Slide,,,1268.40771484375,27.90540324458548,,
3777,HP/SHM/53F09/2017/55,Shimla,Link road to Katian Majhar,30.979769,77.322931,Rock cum debris   Slide,,,1133.051513671875,38.44192907215189,,
3778,HP/SOL/53F01/2017/307,Solan,,30.980393,77.083214,Rock              Slide,,,1318.0552978515625,16.693818771105338,,
3779,HP/SOL/53B13/2017/40,Solan,KuthadMairapatta road,30.980756,76.949201,Debris            Slide,,,1179.9161376953125,29.652294416134374,,
3780,HP/SOL/53B13/2017/28,Solan,PattaJoharji road,30.980823,76.89441,Debris            Slide,,,1146.2314453125,37.36955420464623,,
3781,HP/SOL/53B13/2017/151,Solan,Near Subathu,30.980929,76.98054,Rock              Slide,,,1067.011962890625,21.295342379208822,,
3782,HP/SOL/53B13/2017/87,Solan,SubathuKuthad road,30.981547,76.983358,Rock              Slide,,,1179.21728515625,29.512608818416695,,
3783,HP/SHM/53F09/2017/13,Shimla,Tharoch link road,30.981881,77.684592,Rock cum debris   Slide,,,1927.32666015625,40.96904929012021,,
3784,HP/SHM/53F09/2017/14,Shimla,Tharoch link road,30.981986,77.683294,Debris            Slide,,,1919.2225341796875,40.77668140505275,,
3785,HP/SOL/53B13/2017/29,Solan,PattaJoharji road,30.982054,76.894788,Debris            Slide,,,1155.4967041015625,29.243346385222996,,
3786,HP/SOL/53B13/2017/86,Solan,Subathu Cannt,30.982066,76.983947,Rock              Slide,,,1212.188232421875,37.22594840036964,,
3787,HP/SOL/53B13/2017/150,Solan,Near Subathu,30.982387,76.980452,Rock              Slide,,,1111.543701171875,42.376780642893365,,
3788,HP/SHM/53F09/2017/12,Shimla,TharochKyarla link road,30.982506,77.685283,Debris            Slide,,,1937.947509765625,35.652257310511686,,
3789,HP/SOL/53F01/2017/310,Solan,SanjNH22 link road,30.982829,77.074985,Rock              Slide,,,1221.5692138671875,30.11493738690048,,
3790,HP/SOL/53F01/2017/309,Solan,SanjNH22 link road,30.983104,77.072447,Rock              Slide,,,1204.3492431640625,24.256477525626835,,
3791,HP/SOL/53B13/2017/30,Solan,PattaJoharji road,30.983153,76.895417,Debris            Slide,,,1162.3741455078125,34.63357051671357,,
3792,HP/SOL/53B13/2017/149,Solan,SubathuKuthad road,30.983818,76.979525,Rock              Slide,,,1088.3724365234375,39.80247230723877,,
3793,HP/SOL/53B13/2017/118,Solan,DoduwalSai road,30.984414,76.790083,Rock              Slide,,,475.863525390625,31.992789683340146,,
3794,HP/SOL/53B13/2017/117,Solan,DoduwalSai road,30.984768,76.789477,Rock              Slide,,,474.8907775878906,29.481096534225586,,
3795,HP/SOL/53F01/2017/311,Solan,SanjNH22 link road,30.985041,77.073711,Rock              Slide,,,1237.551513671875,42.37119660707535,,
3796,HP/SOL/53B13/2017/89,Solan,SubathuKuthad road,30.985208,76.978685,Rock              Slide,,,1093.64990234375,38.10309753317341,,
3797,HP/SOL/53F01/2017/349,Solan,SanjNH22 link road,30.986208,77.096791,Rock              Slide,,,1521.5677490234375,22.65921488975396,,
3798,HP/SOL/53B13/2017/148,Solan,SubathuKuthad road,30.986215,76.978108,Rock              Slide,,,1093.013671875,31.498045811423072,,
3799,HP/SOL/53F01/2017/75,Solan,,30.987111,77.074595,Rock              Slide,,,1256.57421875,37.3707671559659,,
3800,HP/SOL/53B13/2017/88,Solan,SubathuKuthad road,30.987179,76.977797,Rock              Slide,,,1109.739990234375,25.516308359704972,,
3801,HP/SHM/53F09/2017/53,Shimla,SH06 ChailaKumarhatti Road,30.987711,77.333103,Rock cum debris   Slide,,,1212.4171142578125,50.10509850343739,,
3802,HP/SOL/53F01/2017/76,Solan,,30.9878,77.058347,Rock              Slide,,,1008.745849609375,34.32200708151114,,
3803,HP/SHM/53F09/2017/54,Shimla,SH06 ChailaKumarhatti Road,30.988111,77.335172,Debris            Slide,,,1254.3248291015625,32.936697182235356,,
3804,HP/SOL/53B13/2017/187,Solan,,30.988659,76.954281,Rock              Slide,,,1098.166259765625,26.372882365555128,,
3805,HP/SOL/53F01/2017/306,Solan,SanjNH22 link road,30.989036,77.085864,Rock              Slide,,,1427.576904296875,37.96008588279047,,
3806,HP/SOL/53F01/2017/6,Solan,SanjNH22 link road,30.989096,77.096293,Rock              Fall,,,1630.1094970703125,32.74526996634152,,
3807,HP/SHM/53F09/2017/11,Shimla,Pundrara Tharoch road,30.990911,77.679597,Rock cum debris   Slide,,,1845.2554931640625,28.53810515511443,,
3808,HP/SOL/53B13/2017/188,Solan,,30.991608,76.908602,Rock              Slide,,,831.0560913085938,39.43765265826509,,
3809,HP/SOL/53B13/2017/119,Solan,DoduwalSai road,30.992165,76.802701,Rock              Slide,,,656.6390991210938,24.05453892652601,,
3810,HP/SOL/53F01/2017/434,Solan,KandaghatChail road,30.992278,77.214205,Rock              Slide,,,2076.370849609375,24.01744113657655,,
3811,HP/SOL/53F01/2017/433,Solan,KandaghatChail road,30.993487,77.216216,Rock              Slide,,,2095.329345703125,33.30165061678988,,
3812,HP/SOL/53B13/2017/140,Solan,SaiBhupnagar road,30.995612,76.832468,Rock              Slide,,,775.059814453125,35.943475851683424,,
3814,HP/SHI/53E08/2016/81,Shimla,TajnelSH-6,31.002944,77.363611,Rock cum debris   Slide,,,1179.6141357421875,32.63661485457256,,
3815,HP/SHI/53E08/2016/82,Shimla,SH-6,31.002944,77.363611,Rock cum debris   Slide,,,1179.6141357421875,32.63661485457256,,
3816,HP/SOL/53E04/2017/257,Solan,CHAURI,31.006806,77.061694,Debris            Slide,,,1310.4613037109375,29.995148232113188,,
3817,HP/SOL/53E04/2017/230,Solan,SHOGI KASUMPTI ROAD,31.008583,77.092889,Debris            Slide,,,1684.9298095703125,27.11817831615317,,
3818,HP/SHI/53E08/2016/72,Shimla,BalagSH-6,31.00872,77.37487,Rock cum debris   Slide,,,1217.634033203125,39.42520647830776,,
3819,HP/SOL/53A16/2017/247,Solan,BARAGAON,31.010417,76.893389,Debris            Slide,,,920.12060546875,15.412236747213807,,
3820,HP/SOL/53A16/2017/248,Solan,RAURI,31.015611,76.929389,Rock              Slide,,,1228.281005859375,35.116996077843375,,
3821,HP/SOL/53E04/2017/256,Solan,CHAURI,31.016639,77.059778,Debris            Slide,,,1441.0074462890625,25.92447702859813,,
3822,HP/SOL/53E04/2017/255,Solan,KASUMPTI CHAURI ROAD,31.016694,77.062528,Debris            Slide,,,1444.8165283203125,26.886788959089213,,
3823,HP/SOL/53A16/2017/249,Solan,NUNHATTI,31.016778,76.971583,Rock              Slide,,,824.641845703125,35.57867178649163,,
3824,HP/SOL/53A16/2017/3,Solan,"SH 9,NUNHATTI",31.01725,76.966806,Debris            Slide,,,857.8080444335938,34.18845929021256,,
3825,HP/SOL/53E04/2017/258,Solan,"GAITY THEATRE, SHIMLA",31.017472,77.074667,Debris            Slide,,,1517.5272216796875,34.10393886540867,,
3826,HP/SOL/53A16/2017/4,Solan,"SH 9, NUNHATTI",31.017722,76.96575,Rock              Slide,,,850.2891845703125,37.9020353906019,,
3827,HP/SOL/53A16/2017/250,Solan,NUNHATTI MAMLING KUFAR,31.020083,76.984528,Rock              Slide,,,894.2297973632812,22.532894499144636,,
3828,HP/SHI/53E04/2017/228,Shimla,SHOGI KASUMPTI ROAD,31.0205,77.202083,Debris          Slide,,,1684.7154541015625,30.61508172433532,,
3829,HP/SOL/53E04/2017/254,Solan,KASUMPTI CHAURI ROAD,31.021833,77.069083,Debris,Slide,2017,1357.231689453125,24.865338467603983,,
3830,HP/SOL/53A16/2017/193,Solan,CHIKNI KHAD,31.021972,76.837667,Rock            Slide,,,917.87109375,25.45201434712681,,
3831,HP/SOL/53A16/2017/5,Solan,"SH 9, NUNHATTI",31.022278,76.9615,Rock            Slide,,,829.7218017578125,32.08758580923804,,
3832,HP/SHI/53E04/2017/1,Shimla,RAULI,31.022861,77.214306,Rock            Slide,,,1879.677978515625,34.658262416146954,,
3833,HP/SHI/53E04/2017/3,Shimla,RATGMU,31.024222,77.228972,Rock            Slide,,,2201.264404296875,27.918859422643223,,
3834,HP/SHI/53E04/2017/2,Shimla,SHIRGULI,31.027361,77.218,Debris          Slide,,,2023.4664306640625,37.34233941997896,,
3835,HP/SOL/53E04/2017/248,Solan,KASUMPTI CHAURI ROAD,31.027583,77.004028,Rock            Slide,,,1071.702392578125,31.365917672558187,,
3836,HP/SOL/53E04/2017/247,Solan,KASUMPTI CHAURI ROAD,31.027694,77.002306,Rock            Slide,,,1064.8834228515625,26.37049465581801,,
3837,HP/SOL/53A16/2017/240,Solan,MATKANDA,31.028861,76.902528,Debris          Slide,,,1183.57373046875,28.675088137288583,,
3838,HP/SOL/53E04/2017/253,Solan,KASUMPTI CHAURI ROAD,31.030215,77.070946,Debris,Slide,2017,1242.251220703125,42.90703714839605,,
3839,HP/SOL/53A16/2017/239,Solan,BORTI,31.032833,76.910278,Rock            Slide,,,1058.4288330078125,32.25265001369211,,
3840,HP/SHI/53E04/2017/227,Shimla,SHOGI KASUMPTI ROAD,31.033389,77.19175,Rock            Slide,,,1414.4813232421875,37.90000189830332,,
3841,HP/SOL/53A16/2017/194,Solan,SWANI,31.033833,76.828139,Debris          Slide,,,777.6367797851562,18.058408835384153,,
3842,HP/SHI/53E04/2017/226,Shimla,SHOGI KASUMPTI ROAD,31.033861,77.192944,Rock            Slide,,,1413.3441162109375,29.718616598896343,,
3843,HP/SOL/53A16/2017/238,Solan,BORTI,31.034639,76.910917,Debris          Slide,,,1063.3338623046875,29.916969448393584,,
3844,HP/SOL/53A16/2017/195,Solan,SWANI,31.034944,76.826639,Debris          Slide,,,780.8837890625,23.44857978043102,,
3845,HP/SOL/53A16/2017/192,Solan,DHAR,31.035056,76.846806,Debris          Slide,,,897.875732421875,15.98997338359743,,
3846,HP/SHI/53E04/2017/11,Shimla,NH 22,31.035389,77.120861,Rock            Slide,,,1794.595458984375,20.84715365684601,,
3847,HP/SOL/53E04/2017/252,Solan,KASUMPTI CHAURI ROAD,31.035806,77.051306,Debris          Slide,,,1145.5653076171875,40.79229035434367,,
3848,HP/SOL/53A16/2017/191,Solan,BASIAN KANAITA,31.035861,76.842528,Debris          Slide,,,887.1798095703125,29.789031534468386,,
3849,HP/SHI/53E04/2017/225,Shimla,SHOGI KASUMPTI ROAD,31.036861,77.191111,Rock            Slide,,,1373.475830078125,37.70639335539581,,
3850,HP/SOL/53E04/2017/249,Solan,KASUMPTI CHAURI ROAD,31.037028,77.006139,Rock            Slide,,,1168.5889892578125,30.69075510530049,,
3851,HP/SHI/53E04/2017/224,Shimla,SHOGI KASUMPTI ROAD,31.039333,77.19175,Rock            Slide,,,1348.1107177734375,38.63362406192747,,
3852,HP/SOL/53A16/2017/190,Solan,BASIAN KANAITA,31.039583,76.842611,Debris          Slide,,,887.580078125,27.959726423814505,,
3853,HP/SHI/53E04/2017/22,Shimla,SHIMLA,31.039722,77.120861,Rock            Slide,,,1790.1719970703125,28.37394923755056,,
3854,HP/SOL/53E04/2017/250,Solan,KASUMPTI CHAURI ROAD,31.039861,77.011028,Debris          Slide,,,1219.137939453125,28.945911346408543,,
3855,HP/SOL/53A16/2017/6,Solan,SH 9,31.04,76.959389,Debris          Slide,,,936.201416015625,27.14990302979623,,
3856,HP/SHI/53E04/2017/223,Shimla,SHOGI KASUMPTI ROAD,31.040056,77.192194,Debris          Slide,,,1361.027099609375,34.65735536202678,,
3857,HP/SOL/53A16/2017/237,Solan,BHAWANIPUR,31.040278,76.909444,Debris          Slide,,,1029.1658935546875,25.552497753405785,,
3858,HP/SHI/53E04/2017/220,Shimla,"NH 88,JUTOGH",31.040833,77.182111,Debris          Slide,,,1589.7711181640625,40.346486386058125,,
3859,HP/SHI/53E04/2017/221,Shimla,SHOGI KASUMPTI ROAD,31.040861,77.179917,Debris          Slide,,,1568.5928955078125,33.36082183930533,,
3860,HP/SHI/53E04/2017/222,Shimla,SHOGI KASUMPTI ROAD,31.04325,77.19575,Rock            Slide,,,1310.783935546875,33.51410322646799,,
3861,HP/SOL/53E04/2017/251,Solan,KASUMPTI CHAURI ROAD,31.043917,77.041361,Debris          Slide,,,1195.695068359375,18.787367739205376,,
3862,HP/SOL/53A16/2017/236,Solan,BHAWANIPUR,31.044306,76.910222,Debris          Slide,,,1006.6544799804688,5.912187822267651,,
3863,HP/SOL/53A16/2017/196,Solan,JABAL,31.045,76.817833,Debris          Slide,,,714.5208129882812,25.140319427370017,,
3864,HP/SOL/53A16/2017/241,Solan,DHAKRANA,31.045389,76.869389,Debris          Slide,,,982.4020385742188,22.92870873981784,,
3865,HP/SHI/53E04/2017/219,Shimla,DADOG,31.046806,77.185056,Debris          Slide,,,1645.1883544921875,27.99428350844847,,
3866,HP/SOL/53A16/2017/7,Solan,SH 9,31.046917,76.959194,Rock            Slide,,,992.4950561523438,19.36311705716844,,
3867,HP/SOL/53A16/2017/245,Solan,AUNTI,31.048306,76.855389,Rock            Slide,,,1017.6784057617188,25.86231864730489,,
3868,HP/SOL/53A16/2017/246,Solan,AUNTI,31.049028,76.854333,Rock            Slide,,,999.8775024414062,17.631140121996992,,
3869,HP/SOL/53A16/2017/54,Solan,SH 9,31.049611,76.90975,Rock            Slide,,,1039.2669677734375,36.709018055697264,,
3870,HP/SOL/53A16/2017/242,Solan,AUNTI,31.049694,76.863528,Debris          Slide,,,1026.9158935546875,27.104133629474276,,
3871,HP/SOL/53A16/2017/243,Solan,AUNTI,31.05,76.862611,Debris          Slide,,,1036.728271484375,24.1748509222736,,
3872,HP/SOL/53A16/2017/8,Solan,SH 9,31.050667,76.958806,Rock            Slide,,,1007.4349365234376,35.760952068859694,,
3873,HP/SHI/53E08/2016/5,Shimla,"Down slope of Deha, SH-8",31.051563,77.457642,Debris          Slide,,,1788.596923828125,24.899403967516793,,
3874,HP/SHI/53E04/2017/193,Shimla,NH 88,31.05175,77.154444,Rock            Slide,,,1798.1732177734375,35.02635028684913,,
3875,HP/SOL/53A16/2017/189,Solan,BEPAD,31.052056,76.839083,Debris          Slide,,,921.471923828125,23.399498781976483,,
3876,HP/SHI/53E04/2017/194,Shimla,NUNHATTI MAMLING KUFAR,31.052222,77.155111,Rock            Slide,,,1795.3465576171875,24.599225325547497,,
3877,HP/SHI/53E04/2017/178,Shimla,"SH 13, NALDERA",31.052472,77.135944,Debris          Slide,,,1815.741943359375,27.719821919059925,,
3878,HP/SOL/53A16/2017/244,Solan,AUNTI,31.052556,76.858361,Debris            Slide,,,1022.8976440429688,28.96845121288351,,
3879,HP/SHI/53E04/2017/192,Shimla,NH 88,31.052611,77.151222,Rock              Slide,,,1821.2615966796875,24.04936810254732,,
3880,HP/SHI/53E08/2016/49,Shimla,SH-5,31.053099,77.332741,Rock cum debris   Slide,,,2190.01904296875,29.917949021732568,,
3881,HP/SHI/53E04/2017/195,Shimla,NUNHATTI MAMLING KUFAR,31.053139,77.15675,Rock              Slide,,,1788.1885986328125,17.72771769898541,,
3882,HP/SHI/53E04/2017/179,Shimla,NH 88,31.053194,77.135667,Debris            Slide,,,1799.439453125,36.79877442310723,,
3883,HP/SHI/53E04/2017/196,Shimla,NUNHATTI MAMLING KUFAR,31.053556,77.155,Debris            Slide,,,1771.0196533203125,26.454746449853317,,
3884,HP/SHI/53E04/2017/180,Shimla,NH 88,31.05388,77.135229,Rock              Slide,,,1837.559814453125,42.80517895465905,,
3885,HP/SHI/53E04/2017/197,Shimla,NUNHATTI MAMLING KUFAR,31.054806,77.155,Rock              Slide,,,1763.7840576171875,35.721333443932046,,
3886,HP/SOL/53E04/2017/237,Solan,SHOGI KASUMPTI ROAD,31.055083,77.033389,Rock              Slide,,,1470.007080078125,10.340749325447373,,
3887,HP/SHI/53E08/2016/30,Shimla,Thana JubbarSH-5; 500m ahead,31.055161,77.339203,Debris            Slide,,,2020.995361328125,24.554044640308124,,
3888,HP/SHI/53E08/2016/29,Shimla,Thana JubbarSH-5; 300m ahead,31.055161,77.339203,Rock cum debris   Slide,,,2020.995361328125,24.554044640308124,,
3889,HP/SOL/53E04/2017/235,Solan,SHOGI KASUMPTI ROAD,31.055306,77.029194,Debris            Slide,,,1418.1790771484375,35.01192007182597,,
3890,HP/SHI/53E08/2016/88,Shimla,BehlogSH-8,31.055367,77.429726,Rock,,,1630.6658935546875,36.56021510018492,,
3891,HP/SOL/53E04/2017/236,Solan,SHOGI KASUMPTI ROAD,31.055472,77.031694,Debris            Slide,,,1432.7197265625,28.60929744325414,,
3892,HP/SHI/53E08/2016/28,Shimla,"Thana Jubbar, SH-5",31.055485,77.342964,Debris            Slide,,,2024.6353759765625,31.99121147881649,,
3893,HP/SOL/53E04/2017/234,Solan,SHOGI KASUMPTI ROAD,31.055694,77.024889,Rock              Slide,,,1332.6312255859375,17.3044355661095,,
3894,HP/SOL/53A16/2017/188,Solan,BEPAD,31.055778,76.838278,Debris            Slide,,,929.9332275390624,30.02037745197527,,
3895,HP/SHI/53E04/2017/181,Shimla,NH 88,31.05625,77.13425,Debris            Slide,,,1826.1712646484375,49.334300327868256,,
3896,HP/SHI/53E04/2017/45,Shimla,"SH 13,NALDERA",31.056333,77.134361,Rock              Slide,,,1852.53759765625,43.16864748660337,,
3897,HP/SOL/53A16/2017/187,Solan,BEPAD,31.056667,76.835333,Debris            Slide,,,917.7787475585938,29.71051462508712,,
3898,HP/SOL/53A16/2017/9,Solan,SH 9,31.056833,76.956389,Debris            Slide,,,999.3843383789062,34.63840605539763,,
3899,HP/SHI/53E16/2016/52,Shimla,SNAILNH-72,31.0569,77.8245,Debris            Slide,,,1324.6697998046875,46.681614929591696,,
3900,HP/SHI/53E04/2017/200,Shimla,ANJI,31.056917,77.151333,Debris            Slide,,,1710.65478515625,42.3522698134543,,
3901,HP/SHI/53E04/2017/198,Shimla,BASHIL,31.056972,77.156667,Debris            Slide,,,1757.4185791015625,42.98924359282185,,
3902,HP/SHI/53E04/2017/201,Shimla,SANJAULI,31.057,77.15025,Debris            Slide,,,1691.01171875,22.78836653999671,,
3903,HP/SHI/53E04/2017/182,Shimla,NH 88,31.057389,77.132444,Rock              Slide,,,1834.07373046875,39.96826315738242,,
3904,HP/SHI/53E04/2017/199,Shimla,NERI,31.057583,77.152472,Rock              Slide,,,1712.2056884765625,35.19956575006331,,
3905,HP/SHI/53E04/2017/202,Shimla,ANJI,31.057583,77.150167,Debris            Slide,,,1684.723876953125,23.018980668210165,,
3906,HP/SHI/53E16/2016/53,Shimla,SNAILNH-72,31.0594,77.8256,Debris            Slide,,,1359.4453125,29.174854740794512,,
3907,HP/SHI/53E04/2017/218,Shimla,"NH 88,JUTOGH",31.05975,77.182861,Debris            Slide,,,1764.9456787109375,26.8332144490535,,
3908,HP/SHI/53E16/2016/103,Shimla,NH-72,31.06,77.82216,Debris            Slide,,,1233.149658203125,33.784868325643515,,
3909,HP/SHI/53E04/2017/183,Shimla,NH 88,31.061004,77.131536,Debris            Slide,,,1845.7515869140625,31.5550441655964,,
3910,HP/SHI/53E04/2017/203,Shimla,ANJI,31.061194,77.149889,Rock              Slide,,,1662.9666748046875,34.557806865153765,,
3911,HP/SOL/53E04/2017/238,Solan,SHOGI KASUMPTI ROAD,31.061722,77.039611,Debris            Slide,,,1494.3892822265625,26.611376279830928,,
3912,HP/SHI/53E08/2016/11,Shimla,TikkarSH-5,31.061754,77.33345,Debris            Flow,,,1807.4677734375,12.54680843079192,,
3913,HP/SHI/53E16/2016/32,Shimla,SANAIL KHAD,31.0623,77.8168,Debris            Slide,,,1607.2310791015625,34.438302516132495,,
3914,HP/SOL/53A12/2017/73,Solan,"NH 21, KHORANI",31.062833,76.738917,Debris            Slide,,,434.8827209472656,29.12921358423866,,
3915,HP/SOL/53A12/2017/47,Solan,"SH 16,SERI",31.062833,76.738917,Rock              Slide,,,434.8827209472656,29.12921358423866,,
3916,HP/SHI/53E16/2016/15,Shimla,NEAR SNAILNH-72,31.0629,77.8214,Debris            Fall,,,1283.2568359375,37.488702956732254,,
3917,HP/SHI/53E08/2016/27,Shimla,"Tikkar, SH-5",31.062944,77.336197,Debris            Slide,,,1842.9761962890625,25.489393331978057,,
3918,HP/SHI/53E04/2017/214,Shimla,SH 16,31.063,77.175472,Debris            Slide,,,1816.2169189453125,30.28728140302719,,
3919,HP/SOL/53A16/2017/197,Solan,SERTHI,31.063028,76.794278,Debris            Slide,,,640.6483764648438,18.771136497055092,,
3920,HP/SHI/53E04/2017/213,Shimla,TARADEVI,31.063528,77.174278,Rock              Slide,,,1792.8494873046875,29.931341717886717,,
3921,HP/SOL/53A12/2017/78,Solan,"NH 21,PALACHAD",31.063667,76.745333,Debris            Slide,,,426.7059326171875,38.32362801316245,,
3922,HP/SOL/53A12/2017/52,Solan,"SH 16,KUSRI",31.063667,76.745333,Debris            Slide,,,426.7059326171875,38.32362801316245,,
3923,HP/SHI/53E04/2017/217,Shimla,"NH 22, TARADEVI",31.063972,77.180528,Debris            Slide,,,1811.228759765625,34.18267477314221,,
3924,HP/SHI/53E04/2017/212,Shimla,"NH 22, TARADEVI",31.064083,77.17375,Debris            Slide,,,1797.69921875,36.19432762704473,,
3925,HP/SOL/53A12/2017/74,Solan,"NH 21, KHORANI",31.064806,76.742056,Debris            Slide,,,434.579833984375,34.36837717266216,,
3926,HP/SOL/53A12/2017/48,Solan,"SH 16,KUSRI",31.064806,76.742056,Debris            Slide,,,434.579833984375,34.36837717266216,,
3927,HP/SHI/53E04/2017/216,Shimla,"NH 22, TARADEVI",31.064861,77.179583,Debris            Slide,,,1847.06005859375,42.89519322014021,,
3928,HP/SOL/53A12/2017/77,Solan,"NH 21,PALACHAD",31.064944,76.744417,Rock              Slide,,,417.6666870117187,28.4867453664004,,
3929,HP/SOL/53A12/2017/51,Solan,"SH 16,KUSRI",31.064944,76.744417,Rock              Slide,,,417.6666870117187,28.4867453664004,,
3930,HP/SOL/53A12/2017/76,Solan,"NH 21,PALACHAD",31.064972,76.744111,Debris            Slide,,,417.5354614257813,39.323986762356526,,
3931,HP/SOL/53A12/2017/50,Solan,"SH 16,KUSRI",31.064972,76.744111,Rock              Slide,,,417.5354614257813,39.323986762356526,,
3932,HP/SHI/53E16/2016/179,Shimla,NEAR SANJOGNEAR SANJOG,31.065,77.7777,Debris            Fall,,,1966.9705810546875,23.58088928747756,,
3933,HP/SOL/53A16/2017/53,Solan,SH 9,31.065167,76.91425,Debris            Slide,,,905.0105590820312,32.89341292397684,,
3934,HP/SOL/53A12/2017/75,Solan,"NH 21,PALACHAD",31.065194,76.743472,Debris            Slide,,,422.58697509765625,37.5579919096607,,
3935,HP/SOL/53A12/2017/79,Solan,"NH 21,PALACHAD",31.065194,76.666444,Rock              Slide,,,380.2462158203125,4.429465298044016,,
3936,HP/SOL/53A12/2017/49,Solan,"SH 16,KUSRI",31.065194,76.743472,Debris            Slide,,,422.58697509765625,37.5579919096607,,
3937,HP/SOL/53A12/2017/53,Solan,"SH 16,KUSRI",31.065194,76.666444,Debris            Slide,,,380.2462158203125,4.429465298044016,,
3938,HP/SHI/53E04/2017/204,Shimla,ANJI,31.065444,77.151861,Debris            Slide,,,1593.0997314453125,38.42289061134424,,
3939,HP/SOL/53E04/2017/233,Solan,SHOGI KASUMPTI ROAD,31.065472,77.003861,Rock              Slide,,,1262.78564453125,36.94328142388218,,
3940,HP/SHI/53E04/2017/205,Shimla,BANI,31.065583,77.152722,Debris            Slide,,,1582.078369140625,39.87046576833538,,
3941,HP/SHI/53E04/2017/211,Shimla,NH 22,31.065667,77.171167,Rock              Slide,,,1769.849853515625,34.80224440503647,,
3942,HP/SHI/53E16/2016/51,Shimla,SNAIL,31.0663,77.8244,Debris            Slide,,,1382.0579833984375,43.11592312545193,,
3943,HP/SHI/53E08/2016/78,Shimla,SH-8; road to Choppal,31.0667,77.402412,Rock cum debris   Slide,,,1379.7069091796875,38.70221933598812,,
3944,HP/SHI/53E04/2017/206,Shimla,JABLU,31.066833,77.153389,Debris            Slide,,,1580.6572265625,43.31948512418399,,
3945,HP/SOL/53E04/2017/232,Solan,SHOGI KASUMPTI ROAD,31.067639,77.002306,Rock              Slide,,,1196.2415771484375,29.4680894616937,,
3946,HP/SHI/53E04/2017/187,Shimla,SH 13,31.068289,77.132789,Debris            Slide,,,1869.6312255859375,41.81581566605197,,
3947,HP/SHI/53E08/2016/63,Shimla,"Baddar, SH-8",31.068392,77.39164,Rock              Slide,,,1376.021484375,31.831375703768728,,
3948,HP/SHI/53E16/2016/42,Shimla,NH-72,31.0685,77.8172,Debris            Slide,,,1288.158935546875,33.44980054515139,,
3949,HP/SOL/53E04/2017/239,Solan,SHOGI KASUMPTI ROAD,31.068639,77.041583,Debris            Slide,,,1434.226318359375,31.22040105419289,,
3950,HP/SOL/53A16/2017/211,Solan,SH 16,31.068972,76.849944,Rock              Slide,,,838.9378662109375,29.738892504441363,,
3951,HP/SHI/53E04/2017/210,Shimla,"NH 22, TARADEVI",31.069028,77.168694,Debris            Slide,,,1703.533935546875,36.262352600645954,,
3952,HP/SOL/53E04/2017/240,Solan,SHOGI KASUMPTI ROAD,31.069056,77.043361,Debris,Slide,2017,1440.014892578125,30.233614923091658,,
3953,HP/SHI/53E04/2017/207,Shimla,"NH 22, TARADEVI",31.069528,77.161694,Rock              Slide,,,1597.048583984375,28.709303265452174,,
3954,HP/SHI/53E04/2017/215,Shimla,SHIMLA,31.069639,77.190389,Debris            Slide,,,1902.0654296875,24.231615220656227,,
3955,HP/SHI/53E04/2017/188,Shimla,NH 88,31.070526,77.13116,Debris            Slide,,,1871.996337890625,30.556838093846817,,
3956,HP/SOL/53A16/2017/229,Solan,SH 16,31.070556,76.994083,Rock              Slide,,,1128.249755859375,29.26370153287318,,
3957,HP/SOL/53A16/2017/212,Solan,SH 16,31.070806,76.866667,Debris            Slide,,,870.5030517578125,20.123245221736237,,
3958,HP/SOL/53E04/2017/231,Solan,SHOGI KASUMPTI ROAD,31.070889,77.000861,Rock              Slide,,,1171.7774658203125,23.93059143350809,,
3959,HP/SHI/53E16/2016/50,Shimla,SNAIL,31.0714,77.8118,Debris            Slide,,,1471.6534423828125,37.09344834663682,,
3960,HP/SOL/53A16/2017/228,Solan,SH 16,31.0715,76.992167,Rock              Slide,,,1120.4698486328125,25.664313090459636,,
3961,HP/SHI/53E04/2017/209,Shimla,"NH 22, TARADEVI",31.071528,77.170833,Debris            Slide,,,1676.7762451171875,37.5168615717815,,
3962,HP/SOL/53A16/2017/210,Solan,SH 16,31.071778,76.847806,Debris            Slide,,,835.7061767578125,21.898401992046697,,
3963,HP/SHI/53E08/2016/53,Shimla,"Maripool, SH-6",31.07196,77.382294,Rock cum debris   Slide,,,1286.3204345703125,21.643834936421527,,
3964,HP/SOL/53A16/2017/230,Solan,SH 16,31.072222,76.998167,Debris            Slide,,,1152.687255859375,33.275853076961894,,
3965,HP/SOL/53A16/2017/227,Solan,SH 16,31.072417,76.992389,Rock              Slide,,,1094.6170654296875,25.38376408315585,,
3966,HP/SOL/53A16/2017/52,Solan,SH 9,31.072722,76.918722,Debris            Slide,,,829.4890747070312,30.035050697839836,,
3967,HP/SHI/53E16/2016/49,Shimla,SNAIL,31.0728,77.8221,Debris            Slide,,,1410.22998046875,27.54393663213257,,
3968,HP/SHI/53E04/2017/208,Shimla,"NH 22, TARADEVI",31.072861,77.171056,Rock              Fall,,,1680.0511474609375,33.63842287460179,,
3969,HP/SOL/53A16/2017/226,Solan,SH 16,31.073139,76.992306,Rock              Slide,,,1088.9337158203125,24.85494003085206,,
3970,HP/SOL/53A16/2017/235,Solan,SH 9,31.073194,76.918944,Debris            Slide,,,823.2294311523438,15.247117702384813,,
3971,HP/SHI/53E16/2016/100,Shimla,Near Kuddu - Darman road,31.0732,77.7823,Debris            Slide,,,1895.613037109375,36.45715458941029,,
3972,HP/SOL/53A16/2017/51,Solan,SH 9,31.073639,76.919028,Rock              Slide,,,807.4449462890625,19.465514056106617,,
3973,HP/SHI/53E16/2016/45,Shimla,UTROL-NH-72 LINK ROAD,31.0737,77.7839,Debris            Slide,,,1998.083251953125,29.825255341585365,,
3974,HP/SOL/53A16/2017/48,Solan,SH 9,31.074361,76.938806,Debris            Slide,,,759.1942138671875,35.622747959903094,,
3975,HP/SOL/53A16/2017/186,Solan,TAMU,31.074417,76.821556,Debris            Slide,,,952.6964111328124,25.188866052217428,,
3976,HP/SOL/53A16/2017/44,Solan,SH 9,31.074556,76.943944,Debris            Slide,,,835.6168823242188,35.36203646057342,,
3977,HP/SOL/53A16/2017/47,Solan,SH 9,31.074639,76.939194,Rock              Slide,,,757.5389404296875,38.59808381950105,,
3978,HP/SOL/53A16/2017/50,Solan,SH 9,31.074972,76.935139,Rock              Slide,,,744.8446044921875,36.01164093136669,,
3979,HP/SHI/53E16/2016/57,Shimla,NEAR KUDDUNH-72-,31.0751,77.8105,Debris            Fall,,,1331.9114990234375,50.15936824293978,,
3980,HP/SOL/53A16/2017/49,Solan,SH 9,31.075111,76.935972,Rock              Slide,,,736.00146484375,30.182123054400584,,
3981,HP/SOL/53A16/2017/55,Solan,SH 9,31.075167,76.8975,Debris            Slide,,,955.6284790039062,30.385223806734835,,
3982,HP/SOL/53A16/2017/46,Solan,SH 9,31.075333,76.940139,Debris            Slide,,,772.8497924804688,27.671006416180063,,
3983,HP/SHI/53E16/2016/168,Shimla,NEAR KUDDUKUDDU-,31.0757,77.8056,Debris            Fall,,,1453.64453125,31.935949047668167,,
3984,HP/SHI/53E04/2017/26,Shimla,CHHOTA SHIMLA,31.075944,77.182333,Rock              Slide,,,1977.8111572265625,34.54976229425661,,
3985,HP/SOL/53A16/2017/45,Solan,SH 9,31.076139,76.943167,Debris            Slide,,,818.1688232421875,22.48274677104107,,
3986,HP/SOL/53A16/2017/185,Solan,RAMSHAHR,31.076222,76.802222,Debris            Slide,,,956.7322998046876,23.92924071871832,,
3987,HP/SOL/53A16/2017/198,Solan,BAKRUDI,31.076528,76.778306,Rock              Slide,,,571.0962524414062,35.81140339486524,,
3988,HP/SOL/53A16/2017/213,Solan,SH 16,31.07725,76.86025,Debris            Slide,,,922.1835327148438,25.921491838314576,,
3989,HP/SOL/53A16/2017/178,Solan,SH 16,31.077556,76.752722,Rock              Slide,,,451.5721435546875,28.00521776931106,,
3990,HP/SHI/53E04/2017/25,Shimla,CHHOTA SHIMLA,31.077922,77.185267,Rock              Slide,,,1917.9974365234375,43.38053624906344,,
3991,HP/SHI/53E16/2016/165,Shimla,NEAR KUDDUKUDDU-DARMAN,31.078,77.7817,Debris            Slide,,,1850.26904296875,27.03796147649908,,
3992,HP/SOL/53A16/2017/179,Solan,SH 16,31.078194,76.756639,Debris            Slide,,,460.3800354003906,24.585229225921815,,
3993,HP/SOL/53A16/2017/214,Solan,SH 16,31.07875,76.86125,Debris            Slide,,,941.8834838867188,23.52590374657972,,
3994,HP/SHI/53E04/2017/24,Shimla,CHHOTA SHIMLA,31.07923,77.184984,Rock              Slide,,,1907.00244140625,45.56780322715392,,
3995,HP/SHI/53E08/2016/89,Shimla,TalaiSH-5,31.079746,77.307343,Rock cum debris   Slide,,,2386.428466796875,26.17643729323317,,
3996,HP/SOL/53A16/2017/43,Solan,"KOTHI,SH 9",31.080667,76.953278,Rock              Slide,,,964.9039306640624,26.285696220376572,,
3997,HP/SOL/53A16/2017/184,Solan,RAMSHAHR,31.080972,76.80325,Rock              Slide,,,953.528076171875,26.220313234147085,,
3998,HP/SHI/53E16/2016/167,Shimla,KUDDU-DHARMANKUDDU-,31.0813,77.7984,Debris            Fall,,,1576.8250732421875,42.83635608517518,,
3999,HP/SHI/53E04/2017/23,Shimla,NH 22,31.081616,77.185323,Rock              Slide,,,1892.6322021484375,37.20165056384839,,
4000,HP/SOL/53E04/2017/241,Solan,SHOGI KASUMPTI ROAD,31.082222,77.052389,Debris            Slide,,,1407.4288330078125,34.77145043226407,,
4001,HP/SOL/53A16/2017/120,Solan,KOTHI,31.082639,76.954806,Rock              Slide,,,942.3032836914062,21.18531365390808,,
4002,HP/SOL/53A16/2017/183,Solan,"SH 16,RAMSHAHR",31.083417,76.790944,Rock              Slide,,,792.736328125,31.172500057434547,,
4003,HP/SHI/53E16/2016/55,Shimla,LEFT BANK OF,31.0835,77.8089,Debris            Slide,,,1451.3721923828125,51.378372938052806,,
4004,HP/SOL/53A16/2017/182,Solan,SH 16,31.083667,76.785806,Rock              Slide,,,665.59912109375,32.70310380503406,,
4005,HP/SOL/53A16/2017/215,Solan,SH 16,31.084083,76.863167,Debris            Slide,,,1008.8021850585938,10.335796631529558,,
4006,HP/SHI/53E16/2016/43,Shimla,NEAR PAHAR,31.0841,77.7901,Debris            Slide,,,1742.0635986328125,24.730573209407304,,
4007,HP/SHI/53E16/2016/112,Shimla,KUDDU-DHARMANKUDDU-,31.0841,77.7937,Debris            Slide,,,1602.2044677734375,38.983575862769285,,
4008,HP/SOL/53E04/2017/242,Solan,SHOGI KASUMPTI ROAD,31.08425,77.060278,Debris,Slide,2017,1452.917236328125,34.16905230122221,,
4009,HP/SHI/53E08/2016/24,Shimla,Fagu roadSH-5,31.084267,77.306457,Rock cum debris   Slide,,,2390.15478515625,37.607388975835235,,
4010,HP/SOL/53A16/2017/72,Solan,JANDU,31.084444,76.843333,Debris            Slide,,,883.8783569335938,29.54515263729931,,
4011,HP/SOL/53A16/2017/71,Solan,JANDU,31.084472,76.844083,Debris            Slide,,,887.0055541992188,28.792384185414686,,
4012,HP/SHI/53E16/2016/197,Shimla,DARKOTIKUDDU-DARMAN,31.0845,77.7912,Debris            Slide,,,1705.9249267578125,33.95736066019662,,
4013,HP/SHI/53E04/2017/184,Shimla,NH 88,31.084833,77.135972,Debris            Slide,,,1809.3294677734375,36.162402576993024,,
4014,HP/SOL/53A16/2017/73,Solan,JANDU,31.085028,76.841167,Debris            Slide,,,856.675537109375,23.71971002158181,,
4015,HP/SHI/53E08/2016/8,Shimla,Chella-Sainj roadSH-6,31.085105,77.389778,Rock cum debris   Slide,,,1510.1199951171875,46.13267106405363,,
4016,HP/SHI/53E04/2017/21,Shimla,SHIMLA,31.08525,77.190972,Rock              Slide,,,1875.15478515625,34.21548786524024,,
4017,HP/SOL/53A16/2017/74,Solan,JANDU,31.085389,76.840917,Debris            Slide,,,855.5281982421875,19.10684274842168,,
4018,HP/SOL/53A16/2017/181,Solan,SH 16,31.085611,76.77825,Debris            Slide,,,613.4039306640625,31.18312597040936,,
4019,HP/SOL/53A16/2017/56,Solan,SH 9,31.086194,76.886417,Rock              Slide,,,869.536376953125,29.82759639848019,,
4020,HP/SOL/53A16/2017/209,Solan,MATULI,31.086222,76.832222,Debris            Slide,,,733.4581298828125,27.41031480974653,,
4021,HP/SHI/53E16/2016/56,Shimla,NEAR DARKOTI,31.0863,77.7894,Debris            Slide,,,1658.13671875,35.07213936141301,,
4022,HP/SOL/53A16/2017/199,Solan,"SH 16,RAMSHAHR",31.086306,76.80425,Debris            Slide,,,817.6532592773438,20.073227084977916,,
4023,HP/SOL/53A16/2017/208,Solan,MATULI,31.086361,76.831778,Debris            Slide,,,731.856689453125,31.001597654392302,,
4024,HP/SOL/53A16/2017/200,Solan,"SH 16,RAMSHAHR",31.086472,76.8075,Debris            Slide,,,827.6735229492188,23.4239056067257,,
4025,HP/SOL/53A16/2017/207,Solan,MATULI,31.086806,76.830861,Debris            Slide,,,715.97021484375,29.028456549132247,,
4026,HP/SOL/53A16/2017/218,Solan,SH 9,31.086806,76.885722,Debris            Slide,,,886.0089721679688,28.637557413401925,,
4027,HP/SOL/53A16/2017/216,Solan,SH 16,31.086861,76.8615,Debris            Slide,,,1020.5130615234376,20.484174795163423,,
4028,HP/SOL/53A16/2017/201,Solan,"SH 16,RAMSHAHR",31.086861,76.808417,Rock              Slide,,,814.9418334960938,24.73829160094919,,
4029,HP/SOL/53A16/2017/180,Solan,SH 16,31.086917,76.775611,Rock              Slide,,,574.8428344726562,22.80855231313567,,
4030,HP/SOL/53A16/2017/202,Solan,"SH 16,RAMSHAHR",31.087028,76.811083,Debris            Slide,,,828.98193359375,15.26514987621439,,
4031,HP/SOL/53A16/2017/57,Solan,SH 9,31.087167,76.883083,Debris            Slide,,,863.5891723632812,27.47928394940298,,
4032,HP/SHI/53E16/2016/159,Shimla,KATINDA,31.0873,77.8043,Debris            Fall,,,1495.479248046875,54.29442980958949,,
4033,HP/SOL/53A16/2017/206,Solan,MATULI,31.087361,76.830667,Debris            Slide,,,704.7073974609375,23.420593148640194,,
4034,HP/SOL/53A16/2017/217,Solan,SH 16,31.087722,76.860333,Debris            Slide,,,1039.7218017578125,23.4873499971472,,
4035,HP/SOL/53A16/2017/70,Solan,BHANER,31.087722,76.849583,Debris            Slide,,,952.082275390625,22.90804918412648,,
4036,HP/SOL/53A16/2017/76,Solan,MATULI,31.08775,76.833778,Debris            Slide,,,772.6429443359375,28.341326892056635,,
4037,HP/SOL/53A16/2017/75,Solan,MATULI,31.087917,76.834194,Debris            Slide,,,781.76953125,21.36184511324582,,
4038,HP/SOL/53A16/2017/58,Solan,SH 16,31.088028,76.87375,Rock              Slide,,,919.7893676757812,24.980145099213228,,
4039,HP/SOL/53A16/2017/119,Solan,KUNIHAR PAPLOTA ROAD,31.088194,76.948861,Rock              Slide,,,824.1403198242188,39.59404358856553,,
4040,HP/SOL/53A16/2017/118,Solan,KUNIHAR PAPLOTA ROAD,31.088361,76.950861,Rock              Slide,,,800.2110595703125,38.145819163057354,,
4041,HP/SHI/53E04/2017/20,Shimla,BANOG,31.088417,77.193639,Rock              Slide,,,1916.183837890625,24.39283271217882,,
4042,HP/SOL/53A16/2017/64,Solan,SH 16,31.088417,76.85875,Rock              Slide,,,1046.599365234375,35.70080501018761,,
4043,HP/SOL/53A16/2017/69,Solan,BHANER,31.088472,76.850972,Rock              Slide,,,980.6126708984376,20.27708095687831,,
4044,HP/SOL/53A16/2017/255,Solan,SH 16,31.088486,76.773674,Debris            Slide,,,577.375732421875,14.289522778342922,,
4045,HP/SOL/53A16/2017/59,Solan,SH 16,31.089056,76.870417,Rock              Topple,,,941.3897705078124,26.644089006829777,,
4046,HP/SOL/53A16/2017/203,Solan,MATULI,31.089083,76.827833,Debris            Slide,,,705.535888671875,22.82967672377058,,
4047,HP/SOL/53A16/2017/66,Solan,SH 16,31.089083,76.856528,Debris            Slide,,,1011.6668701171876,28.111669665251053,,
4048,HP/SOL/53A16/2017/117,Solan,PAPLOTA,31.089222,76.951167,Debris            Slide,,,795.3411254882812,37.271838545252606,,
4049,HP/SHI/53E04/2017/148,Shimla,SH 16,31.089389,77.063667,Rock              Slide,,,1485.0716552734375,30.31579636080565,,
4050,HP/SOL/53A16/2017/204,Solan,MATULI,31.089444,76.83,Rock              Slide,,,700.6771850585938,22.2790109043015,,
4051,HP/SOL/53A16/2017/65,Solan,SH 16,31.089694,76.857472,Rock              Slide,,,1060.4056396484375,30.44808235300059,,
4052,HP/SHI/53E16/2016/62,Shimla,NEAR KATINDA VILLAGE,31.0898,77.8061,Debris            Slide,,,1545.10888671875,46.45803204830032,,
4053,HP/SOL/53A16/2017/205,Solan,MATULI,31.089889,76.828972,Rock              Slide,,,706.1187133789062,19.017472926914003,,
4054,HP/SOL/53A16/2017/67,Solan,DIGAL,31.09,76.855944,Debris            Slide,,,992.2001342773438,18.71988372237229,,
4055,HP/SHI/53E16/2016/63,Shimla,NEAR KATINDA VILLAGE,31.0902,77.8061,Debris            Slide,,,1545.3284912109375,55.07257679365535,,
4056,HP/SOL/53A16/2017/68,Solan,DIGAL,31.0905,76.854389,Debris            Slide,,,983.679931640625,26.13863943327297,,
4057,HP/SHI/53E12/2016/69,Shimla,Kothara,31.091038,77.667861,Rock cum debris   Slide,,,2298.485595703125,17.875626524741623,,
4058,HP/SHI/53E12/2016/13,Shimla,,31.09104,77.667862,Rock              Slide,,,2298.485595703125,17.87562686285187,,
4059,HP/SHI/53E16/2016/73,Shimla,DHANASAR,31.0912,77.8413,Debris            Slide,,,2311.834228515625,25.373789545206932,,
4060,HP/SHI/53E12/2016/22,Shimla,Kariali Village road,31.091306,77.729639,Rock cum debris   Slide,,,1882.802001953125,38.775746784831874,,
4061,HP/SOL/53A16/2017/60,Solan,SH 16,31.091306,76.865694,Debris            Slide,,,997.9705200195312,30.70397371895012,,
4062,HP/SHI/53E12/2016/65,Shimla,"Kothara village, SH-10",31.09132,77.6657,Rock              Slide,,,2226.843017578125,16.95987290209577,,
4063,HP/SHI/53E04/2017/185,Shimla,NH 88,31.091366,77.12689,Rock              Slide,,,1816.44775390625,30.29981756964001,,
4064,HP/SOL/53A16/2017/116,Solan,PAPLOTA,31.091778,76.946611,Debris            Slide,,,829.8484497070312,24.429915289913403,,
4065,HP/SHI/53E16/2016/58,Shimla,NEAR KUDDUNH-72-,31.0925,77.7918,Debris            Slide,,,1417.4959716796875,46.85885463539552,,
4066,HP/SHI/53E16/2016/21,Shimla,NH-72NH-72,31.0926,77.7936,Debris            Slide,,,1419.7984619140625,36.42701229691104,,
4067,HP/SOL/53A16/2017/61,Solan,SH 16,31.092667,76.866111,Debris            Slide,,,991.3173828125,18.36676689384442,,
4068,HP/SOL/53A16/2017/77,Solan,BANROTA,31.093083,76.797778,Debris            Slide,,,871.3762817382812,26.814235235696316,,
4069,HP/SHI/53E04/2017/17,Shimla,BANOG,31.093806,77.205694,Debris            Slide,,,2113.490478515625,31.60726602995551,,
4070,HP/SHI/53E04/2017/149,Shimla,SH 16,31.094167,77.110528,Rock              Slide,,,1639.4962158203125,25.655503687922053,,
4071,HP/SHI/53E16/2016/75,Shimla,DHANASAR,31.0942,77.8322,Debris            Slide,,,2250.219970703125,36.54081680211087,,
4072,HP/SHI/53E12/2016/25,Shimla,Mehana Village road,31.094278,77.737361,Rock cum debris   Slide,,,1857.304443359375,37.4022529043332,,
4073,HP/SHI/53E16/2016/81,Shimla,DHANASAR,31.0943,77.8306,Debris            Slide,,,2252.429931640625,38.49056641724798,,
4074,HP/SHI/53E16/2016/77,Shimla,DHANASAR,31.0943,77.8372,Debris            Slide,,,2240.978271484375,40.58609325476446,,
4075,HP/SHI/53E16/2016/78,Shimla,DHANASAR,31.0943,77.838,Debris            Slide,,,2228.2470703125,41.822430446531285,,
4076,HP/SHI/53E16/2016/158,Shimla,BADOT VILLAGEBADOT-NH-72,31.0943,77.7663,Debris            Slide,,,1547.1279296875,49.57334966904752,,
4077,HP/SHI/53E16/2016/79,Shimla,DHANASAR,31.0944,77.8292,Debris            Slide,,,2279.93994140625,34.975771211695026,,
4078,HP/SHI/53E16/2016/76,Shimla,DHANASAR,31.0945,77.833,Debris            Slide,,,2251.989013671875,42.44198018600383,,
4079,HP/SHI/53E16/2016/80,Shimla,DHANASAR,31.0946,77.8298,Debris            Slide,,,2285.39501953125,38.986373693344625,,
4080,HP/SHI/53E12/2016/21,Shimla,Shamot Village road,31.094756,77.737806,Rock cum debris   Slide,,,1867.1026611328125,38.96155213262421,,
4081,HP/SHI/53E12/2016/68,Shimla,close to S81,31.09483,77.165135,Rock cum debris   Slide,,,1916.4532470703125,30.37392669640077,,
4082,HP/SHI/53E08/2016/14,Shimla,ChharabraNH-5,31.094837,77.280403,Rock              Slide,,,2583.96240234375,37.2224780943587,,
4083,HP/SHI/53E12/2016/55,Shimla,,31.09486,77.165138,Rock              Fall,,,1916.4532470703125,30.37393416704708,,
4084,HP/SOL/53A16/2017/62,Solan,SH 16,31.094889,76.864972,Debris            Slide,,,1001.0784301757812,30.349744114767446,,
4085,HP/SHI/53E16/2016/157,Shimla,BADOT VILLAGEBADOT-NH-72,31.095,77.7669,Debris            Slide,,,1557.667236328125,38.86094298209098,,
4086,HP/SHI/53E12/2016/24,Shimla,Shamot Village road,31.095083,77.738,Rock cum debris   Slide,,,1859.404296875,39.888681076764904,,
4087,HP/SHI/53E16/2016/74,Shimla,DHANASAR,31.0952,77.8296,Debris            Slide,,,2333.520751953125,34.68502832806908,,
4088,HP/SHI/53E12/2016/20,Shimla,Dhapli Village road,31.095333,77.740444,Rock cum debris   Slide,,,1841.8594970703125,30.90355702340664,,
4089,HP/SHI/53E16/2016/152,Shimla,BADOT VILLAGEBADOT-NH-72,31.0956,77.7675,Debris            Slide,,,1561.922119140625,39.8363213028601,,
4090,HP/SHI/53E04/2017/16,Shimla,SANJAULI,31.095611,77.206222,Rock              Fall,,,2153.6376953125,30.26116537923859,,
4091,HP/SHI/53E04/2017/18,Shimla,BANOG,31.095694,77.204167,Debris            Slide,,,2095.361083984375,26.759214100951773,,
4092,HP/SHI/53E08/2016/9,Shimla,ChellaSH-10,31.095874,77.411568,Rock cum debris   Slide,,,1422.7940673828125,28.85823666435653,,
4093,HP/SHI/53E04/2017/146,Shimla,SH 13,31.095917,77.126333,Rock              Slide,,,1768.025390625,28.132865176657617,,
4094,HP/SHI/53E08/2016/25,Shimla,"Chella, SH-10",31.095974,77.412964,Rock cum debris   Slide,,,1435.997802734375,32.77465390488279,,
4095,HP/SHI/53E16/2016/66,Shimla,JILTARI VILLAGEJILTARI LINK,31.096,77.8177,Debris            Slide,,,2096.855712890625,38.842772635615,,
4096,HP/SHI/53E16/2016/67,Shimla,JILTARI VILLAGEJILTARI LINK,31.0961,77.8132,Debris            Slide,,,1817.8922119140625,38.66886795796248,,
4097,HP/SHI/53E08/2016/10,Shimla,Guri; near Sainj crossingTheog-,31.096306,77.410806,Rock cum debris   Slide,,,1444.9046630859375,36.53836867094453,,
4098,HP/SHI/53E08/2016/26,Shimla,Near Sainj crossing Theog-,31.096306,77.410806,Rock cum debris   Slide,,,1444.9046630859375,36.53836867094453,,
4099,HP/SHI/53E04/2017/116,Shimla,DHAROG,31.096417,77.125139,Debris            Slide,,,1779.44091796875,23.635070342753433,,
4100,HP/SHI/53E08/2016/65,Shimla,"Gumma, NH-5",31.096874,77.421112,Rock              Slide,,,1369.5628662109375,37.80811049484164,,
4101,HP/SHI/53E16/2016/65,Shimla,JILTARI VILLAGEJILTARI LINK,31.097,77.813,Debris            Slide,,,1759.6279296875,34.9386647994856,,
4102,HP/SHI/53E12/2016/23,Shimla,Dhapli Village road,31.097111,77.742972,Rock cum debris   Slide,,,1828.8018798828125,31.4531976430218,,
4103,HP/SHI/53E12/2016/58,Shimla,"Sanawa, SH-10",31.09757,77.63583,Rock cum debris   Slide,,,2418.02685546875,18.94380098900403,,
4104,HP/SHI/53E12/2016/2,Shimla,close to LS99,31.09768,77.64944,Rock cum debris   Slide,,,2255.23095703125,27.581146376201374,,
4105,HP/SHI/53E16/2016/48,Shimla,LEFT BANK OF PABBAR,31.0977,77.7924,Debris            Slide,,,1685.6705322265625,48.54480822872875,,
4106,HP/SHI/53E08/2016/60,Shimla,Near BalogSH-10; Theog,31.097738,77.383789,Rock cum debris   Slide,,,1941.8251953125,24.345737732311076,,
4107,HP/SHI/53E04/2017/19,Shimla,BANOG,31.097944,77.202361,Debris            Slide,,,2069.582763671875,26.61013780831355,,
4108,HP/SHI/53E12/2016/27,Shimla,"Sanawa, SH-10",31.09796,77.63983,Rock cum debris   Slide,,,2383.640380859375,14.533971657611875,,
4109,HP/SHI/53E12/2016/1,Shimla,SH-10,31.09796,77.63983,Rock cum debris   Slide,,,2383.640380859375,14.533971657611875,,
4110,HP/SHI/53E16/2016/64,Shimla,NEAR KATINDA VILLAGE,31.0981,77.8141,Debris            Slide,,,1794.1976318359375,37.95921527476465,,
4111,HP/SHI/53E12/2016/49,Shimla,Kothara village,31.09814,77.66337,Debris,Slide,2016,2125.270751953125,25.472262158075885,,
4112,HP/SHI/53E12/2016/4,Shimla,"Pola, SH-10",31.0982,77.65271,Rock cum debris   Slide,,,2202.2861328125,27.28677069566083,,
4113,HP/SHI/53E12/2016/6,Shimla,"Paraunthi, SH-10",31.09844,77.64867,Rock cum debris   Subsidence,,,2254.190185546875,22.70622228615373,,
4114,HP/SOL/53A16/2017/1,Solan,"SH9,DATTU",31.098444,76.964556,Rock              Slide,,,884.0301513671875,16.00251216865614,,
4115,HP/SHI/53E12/2016/40,Shimla,close to LS93 SH-10,31.09852,77.64069,Rock cum debris   Slide,,,2372.632080078125,20.580417462238017,,
4116,HP/SHI/53E12/2016/28,Shimla,"Sanawa, SH-10",31.09853,77.64067,Rock cum debris   Slide,,,2372.632080078125,20.58041801375373,,
4117,HP/SHI/53E08/2016/58,Shimla,"Talai, SH-10; Theog Rohru Road",31.098639,77.37999,Rock cum debris   Slide,,,1997.2393798828125,21.815189167684345,,
4118,HP/SHI/53E16/2016/22,Shimla,NH-72NH-72,31.0987,77.7827,Debris            Slide,,,1386.4298095703125,41.03221275433882,,
4119,HP/SHI/53E16/2016/156,Shimla,BADOT VILLAGEBADOT-NH-72,31.099,77.7641,Debris            Slide,,,1716.411376953125,27.8923871068483,,
4120,HP/SOL/53A16/2017/63,Solan,SH 16,31.099083,76.863139,Rock              Slide,,,1037.76025390625,28.73323770355502,,
4121,HP/SHI/53E12/2016/19,Shimla,Markandli Village road,31.0993,77.745042,Rock cum debris   Slide,,,1809.7421875,40.342875011125415,,
4122,HP/SHI/53E12/2016/5,Shimla,PolaSH-10,31.09941,77.65573,Rock cum debris   Slide,,,2184.217041015625,23.597948055507317,,
4123,HP/SHI/53E16/2016/39,Shimla,NEAR SAMOT VILLAGE,31.0995,77.7502,Debris            Slide,,,1700.2408447265625,39.28259654971494,,
4124,HP/SHI/53E12/2016/18,Shimla,Markandli Village road,31.099508,77.750528,Rock cum debris   Slide,,,1698.5107421875,37.21203738521503,,
4125,HP/SHI/53E08/2016/13,Shimla,Downslope of Gharesh,31.099623,77.314316,Rock cum debris   Subsidence,,,2371.236328125,26.516903516716248,,
4126,HP/SHI/53E12/2016/31,Shimla,"Pola, SH-10",31.09966,77.65614,Rock cum debris   Slide,,,2181.7275390625,27.02170492181835,,
4127,HP/SHI/53E12/2016/59,Shimla,Baina,31.09971,77.63147,Rock cum debris   Slide,,,2461.37158203125,18.096881213033253,,
4128,HP/SHI/53E12/2016/67,Shimla,"Sanawa, SH-10",31.09974,77.64156,Rock cum debris   Slide,,,2382.3017578125,24.989514245380768,,
4129,HP/SHI/53E08/2016/42,Shimla,TalaiSH-10,31.099918,77.375748,Rock cum debris   Slide,,,2009.5008544921875,17.597866366344196,,
4130,HP/SHI/53E08/2016/94,Shimla,"Chamiyana, NH-05",31.100048,77.267799,Rock              Slide,,,2548.5634765625,38.39061679878863,,
4131,HP/SHI/53E08/2016/69,Shimla,near Haat Bus StopTheog-,31.100106,77.406006,Debris            Slide,,,1488.8260498046875,27.65395425638101,,
4132,HP/SHI/53E04/2017/189,Shimla,NH 88,31.100306,77.130306,Debris            Slide,,,2002.576904296875,19.13847692554346,,
4133,HP/SHI/53E08/2016/70,Shimla,Haat Theog-Hatkoti Road,31.10035,77.407519,Debris            Slide,,,1497.4512939453125,34.65289996974238,,
4134,HP/SHI/53E16/2016/20,Shimla,NH-72NH-72,31.1004,77.7842,Debris            Slide,,,1339.62109375,31.23658560075243,,
4135,HP/SHI/53E08/2016/67,Shimla,Haat Theog-Hatkoti Road,31.100467,77.406944,Debris            Slide,,,1501.030029296875,28.33884620475457,,
4136,HP/SHI/53E08/2016/68,Shimla,Haat Theog-Hatkoti Road,31.100467,77.406944,Debris            Slide,,,1501.030029296875,28.33884620475457,,
4137,HP/SHI/53E04/2017/27,Shimla,CHHOTA SHIMLA,31.100472,77.142028,Rock              Fall,,,2023.7105712890625,33.972697527788654,,
4138,HP/SHI/53E12/2016/60,Shimla,,31.10076,77.65759,Debris            Slide,,,2162.356689453125,19.800506665232504,,
4139,HP/SOL/53A16/2017/159,Solan,RAMSHAHR SWARGHAT ROAD,31.100917,76.785278,Rock              Slide,,,1019.61572265625,30.40973658294652,,
4140,HP/SOL/53A16/2017/113,Solan,KATAL,31.100917,76.916833,Rock              Slide,,,842.8489379882812,33.75619027313929,,
4141,HP/SHI/53E04/2017/15,Shimla,"NH 22,DHALLI",31.101,77.206139,Rock              Slide,,,2233.003662109375,45.67930822302323,,
4142,HP/SHI/53E08/2016/12,Shimla,ChellaSH-10,31.101578,77.431976,Rock cum debris   Slide,,,1390.7550048828125,27.90848100365265,,
4143,HP/SHI/53E08/2016/32,Shimla,SH-10; Theog Rohru Road,31.101723,77.372231,Rock cum debris   Slide,,,2056.989013671875,30.720268593866017,,
4144,HP/SHI/53E08/2016/47,Shimla,"Upslope of Dasaun village, SH-",31.102173,77.369621,Rock cum debris   Slide,,,2083.4892578125,28.569522576143896,,
4145,HP/SHI/53E08/2016/91,Shimla,Theog; 50m E of S41NH-5,31.102322,77.370338,Rock cum debris   Slide,,,2071.632080078125,25.65865595185289,,
4146,HP/SHI/53E08/2016/48,Shimla,"Theog, NH-5",31.102322,77.370338,Rock cum debris   Slide,,,2071.632080078125,25.65865595185289,,
4147,HP/SHI/53E08/2016/35,Shimla,"Upslope of Dasaun village, SH-",31.102497,77.3703,Rock              Slide,,,2084.8701171875,28.69986425638483,,
4148,HP/SHI/53E12/2016/48,Shimla,ParaunthiSH-10,31.10259,77.64954,Rock cum debris   Slide,,,2287.932373046875,31.477821374649437,,
4149,HP/SHIM/53E04/2017/01,Shimla,"Dhalli landslide. NH-5, near Dhalli.",31.102716,77.204228,Rock,Slide,2002,2244.090087890625,51.18400145198955,,
4150,HP/SHI/53E04/2017/14,Shimla,"NH 22,DHALLI",31.103139,77.203778,Rock              Slide,,,2230.8740234375,50.28503323495049,,
4151,HP/SHI/53E08/2016/54,Shimla,"Gajeri, SH-10",31.103266,77.384041,Rock cum debris   Slide,,,1900.064697265625,29.32201870161419,,
4152,HP/SHI/53E08/2016/52,Shimla,Bishnog Theog-Hatkoti Road,31.1035,77.401056,Rock cum debris   Slide,,,1600.589599609375,38.709129874371484,,
4153,HP/SHI/53E08/2016/73,Shimla,BishnogTheog-Hatkoti Road,31.103556,77.399389,Rock cum debris   Slide,,,1581.5721435546875,32.1408399508764,,
4154,HP/SHI/53E08/2016/79,Shimla,BishnogTheog-Hatkoti Road,31.103611,77.4,Rock              Slide,,,1595.0953369140625,42.90611746424355,,
4155,HP/SHI/53E12/2016/39,Shimla,"near Jubbal, SH-10",31.10369,77.64783,Rock              Slide,,,2316.708740234375,29.843274498197996,,
4156,HP/SHI/53E08/2016/21,Shimla,BishnogTheog-Hatkoti Road,31.104056,77.401944,Rock cum debris   Slide,,,1609.71044921875,44.440726905705375,,
4157,HP/SHI/53E16/2016/69,Shimla,JILTARI VILLAGE,31.1045,77.8242,Debris            Slide,,,1971.8992919921875,41.724194270102174,,
4158,HP/SHI/53E16/2016/151,Shimla,NEAR CHANDERPUR,31.1047,77.7585,Rock              Slide,,,1726.3680419921875,58.76025022536432,,
4159,HP/SHI/53E16/2016/68,Shimla,KATINDA,31.1049,77.824,Debris            Slide,,,1998.23046875,39.96529754044903,,
4160,HP/SHI/53E04/2017/229,Shimla,SHOGI KASUMPTI ROAD,31.104912,77.1742,Rock              Slide,,,2195.708984375,27.29411140521855,,
4161,HP/SHI/53E08/2016/57,Shimla,"Gajeri, SH-10",31.105181,77.382896,Debris,,,1874.1158447265625,23.87884943575524,,
4162,HP/SHI/53E08/2016/77,Shimla,near GummaSH-10,31.105268,77.452622,Rock cum debris   Slide,,,1416.179931640625,30.95691013468982,,
4163,HP/SHI/53E08/2016/34,Shimla,"Near Gumti Mata Temple, SH-",31.105368,77.369927,Rock cum debris   Slide,,,2126.25830078125,43.25886531029847,,
4164,HP/SOL/53A16/2017/115,Solan,KALOWA,31.105472,76.922583,Rock              Slide,,,878.1347045898438,19.600107085249835,,
4165,HP/SHI/53E08/2016/36,Shimla,"Gajeri, SH-10",31.105537,77.382103,Rock cum debris   Slide,,,1881.306396484375,32.59165796628716,,
4166,HP/SHI/53E16/2016/155,Shimla,NEAR CHANDERPUR,31.1056,77.7612,Rock              Slide,,,1592.236328125,43.12556669289902,,
4167,HP/SHI/53E08/2016/50,Shimla,"Gajeri, SH-10",31.105656,77.382462,Rock cum debris   Slide,,,1867.0782470703125,22.126962172243925,,
4168,HP/SOL/53A16/2017/2,Solan,SH 9,31.105833,76.968194,Rock              Slide,,,876.5677490234375,43.11819950647163,,
4169,HP/SHI/53E04/2017/191,Shimla,NH 88,31.106083,77.11275,Rock              Slide,,,1981.8544921875,28.542114819054877,,
4170,HP/SHI/53E16/2016/171,Shimla,NEAR MANDALNH-72 -JAGTAN,31.1061,77.996,Debris            Slide,,,2378.05712890625,25.452760761483233,,
4171,HP/SHI/53E08/2016/33,Shimla,"Near LS75, SH-10",31.106157,77.369286,Rock cum debris   Slide,,,2106.37890625,48.51020846267511,,
4172,HP/SHI/53E08/2016/22,Shimla,,31.106216,77.382462,Rock cum debris   Slide,,,1867.73583984375,30.565437668095363,,
4173,HP/SHI/53E16/2016/61,Shimla,KATINDA,31.1063,77.8325,Debris            Slide,,,2345.110595703125,30.209201448793543,,
4174,HP/SHI/53E12/2016/63,Shimla,upslope of Baina,31.10655,77.63225,Rock cum debris   Slide,,,2549.066650390625,30.14751004451608,,
4175,HP/SHI/53E08/2016/76,Shimla,SH-10,31.106694,77.389028,Rock cum debris   Slide,,,1703.7286376953125,41.631280766548066,,
4176,HP/SHI/53E08/2016/2,Shimla,Opposite bankNH-22,31.106989,77.389092,Debris            Slide,,,1728.01513671875,37.77854084898405,,
4177,HP/SHI/53E08/2016/20,Shimla,SH-10,31.107028,77.388556,Rock cum debris   Slide,,,1742.2510986328125,39.19555786921286,,
4178,HP/SHI/53E08/2016/75,Shimla,SH-10,31.107083,77.387167,Rock cum debris   Slide,,,1751.1363525390625,32.376307205961865,,
4179,HP/SHI/53E08/2016/15,Shimla,Kufri; near Indian Hotel,31.1071,77.255264,Rock cum debris   Slide,,,2504.01318359375,28.18342199041977,,
4180,HP/SHI/53E08/2016/16,Shimla,Kufri; near Indian Hotel,31.1071,77.255264,Rock cum debris   Slide,,,2504.01318359375,28.18342199041977,,
4181,HP/SHI/53E04/2017/186,Shimla,NH 88,31.107167,77.204472,Debris            Slide,,,2264.067626953125,31.841359329900857,,
4182,HP/SHI/53E04/2017/150,Shimla,SH 16,31.107194,77.112528,Rock              Slide,,,1935.363525390625,24.52965456708994,,
4183,HP/SHI/53E08/2016/74,Shimla,SH-10,31.107219,77.389167,Rock cum debris   Slide,,,1749.3897705078125,41.01718506386394,,
4184,HP/SHI/53E08/2016/56,Shimla,"Kun Village, SH-10",31.107294,77.38073,Debris            Slide,,,1846.5201416015625,34.449719229215006,,
4185,HP/SHI/53E12/2016/35,Shimla,"Jubbal, SH-10",31.10755,77.67498,Debris            Slide,,,1988.51904296875,21.627053368865724,,
4186,HP/SHI/53E12/2016/36,Shimla,"Jubbal, SH-10",31.10755,77.67498,Debris            Slide,,,1988.51904296875,21.627053368865724,,
4187,HP/SHI/53E08/2016/61,Shimla,"Bhuban ghat, SH-10",31.107569,77.385071,Rock cum debris   Slide,,,1769.308349609375,30.51520967628094,,
4188,HP/SHI/53E08/2016/43,Shimla,Kun VillageSH-10,31.107893,77.381928,Rock cum debris   Slide,,,1814.345947265625,38.80706626564579,,
4189,HP/SOL/53A16/2017/91,Solan,SH 9,31.107917,76.970306,Rock              Slide,,,878.3771362304688,32.9814609818972,,
4190,HP/SHI/53E04/2017/177,Shimla,JUTOGH PAHL ROAD,31.108111,77.206778,Rock              Slide,,,2288.622802734375,39.39814205925488,,
4191,HP/SHI/53E08/2016/37,Shimla,"Kun Village, SH-10",31.108263,77.38105,Rock cum debris   Slide,,,1836.813720703125,32.377025938760504,,
4192,HP/SHI/53E08/2016/41,Shimla,"Bhuban ghat, SH-10; Theog",31.108582,77.383919,NA                Slide,,,1791.600830078125,34.3595181665855,,
4193,HP/SHI/53E04/2017/151,Shimla,SH 16,31.108694,77.10625,Rock              Slide,,,1885.1549072265625,21.529387316562993,,
4194,HP/SHI/53E08/2016/84,Shimla,Kufri Bus StopNH-5,31.108722,77.251528,Rock cum debris   Slide,,,2523.108154296875,38.29969783575446,,
4195,HP/SHI/53E12/2016/33,Shimla,"Majhauli, SH-10",31.108891,77.564758,Rock cum debris   Slide,,,1931.9769287109375,35.17211540363664,,
4196,HP/SHI/53E08/2016/85,Shimla,Kufri Bus StopNH-5,31.109139,77.251722,Rock cum debris   Slide,,,2524.6923828125,37.64470153011934,,
4197,HP/SHI/53E08/2016/4,Shimla,"Bhuban ghat, SH-10",31.109406,77.382774,Rock cum debris   Slide,,,1804.40380859375,11.890586962067994,,
4198,HP/SHI/53E08/2016/83,Shimla,Kufri Bus StopNH-5,31.109556,77.251861,Rock cum debris   Slide,,,2511.59326171875,38.9655252844154,,
4199,HP/SHI/53E12/2016/32,Shimla,"Majoli, SH-10",31.109753,77.563294,Rock cum debris   Slide,,,1923.164794921875,25.337739209308236,,
4200,HP/SHI/53E08/2016/86,Shimla,KufriNH-5,31.110611,77.251833,Rock cum debris   Slide,,,2502.850830078125,38.89034260000501,,
4201,HP/SHI/53E08/2016/87,Shimla,KufriNH-5,31.111194,77.252039,Rock cum debris   Slide,,,2509.48388671875,19.83492516356088,,
4202,HP/SHI/53E12/2016/9,Shimla,SH-10,31.11173,77.68563,Rock              Slide,,,1907.7613525390625,20.27045878643398,,
4203,HP/SOL/53A16/2017/160,Solan,RAMSHAHR SWARGHAT ROAD,31.111778,76.779806,Debris            Slide,,,1100.69775390625,33.20345906353448,,
4204,HP/SOL/53A16/2017/177,Solan,"SH 9,MAJHIAR",31.111861,76.9745,Rock              Slide,,,937.836181640625,48.89572034612448,,
4205,HP/SHI/53E16/2016/173,Shimla,JAGTAN VILLAGENH-72 -,31.112,77.8079,Rock              Fall,,,2291.820556640625,33.583490679524175,,
4206,HP/SHI/53E12/2016/34,Shimla,"Kalot, SH-10",31.112,77.55761,Rock cum debris   Slide,,,1873.21728515625,30.40818737275792,,
4207,HP/SOL/53A16/2017/161,Solan,RAMSHAHR SWARGHAT ROAD,31.112028,76.779806,Debris            Slide,,,1096.23291015625,33.30795382027143,,
4208,HP/SHI/53E16/2016/9,Shimla,NH-72 -JAGTAN LINK ROADNH-,31.1125,77.7719,Rock              Topple,,,1633.348388671875,24.638652704692745,,
4209,HP/SHI/53E16/2016/40,Shimla,MASINA VILLAGE,31.1125,77.769,Debris            Slide,,,1677.390625,41.625908558827135,,
4210,HP/SHI/53E04/2017/4,Shimla,CHANAIYAN,31.112972,77.249167,Debris            Slide,,,2525.12890625,36.895497385177855,,
4211,HP/SHI/53E16/2016/54,Shimla,NEAR GILTARI,31.1132,77.8314,Debris            Slide,,,2147.51513671875,25.671948966742452,,
4212,HP/SHI/53E08/2016/51,Shimla,2km towards Fagu from Nangal,31.113266,77.322838,Rock cum debris   Slide,,,2323.5087890625,29.265786626083223,,
4213,HP/SOL/53A16/2017/112,Solan,SARGERU,31.113694,76.904028,Debris            Slide,,,884.6917724609375,10.433520583536216,,
4214,HP/SHI/53E16/2016/31,Shimla,MASINA VILLAGE,31.1139,77.7637,Debris            Slide,,,1500.536376953125,35.334758126352824,,
4215,HP/SHI/53E12/2016/29,Shimla,"Kharapathar, SH-10",31.1139,77.62801,Rock cum debris   Slide,,,2613.326904296875,30.375703161522605,,
4216,HP/SHI/53E04/2017/5,Shimla,NH 22,31.113972,77.248889,Rock              Slide,,,2515.0634765625,24.40944319537843,,
4217,HP/SHI/53E12/2016/43,Shimla,"Tiki village, SH-10",31.11399,77.61181,Rock cum debris   Slide,,,2481.836669921875,20.68909200274206,,
4218,HP/SHI/53E16/2016/164,Shimla,SARASWATINAGAR 6 KMS,31.1142,77.7669,Debris            Slide,,,1697.4774169921875,38.454466613715375,,
4219,HP/SHI/53E16/2016/198,Shimla,NEAR KANOHALNH-72 -JAGTAN,31.1144,77.793,Debris            Fall,,,2201.006103515625,20.64849198333133,,
4220,HP/SHI/53E12/2016/26,Shimla,"Chiwa, SH-10",31.11442,77.69076,Rock,Slide,2014,1868.5302734375,31.671680613687908,,
4221,HP/SHI/53E04/2017/6,Shimla,NH 22,31.114472,77.249056,Debris            Slide,,,2516.484375,15.611939628788928,,
4222,HP/SHI/53E04/2017/28,Shimla,NH 22,31.114722,77.221806,Rock              Slide,,,2271.9814453125,26.08047256646967,,
4223,HP/SHI/53E04/2017/13,Shimla,NH 22,31.114917,77.223722,Debris            Slide,,,2327.4384765625,36.4035515397016,,
4224,HP/SHI/53E04/2017/29,Shimla,NH 22,31.115,77.222167,Rock              Slide,,,2276.396240234375,19.959340474710547,,
4225,HP/SHI/53E04/2017/30,Shimla,NH 22,31.115278,77.221833,Debris            Slide,,,2277.58642578125,32.65853414098246,,
4226,HP/SHI/53E08/2016/64,Shimla,"Janog, NH-5",31.115555,77.363358,Rock cum debris   Slide,,,2231.00439453125,33.88763832743436,,
4227,HP/SHI/53E16/2016/203,Shimla,NEAR BHADOTNEAR BHADOT,31.116,77.7617,Rock              Fall,,,1495.1082763671875,21.768625771399805,,
4228,HP/SHI/53E12/2016/37,Shimla,"Down slope of Kotla village, SH-",31.116238,77.521728,Rock cum debris   Slide,,,1699.29736328125,31.79407483283427,,
4229,HP/SOL/53A16/2017/111,Solan,SARGERU,31.116861,76.902306,Debris            Slide,,,844.8096923828125,23.952097383663276,,
4230,HP/SHI/53E12/2016/38,Shimla,"Down slope of Dangral village,",31.116905,77.516258,Rock              Slide,,,1596.7900390625,24.55693476990733,,
4231,HP/SHI/53E16/2016/30,Shimla,MASINA VILLAGE,31.1171,77.7666,Debris            Slide,,,1726.5745849609375,25.846214413852692,,
4232,HP/SHI/53E12/2016/1,Shimla,SH-10,31.117109,77.503708,Debris            Slide,,,1567.425537109375,24.1574934881062,,
4233,HP/SHI/53E16/2016/174,Shimla,JARSALI VILLAGENH-72 -,31.1172,77.8121,Rock              Fall,,,2320.9560546875,25.95801446487989,,
4234,HP/SHI/53E16/2016/176,Shimla,JAGTAN-JARSALI ROADNH-72-,31.1173,77.8098,Debris            Slide,,,2344.452880859375,37.29257391482293,,
4235,HP/SHI/53E12/2016/30,Shimla,SH-10,31.117325,77.507385,Rock              Slide,,,1576.7562255859375,45.70932760671307,,
4236,HP/SHI/53E08/2016/71,Shimla,GummaSH-10,31.117489,77.493713,Rock cum debris   Slide,,,1579.3974609375,31.91358892553592,,
4237,HP/SHI/53E08/2016/95,Shimla,Jangal Tungla NH-22,31.117632,77.36647,Rock cum debris   Slide,,,2336.2294921875,36.68037426387557,,
4238,HP/SHI/53E08/2016/3,Shimla,SH-10; Theog Kotkhai Road,31.117668,77.359543,Rock cum debris   Slide,,,2278.001953125,27.992020124197804,,
4239,HP/SHI/53E12/2016/47,Shimla,near KharapatharSH-10,31.11769,77.61803,Rock cum debris   Slide,,,2584.158203125,21.16529248630279,,
4240,HP/SHI/53E12/2016/11,Shimla,SH-10,31.117804,77.525513,Rock cum debris   Slide,,,1700.5919189453125,34.98387877567962,,
4241,HP/SHI/53E12/2016/12,Shimla,SH-10,31.117804,77.525513,Rock cum debris   Slide,,,1700.5919189453125,34.98387877567962,,
4242,HP/SHI/53E08/2016/96,Shimla,Theog NH-05,31.118151,77.361641,Rock              Slide,,,2309.34033203125,38.85729150784277,,
4243,HP/SHI/53E04/2017/8,Shimla,NH 22,31.118194,77.237917,Rock              Fall,,,2449.22119140625,13.96126784669544,,
4244,HP/SHI/53E04/2017/7,Shimla,NH 22,31.118222,77.238917,Debris            Slide,,,2466.999267578125,34.61771365000281,,
4245,HP/SHI/53E08/2016/44,Shimla,"Tinger, SH-10; Theog Kotkhai",31.118729,77.358879,Rock cum debris   Slide,,,2281.152587890625,31.964187390354457,,
4246,HP/SHI/53E04/2017/9,Shimla,NH 22,31.118778,77.234972,Debris            Slide,,,2430.395751953125,22.462335746831943,,
4247,HP/SHI/53E08/2016/66,Shimla,"Gumma, SH-10",31.118906,77.488396,Rock cum debris   Slide,,,1564.61767578125,38.27203702131652,,
4248,HP/SHI/53E08/2016/23,Shimla,Nangal Devi templeNH-22,31.118944,77.335991,Rock              Slide,,,2279.250732421875,33.300510215962724,,
4249,HP/SHI/53E12/2016/64,Shimla,"Mehana, SH-10",31.11909,77.7048,Rock cum debris   Slide,,,1726.7803955078125,32.120063763831666,,
4250,HP/SHI/53E08/2016/1,Shimla,Nangal Devi templeNH-22,31.119146,77.335495,Rock cum debris   Subsidence,,,2284.935791015625,35.53202160218019,,
4251,HP/SHI/53E12/2016/57,Shimla,SH-10,31.11918,77.70919,Rock cum debris   Slide,,,1704.9254150390625,42.06233251342558,,
4252,HP/SHI/53E04/2017/12,Shimla,NH 22,31.119278,77.232917,Debris            Slide,,,2418.006103515625,29.56422099266983,,
4253,HP/SHI/53E04/2017/10,Shimla,NH 22,31.119583,77.233889,Rock              Slide,,,2426.571044921875,28.6569486386402,,
4254,HP/SHI/53E16/2016/172,Shimla,NEAR JARSALI VILLAGENH-72-,31.1196,77.8129,Rock              Fall,,,2338.08544921875,37.50347698692299,,
4255,HP/SHI/53E16/2016/46,Shimla,NEAR MANDALMANDAL ROAD,31.1199,77.7705,Debris            Flow,,,1914.0218505859375,26.56723498286271,,
4256,HP/SHI/53E16/2016/200,Shimla,NEAR MANDALNH-72 -JAGTAN,31.1199,77.7761,Rock              Fall,,,2149.573974609375,27.48849287307563,,
4257,HP/SHI/53E16/2016/175,Shimla,NEAR JARSALI VILLAGENH-72-,31.12,77.8145,Debris            Slide,,,2346.415283203125,33.61856616416457,,
4258,HP/SHI/53E16/2016/14,Shimla,NEAR MANDALNH-72 -JAGTAN,31.12,77.7758,Rock              Topple,,,2140.562744140625,34.58469091869296,,
4259,HP/SHI/53E16/2016/47,Shimla,NEAR MANDALMANDAL ROAD,31.1201,77.7702,Debris            Slide,,,1904.6829833984375,21.527459026024136,,
4260,HP/SHI/53E12/2016/15,Shimla,SH-10,31.12052,77.62494,Rock              Slide,,,2645.156005859375,23.76078743114564,,
4261,HP/SHI/53E16/2016/35,Shimla,JARSALI VILLAGE,31.1208,77.8146,Debris            Slide,,,2363.108154296875,30.796734168332826,,
4262,HP/SHI/53E16/2016/163,Shimla,THANATHANA LINK ROAD,31.121,77.7709,Debris            Slide,,,1964.389404296875,31.72518367271982,,
4263,HP/SHI/53E04/2017/190,Shimla,NH 88,31.121306,77.357,Rock              Slide,,,2288.636962890625,22.121189880167396,,
4264,HP/SHI/53E16/2016/44,Shimla,NEAR JARSALI VILLAGE,31.1215,77.8138,Debris            Slide,,,2425.7841796875,34.12883987179672,,
4265,HP/SOL/53A16/2017/162,Solan,RAMSHAHR SWARGHAT ROAD,31.121722,76.774556,Rock              Slide,,,1174.23681640625,25.346733862208502,,
4266,HP/SHI/53E08/2016/90,Shimla,Kharel - Himri road,31.122169,77.473885,Rock              Slide,,,1756.5657958984375,27.00810980392615,,
4267,HP/SOL/53A16/2017/219,Solan,CHILAD,31.1245,76.867222,Debris            Slide,,,740.0189208984375,22.281556757647653,,
4268,HP/SHI/53E12/2016/66,Shimla,SH-10,31.12468,77.72181,Rock              Slide,,,1696.769287109375,48.626708583875654,,
4269,HP/SHI/53E12/2016/41,Shimla,HatkotiKatasu Rd,31.12551,77.74635,Rock cum debris   Slide,,,1492.791748046875,29.06020021216348,,
4270,HP/SOL/53A16/2017/220,Solan,"SH 9, DANGRI",31.126056,76.96225,Debris            Slide,,,1192.5911865234375,33.1045427388725,,
4271,HP/SHI/53E16/2016/128,Shimla,RANWI KHAD BRIDGERANWI,31.1263,77.7562,Rock              Fall,,,1564.74853515625,21.765677605781185,,
4272,HP/SOL/53A16/2017/223,Solan,PANJLI,31.126694,76.85,Debris            Slide,,,890.1324462890625,29.79021136426817,,
4273,HP/SOL/53A16/2017/78,Solan,CHALIANI,31.127111,76.813528,Debris            Slide,,,745.73046875,35.1698819165712,,
4274,HP/SOL/53A16/2017/172,Solan,KANOLA,31.127222,76.759222,Rock              Slide,,,1204.5684814453125,39.2219762093062,,
4275,HP/SOL/53A16/2017/173,Solan,KANOLA,31.127222,76.759222,Rock              Slide,,,1204.5684814453125,39.2219762093062,,
4276,HP/SOL/53A16/2017/221,Solan,CHILAD,31.127472,76.864361,Rock              Slide,,,675.2622680664062,35.64908421665202,,
4277,HP/SHI/53E04/2017/31,Shimla,EKANTWAN,31.128444,77.227361,Rock              Slide,,,2295.993896484375,22.63112486734119,,
4278,HP/SHI/53E04/2017/152,Shimla,SH 16,31.128639,77.093028,Rock              Slide,,,1768.227783203125,30.310889908773763,,
4279,HP/SOL/53A16/2017/171,Solan,KANOLA,31.128833,76.758639,Debris            Slide,,,1213.7156982421875,31.40376108406041,,
4280,HP/SHI/53E08/2016/19,Shimla,PWD road towards Himri,31.129377,77.48143,Rock cum debris   Slide,,,1900.3468017578125,35.828624344259865,,
4281,HP/SOL/53A16/2017/222,Solan,OKHU,31.129583,76.857278,Soil              Creep,,,819.1619873046875,32.23280283215106,,
4282,HP/SHI/53E08/2016/59,Shimla,Near Himri PWD road,31.130604,77.47924,Rock cum debris   Slide,,,1874.181396484375,42.9356950014115,,
4283,HP/SHI/53E04/2017/155,Shimla,SH 16,31.131778,77.109611,Rock              Slide,,,1755.2122802734375,33.14694092960234,,
4284,HP/SHI/53E04/2017/153,Shimla,SH 16,31.132,77.108778,Debris            Slide,,,1760.521728515625,18.303246825809147,,
4285,HP/SOL/53A16/2017/170,Solan,KANOLA,31.132306,76.761417,Debris            Slide,,,1241.89599609375,26.79062921053868,,
4286,HP/SOL/53A16/2017/163,Solan,RAMSHAHR SWARGHAT ROAD,31.132583,76.764806,Debris            Slide,,,1145.9876708984375,31.741523369006316,,
4287,HP/SHI/53E04/2017/32,Shimla,SH 13,31.132639,77.224444,Rock              Slide,,,2290.8896484375,24.96544887203369,,
4288,HP/SOL/53A16/2017/164,Solan,RAMSHAHR SWARGHAT ROAD,31.133083,76.765278,Debris            Slide,,,1141.32373046875,33.6569861244332,,
4289,HP/SOL/53A16/2017/224,Solan,PANJLI,31.133139,76.845139,Debris            Slide,,,860.4935302734375,31.366354344512303,,
4290,HP/SHI/53E12/2016/44,Shimla,Chagaunti Gad Link road,31.133181,77.497833,Debris            Slide,,,1576.8365478515625,36.82639030713018,,
4291,HP/SHI/53E08/2016/45,Shimla,Gajeri-Himri road,31.13345,77.473358,Rock              Slide,,,1830.208984375,30.75062054786,,
4292,HP/SHI/53E16/2016/41,Shimla,NEAR KYARKU,31.1335,77.7566,Debris            Slide,,,1653.555419921875,39.84349894076253,,
4293,HP/SHI/53E16/2016/38,Shimla,NEAR KYARKU,31.1338,77.7576,Debris            Slide,,,1663.9652099609375,41.99306067442387,,
4294,HP/SHI/53E16/2016/154,Shimla,NEAR KAYARKU VILLAGE,31.1338,77.7607,Rock              Slide,,,1652.63427734375,43.93896636824499,,
4295,HP/SOL/53A16/2017/114,Solan,SANUN,31.13425,76.945472,Debris            Slide,,,958.7837524414062,28.261270820139213,,
4296,HP/SHI/53E12/2016/7,Shimla,Hatkoti,31.13437,77.74463,Rock              Slide,,,1435.4072265625,31.547686921704777,,
4297,HP/SHI/53E12/2016/52,Shimla,Hatkoti,31.13437,77.74463,Debris            Slide,,,1435.4072265625,31.547686921704777,,
4298,HP/SHI/53E16/2016/153,Shimla,NEAR KAYARKU VILLAGE,31.1347,77.7645,Rock              Slide,,,1724.3382568359375,49.009452189238,,
4299,HP/SHI/53E12/2016/46,Shimla,30m north of L101,31.134847,77.498431,Debris            Slide,,,1586.1507568359375,37.420043068679746,,
4300,HP/SHI/53E12/2016/54,Shimla,Opposite bank of Thana village,31.134848,77.498436,Rock              Slide,,,1586.1507568359375,37.4200433319947,,
4301,HP/SHI/53E12/2016/45,Shimla,Chagaunti Gad,31.134848,77.498436,Debris            Slide,,,1586.1507568359375,37.4200433319947,,
4302,HP/SOL/53A16/2017/169,Solan,KANOLA,31.135028,76.760722,Rock              Slide,,,1221.9849853515625,32.49923944898828,,
4303,HP/SOL/53A16/2017/168,Solan,KANOLA,31.135472,76.760472,Debris            Slide,,,1215.2591552734375,28.348891650992066,,
4304,HP/SHI/53E04/2017/33,Shimla,SH 13,31.136444,77.224333,Rock              Slide,,,2298.820068359375,36.13552670346354,,
4305,HP/SHI/53E16/2016/127,Shimla,NH-72-JHARSALI LINK ROADNH-,31.1366,77.7826,Debris            Subsidence,,,2037.151123046875,17.096507893384235,,
4306,HP/SHI/53E04/2017/156,Shimla,SH 13,31.136722,77.111694,Rock              Slide,,,1712.8607177734375,29.105156973301323,,
4307,HP/SHI/53E04/2017/115,Shimla,KHAHANTU,31.137139,77.239611,Debris            Slide,,,1723.9437255859375,14.253879898397534,,
4308,HP/SOL/53A16/2017/165,Solan,RAMSHAHR SWARGHAT ROAD,31.137556,76.763222,Debris            Slide,,,1165.0540771484375,33.207277940026735,,
4309,HP/SOL/53A16/2017/10,Solan,ARKI PIPLUGHAT ROAD,31.137917,76.958417,Rock              Slide,,,1186.23583984375,24.444557266017895,,
4310,HP/SHI/53E08/2016/6,Shimla,Downslope of Khanas DeviNH-,31.138346,77.384682,Rock              Slide,,,2355.385009765625,29.671224361329045,,
4311,HP/SOL/53A16/2017/11,Solan,ARKI PIPLUGHAT ROAD,31.138417,76.956944,Rock              Slide,,,1182.211181640625,20.782913463510123,,
4312,HP/SOL/53A16/2017/79,Solan,BADHOKA,31.138917,76.804028,Debris            Slide,,,749.0250244140625,24.480836040411972,,
4313,HP/SHI/53E04/2017/34,Shimla,SH 13,31.139639,77.224,Rock              Slide,,,2270.821044921875,36.32618176355497,,
4314,HP/SHI/53E04/2017/157,Shimla,SH 16,31.139972,77.111583,Rock              Slide,,,1743.1256103515625,30.380466434130877,,
4315,HP/SOL/53A16/2017/110,Solan,BALERA,31.14,76.879778,Debris            Slide,,,852.9107666015625,32.73385124167927,,
4316,HP/SHI/53E16/2016/86,Shimla,NEAR BHOLAR VILLAGE BHOLAR,31.1401,77.7737,Debris            Slide,,,2072.701171875,28.088846811075875,,
4317,HP/SHI/53E04/2017/35,Shimla,SH 13,31.140417,77.223417,Rock              Slide,,,2282.852294921875,37.631162711291495,,
4318,HP/SHI/53E04/2017/158,Shimla,SH 16,31.141583,77.112444,Debris            Slide,,,1765.38037109375,33.17266521813678,,
4319,HP/SOL/53A16/2017/225,Solan,TOLDU,31.141667,76.842278,Debris            Slide,,,955.3931884765624,30.806128403398883,,
4320,HP/SOL/53A16/2017/109,Solan,BALERA,31.141833,76.879972,Debris            Slide,,,857.28466796875,20.639440544725364,,
4321,HP/SHI/53E16/2016/178,Shimla,NEAR GHUNSAGHUNSA ROAD,31.1419,77.7559,Rock              Fall,,,1807.016357421875,21.10286606481772,,
4322,HP/SOL/53A16/2017/12,Solan,ARKI PIPLUGHAT ROAD,31.142222,76.953361,Debris            Slide,,,1253.99560546875,20.013443972048385,,
4323,HP/SHI/53E04/2017/36,Shimla,SH 13,31.14225,77.221056,Rock              Slide,,,2276.242919921875,24.82646567364133,,
4324,HP/SHI/53E12/2016/50,Shimla,Riyog,31.142284,77.498573,Debris            Slide,,,1607.870849609375,31.092842223799448,,
4325,HP/SHI/53E12/2016/53,Shimla,Opposite bank of Thana village,31.142284,77.498573,Rock              Slide,,,1607.870849609375,31.092842223799448,,
4326,HP/SOL/53A16/2017/166,Solan,RAMSHAHR SWARGHAT ROAD,31.142694,76.760778,Debris            Slide,,,1187.06689453125,25.65753857102006,,
4327,HP/SOL/53A16/2017/13,Solan,ARKI PIPLUGHAT ROAD,31.143,76.954306,Rock              Slide,,,1271.5931396484375,8.822592935528293,,
4328,HP/SHI/53E04/2017/160,Shimla,SH 16,31.143194,77.114861,Rock              Slide,,,1771.06494140625,32.633374677473604,,
4329,HP/SOL/53A16/2017/167,Solan,LOANRU,31.143333,76.760361,Rock              Slide,,,1195.7314453125,20.287624231960216,,
4330,HP/SHI/53E04/2017/159,Shimla,SH 16,31.143361,77.113389,Rock              Slide,,,1772.87939453125,35.49356798077595,,
4331,HP/SHI/53E04/2017/37,Shimla,SH 13,31.143389,77.216389,Debris            Slide,,,2238.065673828125,27.15941810538652,,
4332,HP/SHI/53E16/2016/87,Shimla,NEAR BHOLAR VILLAGE BHOLAR,31.1434,77.7765,Debris            Slide,,,2120.826171875,37.09363431581645,,
4333,HP/SHI/53E16/2016/88,Shimla,NEAR BHOLAR VILLAGE BHOLAR,31.1438,77.7769,Debris            Slide,,,2136.614990234375,38.293703553168704,,
4334,HP/SHI/53E04/2017/166,Shimla,BAROHI,31.144278,77.078306,Debris            Slide,,,1639.596923828125,35.47850883390123,,
4335,HP/SOL/53A16/2017/174,Solan,RAMSHAHR SWARGHAT ROAD,31.144611,76.761028,Debris            Slide,,,1193.5909423828125,33.14812303958287,,
4336,HP/SHI/53E16/2016/177,Shimla,JAGTAN-JARSALI ROADNH-72-,31.1448,77.7791,Debris            Slide,,,2057.134765625,36.365873375617625,,
4337,HP/SHI/53E12/2016/14,Shimla,Andreli,31.145028,77.403833,Rock cum debris   Slide,,,2074.72314453125,45.34268808404085,,
4338,HP/SHI/53E12/2016/61,Shimla,,31.145194,77.402861,Rock cum debris   Slide,,,2124.173095703125,34.57365826482726,,
4339,HP/SHI/53E16/2016/83,Shimla,NEAR BHOLAR VILLAGE BHOLAR,31.1453,77.7779,Debris            Slide,,,2152.4228515625,40.145090682385266,,
4340,HP/SHI/53E16/2016/89,Shimla,NEAR BHOLAR VILLAGE BHOLAR,31.1456,77.7772,Debris            Slide,,,2203.99951171875,38.84241721676906,,
4341,HP/SHI/53E12/2016/56,Shimla,Bari,31.145611,77.401389,Rock cum debris   Slide,,,2204.00244140625,32.43587739140555,,
4342,HP/SHI/53E16/2016/90,Shimla,NEAR BHOLAR VILLAGE BHOLAR,31.146,77.7793,Debris            Slide,,,2140.728515625,38.701292841208314,,
4343,HP/SHI/53E16/2016/84,Shimla,NEAR BHOLAR VILLAGE BHOLAR,31.1463,77.7777,Debris            Slide,,,2213.10791015625,28.02383643736873,,
4344,HP/SOL/53A16/2017/14,Solan,ARKI PIPLUGHAT ROAD,31.146556,76.953167,Debris            Slide,,,1292.2041015625,30.300899831810163,,
4345,HP/SOL/53A16/2017/80,Solan,CHALIANI,31.147194,76.797472,Debris            Slide,,,760.4636840820312,29.239911289203594,,
4346,HP/SOL/53A16/2017/81,Solan,CHALIANI,31.147417,76.79575,Debris            Slide,,,749.5802612304688,22.828957765050223,,
4347,HP/SHI/53E04/2017/167,Shimla,"SH 13,NALDERA",31.148806,77.07625,Debris            Slide,,,1654.2225341796875,12.876407833716687,,
4348,HP/SOL/53A16/2017/175,Solan,RAMSHAHR SWARGHAT ROAD,31.149472,76.763278,Debris            Slide,,,1193.201416015625,35.0232084043837,,
4349,HP/SHI/53E04/2017/164,Shimla,"NH 88,JUTOGH",31.149556,77.114389,Rock              Slide,,,1875.415771484375,33.17087998758958,,
4350,HP/SHI/53E04/2017/117,Shimla,SH 16,31.149556,77.036056,Debris            Slide,,,1597.140380859375,19.833280770529477,,
4351,HP/SHI/53E04/2017/65,Shimla,DARABLA,31.150306,77.077222,Rock              Slide,,,1653.600830078125,37.55515914407509,,
4352,HP/SHI/53E12/2016/8,Shimla,,31.15104,77.72745,Rock              Fall,,,1579.0047607421875,21.75085240674861,,
4353,HP/SHI/53E12/2016/42,Shimla,DholaLink road,31.151907,77.509178,Rock cum debris   Slide,,,1730.4420166015625,24.42403075515271,,
4354,HP/SHI/53E16/2016/85,Shimla,NEAR BHOLAR VILLAGE BHOLAR,31.1527,77.7849,Debris            Slide,,,2362.814453125,37.43296392595226,,
4355,HP/SHI/53E16/2016/82,Shimla,NEAR BHOLAR VILLAGE BHOLAR,31.153,77.7857,Debris            Slide,,,2361.7744140625,35.08167207265458,,
4356,HP/SHI/53E04/2017/109,Shimla,BASANTPUR KARIALI ROAD,31.153556,77.037694,Rock              Slide,,,1606.41162109375,17.626514357764105,,
4357,HP/SHI/53E04/2017/173,Shimla,JUTOGH PAHL ROAD,31.153583,77.037806,Debris            Slide,,,1606.41162109375,17.626517404306096,,
4358,HP/SOL/53A16/2017/233,Solan,SH 9,31.153583,77.037806,Debris            Slide,,,1606.41162109375,17.626517404306096,,
4359,HP/SHI/53E16/2016/91,Shimla,NEAR BHOLAR VILLAGE BHOLAR,31.1541,77.7837,Debris          Slide,,,2452.7841796875,32.04591475087763,,
4360,HP/SHI/53E04/2017/168,Shimla,BAROHI,31.154111,77.074056,Debris          Slide,,,1655.9337158203125,26.625122669566903,,
4361,HP/SHI/53E04/2017/118,Shimla,NH 88,31.154194,77.032944,Rock            Slide,,,1557.4935302734375,35.78825255731381,,
4362,HP/SHI/53E04/2017/175,Shimla,JUTOGH PAHL ROAD,31.154389,77.032583,Rock            Slide,,,1545.0377197265625,35.53976343847882,,
4363,HP/SOL/53A16/2017/232,Solan,SH 9,31.154611,77.039722,Rock            Slide,,,1604.628173828125,28.11688116968,,
4364,HP/SHI/53E04/2017/98,Shimla,SH 13,31.154722,77.039917,Debris          Slide,,,1600.1141357421875,27.047098686543436,,
4365,HP/SHI/53E16/2016/72,Shimla,NEAR BHOLAR VILLAGE BHOLAR,31.1549,77.7844,Debris          Slide,,,2458.013916015625,38.66255306898226,,
4366,HP/SHI/53E04/2017/174,Shimla,JUTOGH PAHL ROAD,31.156917,77.209278,Debris          Slide,,,2148.55712890625,19.773062647082796,,
4367,HP/SHI/53E04/2017/38,Shimla,SH 13,31.1585,77.205222,Debris          Slide,,,2133.989013671875,17.588481371363795,,
4368,HP/SOL/53A16/2017/132,Solan,MATLOG,31.159917,76.896361,Rock            Slide,,,1589.1517333984375,34.582547822507976,,
4369,HP/SHI/53E16/2016/59,Shimla,NEAR BAKHIRNA VILLAGE,31.1602,77.7637,Debris          Slide,,,2071.617919921875,37.02848799617165,,
4370,HP/SHI/53E04/2017/169,Shimla,PANTI,31.160472,77.063361,Rock            Slide,,,1667.4764404296875,30.321432995058565,,
4371,HP/SHI/53E12/2016/10,Shimla,,31.16061,77.72372,Debris,Slide,2011,1584.15576171875,43.39749252600772,,
4372,HP/SHI/53E04/2017/170,Shimla,PANTI,31.161028,77.058556,Rock            Slide,,,1667.0924072265625,29.79869262597328,,
4373,HP/SHI/53E04/2017/76,Shimla,KADARGHAT,31.161028,77.0585,Rock            Slide,,,1667.0924072265625,29.79869262597328,,
4374,HP/SHI/53E04/2017/176,Shimla,JUTOGH PAHL ROAD,31.161222,77.030639,Debris          Slide,,,1497.223876953125,44.42745605015478,,
4375,HP/SHI/53E04/2017/87,Shimla,BASANTPUR KARIALI ROAD,31.161389,77.053167,Rock            Slide,,,1652.4345703125,28.17710629661021,,
4376,HP/SHI/53E04/2017/171,Shimla,PANTI,31.161472,77.057333,Debris          Slide,,,1650.2889404296875,31.457746639201577,,
4377,HP/SHI/53E16/2016/60,Shimla,NEAR BAKHIRNA VILLAGE,31.1617,77.7577,Debris          Slide,,,2151.133544921875,31.02689713856688,,
4378,HP/SHI/53E04/2017/172,Shimla,JUTOGH PAHL ROAD,31.161722,77.045528,Debris          Slide,,,1635.469482421875,25.93610131251084,,
4379,HP/SHI/53E16/2016/148,Shimla,CHOPARI VILLAGE CHOPARI-NH,31.1618,77.776,Rock            Fall,,,2416.84765625,37.58125370545839,,
4380,HP/SHI/53E16/2016/149,Shimla,CHOPARI VILLAGE CHOPARI-NH,31.1619,77.7741,Rock            Fall,,,2418.5615234375,41.07498933721453,,
4381,HP/SHI/53E04/2017/120,Shimla,NH 88,31.162639,77.035417,Debris          Slide,,,1605.9775390625,19.440494677508937,,
4382,HP/SHI/53E16/2016/150,Shimla,CHOPARI VILLAGE CHOPARI-NH,31.1629,77.7731,Rock            Fall,,,2429.456787109375,44.23550411504123,,
4383,HP/SOL/53E04/2017/243,Solan,SHOGI KASUMPTI ROAD,31.163444,77.015667,Debris          Slide,,,1472.783203125,35.18668146550294,,
4384,HP/SHI/53E04/2017/119,Shimla,NH 88,31.163778,77.028639,Debris          Slide,,,1474.8939208984375,30.269052108127667,,
4385,HP/SOL/53A16/2017/133,Solan,MATLOG,31.163944,76.897528,Rock            Slide,,,1577.6534423828125,37.49376317463282,,
4386,HP/SHI/53E04/2017/161,Shimla,SH 16,31.164111,77.114944,Debris          Slide,,,1881.068359375,27.70936139742203,,
4387,HP/SHI/53E04/2017/162,Shimla,SH 16,31.164139,77.114111,Debris          Slide,,,1848.288818359375,32.04748446306986,,
4388,HP/SOL/53A16/2017/108,Solan,CHAMARDI,31.164222,76.861083,Debris          Slide,,,1053.0067138671875,34.48180660201658,,
4389,HP/SOL/53E04/2017/244,Solan,KASUMPTI,31.164444,77.010111,Debris,Slide,2017,1469.08056640625,25.87650400281842,,
4390,HP/SOL/53E04/2017/245,Solan,KASUMPTI,31.164833,77.006861,Debris          Slide,,,1459.0552978515625,28.82448803523363,,
4391,HP/SHI/53E04/2017/114,Shimla,NATLI KANDA,31.164972,77.232889,Rock            Fall,,,1159.717529296875,34.56118642492463,,
4392,HP/SHI/53E16/2016/71,Shimla,CHOPARI VILLAGE CHOPARI-NH,31.1652,77.7772,Debris          Slide,,,2657.674072265625,24.300602038757383,,
4393,HP/SOL/53E04/2017/246,Solan,KASUMPTI,31.165417,77.005194,Debris          Slide,,,1460.6666259765625,17.887975801195637,,
4394,HP/SHI/53E16/2016/12,Shimla,SIDROTINH-72-SIDROTI LINK,31.1666,77.7634,Debris          Subsidence,,,2320.661376953125,25.445167281980773,,
4395,HP/SOL/53A16/2017/234,Solan,NH 88,31.166833,77.000333,Rock            Slide,,,1450.8111572265625,29.33247423431833,,
4396,HP/SHI/53E16/2016/99,Shimla,NEAR SIDROTI VILLAGRE,31.1684,77.767,Debris          Fall,,,2431.6005859375,43.521829726114376,,
4397,HP/SHI/53E16/2016/70,Shimla,CHOPARI VILLAGE CHOPARI-NH,31.1684,77.767,Debris          Slide,,,2431.6005859375,43.521829726114376,,
4398,HP/SHI/53E04/2017/121,Shimla,GHANDAL HALOG ROAD,31.169361,77.036639,Rock            Slide,,,1594.96533203125,20.715326406043307,,
4399,HP/SOL/53A16/2017/15,Solan,ARKI PIPLUGHAT ROAD,31.169528,76.939556,Rock            Slide,,,1267.2161865234375,40.476571925002965,,
4400,HP/SHI/53E04/2017/39,Shimla,SH 13,31.17,77.204361,Debris          Slide,,,2085.525390625,28.748817084126145,,
4401,HP/SHI/53E08/2016/97,Shimla,Sadhu,31.17093,77.77254,Rock,Slide,2015,2521.23486328125,21.911312585667066,,
4402,HP/SOL/53A16/2017/134,Solan,PANHARU,31.171167,76.891417,Rock            Slide,,,1565.6171875,35.32200106705581,,
4403,HP/SOL/53A16/2017/135,Solan,PANHARU,31.171667,76.890167,Debris            Slide,,,1567.9200439453125,36.650297285751904,,
4404,HP/SOL/53A16/2017/136,Solan,PANHARU,31.172083,76.889583,Rock              Slide,,,1557.8616943359375,31.29712450447695,,
4405,HP/SOL/53A16/2017/176,Solan,RAMSHAHR SWARGHAT,31.172222,76.756306,Debris            Slide,,,1212.1915283203125,32.583713515206966,,
4406,HP/SOL/53A16/2017/16,Solan,ARKI PIPLUGHAT ROAD,31.173222,76.935056,Debris            Slide,,,1253.9404296875,28.214213841228258,,
4407,HP/SHI/53E04/2017/113,Shimla,BASANTPUR KARIALI ROAD,31.174806,77.229528,Rock              Slide,,,1130.52001953125,46.681671409067384,,
4408,HP/SOL/53A16/2017/137,Solan,BAGH,31.175639,76.88025,Debris            Slide,,,1490.501220703125,41.902181626986554,,
4409,HP/SOL/53A16/2017/254,Solan,"SH 9,DADWANI",31.175639,76.971889,Rock              Slide,,,1149.0115966796875,33.9366398772451,,
4410,HP/SOL/53A16/2017/102,Solan,JAINAGAR,31.176194,76.851194,Debris            Slide,,,1105.8560791015625,29.00116454258776,,
4411,HP/SHI/53E16/2016/129,Shimla,NEAR GWASAROHRU-GWASA,31.1763,77.822,Debris            Slide,,,2226.6728515625,33.05941939741121,,
4412,HP/SHI/53E12/2016/51,Shimla,Menthali Rohru road,31.17728,77.72623,Debris,Slide,2014,1478.6483154296875,26.88172702046876,,
4413,HP/SOL/53A12/2017/72,Solan,"NH 21, DADWAL",31.177361,76.690861,Debris            Slide,,,499.63238525390625,28.618179918533105,,
4414,HP/SOL/53A12/2017/46,Solan,"NH 21A,JHARNI",31.177361,76.690861,Rock              Slide,,,499.63238525390625,28.618179918533105,,
4415,HP/SHI/53E04/2017/112,Shimla,BASANTPUR KARIALI ROAD,31.178167,77.226778,Rock              Slide,,,1070.0029296875,44.177655160626806,,
4416,HP/SOL/53A12/2017/70,Solan,"NH 21, DADWAL",31.178556,76.697389,Debris            Slide,,,567.5869140625,20.19743188884798,,
4417,HP/SOL/53A12/2017/44,Solan,"NH 21A,JHARNI",31.178556,76.697389,Debris            Slide,,,567.5869140625,20.19743188884798,,
4418,HP/SHI/53E16/2016/206,Shimla,NEAR GWASAROHRU-GWASA,31.1791,77.8228,Debris            Fall,,,2221.131591796875,26.65966815038966,,
4419,HP/SOL/53A12/2017/71,Solan,"NH 21, DADWAL",31.179639,76.694444,Debris            Slide,,,539.1243286132812,33.75287451117172,,
4420,HP/SOL/53A12/2017/45,Solan,"NH 21A,JHARNI",31.179639,76.694444,Debris            Slide,,,539.1243286132812,33.75287451117172,,
4421,HP/SHI/53E16/2016/195,Shimla,NEAR LOHARDIROHRU-SIDROTI,31.1797,77.751,Rock              Slide,,,2153.57861328125,40.70022641652801,,
4422,HP/SHI/53E12/2016/16,Shimla,Sadu,31.1798,77.7254,Rock              Slide,,,1543.06396484375,39.06147054511049,,
4423,HP/SHI/53E12/2016/17,Shimla,SH-10,31.1798,77.7254,Rock              Slide,,,1543.06396484375,39.06147054511049,,
4424,HP/SHI/53E04/2017/111,Shimla,BASANTPUR KARIALI ROAD,31.179917,77.222083,Rock              Slide,,,1070.8792724609375,43.32152555068909,,
4425,HP/SHI/53E16/2016/114,Shimla,NEAR LOHARDIROHRU-SIDROTI,31.1804,77.7569,Debris            Flow,,,2068.538330078125,24.079900577240405,,
4426,HP/SHI/53E04/2017/163,Shimla,"NH 88,JUTOGH",31.180528,77.122083,Debris            Slide,,,1610.728759765625,23.473770731470303,,
4427,HP/SHI/53E04/2017/110,Shimla,NH 88,31.180694,77.221389,Rock              Slide,,,1086.3441162109375,47.73997830773356,,
4428,HP/SHI/53E16/2016/194,Shimla,DOGARIROHRU-GWASA LINK,31.1813,77.816,Debris            Fall,,,2136.743896484375,28.145850911250513,,
4429,HP/SOL/53A16/2017/131,Solan,DAYOTHAL,31.181722,76.892694,Debris            Slide,,,1709.6151123046875,30.211273815403818,,
4430,HP/SHI/53E04/2017/122,Shimla,JAMOG,31.182528,77.031278,Rock              Slide,,,1554.883544921875,22.34494060542228,,
4431,HP/SOL/53A12/2017/11,Solan,BHINI,31.183778,76.749778,Debris            Slide,,,1235.52587890625,24.587072131891325,,
4432,HP/SOL/53A12/2017/54,Solan,NH 21,31.183778,76.749778,Rock              Slide,,,1235.52587890625,24.587072131891325,,
4433,HP/SHI/53E04/2017/165,Shimla,NH 88,31.183833,77.173861,Rock              Slide,,,1964.732666015625,29.95357129564659,,
4434,HP/SHI/53E04/2017/40,Shimla,SH 13,31.183917,77.1865,Rock              Slide,,,2036.4576416015625,25.39193016850554,,
4435,HP/SHI/53E04/2017/154,Shimla,SH 16,31.184611,77.170028,Debris            Slide,,,1928.12255859375,31.320058768285552,,
4436,HP/SHI/53E08/2016/40,Shimla,Annu Chalanag-Annu road,31.185091,77.359528,Rock cum debris   Slide,,,1783.62060546875,17.890083235166184,,
4437,HP/SOL/53A16/2017/103,Solan,PANJAL,31.186028,76.854778,Rock              Slide,,,1085.4593505859375,27.710678769757457,,
4438,HP/SHI/53E04/2017/41,Shimla,"SH 13,NALDERA",31.186139,77.169639,Debris            Slide,,,1883.957763671875,22.89215106006307,,
4439,HP/SOL/53A16/2017/231,Solan,NH 88,31.186139,76.990389,Rock              Slide,,,1339.203857421875,36.33240686140992,,
4440,HP/SOL/53A16/2017/130,Solan,DAYOTHAL,31.186444,76.899083,Rock              Slide,,,1666.7034912109375,35.34616470822896,,
4441,HP/SOL/53A16/2017/251,Solan,NH 88,31.186556,76.990861,Rock              Slide,,,1337.4957275390625,21.673012373814956,,
4442,HP/SOL/53A16/2017/129,Solan,DAYOTHAL,31.187083,76.89875,Rock              Slide,,,1664.23095703125,29.831683809311222,,
4443,HP/SOL/53A16/2017/252,Solan,NH 88,31.187139,76.99,Rock              Slide,,,1335.969970703125,32.27708220786495,,
4444,HP/SOL/53A16/2017/128,Solan,DAYOTHAL,31.187222,76.897389,Rock              Slide,,,1664.7628173828125,35.24394554892628,,
4445,HP/SHI/53E16/2016/107,Shimla,NEAR BAGIROHRU-GWASA LINK,31.1874,77.8127,Debris            Slide,,,2002.955810546875,41.03258590627546,,
4446,HP/SHI/53E04/2017/42,Shimla,"SH 13,NALDERA",31.1875,77.170472,Debris            Slide,,,1878.3280029296875,26.785271769648105,,
4447,HP/SOL/53A12/2017/69,Solan,"NH 21, SWARGHAT",31.187833,76.694444,Rock              Slide,,,665.1619262695312,19.401029311365225,,
4448,HP/SOL/53A12/2017/43,Solan,"NH 21A,KUNDLU",31.187833,76.694444,Debris            Slide,,,665.1619262695312,19.401029311365225,,
4449,HP/SOL/53A16/2017/253,Solan,NH 88,31.187917,76.990222,Rock              Slide,,,1329.482177734375,28.28924338970012,,
4450,HP/SHI/53E04/2017/123,Shimla,HALOG,31.187972,77.036306,Rock              Slide,,,1516.2431640625,32.0174154512756,,
4451,HP/SHI/53E04/2017/43,Shimla,"SH 13,NALDERA",31.188833,77.170083,Debris            Slide,,,1855.4202880859375,31.006277112355345,,
4452,HP/SOL/53A16/2017/127,Solan,DAYOTHAL,31.189111,76.896333,Rock              Slide,,,1658.6165771484375,38.5366549180012,,
4453,HP/SOL/53A16/2017/101,Solan,JABAL,31.189194,76.839917,Rock              Slide,,,1130.0399169921875,39.823304192290784,,
4454,HP/SHI/53E12/2016/62,Shimla,Turan,31.18981,77.73194,Rock cum debris   Slide,,,1491.2662353515625,36.59951236844888,,
4455,HP/SHI/53E12/2016/3,Shimla,Rumda,31.18981,77.73194,Rock              Slide,,,1491.2662353515625,36.59951236844888,,
4456,HP/SOL/53A16/2017/17,Solan,ARKI PIPLUGHAT ROAD,31.190917,76.9245,Debris            Slide,,,1206.3489990234375,18.56552583201628,,
4457,HP/SHI/53E04/2017/124,Shimla,HALOG,31.190972,77.039083,Debris            Slide,,,1496.6634521484375,31.797523388677924,,
4458,HP/SOL/53A16/2017/107,Solan,JANWAL,31.191417,76.855083,Rock              Slide,,,1093.7816162109375,40.19201694848596,,
4459,HP/SOL/53A16/2017/41,Solan,NH 88,31.191722,76.983194,Rock              Slide,,,1323.3055419921875,23.835606070143623,,
4460,HP/SHI/53E08/2016/93,Shimla,At 189km milestone NH-22,31.192312,77.879547,Rock              Topple,,,2488.596923828125,37.35736313754187,,
4461,HP/SOL/53A16/2017/42,Solan,NH 88,31.192889,76.9805,Rock              Slide,,,1349.8125,31.57312729125694,,
4462,HP/SHI/53E04/2017/108,Shimla,BASANTPUR KARIALI ROAD,31.193417,77.212417,Rock              Slide,,,1104.060302734375,42.80785980239998,,
4463,HP/SHI/53E04/2017/107,Shimla,BASANTPUR KARIALI ROAD,31.193944,77.210833,Rock              Slide,,,1104.703125,38.5133885382001,,
4464,HP/SHI/53E04/2017/105,Shimla,BASANTPUR KARIALI ROAD,31.194556,77.204111,Rock              Slide,,,1128.9454345703125,40.793130919207215,,
4465,HP/SHI/53E04/2017/125,Shimla,HALOG SILAHARA ROAD,31.194559,77.042922,Debris            Slide,,,1463.510986328125,24.449812452709025,,
4466,HP/SHI/53E04/2017/106,Shimla,BASANTPUR KARIALI ROAD,31.194667,77.207167,Rock              Slide,,,1100.124755859375,45.36393135056674,,
4467,HP/SHI/53E04/2017/127,Shimla,HALOG SILAHARA ROAD,31.195667,77.046972,Rock              Fall,,,1390.8455810546875,46.532547134942966,,
4468,HP/SOL/53A12/2017/65,Solan,KALSA,31.196028,76.693806,Debris            Slide,,,870.6115112304688,23.619124631388416,,
4469,HP/SOL/53A12/2017/39,Solan,NH 21A,31.196028,76.693806,Debris            Slide,,,870.6115112304688,23.619124631388416,,
4470,HP/SHI/53E04/2017/126,Shimla,HALOG SILAHARA ROAD,31.196861,77.043028,Rock              Slide,,,1426.112060546875,35.873593290608405,,
4471,HP/SHI/53E04/2017/44,Shimla,"SH 13,NALDERA",31.197111,77.159611,Rock              Slide,,,1743.26025390625,27.88729572043778,,
4472,HP/SHI/53E04/2017/46,Shimla,#N/A #N/A,31.197917,77.155528,Debris            Slide,,,1727.7198486328125,35.222623525015536,,
4473,HP/SHI/53E04/2017/128,Shimla,HALOG SILAHARA ROAD,31.198222,77.052222,Rock              Slide,,,1320.9488525390625,33.05798767744921,,
4474,HP/SOL/53A16/2017/151,Solan,PIPLUGHAT BAHADURPUR,31.198333,76.913639,Debris            Slide,,,1365.065185546875,34.89294583886932,,
4475,HP/SHI/53E04/2017/104,Shimla,BASANTPUR KARIALI ROAD,31.198444,77.201139,Debris            Slide,,,1128.1480712890625,42.259563863717176,,
4476,HP/SHI/53E04/2017/103,Shimla,BASANTPUR KARIALI ROAD,31.19875,77.199694,Debris            Slide,,,1145.4942626953125,39.95240578546231,,
4477,HP/SHI/53E04/2017/89,Shimla,BASANTPUR KARIALI ROAD,31.19875,77.217639,Rock              Fall,,,1210.93994140625,45.11240565239518,,
4478,HP/SOL/53A12/2017/68,Solan,"NH 21, SWARGHAT",31.198806,76.685944,Debris            Slide,,,778.9138793945312,22.684919219008837,,
4479,HP/SOL/53A12/2017/42,Solan,NH 21A,31.198806,76.685944,Debris            Slide,,,778.9138793945312,22.684919219008837,,
4480,HP/SOL/53A16/2017/123,Solan,PIPLUGHAT BAHADURPUR,31.198972,76.913861,Debris            Slide,,,1359.0650634765625,28.50887692826213,,
4481,HP/SHI/53E16/2016/184,Shimla,CHANSIL GHATICHANSIL GHATI-,31.199,77.9901,Debris            Slide,,,3787.687255859375,22.728493991692453,,
4482,HP/SOL/53A12/2017/64,Solan,BHINI,31.199,76.703861,Debris            Slide,,,901.3906860351562,19.228793734253955,,
4483,HP/SOL/53A12/2017/38,Solan,NH 21A,31.199,76.703861,Debris            Slide,,,901.3906860351562,19.228793734253955,,
4484,HP/SOL/53A16/2017/150,Solan,PIPLUGHAT BAHADURPUR,31.199111,76.912611,Debris            Slide,,,1387.643310546875,28.80206081872763,,
4485,HP/SOL/53A12/2017/55,Solan,NH 21,31.199222,76.744472,Debris            Slide,,,1187.753662109375,31.22499653106931,,
4486,HP/SOL/53A12/2017/12,Solan,KALSA,31.199222,76.744472,Debris            Slide,,,1187.753662109375,31.22499653106931,,
4487,HP/SHI/53E16/2016/185,Shimla,CHANSIL GHATICHANSIL GHATI-,31.1993,77.9904,Debris            Slide,,,3789.632568359375,24.26139303635709,,
4488,HP/SHI/53E04/2017/145,Shimla,SH 13,31.1995,77.150278,Rock              Slide,,,1649.919189453125,25.765301844855458,,
4489,HP/SOL/53A12/2017/66,Solan,BAHN,31.199583,76.685972,Debris            Slide,,,812.0218505859375,28.488031429190222,,
4490,HP/SOL/53A12/2017/40,Solan,NH 21A,31.199583,76.685972,Rock              Slide,,,812.0218505859375,28.488031429190222,,
4491,HP/SHI/53E04/2017/48,Shimla,SH 13,31.199694,77.150444,Rock              Slide,,,1654.7701416015625,23.54615603112428,,
4492,HP/SHI/53E16/2016/186,Shimla,CHANSIL GHATICHANSIL GHATI-,31.1998,77.9912,Debris            Slide,,,3775.478759765625,33.56725774221391,,
4493,HP/SOL/53A16/2017/122,Solan,PIPLUGHAT BAHADURPUR,31.199833,76.912444,Debris            Slide,,,1351.612060546875,31.461511192808175,,
4494,HP/SHI/53E16/2016/102,Shimla,"Near Dali, NH-72-Dali link road",31.1999,77.8576,Rock              Slide,,,2287.260498046875,33.22220636142506,,
4495,HP/SOL/53A16/2017/18,Solan,ARKI PIPLUGHAT ROAD,31.199944,76.91975,Debris            Slide,,,1264.7789306640625,31.245931550998517,,
4496,HP/SHI/53E04/2017/129,Shimla,HALOG SILAHARA ROAD,31.2,77.057028,Rock              Slide,,,1282.9593505859375,33.6152246331471,,
4497,HP/SHI/53E16/2016/187,Shimla,CHANSIL GHATICHANSIL GHATI-,31.2003,77.9917,Debris            Slide,,,3785.537841796875,38.0503628298065,,
4498,HP/SHI/53E16/2016/145,Shimla,NEAR CHANSIL GHATITIKRI-,31.2005,77.9895,Debris            Slide,,,3787.0908203125,26.833835589816367,,
4499,HP/SHI/53E04/2017/47,Shimla,SH 13,31.200556,77.14975,Rock              Slide,,,1667.892578125,32.279739997172655,,
4500,HP/SOL/53A16/2017/124,Solan,PIPLUGHAT BAHADURPUR,31.200611,76.910222,Rock              Slide,,,1409.577392578125,27.252094997538578,,
4501,HP/SHI/53E16/2016/188,Shimla,CHANSIL GHATICHANSIL GHATI-,31.2007,77.9923,Debris            Slide,,,3781.408447265625,37.09433042355705,,
4502,HP/SHI/53E04/2017/49,Shimla,SH 13,31.200889,77.146306,Rock              Slide,,,1621.817138671875,42.2545684595699,,
4503,HP/SOL/53A12/2017/67,Solan,"NH 21, SWARGHAT",31.201194,76.684028,Debris            Slide,,,805.6607055664062,26.35138816578603,,
4504,HP/SOL/53A12/2017/41,Solan,NH 21A,31.201194,76.684028,Debris            Slide,,,805.6607055664062,26.35138816578603,,
4505,HP/SHI/53E04/2017/147,Shimla,SH 16,31.201278,77.152417,Rock              Slide,,,1703.8885498046875,36.89166418794681,,
4506,HP/SHI/53E04/2017/130,Shimla,HALOG SILAHARA ROAD,31.201306,77.057139,Rock              Slide,,,1282.23388671875,39.724838199978386,,
4507,HP/SHI/53E16/2016/189,Shimla,CHANSIL GHATICHANSIL GHATI-,31.2017,77.9934,Debris            Slide,,,3764.10400390625,41.765046999602326,,
4508,HP/SHI/53E16/2016/190,Shimla,CHANSIL GHATICHANSIL GHATI-,31.202,77.994,Debris            Slide,,,3747.013427734375,44.806804872255135,,
4509,HP/SOL/53A16/2017/125,Solan,PIPLUGHAT BAHADURPUR,31.202111,76.905917,Debris            Slide,,,1451.144287109375,28.080106216719475,,
4510,HP/SOL/53A16/2017/19,Solan,ARKI PIPLUGHAT ROAD,31.2025,76.917917,Debris            Slide,,,1263.7803955078125,31.50916987036171,,
4511,HP/SOL/53A16/2017/126,Solan,PIPLUGHAT BAHADURPUR,31.202528,76.898972,Rock              Slide,,,1573.5999755859375,26.544848189850764,,
4512,HP/SHI/53E04/2017/141,Shimla,SH 16,31.202667,77.133444,Debris            Slide,,,1538.1932373046875,25.53856594411891,,
4513,HP/SHI/53E16/2016/191,Shimla,CHANSIL GHATICHANSIL GHATI-,31.203,77.995,Debris            Slide,,,3746.37158203125,41.54213314994889,,
4514,HP/SHI/53E16/2016/146,Shimla,NEAR CHANSIL GHATITIKRI-,31.203,77.9897,Debris            Slide,,,3776.5341796875,28.23116168409465,,
4515,HP/SHI/53E04/2017/50,Shimla,SH 13,31.203056,77.136056,Rock              Slide,,,1558.332763671875,35.223336624152225,,
4516,HP/SHI/53E08/2016/80,Shimla,KaligarMatiyana-Rohru Road,31.20314,77.407928,Rock              Slide,,,2168.001953125,31.050568720414116,,
4517,HP/SHI/53E04/2017/144,Shimla,#N/A #N/A,31.203194,77.136056,Rock              Slide,,,1558.332763671875,35.22335687061199,,
4518,HP/SHI/53E04/2017/131,Shimla,HALOG SILAHARA ROAD,31.204444,77.059361,Rock              Slide,,,1247.10302734375,42.089517936846654,,
4519,HP/SHI/53E08/2016/92,Shimla,Kaligar - Matiyana-Rohru Road,31.204536,77.409523,Rock cum debris   Slide,,,2108.094970703125,41.19146467140859,,
4520,HP/SHI/53E04/2017/101,Shimla,SH 13,31.205,77.176667,Debris            Slide,,,1106.31494140625,25.68526736598148,,
4521,HP/SHI/53E16/2016/144,Shimla,NEAR CHANSIL GHATITIKRI-,31.2051,77.9945,Debris            Slide,,,3743.802734375,31.617984124068062,,
4522,HP/SHI/53E04/2017/102,Shimla,BASANTPUR,31.20525,77.189361,Rock              Slide,,,1102.2578125,27.554969994291,,
4523,HP/SHI/53E04/2017/132,Shimla,HALOG SILAHARA ROAD,31.205528,77.059861,Rock              Slide,,,1234.912841796875,38.04571420855634,,
4524,HP/SHI/53E16/2016/142,Shimla,NEAR CHANSIL GHATITIKRI-,31.2057,77.9899,Debris            Slide,,,3750.3671875,36.536901860671975,,
4525,HP/SHI/53E16/2016/143,Shimla,NEAR CHANSIL GHATITIKRI-,31.2061,77.9943,Debris            Slide,,,3739.10498046875,35.03797107775375,,
4526,HP/SHI/53E16/2016/196,Shimla,SANDASU-KASHDHAR,31.2062,77.7924,Debris            Fall,,,1689.4140625,36.404042203698666,,
4527,HP/SHI/53E16/2016/13,Shimla,NEAR JHATWARIROHRU-,31.2066,77.8039,Debris            Subsidence,,,1802.5164794921875,33.65179231553167,,
4528,HP/SOL/53A12/2017/63,Solan,"NH 21, SWARGHAT",31.206639,76.71075,Debris            Slide,,,924.1776733398438,23.280136716375416,,
4529,HP/SOL/53A12/2017/37,Solan,"NH 21A,GUJJAR HATTI",31.206639,76.71075,Debris            Slide,,,924.1776733398438,23.280136716375416,,
4530,HP/SOL/53A16/2017/100,Solan,LOHARGHAT,31.206917,76.821222,Rock              Slide,,,1165.005126953125,23.865297853494223,,
4531,HP/SHI/53E04/2017/51,Shimla,SH 13,31.207,77.131583,Rock              Slide,,,1509.787353515625,20.28157478432872,,
4532,HP/SHI/53E04/2017/143,Shimla,SH 13,31.207083,77.131667,Debris            Slide,,,1509.787353515625,20.281584444516188,,
4533,HP/SHI/53E04/2017/133,Shimla,HALOG SILAHARA ROAD,31.207083,77.068667,Debris            Slide,,,1192.4395751953125,26.58888326008642,,
4534,HP/SOL/53A16/2017/104,Solan,BAROG,31.207139,76.838056,Debris            Slide,,,957.686767578125,35.254664279021306,,
4535,HP/SHI/53E04/2017/134,Shimla,HALOG SILAHARA ROAD,31.207278,77.068278,Rock              Slide,,,1183.5728759765625,24.116300355923563,,
4536,HP/SHI/53E04/2017/88,Shimla,NH 88,31.207333,77.204972,Rock cum debris   Slide,,,1285.7913818359375,43.3599292435467,,
4537,HP/SHI/53E08/2016/18,Shimla,NH-22,31.207495,77.418839,Rock cum debris   Slide,,,2474.178955078125,46.56660235105661,,
4538,HP/SHI/53E16/2016/141,Shimla,NEAR CHANSIL GHATITIKRI-,31.2075,77.9952,Debris            Slide,,,3714.755126953125,35.21853215473614,,
4539,HP/SHI/53E16/2016/106,Shimla,"Near Sainji, Sandsu - Kashdhar",31.2079,77.7975,Debris            Slide,,,1706.4366455078125,20.933841490238304,,
4540,HP/SOL/53A16/2017/40,Solan,NH 88,31.207972,76.977861,Rock              Slide,,,1454.23828125,34.05828729567928,,
4541,HP/SOL/53A16/2017/121,Solan,SOSHWAR,31.208028,76.926944,Debris            Slide,,,1263.852783203125,30.662912018212705,,
4542,HP/SHI/53E16/2016/94,Shimla,SAMOLI-CHIRGAON NH-72,31.2081,77.7771,Earth             Slide,,,1590.244384765625,43.22051938825518,,
4543,HP/SHI/53E04/2017/86,Shimla,BASANTPUR KARIALI ROAD,31.208306,77.202472,Rock              Slide,,,1304.9326171875,42.52656953803568,,
4544,HP/SOL/53A16/2017/99,Solan,LOHARGHAT,31.208611,76.820167,Debris            Slide,,,1146.5203857421875,23.71751850368228,,
4545,HP/SHI/53E04/2017/135,Shimla,HALOG SILAHARA ROAD,31.208944,77.066722,Debris            Slide,,,1170.17724609375,30.511826371960456,,
4546,HP/SOL/53A12/2017/62,Solan,"NH 21, SWARGHAT",31.209083,76.713917,Debris            Slide,,,946.5304565429688,24.51681386311772,,
4547,HP/SOL/53A12/2017/36,Solan,"NH 21A,GUJJAR HATTI",31.209083,76.713917,Debris            Slide,,,946.5304565429688,24.51681386311772,,
4548,HP/SHI/53E16/2016/134,Shimla,NEAR CHANSIL GHATITIKRI-,31.2091,77.9937,Debris            Slide,,,3869.83837890625,32.1305936550672,,
4549,HP/SHI/53E16/2016/135,Shimla,NEAR CHANSIL GHATITIKRI-,31.2092,77.9885,Debris            Slide,,,3722.162841796875,25.83760144608629,,
4550,HP/SHI/53E16/2016/37,Shimla,NEAR SIMOLI VILLAGE,31.2096,77.7797,Debris            Slide,,,1650.7733154296875,30.002991125810674,,
4551,HP/SHI/53E16/2016/182,Shimla,CHANSIL GHATICHANSIL GHATI-,31.2099,77.9989,Debris            Slide,,,3679.23876953125,39.33926423274929,,
4552,HP/SHI/53E16/2016/109,Shimla,JITATANH-72-DALI LINK ROAD,31.21,77.8633,Debris            Slide,,,2065.424072265625,27.362404865924216,,
4553,HP/SHI/53E16/2016/131,Shimla,NEAR CHANSIL GHATITIKRI-,31.2102,77.088,Debris            Slide,,,1109.87939453125,31.96577070780413,,
4554,HP/SHI/53E16/2016/181,Shimla,CHANSIL GHATICHANSIL GHATI-,31.2103,77.9984,Debris            Slide,,,3723.511962890625,39.615067061886826,,
4555,HP/SHI/53E16/2016/136,Shimla,NEAR CHANSIL GHATITIKRI-,31.2103,77.9865,Debris            Slide,,,3689.838623046875,32.980273410939226,,
4556,HP/SHI/53E04/2017/85,Shimla,KADARGHAT,31.210333,77.198667,Rock              Slide,,,1314.5565185546875,30.96167655044951,,
4557,HP/SHI/53E16/2016/139,Shimla,NEAR CHANSIL GHATITIKRI-,31.2106,77.9853,Debris            Slide,,,3655.189697265625,31.08580733540856,,
4558,HP/SHI/53E16/2016/183,Shimla,CHANSIL GHATICHANSIL GHATI-,31.2107,77.9985,Debris            Slide,,,3707.12060546875,42.53893158520635,,
4559,HP/SHI/53E16/2016/138,Shimla,NEAR CHANSIL GHATITIKRI-,31.2108,77.986,Debris            Slide,,,3700.65087890625,28.04063546450724,,
4560,HP/SHI/53E16/2016/133,Shimla,NEAR CHANSIL GHATITIKRI-,31.211,77.9978,Debris            Slide,,,3770.052001953125,39.95419843325959,,
4561,HP/SHI/53E04/2017/52,Shimla,SH 13,31.211028,77.129972,Rock              Slide,,,1493.81298828125,46.2149685086979,,
4562,HP/SOL/53A12/2017/61,Solan,"NH 21, SWARGHAT",31.211778,76.715694,Debris            Slide,,,974.2380981445312,31.979437442586093,,
4563,HP/SOL/53A12/2017/35,Solan,"NH 21A,GUJJAR HATTI",31.211778,76.715694,Debris            Slide,,,974.2380981445312,31.979437442586093,,
4564,HP/SHI/53E04/2017/53,Shimla,SH 13,31.211806,77.128472,Debris            Slide,,,1479.04931640625,42.78983351336439,,
4565,HP/SHI/53E16/2016/132,Shimla,NEAR CHANSIL GHATITIKRI-,31.2125,77.9966,Debris            Slide,,,3857.668212890625,32.70888509299362,,
4566,HP/SHI/53E08/2016/62,Shimla,1km from Matiyana towards,31.212559,77.406349,Rock cum debris   Slide,,,2450.216552734375,25.743949256590568,,
4567,HP/SHI/53E16/2016/16,Shimla,NEAR BIJORI,31.2126,77.7723,Debris            Slide,,,1819.652587890625,46.47509599194183,,
4568,HP/SHI/53E16/2016/162,Shimla,ROHRU-CHIRGAONNH-72,31.2129,77.7897,Earth             Slide,,,1564.5863037109375,30.07085825095387,,
4569,HP/SHI/53E16/2016/161,Shimla,ROHRU-CHIRGAONNH-72,31.2132,77.7926,Debris            Slide,,,1595.998046875,34.208057438314476,,
4570,HP/SHI/53E16/2016/147,Shimla,NEAR CHANSIL GHATITIKRI-,31.2133,77.9814,Debris            Slide,,,3671.86865234375,41.17059024483278,,
4571,HP/SHI/53E16/2016/201,Shimla,ROHRU-CHIRGAONNH-72,31.2133,77.7929,Rock              Slide,,,1592.1697998046875,38.20232741081792,,
4572,HP/SHI/53E16/2016/137,Shimla,NEAR CHANSIL GHATITIKRI-,31.2135,77.9807,Debris            Slide,,,3687.3525390625,41.16852793126561,,
4573,HP/SHI/53E04/2017/55,Shimla,SH 13,31.213556,77.122222,Rock              Slide,,,1447.0650634765625,40.49698871649589,,
4574,HP/SHI/53E16/2016/140,Shimla,NEAR CHANSIL GHATITIKRI-,31.2136,77.98,Debris            Slide,,,3661.947265625,33.47789650209116,,
4575,HP/SOL/53A16/2017/105,Solan,MALEN,31.213722,76.835222,Rock              Slide,,,956.6900024414062,30.01421076022117,,
4576,HP/SHI/53E04/2017/84,Shimla,KADARGHAT,31.213917,77.197,Debris            Slide,,,1360.702880859375,41.143652924524545,,
4577,HP/SHI/53E04/2017/54,Shimla,SH 13,31.213944,77.124917,Rock              Slide,,,1446.640869140625,36.99317557528865,,
4578,HP/SHI/53E16/2016/202,Shimla,ROHRU-CHIRGAONNH-72,31.2143,77.7957,Rock              Slide,,,1582.3529052734375,22.934443211161067,,
4579,HP/SHI/53E16/2016/180,Shimla,NEAR KASHDHARNH-72-,31.2145,77.8728,Debris            Slide,,,1943.54638671875,43.19557204860136,,
4580,HP/SHI/53E04/2017/99,Shimla,NH 88,31.2145,77.1515,Rock              Slide,,,1223.3460693359375,32.8301324246893,,
4581,HP/BIL/53A16/2017/39,Bilaspur,BAHADURPUR,31.214583,76.963083,Debris            Slide,,,1567.0928955078125,22.735012649327626,,
4582,HP/SHI/53E08/2016/38,Shimla,Upslope of Kiara PWD road,31.214821,77.374748,Rock cum debris   Slide,,,2507.240966796875,36.89003202910997,,
4583,HP/SOL/53A12/2017/60,Solan,NH 21,31.214833,76.715722,Rock              Slide,,,991.9861450195312,15.796103417217877,,
4584,HP/SOL/53A12/2017/34,Solan,NH 21A,31.214833,76.715722,Debris            Slide,,,991.9861450195312,15.796103417217877,,
4585,HP/SHI/53E08/2016/7,Shimla,Narainti PWD road,31.215439,77.384125,Rock cum debris   Slide,,,2479.836669921875,29.314798704734176,,
4586,HP/SHI/53E08/2016/31,Shimla,Narainti PWD road,31.215439,77.384125,Rock              Subsidence,,,2479.836669921875,29.314798704734176,,
4587,HP/SHI/53E04/2017/97,Shimla,SH 13,31.2155,77.16125,Rock              Slide,,,978.5679931640624,38.890332177789254,,
4588,HP/SHI/53E16/2016/93,Shimla,SAMOLI-CHIRGAON NH-72,31.2157,77.7785,Earth             Slide,,,2090.896484375,26.31025870527866,,
4589,HP/SHI/53E08/2016/39,Shimla,Kuinal villageBharana link road,31.216143,77.365433,Rock cum debris   Slide,,,2499.140869140625,34.87382488547096,,
4590,HP/SHI/53E08/2016/46,Shimla,Kathal Link road,31.21616,77.357826,Rock cum debris   Slide,,,2469.705078125,39.73463515073157,,
4591,HP/SHI/53E08/2016/55,Shimla,Batlog Bharana link road,31.216203,77.371254,Rock cum debris   Slide,,,2506.50146484375,26.581393786260247,,
4592,HP/SOL/53A12/2017/56,Solan,NH 21,31.216306,76.728167,Rock              Slide,,,1199.252685546875,31.922943411733065,,
4593,HP/SOL/53A12/2017/13,Solan,BAHN,31.216306,76.728167,Debris            Slide,,,1199.252685546875,31.922943411733065,,
4594,HP/SHI/53E04/2017/83,Shimla,KADARGHAT,31.217,77.2074,Debris            Slide,,,1406.927001953125,41.57034894128084,,
4595,HP/SHI/53E04/2017/81,Shimla,KADARGHAT,31.217111,77.208944,Debris            Slide,,,1389.28564453125,34.58653233827908,,
4596,HP/SHI/53E16/2016/166,Shimla,BIJORI-KOTARA ROADBIJORI-,31.2172,77.7821,Debris            Slide,,,2018.1748046875,45.08446050755105,,
4597,HP/SHI/53E16/2016/205,Shimla,NEAR BADIYARABADIYARA,31.2173,77.8306,Rock              Fall,,,1663.30517578125,24.57596755761368,,
4598,HP/SHI/53E16/2016/207,Shimla,NEAR MASLINH-72,31.2173,77.8501,Debris            Slide,,,1931.020263671875,33.844233300342644,,
4599,HP/SOL/53A16/2017/38,Solan,NH 88,31.217306,76.9615,Rock              Slide,,,1591.46435546875,13.17097234340732,,
4600,HP/SOL/53A16/2017/37,Solan,NH 88,31.217556,76.960611,Debris            Slide,,,1599.876220703125,32.033890169794766,,
4601,HP/SHI/53E16/2016/7,Shimla,ROHRU-CHIRGAONNH-72,31.2176,77.8362,Rock              Fall,,,1640.6009521484375,31.02474220591874,,
4602,HP/SOL/53A12/2017/59,Solan,NH 21,31.217722,76.723611,Rock              Slide,,,1034.56982421875,24.38089251440886,,
4603,HP/SOL/53A12/2017/33,Solan,"NH 21A,BAWARAN",31.217722,76.723611,Debris            Slide,,,1034.56982421875,24.38089251440886,,
4604,HP/SHI/53E16/2016/199,Shimla,ROHRU-CHIRGAONNH-72,31.2178,77.8135,Rock              Slide,,,1601.052978515625,30.6450421167978,,
4605,HP/SHI/53E04/2017/82,Shimla,KADARGHAT,31.217917,77.205944,Debris          Slide,,,1392.0565185546875,16.10228488610347,,
4606,HP/SHI/53E04/2017/56,Shimla,SH 13,31.218194,77.118056,Rock            Fall,,,1400.62451171875,44.456037852664096,,
4607,HP/SHI/53E04/2017/100,Shimla,SH 13,31.218222,77.134278,Rock            Slide,,,1293.6339111328125,26.11487330423776,,
4608,HP/SHI/53E04/2017/57,Shimla,SH 13,31.218556,77.119583,Rock            Fall,,,1366.923095703125,45.537421754785946,,
4609,HP/SHI/53E04/2017/96,Shimla,SH 13,31.219028,77.155472,Debris          Slide,,,908.85205078125,34.93849177740967,,
4610,HP/SHI/53E04/2017/137,Shimla,HALOG SILAHARA ROAD,31.219111,77.087222,Rock            Slide,,,924.0806274414062,32.97859343464008,,
4611,HP/SHI/53E16/2016/115,Shimla,NEAR MASLINH-72,31.2192,77.8495,Debris          Flow,,,1800.9410400390625,26.256490735589264,,
4612,HP/SHI/53E04/2017/139,Shimla,HALOG SILAHARA ROAD,31.21925,77.110306,Debris          Slide,,,1279.9517822265625,29.626804942221213,,
4613,HP/SHI/53E16/2016/113,Shimla,NEAR AMBOIAMBOI ROAD,31.2193,77.8303,Debris          Slide,,,1722.2774658203125,51.98042726400132,,
4614,HP/SHI/53E04/2017/140,Shimla,HALOG SILAHARA ROAD,31.219667,77.124639,Rock            Slide,,,1336.3148193359375,29.50237636950027,,
4615,HP/SHI/53E04/2017/80,Shimla,#N/A #N/A,31.219861,77.209778,Rock            Slide,,,1369.2760009765625,38.19357837584321,,
4616,HP/SHI/53E04/2017/142,Shimla,SH 13,31.22,77.153,Rock            Fall,,,902.6685791015624,25.434805318471792,,
4617,HP/SHI/53E04/2017/95,Shimla,SH 13,31.220004,77.152551,Rock            Slide,,,912.0294799804688,22.82044439253381,,
4618,HP/SOL/53A16/2017/106,Solan,SHOLI,31.220083,76.834722,Debris          Slide,,,905.9907836914062,26.1921770353395,,
4619,HP/SHI/53E08/2016/17,Shimla,BatlogPWD road,31.220173,77.380218,Rock            Fall,,,2518.59765625,35.076060121197,,
4620,HP/SHI/53E04/2017/79,Shimla,KADARGHAT,31.220556,77.209056,Rock            Slide,,,1378.3582763671875,34.6247166327062,,
4621,HP/SOL/53A16/2017/82,Solan,NH 21,31.22075,76.777861,Rock            Slide,,,563.6000366210938,38.03534429925159,,
4622,HP/SHI/53E04/2017/75,Shimla,SHANAWAG,31.220778,77.221472,Rock            Slide,,,1318.399169921875,35.01491756622146,,
4623,HP/SHI/53E16/2016/121,Shimla,"NEAR TIKRITIKRI-LAROT ROAD,",31.2208,77.976,Debris          Slide,,,3500.330810546875,16.9083840549139,,
4624,HP/SOL/53A16/2017/34,Solan,NH 88,31.220972,76.947972,Rock            Slide,,,1572.4285888671875,22.705974307763363,,
4625,HP/SOL/53A16/2017/35,Solan,NH 88,31.221,76.953,Rock            Slide,,,1617.89697265625,22.46411127328713,,
4626,HP/SOL/53A12/2017/58,Solan,NH 21,31.221139,76.724056,Debris          Slide,,,1055.5594482421875,19.100386592713644,,
4627,HP/SOL/53A12/2017/32,Solan,"NH 21A,BAWARAN",31.221139,76.724056,Debris          Slide,,,1055.5594482421875,19.100386592713644,,
4628,HP/SOL/53A16/2017/147,Solan,NH 21,31.221306,76.771528,Debris          Slide,,,561.3666381835938,27.819968688298424,,
4629,HP/SHI/53E16/2016/108,Shimla,KASHDHARNH-72-KASHDHAR,31.2214,77.8818,Debris          Slide,,,2358.8515625,29.187982529174175,,
4630,HP/SHI/53E04/2017/94,Shimla,SH 13,31.221583,77.147,Debris          Slide,,,863.01416015625,26.30872802386137,,
4631,HP/SOL/53A16/2017/148,Solan,NH 21,31.22175,76.77075,Rock            Slide,,,574.4718627929688,33.51528625440354,,
4632,HP/SHI/53E04/2017/77,Shimla,NH 88,31.22225,77.2165,Rock            Slide,,,1323.835205078125,29.389358002253186,,
4633,HP/SOL/53A12/2017/57,Solan,NH 21,31.222306,76.7235,Debris          Slide,,,1066.04345703125,25.99743020783133,,
4634,HP/SOL/53A12/2017/31,Solan,"NH 21A,BAWARAN",31.222306,76.7235,Rock            Slide,,,1066.04345703125,25.99743020783133,,
4635,HP/SOL/53A16/2017/149,Solan,NH 21,31.222639,76.768222,Rock            Slide,,,596.25244140625,26.508710121741448,,
4636,HP/SHI/53E04/2017/93,Shimla,SH 13,31.224,77.142222,Debris          Slide,,,833.7748413085938,27.415575373340733,,
4637,HP/SHI/53E04/2017/136,Shimla,"HALOG SILAHARA ROAD,",31.224083,77.073833,Rock            Slide,,,900.0821533203125,44.025546509554495,,
4638,HP/SHI/53E16/2016/130,Shimla,BADIYARA BRIDGEBADIYARA,31.2247,77.845,Rock            Fall,,,1679.2835693359375,35.833710882823205,,
4639,HP/SHI/53E16/2016/118,Shimla,"NEAR TIKRITIKRI-LAROT ROAD,",31.2249,77.9649,Debris          Slide,,,3179.29736328125,29.456508311076647,,
4640,HP/SHI/53E04/2017/92,Shimla,SH 13,31.225083,77.137417,Rock            Slide,,,804.7276611328125,37.8404968906983,,
4641,HP/SOL/53A16/2017/36,Solan,KARARA,31.225194,76.966861,Rock            Slide,,,1553.0299072265625,33.49539203897967,,
4642,HP/SHI/53E16/2016/19,Shimla,NEAR BHAMANALANEAR,31.2255,77.7571,Rock            Slide,,,2138.1728515625,36.729244797959666,,
4643,HP/SHI/53E04/2017/78,Shimla,KADARGHAT,31.225611,77.215861,Rock            Slide,,,1248.41748046875,42.259635719243015,,
4644,HP/SHI/53E16/2016/17,Shimla,NEAR GUMMAJANGLA-GUMMA,31.2257,77.8333,Debris          Slide,,,1924.798828125,36.24907037669709,,
4645,HP/SOL/53A16/2017/152,Solan,NH 21,31.225806,76.760889,Rock            Slide,,,631.76220703125,34.84153993090635,,
4646,HP/SHI/53E04/2017/91,Shimla,SH 13,31.225944,77.134611,Debris          Slide,,,789.921630859375,31.50706858807763,,
4647,HP/SHI/53E04/2017/90,Shimla,BASANTPUR KARIALI ROAD,31.2265,77.133139,Rock            Fall,,,780.13232421875,37.763080287400555,,
4648,HP/SOL/53A16/2017/83,Solan,"NH 21,JAMLI",31.226861,76.77725,Rock            Fall,,,634.5299072265625,32.303325315550175,,
4649,HP/SOL/53A16/2017/20,Solan,SYARI,31.226944,76.905861,Debris          Slide,,,1145.2508544921875,16.1330888938277,,
4650,HP/SOL/53A16/2017/153,Solan,NH 21,31.227639,76.759917,Rock            Slide,,,633.1121215820312,21.03948232922079,,
4651,HP/SHI/53E04/2017/58,Shimla,SH 13,31.228,77.128111,Rock            Topple,,,668.2256469726562,32.61657640159931,,
4652,HP/BIL/53A12/2017/97,Bilaspur,"NH 21A,JHARNI",31.228028,76.678472,Debris          Slide,,,868.0011596679688,22.546591764923512,,
4653,HP/BIL/53A12/2017/21,Bilaspur,"NH 21, KHORANI",31.228028,76.678472,Debris          Slide,,,868.0011596679688,22.546591764923512,,
4654,HP/SOL/53A16/2017/97,Solan,JAMLI,31.228056,76.786111,Rock            Slide,,,926.0537719726562,33.5256932373368,,
4655,HP/SOL/53A16/2017/154,Solan,NH 21,31.228194,76.759889,Debris          Slide,,,633.5838623046875,24.262691777167177,,
4656,HP/SHI/53E16/2016/18,Shimla,NEAR BHAMANALANEAR,31.2282,77.7607,Rock            Slide,,,2408.845458984375,36.44781054865945,,
4657,HP/SHI/53E16/2016/1,Shimla,Near Bhatwari village - NH72-,31.2283,77.8956,Debris          Slide,,,2124.923095703125,37.43300502922314,,
4658,HP/SHI/53E16/2016/119,Shimla,"NEAR TIKRITIKRI-LAROT ROAD,",31.2285,77.9554,Debris          Slide,,,2814.364990234375,22.244326158209415,,
4659,HP/BIL/53A12/2017/96,Bilaspur,"NH 21A,KUNDLU",31.22875,76.684639,Debris          Slide,,,895.5498657226562,23.513326824282185,,
4660,HP/BIL/53A12/2017/20,Bilaspur,"NH 21, KHORANI",31.22875,76.684639,Debris          Slide,,,895.5498657226562,23.513326824282185,,
4661,HP/SOL/53A16/2017/98,Solan,LAG,31.228944,76.791472,Debris          Slide,,,966.3561401367188,37.41193363892699,,
4662,HP/SHI/53E15/2016/38,Shimla,Near Jhalwari Link road,31.2295,77.8095,Debris          Slide,,,2136.425048828125,31.5006133453444,,
4663,HP/SOL/53A16/2017/155,Solan,NH 21,31.229694,76.759667,Rock            Slide,,,658.9109497070312,26.60986459246877,,
4664,HP/SHI/53E16/2016/36,Shimla,ROHRU-CHIRGAONNH-72,31.2301,77.8554,Debris          Slide,,,1720.6668701171875,36.08930314110523,,
4665,HP/SHI/53E04/2017/61,Shimla,CHABA,31.230111,77.122694,Debris          Slide,,,692.4376220703125,34.38312107854431,,
4666,HP/SOL/53A16/2017/156,Solan,NH 21,31.230111,76.760194,Debris          Slide,,,665.6714477539062,22.05804256366206,,
4667,HP/BIL/53A12/2017/103,Bilaspur,"SH 16,KUSRI",31.230167,76.666556,Rock            Slide,,,736.1942749023438,16.59737187788775,,
4668,HP/BIL/53A12/2017/27,Bilaspur,"NH 21,PALACHAD",31.230167,76.666556,Debris          Slide,,,736.1942749023438,16.59737187788775,,
4669,HP/SHI/53E04/2017/138,Shimla,HALOG SILAHARA ROAD,31.230278,77.078083,Rock            Slide,,,1126.6976318359375,33.081438543406314,,
4670,HP/SHI/53E15/2016/39,Shimla,Near Jhalwari Link road,31.2303,77.8133,Debris          Slide,,,2043.925048828125,36.44038318588366,,
4671,HP/SOL/53A16/2017/157,Solan,NH 21,31.230361,76.759778,Debris          Slide,,,677.9021606445312,6.934304522337232,,
4672,HP/SOL/53A16/2017/33,Solan,NH 88,31.230472,76.943972,Debris          Slide,,,1451.9541015625,33.49596151217392,,
4673,HP/SHI/53E04/2017/74,Shimla,SHANAWAG,31.230639,77.221722,Rock            Slide,,,1273.3541259765625,44.00844673285514,,
4674,HP/BIL/53A12/2017/93,Bilaspur,NH 21A,31.230694,76.694806,Rock            Slide,,,960.962158203125,11.54515734386646,,
4675,HP/BIL/53A16/2017/158,Bilaspur,NH 21,31.230694,76.759306,Debris          Slide,,,677.6261596679688,17.321801763175237,,
4676,HP/BIL/53A12/2017/17,Bilaspur,"NH 21, DADWAL",31.230694,76.694806,Debris          Slide,,,960.962158203125,11.54515734386646,,
4677,HP/SHI/53E16/2016/116,Shimla,TIKARI TIKRI-LAROT ROAD,31.2309,77.9304,Debris          Slide,,,2074.019775390625,49.25617138821399,,
4678,HP/SHI/53E16/2016/193,Shimla,NEAR CHIRGAONCHIRGAON-,31.2311,77.8825,Debris          Flow,,,1952.4124755859375,40.8624864831112,,
4679,HP/BIL/53A12/2017/94,Bilaspur,NH 21A,31.231278,76.691944,Debris          Slide,,,944.025390625,25.141544528649156,,
4680,HP/BIL/53A12/2017/18,Bilaspur,"NH 21, DADWAL",31.231278,76.691944,Debris          Slide,,,944.025390625,25.141544528649156,,
4681,HP/BIL/53A16/2017/96,Bilaspur,JAMLI,31.231361,76.779833,Debris          Slide,,,810.659423828125,31.64957763716345,,
4682,HP/BIL/53A12/2017/99,Bilaspur,"NH 21A,JHARNI",31.231556,76.673194,Rock            Slide,,,814.0416870117188,19.70031056260324,,
4683,HP/BIL/53A12/2017/23,Bilaspur,"NH 21,PALACHAD",31.231556,76.673194,Debris          Slide,,,814.0416870117188,19.70031056260324,,
4684,HP/BIL/53A12/2017/104,Bilaspur,"SH 16,KUSRI",31.231583,76.660667,Rock            Slide,,,734.265869140625,24.498821303197506,,
4685,HP/BIL/53A12/2017/28,Bilaspur,PALACHAD JANALI ROAD,31.231583,76.660667,Rock            Slide,,,734.265869140625,24.498821303197506,,
4686,HP/BIL/53A12/2017/102,Bilaspur,"SH 16,KUSRI",31.231833,76.668444,Debris          Slide,,,770.3452758789062,40.32865022859398,,
4687,HP/BIL/53A12/2017/26,Bilaspur,"NH 21,PALACHAD",31.231833,76.668444,Rock            Slide,,,770.3452758789062,40.32865022859398,,
4688,HP/SHI/53E15/2016/37,Shimla,Near Jhalwari Link road,31.232,77.8141,Debris          Slide,,,2033.34521484375,17.83145285369598,,
4689,HP/BIL/53A12/2017/100,Bilaspur,"SH 16,SERI",31.232306,76.671444,Rock            Slide,,,790.4590454101562,37.7020243718768,,
4690,HP/BIL/53A12/2017/24,Bilaspur,"NH 21,PALACHAD",31.232306,76.671444,Rock            Slide,,,790.4590454101562,37.7020243718768,,
4691,HP/BIL/53A12/2017/95,Bilaspur,NH 21A,31.232444,76.686833,Debris          Slide,,,925.3800659179688,29.885761486709544,,
4692,HP/BIL/53A12/2017/19,Bilaspur,"NH 21, DADWAL",31.232444,76.686833,Debris          Slide,,,925.3800659179688,29.885761486709544,,
4693,HP/SOL/53A16/2017/138,Solan,NH 88,31.232528,76.852083,Debris          Slide,,,1254.3372802734375,35.79317921772301,,
4694,HP/SHI/53E16/2016/192,Shimla,NEAR CHIRGAONCHIRGAON-,31.2326,77.8843,Debris          Subsidence,,,1925.740478515625,29.858553947082843,,
4695,HP/SHI/53E04/2017/73,Shimla,KARIALI,31.232833,77.221056,Debris          Slide,,,1267.3148193359375,38.38932516942096,,
4696,HP/BIL/53A12/2017/98,Bilaspur,"NH 21A,JHARNI",31.232972,76.675,Debris          Slide,,,842.0604248046875,28.20278676133788,,
4697,HP/BIL/53A12/2017/22,Bilaspur,"NH 21,PALACHAD",31.232972,76.675,Debris          Slide,,,842.0604248046875,28.20278676133788,,
4698,HP/SHI/53E16/2016/123,Shimla,NEAR SUNDASUSANDASU-,31.233,77.8893,Debris          Flow,,,1954.947265625,33.70071387162411,,
4699,HP/BIL/53A12/2017/92,Bilaspur,NH 21A,31.233361,76.69675,Debris          Slide,,,973.8607788085938,24.120665386379983,,
4700,HP/BIL/53A12/2017/16,Bilaspur,"NH 21, SWARGHAT",31.233361,76.69675,Rock            Slide,,,973.8607788085938,24.120665386379983,,
4701,HP/SHI/53E04/2017/72,Shimla,KARIALI,31.233583,77.231528,Debris          Slide,,,1195.232666015625,41.15452732691447,,
4702,HP/BIL/53A12/2017/101,Bilaspur,"SH 16,KUSRI",31.234278,76.668833,Debris          Slide,,,769.5538940429688,18.559405926254612,,
4703,HP/BIL/53A12/2017/25,Bilaspur,"NH 21,PALACHAD",31.234278,76.668833,Debris          Slide,,,769.5538940429688,18.559405926254612,,
4704,HP/BIL/53A12/2017/90,Bilaspur,"NH 21A,GUJJAR HATTI",31.234444,76.708944,Debris          Slide,,,1049.2957763671875,34.105851589912,,
4705,HP/BIL/53A12/2017/14,Bilaspur,"NH 21, SWARGHAT",31.234444,76.708944,Debris          Slide,,,1049.2957763671875,34.105851589912,,
4706,HP/BIL/53A12/2017/91,Bilaspur,NH 21A,31.234472,76.698778,Debris          Slide,,,974.1976318359376,12.329721710303264,,
4707,HP/BIL/53A12/2017/15,Bilaspur,"NH 21, SWARGHAT",31.234472,76.698778,Debris          Slide,,,974.1976318359376,12.329721710303264,,
4708,HP/SHI/53E16/2016/125,Shimla,NEAR SUNDASUSANDASU-,31.2345,77.8956,Debris          Slide,,,1850.81494140625,38.57907878415345,,
4709,HP/SOL/53A16/2017/22,Solan,SYARI,31.235139,76.901361,Debris          Slide,,,1124.9541015625,22.69684405936978,,
4710,HP/SOL/53A16/2017/21,Solan,SYARI,31.235306,76.901333,Debris          Slide,,,1124.9541015625,22.696880102204823,,
4711,HP/SOL/53A16/2017/23,Solan,SYARI,31.235417,76.900194,Debris          Slide,,,1093.768310546875,30.837024106437436,,
4712,HP/BIL/53A12/2017/80,Bilaspur,"NH 21,PALACHAD",31.236222,76.745111,Debris          Slide,,,797.9119873046875,26.71730452160172,,
4713,HP/SOL/53A16/2017/24,Solan,SYARI,31.236222,76.899639,Debris          Slide,,,1096.7340087890625,28.53744497293204,,
4714,HP/BIL/53A12/2017/1,Bilaspur,NH 21,31.236222,76.745111,Rock            Slide,,,797.9119873046875,26.71730452160172,,
4715,HP/SOL/53A16/2017/32,Solan,NH 88,31.236417,76.923194,Debris          Slide,,,1336.751708984375,36.74454333921444,,
4716,HP/SHI/53E16/2016/104,Shimla,Chirgaon,31.2365,77.8817,Debris          Slide,,,1778.0479736328125,25.09405625812694,,
4717,HP/SHI/53E16/2016/170,Shimla,NEAR SANDASU BRIDGENH-72,31.2365,77.8945,Rock            Slide,,,1782.0235595703125,7.476909304980699,,
4718,HP/SHI/53E16/2016/204,Shimla,NEAR SADANSHUNH-72,31.2368,77.8951,Rock            Fall,,,1783.876953125,6.227229158581878,,
4719,HP/SOL/53A16/2017/25,Solan,SYARI,31.236861,76.899861,Debris          Slide,,,1106.501220703125,42.09213365579971,,
4720,HP/SHI/53E16/2016/11,Shimla,NEAR SANDASU NH-72,31.2369,77.8898,Debris          Subsidence,,,1785.4210205078125,27.78723422313204,,
4721,HP/BIL/53A12/2017/81,Bilaspur,PALACHAD JANALI ROAD,31.236917,76.745028,Rock            Slide,,,795.5114135742188,30.241949416283617,,
4722,HP/BIL/53A12/2017/2,Bilaspur,NH 21,31.236917,76.745028,Debris          Slide,,,795.5114135742188,30.241949416283617,,
4723,HP/BIL/53A16/2017/143,Bilaspur,BAHADURPUR,31.236944,76.842028,Rock            Slide,,,1008.0389404296876,34.076667887051286,,
4724,HP/SHI/53E16/2016/34,Shimla,UKHOTI VILLAGENH-72,31.2373,77.8872,Debris          Slide,,,1808.7152099609375,39.47804928892831,,
4725,HP/BIL/53A16/2017/95,Bilaspur,NH 21,31.237333,76.775944,Debris          Slide,,,743.4571533203125,9.321773780554537,,
4726,HP/SHI/53E16/2016/24,Shimla,NEAR JHALWARI,31.2377,77.8138,Debris          Slide,,,1971.033203125,35.3878214919316,,
4727,HP/SHI/53E04/2017/71,Shimla,KARIALI,31.237778,77.235694,Debris          Slide,,,1166.2908935546875,39.810024414523305,,
4728,HP/SHI/53E04/2017/70,Shimla,DARABLA,31.238472,77.233389,Debris          Slide,,,1167.4827880859375,32.47472060203613,,
4729,HP/SHI/53E16/2016/101,Shimla,"Near Sharli, NH-72",31.2388,77.9107,Debris          Slide,,,1855.3612060546875,38.8044328182898,,
4730,HP/BIL/53A16/2017/139,Bilaspur,BAHADURPUR,31.238972,76.852667,Debris          Slide,,,1141.67822265625,5.4638351357509904,,
4731,HP/SHI/53E16/2016/29,Shimla,NEAR GUMMAJANGLA-GUMMA,31.2392,77.8449,Debris          Slide,,,2436.0673828125,29.333002696053516,,
4732,HP/BIL/53A16/2017/140,Bilaspur,BAHADURPUR,31.239361,76.852028,Rock            Slide,,,1125.2333984375,31.123181701244302,,
4733,HP/SHI/53E16/2016/10,Shimla,Shiladesh,31.2394,77.9428,Rock            Fall,,,2379.75,36.56159676535817,,
4734,HP/SHI/53E16/2016/26,Shimla,NEAR GUMMAJANGLA-GUMMA,31.2395,77.8411,Debris          Slide,,,2247.9140625,51.72293073361303,,
4735,HP/BIL/53A16/2017/146,Bilaspur,MENTHI,31.239556,76.797306,Rock            Slide,,,900.2486572265625,23.711291636129527,,
4736,HP/BIL/53A16/2017/141,Bilaspur,BAHADURPUR,31.239694,76.852,Debris          Slide,,,1121.466796875,32.75049341032791,,
4737,HP/BIL/53A12/2017/82,Bilaspur,PALACHAD JANALI ROAD,31.239944,76.742667,Debris          Slide,,,817.586181640625,29.36966628372745,,
4738,HP/BIL/53A12/2017/3,Bilaspur,NH 21,31.239944,76.742667,Rock            Slide,,,817.586181640625,29.36966628372745,,
4739,HP/BIL/53A16/2017/142,Bilaspur,BAHADURPUR,31.240194,76.850222,Rock            Slide,,,1097.5386962890625,39.29161215497074,,
4740,HP/BIL/53A16/2017/144,Bilaspur,BHAJUN,31.240861,76.808611,Rock            Slide,,,724.2676391601562,29.65018033684642,,
4741,HP/BIL/53A16/2017/84,Bilaspur,NH 21,31.240861,76.777083,Rock            Slide,,,732.8037719726562,33.45848772579065,,
4742,HP/BIL/53A12/2017/83,Bilaspur,PALACHAD JANALI ROAD,31.240889,76.737361,Debris          Slide,,,871.6170043945312,23.755989956119183,,
4743,HP/BIL/53A12/2017/4,Bilaspur,NH 21,31.240889,76.737361,Debris          Slide,,,871.6170043945312,23.755989956119183,,
4744,HP/SHI/53E16/2016/126,Shimla,NEAR DENWARIDENWARI,31.2412,77.9001,Rock            Slide,,,1945.7264404296875,26.53152999796235,,
4745,HP/BIL/53A16/2017/145,Bilaspur,BHAJUN,31.241236,76.80667,Rock            Slide,,,699.7064208984375,39.59401199889475,,
4746,HP/SOL/53A16/2017/26,Solan,CHAMAKADI,31.241389,76.899194,Debris          Slide,,,1113.23828125,28.21009363849075,,
4747,HP/SHI/53E16/2016/95,Shimla,NEAR DENWARI,31.2414,77.8878,Debris          Slide,,,2106.557861328125,36.00496901519244,,
4748,HP/SHI/53E16/2016/122,Shimla,"NEAR TIKRITIKRI-LAROT ROAD,",31.2416,77.9413,Debris          Slide,,,2237.318359375,27.549802407215974,,
4749,HP/BIL/53A16/2017/85,Bilaspur,NH 21,31.241694,76.777944,Rock            Slide,,,746.949951171875,35.33884253335507,,
4750,HP/SHI/53E16/2016/28,Shimla,NEAR GUMMAJANGLA-GUMMA,31.2418,77.8468,Debris          Slide,,,2467.03369140625,18.44579046540422,,
4751,HP/SHI/53E15/2016/18,Shimla,Near Andhra Power house,31.2418,77.8753,Debris          Slide,,,1831.1683349609375,37.166809794017254,,
4752,HP/BIL/53A12/2017/84,Bilaspur,"NH 21A,BAWARAN",31.242167,76.733306,Rock            Slide,,,901.0611572265624,31.302076085582534,,
4753,HP/BIL/53A12/2017/5,Bilaspur,NH 21,31.242167,76.733306,Debris          Slide,,,901.0611572265624,31.302076085582534,,
4754,HP/SOL/53A16/2017/27,Solan,NH 88,31.242222,76.895306,Debris          Slide,,,1107.8443603515625,17.863180675505312,,
4755,HP/BIL/53A16/2017/86,Bilaspur,NH 21,31.242694,76.778528,Debris          Slide,,,755.828857421875,40.343676740449155,,
4756,HP/SHI/53E04/2017/67,Shimla,DARABLA,31.243139,77.236444,Rock            Slide,,,1244.271728515625,42.97599445802893,,
4757,HP/SOL/53A16/2017/28,Solan,NH 88,31.243139,76.896056,Debris          Slide,,,1105.6268310546875,22.890379036916936,,
4758,HP/SOL/53A16/2017/29,Solan,NH 88,31.243167,76.900472,Debris          Slide,,,1071.232421875,24.97180028021253,,
4759,HP/BIL/53A16/2017/87,Bilaspur,NH 21,31.243194,76.777917,Debris          Slide,,,742.7208862304688,36.62796109249117,,
4760,HP/SHI/53E04/2017/66,Shimla,NH 88,31.243417,77.239111,Rock            Slide,,,1233.4129638671875,49.111895849841865,,
4761,HP/BIL/53A12/2017/89,Bilaspur,"NH 21A,GUJJAR HATTI",31.243417,76.721861,Debris          Slide,,,1077.517578125,31.971526273276663,,
4762,HP/BIL/53A12/2017/10,Bilaspur,"NH 21, SWARGHAT",31.243417,76.721861,Debris          Slide,,,1077.517578125,31.971526273276663,,
4763,HP/BIL/53A16/2017/88,Bilaspur,NH 21,31.243611,76.77675,Debris          Slide,,,738.2099609375,25.481009174879738,,
4764,HP/SHI/53E04/2017/63,Shimla,DARABIA,31.243778,77.246944,Debris          Slide,,,1193.101806640625,33.064025976986066,,
4765,HP/SHI/53E04/2017/68,Shimla,DARABLA,31.243944,77.235278,Rock            Slide,,,1246.261962890625,38.66905752726872,,
4766,HP/SHI/53E04/2017/62,Shimla,"SH 13, SUNI",31.244,77.247333,Debris          Slide,,,1201.136474609375,36.30475813084351,,
4767,HP/BIL/53A12/2017/105,Bilaspur,"SH 16,KUSRI",31.244,76.631139,Debris          Slide,,,833.7352905273438,31.443336472708097,,
4768,HP/BIL/53A12/2017/29,Bilaspur,PALACHAD JANALI ROAD,31.244,76.631139,Debris          Slide,,,833.7352905273438,31.443336472708097,,
4769,HP/SHI/53E04/2017/60,Shimla,KHAIRA,31.244083,77.179278,Rock            Slide,,,804.9854125976562,41.93372114408609,,
4770,HP/SHI/53E16/2016/92,Shimla,NEAR DENWARI,31.2442,77.897,Debris          Slide,,,2222.470947265625,43.64770650874507,,
4771,HP/SHI/53E16/2016/25,Shimla,NEAR JANGLAJANGLA ROAD,31.2442,77.8267,Debris          Slide,,,1841.9874267578125,24.94865581550979,,
4772,HP/BIL/53A16/2017/89,Bilaspur,NH 21,31.24425,76.776417,Debris          Slide,,,735.6176147460938,29.87633034772706,,
4773,HP/SHI/53E04/2017/64,Shimla,DARABLA,31.244306,77.2415,Debris          Slide,,,1195.98876953125,35.566301992118134,,
4774,HP/SHI/53E04/2017/69,Shimla,DARABLA,31.244361,77.234722,Debris          Slide,,,1230.5169677734375,34.785884283117696,,
4775,HP/BIL/53A16/2017/90,Bilaspur,NH 21,31.244611,76.774333,Debris          Slide,,,752.8973388671875,35.49087982560637,,
4776,HP/SHI/53E16/2016/27,Shimla,NEAR GUMMAJANGLA-GUMMA,31.245,77.8394,Debris          Slide,,,2332.48681640625,21.900915943300017,,
4777,HP/SHI/53E16/2016/169,Shimla,NEAR TIKRINH-72,31.2452,77.9293,Debris          Slide,,,1917.1160888671875,33.0566257302376,,
4778,HP/BIL/53A16/2017/92,Bilaspur,NH 21,31.245278,76.773333,Debris          Slide,,,737.7521362304688,26.296622877733775,,
4779,HP/BIL/53A12/2017/85,Bilaspur,"NH 21A,BAWARAN",31.245389,76.732722,Debris          Slide,,,919.5855102539062,23.992031452983205,,
4780,HP/BIL/53A12/2017/6,Bilaspur,NH 21,31.245389,76.732722,Rock            Slide,,,919.5855102539062,23.992031452983205,,
4781,HP/BIL/53A16/2017/93,Bilaspur,NH 21,31.246194,76.773333,Rock            Fall,,,740.3746948242188,40.6344710954303,,
4782,HP/SHI/53E15/2016/79,Shimla,Near Dagolichirgaon - Rohal,31.2468,77.8743,Debris          Slide,,,1875.463623046875,42.34646776619609,,
4783,HP/SHI/53E04/2017/59,Shimla,SH 13,31.247056,77.210056,Rock            Slide,,,751.0064086914062,39.12534605505761,,
4784,HP/SHI/53E16/2016/96,Shimla,NEAR DENWARI,31.2471,77.9026,Debris          Slide,,,2305.41943359375,37.5869380427154,,
4785,HP/BIL/53A12/2017/106,Bilaspur,"SH 16,KUSRI",31.247194,76.619417,Debris          Slide,,,860.1591796875,27.32678215917784,,
4786,HP/BIL/53A12/2017/30,Bilaspur,PALACHAD JANALI ROAD,31.247194,76.619417,Debris          Slide,,,860.1591796875,27.32678215917784,,
4787,HP/SHI/53E15/2016/80,Shimla,Near Dagolichirgaon - Rohal,31.2472,77.873,Debris          Slide,,,1966.8502197265625,32.81455198252184,,
4788,HP/BIL/53A12/2017/86,Bilaspur,"NH 21A,BAWARAN",31.248639,76.730444,Debris          Slide,,,958.463134765625,31.545359608003903,,
4789,HP/BIL/53A12/2017/7,Bilaspur,NH 21,31.248639,76.730444,Rock            Slide,,,958.463134765625,31.545359608003903,,
4790,HP/BIL/53A12/2017/88,Bilaspur,"NH 21A,GUJJAR HATTI",31.24875,76.723944,Debris          Slide,,,1029.2530517578125,27.393525294720195,,
4791,HP/BIL/53A12/2017/9,Bilaspur,"NH 21, SWARGHAT",31.24875,76.723944,Debris          Slide,,,1029.2530517578125,27.393525294720195,,
4792,HP/BIL/53A12/2017/87,Bilaspur,NH 21A,31.248889,76.726944,Debris          Slide,,,999.8584594726562,29.321918268473897,,
4793,HP/BIL/53A12/2017/8,Bilaspur,"NH 21, SWARGHAT",31.248889,76.726944,Debris          Slide,,,999.8584594726562,29.321918268473897,,
4794,HP/SHI/53E16/2016/97,Shimla,NEAR DENWARI,31.249,77.9008,Debris          Slide,,,2393.35888671875,41.959561169221914,,
4795,HP/SHI/53E16/2016/33,Shimla,NEAR TIKRINH-72,31.2492,77.9433,Debris          Slide,,,1979.1865234375,40.64936067547106,,
4796,HP/SOL/53A16/2017/30,Solan,NH 88,31.249611,76.913278,Debris          Slide,,,1058.31640625,25.57625044815973,,
4797,HP/BIL/53A16/2017/94,Bilaspur,NH 21,31.249722,76.771611,Rock            Slide,,,746.65185546875,40.26175181383099,,
4798,HP/BIL/53A15/2015/329,Bilaspur,,31.250003,76.771361,Rock,Slide,2015,746.7681274414062,39.803145660611165,,
4799,HP/SOL/53A16/2017/31,Solan,NH 88,31.250139,76.912944,Debris          Slide,,,1065.4266357421875,18.266899138182335,,
4800,HP/SHI/53E16/2016/98,Shimla,NEAR DENWARI,31.2502,77.9026,Debris          Slide,,,2466.91455078125,40.38830011899656,,
4801,HP/SHI/53E03/2015/36,Shimla,,31.250972,77.248528,Rock            Slide,,,791.2501220703125,51.76887952088232,,
4802,HP/SHI/53E07/2016/85,Shimla,Narkanda,31.251583,77.464861,Debris          Slide,,,2693.47021484375,21.621488352804416,,
4803,HP/SHI/53E07/2016/22,Shimla,Narkanda,31.251667,77.473333,Debris          Slide,,,2672.0947265625,23.3606193899366,,
4804,HP/SHI/53E07/2016/56,Shimla,Malghi,31.252,77.29925,Debris          Slide,,,1078.58642578125,45.04001714030674,,
4805,HP/SHI/53E03/2015/37,Shimla,,31.252028,77.215417,Rock            Slide,,,773.38623046875,41.634282935335314,,
4806,HP/SHI/53E07/2016/62,Shimla,Malghi,31.252222,77.297111,Rock            Slide,,,1072.50341796875,36.3035513615893,,
4807,HP/SHI/53E16/2016/120,Shimla,"TIKARI TIKRI-LAROT ROAD, 5KM",31.253,77.9372,Debris          Slide,,,2280.76708984375,29.978210219014315,,
4808,HP/SHI/53E07/2016/53,Shimla,Malghi,31.253083,77.296222,Rock            Slide,,,1084.6298828125,35.97284368573926,,
4809,HP/BIL/53A15/2015/347,Bilaspur,,31.253139,76.770028,Rock,Slide,2015,738.3490600585938,33.47093231768891,,
4810,HP/BIL/53A15/2015/212,Bilaspur,,31.2535,76.770056,Debris,Slide,2015,754.2459716796875,36.87596346576682,,
4811,HP/BIL/53A15/2015/336,Bilaspur,,31.253778,76.770944,Rock,Slide,2015,777.1578979492188,17.990824278307535,,
4812,HP/MAN/53E03/2015/165,Mandi,,31.253999,77.089273,Debris          Slide,,,990.0460815429688,33.13316230367317,,
4813,HP/SHI/53E07/2016/64,Shimla,Narkanda,31.254278,77.479861,Rock            Slide,,,2651.74072265625,32.166437911272006,,
4814,HP/SHI/53E15/2016/94,Shimla,Pekha village,31.2548,77.9756,Rock            Slide,,,2111.832275390625,35.89401269657558,,
4815,HP/SHI/53E07/2016/21,Shimla,Narkanda,31.255306,77.477778,Rock            Slide,,,2640.4873046875,28.065062192518138,,
4816,HP/SHI/53E07/2016/54,Shimla,Malghi,31.256139,77.292889,Rock            Slide,,,1095.649169921875,41.32565390498599,,
4817,HP/BIL/53A15/2015/110,Bilaspur,,31.256889,76.832667,Rock            Slide,,,1046.371337890625,36.639426232370226,,
4818,HP/SHI/53E07/2016/39,Shimla,Alta Khad,31.258,77.598333,Rock            Slide,,,2889.25927734375,39.42161460658575,,
4819,HP/SHI/53E07/2016/40,Shimla,Alta Khad,31.258028,77.598556,Rock            Slide,,,2876.89404296875,35.19062869083142,,
4820,HP/SHI/53E11/2016/46,Shimla,South of Nagadhar,31.258444,77.514583,Rock            Slide,,,2262.178466796875,30.04848306433197,,
4821,HP/BIL/53A15/2015/217,Bilaspur,,31.258472,76.767722,Debris,Slide,2015,773.6278076171875,38.241524631833805,,
4822,HP/SHI/53E11/2016/90,Shimla,South of Nagadhar,31.258722,77.515111,Rock            Slide,,,2258.829345703125,39.37365455387297,,
4823,HP/SHI/53E11/2016/50,Shimla,South of Nagadhar,31.25875,77.516278,Debris          Slide,,,2299.5927734375,47.27915349383166,,
4824,HP/SHI/53E11/2016/47,Shimla,South of Nagadhar,31.25975,77.517833,Debris          Slide,,,2269.063720703125,42.8595200281341,,
4825,HP/SHI/53E07/2016/57,Shimla,Panewar,31.259861,77.300167,Debris          Slide,,,1081.2618408203125,47.628900532409894,,
4826,HP/SHI/53E11/2016/18,Shimla,South of Nagadhar,31.259917,77.513139,Debris          Slide,,,2295.339111328125,21.90558436107271,,
4827,HP/SHI/53E11/2016/48,Shimla,South of Nagadhar,31.259972,77.518722,Rock            Slide,,,2247.167236328125,24.541864575022103,,
4828,HP/MAN/53E03/2015/166,Mandi,,31.260067,77.096134,Debris          Slide,,,1085.8486328125,42.94080127396474,,
4829,HP/MAN/53E03/2015/276,Mandi,,31.260639,77.073278,Rock,Slide,2015,706.0029296875,34.56384651199452,,
4830,HP/SHI/53E07/2016/82,Shimla,North of Narkanda - NH-05,31.261917,77.447639,Debris          Slide,,,2556.7939453125,34.795442840356294,,
4831,HP/BIL/53A15/2015/227,Bilaspur,,31.262639,76.766444,Debris,Slide,2015,786.4005737304688,46.46105529378955,,
4832,HP/SHI/53E15/2016/59,Shimla,"Ramai village, Ramai - NH - 72 -",31.2632,77.9935,Debris          Slide,,,2286.53759765625,36.27987158239375,,
4833,HP/SHI/53E15/2016/61,Shimla,Near Amboi village,31.2645,77.9948,Debris          Slide,,,2283.23291015625,52.965057298215264,,
4834,HP/SHI/53E11/2016/49,Shimla,Jatral,31.265222,77.55075,Rock            Slide,,,2113.863037109375,46.44494677505297,,
4835,HP/SHI/53E15/2016/47,Shimla,Tandi Khad,31.2653,77.9266,Debris          Subsidence,,,2657.494873046875,28.348014431454576,,
4836,HP/SHI/53E07/2016/3,Shimla,Nihri,31.265694,77.469944,Rock            Slide,,,2087.09228515625,30.839294920387097,,
4837,HP/SHI/53E15/2016/60,Shimla,"Ramai village, Ramai - NH - 72 -",31.2657,77.9954,Debris          Slide,,,2317.333984375,50.764428608488686,,
4838,HP/SHI/53E15/2016/49,Shimla,Bakora village,31.2657,77.9321,Debris          Slide,,,2692.568359375,25.09889173386194,,
4839,HP/SHI/53E15/2016/50,Shimla,Bakora village,31.2664,77.9516,Debris          Slide,,,2290.71826171875,43.56468422018192,,
4840,HP/SHI/53E11/2016/104,Shimla,Shila,31.266417,77.561028,Debris          Slide,,,2027.9886474609375,34.20477735129909,,
4841,HP/SHI/53E07/2016/71,Shimla,Sarra,31.268,77.481306,Debris          Slide,,,2039.5035400390625,31.459374707847477,,
4842,HP/SHI/53E11/2016/82,Shimla,Guni,31.268472,77.645222,Rock            Slide,,,2833.69189453125,15.606749488728044,,
4843,HP/SHI/53E11/2016/103,Shimla,Shila,31.268667,77.563694,Rock            Slide,,,2035.23583984375,36.92675037139983,,
4844,HP/MAN/53E03/2015/91,Mandi,,31.269056,77.067389,Debris          Slide,,,859.4299926757812,35.89248272083603,,
4845,HP/SHI/53E07/2016/15,Shimla,Pharnal,31.26925,77.451222,Debris          Slide,,,2411.970947265625,36.01604275535528,,
4846,HP/SHI/53E11/2016/76,Shimla,Chhamni Khad,31.269361,77.671306,Rock            Slide,,,2292.611328125,18.587836983941187,,
4847,HP/SHI/53E07/2016/79,Shimla,"Pharnal, NH-05",31.269389,77.453833,Debris          Slide,,,2396.828125,38.180396923400394,,
4848,HP/SHI/53E07/2016/8,Shimla,"Pharnal, NH-05",31.270361,77.444,Debris          Fall,,,2477.963134765625,36.71305630807466,,
4849,HP/SHI/53E11/2016/45,Shimla,Addu,31.271194,77.566722,Debris          Slide,,,2036.18408203125,38.13131436496514,,
4850,HP/BIL/53A15/2015/126,Bilaspur,,31.271668,76.804999,Debris          Slide,,,924.0965576171876,32.257602411964264,,
4851,HP/BIL/53A15/2015/183,Bilaspur,,31.271816,76.804435,Debris          Slide,,,928.48681640625,39.2508167726772,,
4852,HP/BIL/53A15/2015/89,Bilaspur,,31.272054,76.798522,Debris          Slide,,,856.1246948242188,35.578691476696314,,
4853,HP/MAN/53E03/2015/277,Mandi,,31.272222,77.065556,Rock            Slide,,,862.2137451171875,32.444104710214425,,
4854,HP/SHI/53E07/2016/58,Shimla,Bag,31.272833,77.334611,Debris          Slide,,,981.5056762695312,37.27926040872067,,
4855,HP/BIL/53A15/2015/87,Bilaspur,,31.272909,76.802969,Debris          Slide,,,912.8525390625,39.33110556048743,,
4856,HP/MAN/53E03/2015/116,Mandi,,31.272914,77.040969,Debris          Slide,,,883.7535400390625,40.92448861075353,,
4857,HP/SHI/53E07/2016/68,Shimla,Varubagh,31.273083,77.431833,Rock            Slide,,,2025.921142578125,44.54883786491673,,
4858,HP/BIL/53A15/2015/88,Bilaspur,,31.273239,76.802816,Debris          Slide,,,906.2669677734376,36.3504479266872,,
4859,HP/SHI/53E11/2016/95,Shimla,Nagadhar,31.273806,77.517167,Rock            Slide,,,2338.557373046875,38.27339552098356,,
4860,HP/MAN/53E03/2015/76,Mandi,,31.274278,77.084833,Debris          Slide,,,915.4191284179688,38.979442915584926,,
4861,HP/SHI/53E11/2016/54,Shimla,Addu,31.274806,77.558389,Debris          Slide,,,1976.4774169921875,33.27145038886512,,
4862,HP/SHI/53E11/2016/78,Shimla,Garema,31.2755,77.675278,Rock            Slide,,,2292.546630859375,37.89991783934426,,
4863,HP/SHI/53E07/2016/65,Shimla,North of Narkanda-NH-05,31.27575,77.451972,Rock            Slide,,,2319.57080078125,34.65376072845275,,
4864,HP/BIL/53A15/2015/303,Bilaspur,,31.275989,76.762472,Debris,Slide,2013,554.2730102539062,35.784506504713995,,
4865,HP/SHI/53E07/2016/7,Shimla,Kungal Khad,31.276028,77.618167,Rock            Slide,,,2249.6591796875,36.11060430424027,,
4866,HP/SHI/53E07/2016/72,Shimla,North of Narkanda - NH-05,31.276056,77.451972,Rock            Slide,,,2321.1982421875,37.29614329941733,,
4867,HP/MAN/53E03/2015/75,Mandi,,31.276361,77.058694,Rock            Slide,,,847.8168334960938,39.720524611531346,,
4868,HP/SHI/53E07/2016/96,Shimla,Odi,31.276389,77.448333,Rock            Slide,,,2199.895263671875,16.573121153878336,,
4869,HP/BIL/53A15/2015/293,Bilaspur,,31.277036,76.763667,Debris,Slide,2015,579.532958984375,35.807265622331194,,
4870,HP/SHI/53E11/2016/73,Shimla,Dhopa Dhar,31.277111,77.507194,Rock            Slide,,,2428.281982421875,28.906564936492032,,
4871,HP/SHI/53E15/2016/90,Shimla,Goansari village,31.2774,77.8816,Debris          Slide,,,2232.53369140625,39.20270203738625,,
4872,HP/BIL/53A15/2015/310,Bilaspur,,31.277575,76.762417,Debris,Slide,2015,565.1729125976562,26.481513143291036,,
4873,HP/BIL/53A15/2015/153,Bilaspur,,31.277694,76.76025,Debris,Slide,2015,560.8792724609375,40.24600317990373,,
4874,HP/SHI/53E15/2016/4,Shimla,Near Devidhar NH-72 -,31.278,77.8159,Rock            Fall,,,2099.318359375,26.934602614730633,,
4875,HP/SHI/53E11/2016/72,Shimla,Dhopa Dhar,31.278333,77.509556,Debris          Slide,,,2417.7138671875,28.86507041172663,,
4876,HP/SHI/53E07/2016/98,Shimla,North of Narkanda - NH-05,31.278889,77.450528,Rock            Slide,,,2304.45849609375,29.822435628092553,,
4877,HP/SHI/53E07/2016/43,Shimla,Kungal Khad,31.279389,77.620472,Debris          Slide,,,2265.62109375,29.129391100424193,,
4878,HP/SHI/53E07/2016/91,Shimla,Chalonti dhar,31.2805,77.432167,Rock            Slide,,,2048.9384765625,43.05515321377485,,
4879,HP/SHI/53E15/2016/5,Shimla,Near Dagolichirgaon - Rohal,31.2806,77.8819,Rock            Fall,,,2132.8798828125,42.3592459653874,,
4880,HP/BIL/53A15/2015/127,Bilaspur,,31.280694,76.791472,Debris          Slide,,,757.5249633789062,29.423813097192944,,
4881,HP/BIL/53A15/2015/73,Bilaspur,,31.280833,76.791083,Debris          Slide,,,772.2868041992188,32.79803467384269,,
4882,HP/BIL/53A15/2015/114,Bilaspur,,31.280997,76.78966,Rock            Slide,,,783.2171020507812,31.03872790784848,,
4883,HP/SHI/53E07/2016/38,Shimla,Bam Tikri,31.281389,77.584667,Debris,Slide,2016,2688.371337890625,19.90412031657487,,
4884,HP/SHI/53E07/2016/41,Shimla,Punan,31.282444,77.591861,Rock            Slide,,,2240.779052734375,40.897204929193144,,
4885,HP/SHI/53E15/2016/92,Shimla,Near Pyana village Chirgaon -,31.2827,77.8836,Debris          Flow,,,2188.06787109375,44.48155343824053,,
4886,HP/BIL/53A11/2018/2,Bilaspur,Naina Devi road,31.28298,76.54415,Rock            Slide,,,601.0985717773438,47.30109418120927,,
4887,HP/SHI/53E11/2016/94,Shimla,Sandh,31.283056,77.518833,Debris          Slide,,,2375.566650390625,24.284086646000144,,
4888,HP/SHI/53E15/2016/2,Shimla,Near Devidhar NH-72 -,31.2833,77.8103,Debris          Slide,,,2167.066650390625,22.956110509089203,,
4889,HP/MAN/53E03/2015/168,Mandi,,31.284574,77.082024,Debris          Slide,,,1153.365234375,41.08859077159615,,
4890,HP/SHI/53E07/2016/86,Shimla,"North of Bah, MDR-22",31.285167,77.320556,Debris          Slide,,,772.0319213867188,38.95355634048005,,
4891,HP/SHI/53E07/2016/63,Shimla,"Bhanalag, NH-05",31.285222,77.444722,Rock            Fall,,,2201.643798828125,36.18172088179324,,
4892,HP/SHI/53E11/2016/21,Shimla,Butti Khad,31.285417,77.513333,Earth           Slide,,,2367.04052734375,24.983282369874765,,
4893,HP/SHI/53E15/2016/107,Shimla,Near Bhatwari village,31.2856,77.9943,Debris          Slide,,,2558.027099609375,24.988247703661823,,
4894,HP/SHI/53E11/2016/17,Shimla,Sandh,31.286194,77.525389,Rock            Slide,,,2086.114990234375,43.09014278836293,,
4895,HP/SHI/53E11/2016/80,Shimla,Thali Gad,31.286611,77.676944,Rock            Slide,,,2335.2744140625,42.583412832736535,,
4896,HP/MAN/53E03/2015/198,Mandi,,31.286854,77.077472,Debris          Slide,,,1155.2757568359375,34.67996447962397,,
4897,HP/SHI/53E11/2016/42,Shimla,Arsehel Dhar,31.287722,77.660611,Rock            Slide,,,2782.631591796875,36.38022933767959,,
4898,HP/SHI/53E07/2016/37,Shimla,Siara Gad,31.288333,77.643222,Debris          Slide,,,2172.212158203125,45.15015469175907,,
4899,HP/MAN/53E03/2015/167,Mandi,,31.289331,77.094557,Debris          Slide,,,1293.6158447265625,50.35513127561848,,
4900,HP/SHI/53E15/2016/9,Shimla,Goansari village,31.2896,77.8852,Rock            Fall,,,2116.192138671875,63.712961346863274,,
4901,HP/SHI/53E07/2016/93,Shimla,"Bhanalag, NH-05",31.289972,77.442917,Debris          Slide,,,2163.6357421875,30.85148156704976,,
4902,HP/SHI/53E15/2016/8,Shimla,Near Banoti - NH 72 -Devidhar,31.2901,77.8087,Rock            Fall,,,2230.826416015625,27.66741280150097,,
4903,HP/SHI/53E07/2016/6,Shimla,Bhali,31.290167,77.629333,Rock            Slide,,,2283.2255859375,34.77329531349704,,
4904,HP/SHI/53E07/2016/60,Shimla,"Bhanalag, NH-05",31.290667,77.451222,Rock            Slide,,,2128.283935546875,37.65438582290264,,
4905,HP/SHI/53E07/2016/61,Shimla,Paror,31.290861,77.340389,Rock            Slide,,,1194.5789794921875,42.687178187435194,,
4906,HP/SHI/53E11/2016/102,Shimla,Kabdhar,31.290917,77.536556,Debris          Slide,,,1660.7412109375,35.405989576967,,
4907,HP/SHI/53E15/2016/41,Shimla,Near Nigala village - NH-72 -,31.2923,77.8006,Debris          Slide,,,2356.67041015625,37.87039713039409,,
4908,HP/BIL/53A11/2018/20,Bilaspur,Near Kohna village,31.293446,76.728856,Rock            Slide,,,605.1852416992188,28.516298101679887,,
4909,HP/SHI/53E07/2016/84,Shimla,"Bhanalag, NH-05",31.293556,77.444083,Debris          Slide,,,2132.1494140625,20.99604167556505,,
4910,HP/SHI/53E15/2016/142,Shimla,Goansari village,31.2937,77.887,Rock            Fall,,,2157.923828125,46.113087014647526,,
4911,HP/MAN/53E03/2015/66,Mandi,,31.293917,77.126192,Debris          Slide,,,1350.36767578125,34.07205276017213,,
4912,HP/BIL/53A11/2018/33,Bilaspur,Near Kohnavillage,31.294035,76.72633,Rock            Slide,,,552.4131469726562,22.895655976185644,,
4913,HP/SHI/53E15/2016/40,Shimla,Near Banoti village- NH-72 -,31.2946,77.8072,Debris          Slide,,,2330.75732421875,38.061865674126715,,
4914,HP/SHI/53E07/2016/42,Shimla,North of Narkanda-NH-5,31.295167,77.642667,Rock            Slide,,,2155.183349609375,43.15172592616638,,
4915,HP/SHI/53E11/2016/79,Shimla,Sharmali,31.297778,77.6915,Debris          Slide,,,2331.871826171875,32.355376997547054,,
4916,HP/SHI/53E15/2016/146,Shimla,Goansari village,31.2979,77.8845,Debris          Slide,,,2082.34130859375,9.949560451740842,,
4917,HP/SHI/53E15/2016/34,Shimla,NH-72-Devidhar Link road,31.2981,77.8041,Debris          Slide,,,2304.189208984375,34.862538599112376,,
4918,HP/SHI/53E11/2016/77,Shimla,Sharmali,31.298306,77.691806,Rock            Slide,,,2352.75048828125,25.724704377827635,,
4919,HP/SHI/53E07/2016/97,Shimla,Karoli,31.2985,77.648111,Rock            Slide,,,2097.275634765625,49.399549165060535,,
4920,HP/SHI/53E11/2016/23,Shimla,Jahudim,31.299222,77.527556,Debris          Slide,,,2182.090087890625,31.487214518088944,,
4921,HP/SHI/53E16/2016/23,Shimla,NH-72-DUMRERA LINK ROAD,31.3006,77.8016,Debris          Slide,,,2333.77294921875,39.250893853585914,,
4922,HP/SHI/53E07/2016/92,Shimla,"South of Kumharsain,NH-05",31.300778,77.442889,Rock            Slide,,,2092.528076171875,42.12610815172461,,
4923,HP/BIL/53A11/2018/9,Bilaspur,Naina Devi road,31.3008,76.54985,Rock            Slide,,,874.590576171875,16.880702699502706,,
4924,HP/BIL/53A11/2018/8,Bilaspur,Naina Devi road,31.301,76.54967,Rock            Slide,,,885.2186889648438,22.281354139120182,,
4925,HP/BIL/53A11/2018/3,Bilaspur,Naina Devi road,31.30103,76.53672,Rock            Creep,,,990.0770263671876,26.81893585057169,,
4926,HP/SHI/53E15/2016/75,Shimla,Jabal Diversion,31.3015,77.8878,Debris          Slide,,,2211.001953125,33.417188645923446,,
4927,HP/SHI/53E15/2016/7,Shimla,NH-72- Dumrere link road,31.3019,77.7986,Rock            Fall,,,2324.304443359375,34.768083320605356,,
4928,HP/SHI/53E07/2016/95,Shimla,"South of Kumharsain,NH-05",31.302083,77.442306,Rock            Slide,,,2069.26953125,48.37961034746947,,
4929,HP/MAN/53E03/2015/210,Mandi,,31.302158,77.053029,Debris          Slide,,,826.2373657226562,34.55232699104144,,
4930,HP/MAN/53E03/2015/108,Mandi,,31.302194,77.022833,Debris          Slide,,,1200.684814453125,40.26356357376407,,
4931,HP/SHI/53E15/2016/35,Shimla,Near Dumerera NH-72-,31.3023,77.795,Rock            Fall,,,2424.753662109375,33.20713371132133,,
4932,HP/MAN/53E03/2015/208,Mandi,,31.302524,77.052257,Debris          Slide,,,821.8133544921875,33.503221214736136,,
4933,HP/MAN/53E03/2015/209,Mandi,,31.302528,77.052475,Debris          Slide,,,828.8018188476562,33.88437117810578,,
4934,HP/MAN/53E03/2015/118,Mandi,,31.302778,77.023722,Rock            Slide,,,1206.6639404296875,38.500291155697646,,
4935,HP/BIL/53A15/2015/211,Bilaspur,,31.303072,76.770156,Debris,Slide,2015,657.5899047851562,29.53733514459855,,
4936,HP/MAN/53E03/2015/119,Mandi,,31.303168,77.023874,Debris          Slide,,,1221.4176025390625,35.197027817363555,,
4937,HP/SHI/53E15/2016/144,Shimla,"Near Rohal, river channel(",31.3033,77.8872,Debris          Slide,,,2175.208740234375,54.51671254581517,,
4938,HP/SHI/53E15/2016/63,Shimla,Banwari village,31.3035,77.991,Debris          Slide,,,2646.612548828125,30.67532536180076,,
4939,HP/BIL/53A11/2018/4,Bilaspur,Naina Devi road,31.30353,76.54342,Rock            Slide,,,957.774169921875,41.26577269329176,,
4940,HP/BIL/53A11/2018/7,Bilaspur,Naina Devi road,31.3036,76.53538,Debris          Slide,,,1018.8935546875,38.757677199681126,,
4941,HP/SHI/53E15/2016/62,Shimla,Banwari village,31.3037,77.9906,Debris          Slide,,,2641.7041015625,31.521314553392862,,
4942,HP/BIL/53A11/2018/5,Bilaspur,Naina Devi road,31.30377,76.54117,Rock            Slide,,,949.05078125,14.693824935511431,,
4943,HP/MAN/53E03/2015/117,Mandi,,31.304167,77.0235,Debris          Slide,,,1227.6612548828125,41.07856825510181,,
4944,HP/BIL/53A11/2018/1,Bilaspur,Naina Devi road,31.3046,76.54012,Rock            Slide,,,966.4820556640624,36.52763674557629,,
4945,HP/SHI/53E11/2016/93,Shimla,Kofradhar,31.304722,77.536861,Debris          Slide,,,1608.1796875,34.49731015601321,,
4946,HP/MAN/53E03/2015/120,Mandi,,31.304918,77.02329,Debris          Slide,,,1237.22265625,37.62383553105421,,
4947,HP/MAN/53E03/2015/122,Mandi,,31.305186,77.022925,Debris          Slide,,,1234.7791748046875,37.22703055489057,,
4948,HP/BIL/53A11/2018/48,Bilaspur,Samletu,31.305708,76.703832,Rock            Slide,,,538.9191284179688,34.522691759380066,,
4949,HP/SHI/53E11/2016/55,Shimla,Kofradhar,31.305917,77.536833,Rock            Slide,,,1597.9842529296875,43.63273428978577,,
4950,HP/MAN/53A15/2015/133,Mandi,,31.306002,76.981748,Debris          Slide,,,656.7160034179688,44.56209363432152,,
4951,HP/SHI/53E07/2016/10,Shimla,"Kumharsain,NH-05",31.306722,77.449083,Rock            Slide,,,1905.045166015625,32.35225802397567,,
4952,HP/SHI/53E07/2016/67,Shimla,"Kumharsain,NH-05",31.306806,77.449389,Rock            Slide,,,1887.1124267578125,30.092830245881466,,
4953,HP/SHI/53E07/2016/66,Shimla,Kandreri,31.307278,77.62925,Rock            Slide,,,2017.887939453125,42.89369941856573,,
4954,HP/SHI/53E11/2016/85,Shimla,Sharmali,31.307472,77.679611,Rock            Slide,,,2703.29345703125,32.14500467974399,,
4955,HP/SHI/53E07/2016/94,Shimla,"Kumharsain,NH-05",31.307917,77.436528,Rock            Slide,,,2022.64599609375,32.761582360476844,,
4956,HP/SHI/53E07/2016/11,Shimla,"Kumharsain,NH-05",31.308028,77.434778,Rock            Slide,,,1893.6231689453125,31.725172814448044,,
4957,HP/MAN/53A15/2015/70,Mandi,,31.308051,76.983487,Debris          Slide,,,656.8195190429688,45.74797192206479,,
4958,HP/MAN/53A15/2015/69,Mandi,,31.308126,76.986544,Debris          Slide,,,763.0476684570312,45.83293133765802,,
4959,HP/SOL/53A15/2015/160,Solan,,31.308266,76.973264,Debris          Slide,,,789.0130615234375,39.41016046603798,,
4960,HP/SHI/53E15/2016/77,Shimla,Near Byuarghodi,31.3083,77.8837,Debris          Slide,,,2243.668701171875,29.05773915010197,,
4961,HP/MAN/53E03/2015/197,Mandi,,31.308551,77.049424,Debris          Slide,,,878.3170776367188,54.54810361465451,,
4962,HP/SHI/53E11/2016/75,Shimla,Sharmali,31.308722,77.682139,Rock            Slide,,,2707.637451171875,36.41080351693201,,
4963,HP/MAN/53E03/2015/274,Mandi,,31.309194,77.122472,Rock,Slide,2015,1687.1763916015625,28.314868658642713,,
4964,HP/SHI/53E11/2016/106,Shimla,Sharmali,31.30925,77.683722,Rock            Slide,,,2694.912841796875,26.438895942803228,,
4965,HP/SHI/53E11/2016/43,Shimla,Sungri,31.30925,77.700583,Rock            Slide,,,2592.375732421875,33.2300538868492,,
4966,HP/SHI/53E11/2016/83,Shimla,Sungri,31.309278,77.700111,Debris          Slide,,,2600.125732421875,31.27223152117433,,
4967,HP/SHI/53E15/2016/145,Shimla,Byuri Village,31.3093,77.8827,Rock            Slide,,,2332.791748046875,40.66548847988001,,
4968,HP/BIL/53A15/2015/74,Mandi,,31.309944,76.981417,Debris          Slide,,,736.1766357421875,37.58625893939235,,
4969,HP/MAN/53A15/2015/71,Mandi,,31.31026,76.98098,Debris          Slide,,,736.580810546875,36.17412269327789,,
4970,HP/MAN/53A15/2015/161,Mandi,,31.310444,76.992174,Debris          Slide,,,1139.9375,24.001571562920777,,
4971,HP/SHI/53E11/2016/81,Shimla,Sungri,31.310722,77.694333,Rock            Slide,,,2655.0283203125,37.37690819776942,,
4972,HP/SHI/53E11/2016/53,Shimla,Shalech,31.310833,77.539528,Rock            Slide,,,1570.67626953125,33.32165091972711,,
4973,HP/SHI/53E15/2016/76,Shimla,Near Byuar,31.311,77.8872,Debris          Slide,,,2338.668701171875,43.72409321480931,,
4974,HP/SHI/53E07/2016/78,Shimla,"Kumharsain,NH-05",31.311056,77.439806,Earth           Slide,,,1974.3074951171875,28.17025800201087,,
4975,HP/SHI/53E07/2016/16,Shimla,"Kumharsain,NH-05",31.311083,77.453528,Debris          Slide,,,1631.439453125,31.26626663552098,,
4976,HP/SHI/53E07/2016/20,Shimla,"Kumharsain,NH-05",31.312444,77.45425,Rock            Slide,,,1610.5208740234375,54.16546791247137,,
4977,HP/MAN/53E03/2015/275,Mandi,,31.313139,77.131,Debris          Slide,,,1587.17041015625,37.68605655836937,,
4978,HP/SHI/53E07/2016/36,Shimla,MDR-22,31.31325,77.337667,Debris          Slide,,,758.7178955078125,40.53857397231038,,
4979,HP/BIL/53A15/2015/282,Bilaspur,,31.313778,76.763667,Rock,Slide,2015,589.9949340820312,12.801922852892968,,
4980,HP/SHI/53E07/2016/89,Shimla,Kandreri,31.314306,77.612778,Debris          Slide,,,1533.7498779296875,33.251387977797016,,
4981,HP/SHI/53E07/2016/51,Shimla,Dhansha,31.314444,77.633139,Debris          Slide,,,1839.804443359375,26.023909640680195,,
4982,HP/SHI/53E07/2016/87,Shimla,Kandreri,31.314583,77.612972,Debris          Slide,,,1518.2646484375,13.881096243610235,,
4983,HP/MAN/53E03/2015/55,Mandi,,31.3149,77.014217,Debris          Slide,,,1357.70751953125,38.92197006625683,,
4984,HP/SHI/53E11/2016/74,Shimla,Shalech,31.315889,77.533667,Rock            Slide,,,1502.375244140625,41.98260005467263,,
4985,HP/BIL/53A11/2018/42,Bilaspur,Ghwanal,31.316065,76.536287,Debris          Slide,,,875.9290771484375,36.05534958922035,,
4986,HP/BIL/53A11/2018/41,Bilaspur,,31.318553,76.535858,Rock            Slide,,,860.9573364257812,38.12080142015678,,
4987,HP/MAN/53E03/2015/273,Mandi,,31.319,77.120167,Rock            Slide,,,1795.778564453125,19.18968295058395,,
4988,HP/SHI/53E15/2016/139,Shimla,Near Tandiwali,31.3199,77.8852,Rock            Fall,,,2316.04541015625,24.457742141336283,,
4989,HP/SHI/53E15/2016/74,Shimla,Near Tandiwal,31.3205,77.884,Debris          Slide,,,2304.73583984375,30.037064473332883,,
4990,HP/SHI/53E07/2016/70,Shimla,Sumni,31.321028,77.403833,Rock            Fall,,,1502.676513671875,24.118525946839025,,
4991,HP/SHI/53E15/2016/89,Shimla,Near Hingori - NH 72 - Rohal,31.3212,77.8681,Debris          Slide,,,2880.68896484375,28.483659213937372,,
4992,HP/SHI/53E11/2016/96,Shimla,Jajoli,31.322056,77.512028,Debris          Slide,,,1903.25146484375,42.68734881210636,,
4993,HP/MAN/53E03/2015/192,Mandi,,31.322424,77.038034,Debris          Slide,,,1586.3590087890625,34.170113706788165,,
4994,HP/MAN/53E03/2015/191,Mandi,,31.322694,77.03775,Debris          Slide,,,1611.15380859375,33.77524346835044,,
4995,HP/SHI/53E15/2016/10,Shimla,"Near Hingori, right bank NH-72-",31.3227,77.8874,Debris          Slide,,,2346.4658203125,31.552459380177968,,
4996,HP/SHI/53E15/2016/140,Shimla,Near Hingarinh - 72 -Rohal LInk,31.3227,77.8879,Rock            Fall,,,2365.448974609375,39.62147251894577,,
4997,HP/BIL/53A11/2018/17,Bilaspur,Hrishikesh,31.323091,76.737065,Rock            Slide,,,552.6732788085938,26.212851185275586,,
4998,HP/BIL/53A15/2015/25,Bilaspur,,31.323419,76.875422,Debris          Slide,,,1156.9263916015625,34.5786581963896,,
4999,HP/SHI/53E07/2016/50,Shimla,Sharog,31.3235,77.61,Debris          Slide,,,1481.9010009765625,28.901020076556595,,
5000,HP/SHI/53E07/2016/88,Shimla,Sharog,31.323528,77.609694,Rock            Slide,,,1483.9617919921875,31.174081149384705,,
5001,HP/MAN/53E03/2015/196,Mandi,,31.323556,77.037167,Debris          Slide,,,1598.0556640625,28.21968969080676,,
5002,HP/MAN/53A15/2015/201,Mandi,,31.323624,76.969346,Debris          Slide,,,702.6943969726562,40.21410457366836,,
5003,HP/BIL/53A15/2015/24,Bilaspur,,31.323702,76.875317,Debris          Slide,,,1143.8746337890625,35.23162637356874,,
5004,HP/SOL/53A15/2015/142,Solan,,31.323766,76.900864,Debris          Slide,,,1225.680908203125,28.30079184008849,,
5005,HP/BIL/53A15/2015/23,Bilaspur,,31.323974,76.875264,Debris          Slide,,,1153.287109375,39.933776873990624,,
5006,HP/SHI/53E15/2016/88,Shimla,Hingori Khad near Tandiwali,31.3242,77.8738,Debris          Slide,,,2532.430419921875,32.379446100211695,,
5007,HP/MAN/53E03/2015/193,Mandi,,31.324264,77.038188,Debris          Slide,,,1563.747802734375,20.28474535374847,,
5008,HP/BIL/53A15/2015/22,Bilaspur,,31.32443,76.875179,Debris          Slide,,,1177.69775390625,37.96520584714684,,
5009,HP/MAN/53E03/2015/195,Mandi,,31.324472,77.038111,Debris          Slide,,,1550.18798828125,24.283826511635738,,
5010,HP/BIL/53A15/2015/21,Bilaspur,,31.324769,76.875025,Debris          Slide,,,1155.588134765625,32.544816382258794,,
5011,HP/MAN/53A15/2015/2,Mandi,,31.324927,76.99688,Debris          Slide,,,1369.52783203125,37.09167094918332,,
5012,HP/SHI/53E15/2016/87,Shimla,Near Hingori - NH 72 - Rohal,31.3251,77.8701,Debris          Slide,,,2553.11279296875,34.86140510415079,,
5013,HP/MAN/53A15/2015/57,Mandi,,31.325217,76.987676,Debris          Slide,,,1179.0694580078125,40.84330721212805,,
5014,HP/SHI/53E07/2016/74,Shimla,Khabar,31.325444,77.405056,Rock            Slide,,,1479.1197509765625,39.54597005323648,,
5015,HP/MAN/53E03/2015/190,Mandi,,31.325518,77.029832,Debris          Slide,,,1811.1634521484375,36.597863036375024,,
5016,HP/SHI/53E07/2016/9,Shimla,Khabar,31.325833,77.406139,Debris          Slide,,,1460.6331787109375,31.458852625623315,,
5017,HP/MAN/53A15/2015/202,Mandi,,31.327597,76.965616,Debris          Slide,,,759.4370727539062,35.753571182460924,,
5018,HP/MAN/53E03/2015/272,Mandi,,31.327806,77.171861,Rock,Slide,2015,1870.3887939453125,39.87992072151268,,
5019,HP/SHI/53E07/2016/47,Shimla,South of Chakhati,31.329444,77.611639,Rock            Slide,,,1441.0606689453125,31.36547452219246,,
5020,HP/SHI/53E15/2016/78,Shimla,Near Rohal - NH-72-Rohal link,31.3303,77.8958,Debris          Slide,,,2602.611328125,40.523918067190486,,
5021,HP/BIL/53A15/2015/173,Bilaspur,,31.33075,76.771222,Debris          Slide,,,687.6751708984375,14.663473380872569,,
5022,HP/SOL/53A15/2015/162,Solan,,31.330794,76.935997,Debris          Slide,,,895.6552124023438,39.233634678047245,,
5023,HP/SHI/53E07/2016/2,Shimla,Kingal,31.331278,77.41675,Rock            Slide,,,1252.33056640625,54.88112564599157,,
5024,HP/SOL/53A15/2015/19,Solan,,31.332512,76.86912,Debris          Slide,,,1157.7232666015625,46.65898143740949,,
5025,HP/BIL/53A15/2015/194,Bilaspur,,31.332722,76.773694,Debris          Slide,,,801.6409912109375,34.17882059132856,,
5026,HP/SOL/53A15/2015/141,Solan,,31.33323,76.926209,Debris          Slide,,,1344.5299072265625,42.97827819365412,,
5027,HP/SHI/53E07/2016/49,Shimla,Chakhati,31.334056,77.609222,Rock            Slide,,,1418.9437255859375,40.21000789190217,,
5028,HP/SOL/53A15/2015/20,Solan,,31.334567,76.868967,Debris          Slide,,,1221.9971923828125,49.69533605742279,,
5029,HP/SHI/53E07/2016/13,Shimla,"Kingal,NH-05",31.334639,77.421611,Debris          Slide,,,1064.1632080078125,35.296593210641085,,
5030,HP/SHI/53E15/2016/138,Shimla,Jatwaninh - 72- Rohal Link road,31.3348,77.9145,Debris          Slide,,,2723.450439453125,30.87290400397941,,
5031,HP/SHI/53E11/2016/108,Shimla,Bhera Khad,31.334972,77.53225,Rock            Slide,,,1315.6934814453125,44.10083808836399,,
5032,HP/MAN/53E03/2015/188,Mandi,,31.335069,77.017197,Debris          Slide,,,1902.6407470703125,41.12703015823531,,
5033,HP/SHI/53E07/2016/77,Shimla,"South of Luhri, NH05",31.335333,77.435722,Debris          Slide,,,951.7364501953124,40.13086523584398,,
5034,HP/MAN/53E07/2016/76,Mandi,"North of Luhri, NH305",31.335444,77.422306,Rock            Slide,,,1059.3089599609375,34.43339066762974,,
5035,HP/SHI/53E07/2016/25,Shimla,"South of Luhri, NH05",31.336194,77.429667,Rock            Slide,,,1125.701416015625,32.067571556518686,,
5036,HP/SHI/53E07/2016/59,Shimla,Jhamol,31.336472,77.392194,Rock            Slide,,,1497.939208984375,46.12386670866584,,
5037,HP/SHI/53E15/2016/72,Shimla,Near Tandwari NH-72- Rohal,31.3366,77.8914,Debris          Slide,,,2740.848388671875,41.71754921920951,,
5038,HP/SHI/53E07/2016/32,Shimla,"South of Luhri, NH05",31.337111,77.434556,Rock            Slide,,,951.8447265625,41.83999498308621,,
5039,HP/MAN/53A15/2015/170,Mandi,,31.337464,76.952659,Debris          Slide,,,766.5811157226562,36.578020873444984,,
5040,HP/SHI/53E07/2016/90,Shimla,Jhamol,31.337528,77.392833,Rock            Slide,,,1451.2835693359375,47.706169829366665,,
5041,HP/MAN/53A15/2015/169,Mandi,,31.338274,76.952842,Debris          Slide,,,723.554931640625,40.24052641349456,,
5042,HP/MAN/53E03/2015/3,Mandi,,31.338608,77.003835,Debris          Slide,,,1986.389404296875,16.127187459068345,,
5043,HP/MAN/53A15/2015/56,Mandi,,31.338642,76.952169,Debris          Slide,,,671.0811767578125,32.59107604116383,,
5044,HP/SHI/53E07/2016/52,Shimla,Jhamol,31.339056,77.394611,Rock            Slide,,,1439.375,40.39534083143873,,
5045,HP/BIL/53A15/2015/18,Bilaspur,,31.339788,76.85829,Debris          Slide,,,1272.3262939453125,36.848886578630285,,
5046,HP/BIL/53A15/2015/42,Bilaspur,,31.340139,76.780278,Debris          Slide,,,921.4747924804688,23.836708413482818,,
5047,HP/BIL/53A15/2015/17,Bilaspur,,31.340306,76.857998,Debris          Slide,,,1271.7764892578125,40.24229976092374,,
5048,HP/BIL/53A15/2015/16,Bilaspur,,31.340607,76.85776,Debris          Slide,,,1266.13427734375,39.966742271261154,,
5049,HP/SHI/53E07/2016/26,Shimla,"Sainji, NH05",31.341139,77.448778,Debris          Slide,,,867.7514038085938,43.52569591300764,,
5050,HP/SHI/53E07/2016/48,Shimla,Chakhati,31.341556,77.608389,Debris          Slide,,,1448.68310546875,36.35647307746675,,
5051,HP/BIL/53A15/2015/31,Bilaspur,,31.342713,76.790647,Debris          Slide,,,1233.501708984375,17.734565943951065,,
5052,HP/BIL/53A15/2015/33,Mandi,,31.343274,76.959695,Debris          Slide,,,907.6445922851562,56.91047751501673,,
5053,HP/SHI/53E07/2016/55,Shimla,Chakhati,31.344556,77.609028,Debris          Slide,,,1401.696044921875,40.08463027782978,,
5054,HP/SHI/53E07/2016/69,Shimla,"Sainji, NH05",31.3465,77.455778,Debris          Slide,,,831.6431884765625,23.1306819384464,,
5055,HP/SHI/53E07/2016/31,Shimla,"Bithal,NH05",31.34825,77.474222,Debris          Slide,,,803.47802734375,22.09185872069209,,
5056,HP/SOL/53A15/2015/134,Solan,,31.349924,76.872811,Debris          Slide,,,715.6378784179688,50.50048563304785,,
5057,HP/BIL/53A11/2018/44,Bilaspur,,31.350086,76.505033,Soil            Slide,,,715.2803344726562,25.13470083094246,,
5058,HP/MAN/53E03/2015/358,Mandi,,31.350444,77.009028,Rock            Slide,,,1917.420166015625,40.66489292984492,,
5059,HP/BIL/53A15/2015/28,Bilaspur,,31.350722,76.812963,Debris          Slide,,,614.7660522460938,34.76445030470623,,
5060,HP/BIL/53A15/2015/27,Bilaspur,,31.351069,76.8131,Debris          Slide,,,608.4481201171875,20.10596608128521,,
5061,HP/MAN/53E03/2015/53,Mandi,,31.351343,77.02617,Debris          Slide,,,2035.9359130859375,37.743296960515565,,
5062,HP/MAN/53E03/2015/54,Mandi,,31.351392,77.02627,Debris          Slide,,,2036.8597412109375,29.923473622369364,,
5063,HP/MAN/53E03/2015/51,Mandi,,31.351488,77.024845,Debris          Slide,,,2040.714111328125,40.46740923734168,,
5064,HP/MAN/53E07/2016/18,Mandi,Jabla,31.3515,77.272472,Debris          Fall,,,1996.5927734375,28.04001677114621,,
5065,HP/MAN/53E03/2015/49,Mandi,,31.351861,77.006861,Rock            Slide,,,1921.490234375,39.045173043609864,,
5066,HP/MAN/53E03/2015/359,Mandi,,31.351861,77.006861,Rock            Slide,,,1921.490234375,39.045173043609864,,
5067,HP/SOL/53A15/2015/44,Solan,,31.352306,76.876944,Debris          Slide,,,624.5990600585938,22.835973095445333,,
5068,HP/MAN/53E03/2015/335,Mandi,,31.352611,77.022083,Rock            Slide,,,1999.107421875,41.3113821749106,,
5069,HP/BIL/53A15/2015/26,Bilaspur,,31.352944,76.813111,Debris          Slide,,,604.5494995117188,16.448408332814065,,
5070,HP/MAN/53E03/2015/50,Mandi,,31.352972,77.012139,Rock            Slide,,,1937.6256103515625,25.64425781487017,,
5071,HP/MAN/53A15/2015/61,Mandi,,31.353076,76.9291,Debris          Slide,,,840.5548706054688,45.22190789594164,,
5072,HP/MAN/53E03/2015/360,Mandi,,31.3535,77.011028,Rock            Slide,,,1948.692138671875,24.8244464974867,,
5073,HP/MAN/53E03/2015/331,Mandi,,31.3535,77.011028,Rock            Slide,,,1948.692138671875,24.8244464974867,,
5074,HP/MAN/53E03/2015/78,Mandi,,31.353596,77.053735,Debris          Slide,,,1232.61962890625,38.19007932140606,,
5075,HP/MAN/53E03/2015/48,Mandi,,31.353679,77.012941,Debris          Slide,,,1934.02099609375,31.451500156232903,,
5076,HP/MAN/53E03/2015/333,Mandi,,31.354861,77.018667,Rock            Slide,,,1966.1363525390625,41.96268997237648,,
5077,HP/MAN/53E03/2015/334,Mandi,,31.354917,77.02025,Rock            Slide,,,2001.3533935546875,40.025569871728514,,
5078,HP/MAN/53E03/2015/332,Mandi,,31.355139,77.01675,Rock            Slide,,,2052.80859375,41.851762864380184,,
5079,HP/MAN/53A15/2015/65,Mandi,,31.355227,76.927341,Debris          Slide,,,792.7633666992188,43.96453770812178,,
5080,HP/BIL/53A11/2018/24,Bilaspur,Near Kallar,31.35556,76.724121,Debris          Slide,,,539.8068237304688,23.37543870386523,,
5081,HP/SHI/53E11/2016/22,Shimla,Sarot Dhar,31.356111,77.69875,Debris          Fall,,,2351.0712890625,39.778223679497856,,
5082,HP/SOL/53A15/2015/43,Solan,,31.356537,76.882982,Debris          Slide,,,578.95361328125,60.92687962164322,,
5083,HP/BIL/53A15/2015/163,Bilaspur,,31.357787,76.806054,Debris          Slide,,,690.5233764648438,37.32096259727087,,
5084,HP/MAN/53A15/2015/171,Mandi,,31.358383,76.931037,Debris          Slide,,,598.4164428710938,46.917395077253225,,
5085,HP/MAN/53E03/2015/337,Mandi,,31.359778,77.025889,Earth           Creep,,,2145.641357421875,33.39275963838864,,
5086,HP/SOL/53A15/2015/203,Solan,,31.360083,76.894611,Debris          Slide,,,554.253662109375,17.400984139055083,,
5087,HP/MAN/53E03/2015/338,Mandi,,31.360222,77.025167,Debris          Slide,,,2116.08203125,24.825615773500836,,
5088,HP/SOL/53A15/2015/140,Solan,,31.360265,76.893557,Debris          Slide,,,562.0811767578125,28.668994997169374,,
5089,HP/SOL/53A15/2015/139,Solan,,31.361221,76.8777,Debris          Slide,,,670.64453125,54.58410020536674,,
5090,HP/MAN/53E03/2015/245,Mandi,,31.361917,77.068167,Rock            Slide,,,1792.387451171875,17.761933337379627,,
5091,HP/MAN/53E07/2016/5,Mandi,"Teshan, NH 305",31.36225,77.397833,Debris          Slide,,,764.2138061523438,33.74212599617345,,
5092,HP/SHI/53E11/2016/89,Shimla,Chokaru,31.362389,77.710194,Rock            Slide,,,2334.856201171875,37.96250825320283,,
5093,HP/MAN/53E07/2016/83,Mandi,Jachh,31.362583,77.294139,Rock            Slide,,,1840.662353515625,31.277936194648667,,
5094,HP/SOL/53A15/2015/46,Solan,,31.36262,76.877068,Debris          Slide,,,679.4562377929688,60.49031716823102,,
5095,HP/SHI/53E15/2016/19,Shimla,Maralu Khaddarkali - Taklech,31.3637,77.7947,Debris          Slide,,,2421.179931640625,33.76430713158529,,
5096,HP/MAN/53E03/2015/339,Mandi,,31.364056,77.020861,Debris          Slide,,,2129.18505859375,18.14897636656317,,
5097,HP/MAN/53A15/2015/135,Mandi,,31.364306,76.873361,Rock,Slide,2015,561.8111572265625,47.24785624740381,,
5098,HP/BIL/53A15/2015/132,Bilaspur,,31.364643,76.808144,Debris          Slide,,,652.4996948242188,29.640517060405625,,
5099,HP/MAN/53E07/2016/17,Mandi,Kelodhar,31.365111,77.268833,Rock            Slide,,,1932.8309326171875,37.37760700321786,,
5100,HP/MAN/53E03/2015/246,Mandi,,31.365167,77.065167,Rock            Slide,,,1865.62451171875,24.264700472885227,,
5101,HP/MAN/53A15/2015/48,Mandi,,31.366101,76.879948,Debris          Slide,,,975.5685424804688,43.37875190115374,,
5102,HP/MAN/53A15/2015/47,Mandi,,31.366587,76.879689,Debris          Slide,,,947.4235229492188,38.57380475672828,,
5103,HP/MAN/53E03/2015/341,Mandi,,31.366806,77.016694,Rock            Slide,,,2084.871337890625,44.496113513447355,,
5104,HP/MAN/53E03/2015/340,Mandi,,31.367278,77.016972,Rock            Slide,,,2090.554931640625,42.715525897497905,,
5105,HP/SHI/53E15/2016/71,Shimla,"Darkali village, Darkali - Taklech",31.3674,77.7945,Debris          Flow,,,2374.37646484375,17.952789088856058,,
5106,HP/MAN/53A15/2015/199,Mandi,,31.367631,76.991875,Debris          Slide,,,1717.34130859375,39.693593433032255,,
5107,HP/MAN/53A15/2015/138,Mandi,,31.367771,76.87573,Debris          Slide,,,697.1505737304688,57.561489743844966,,
5108,HP/BIL/53A11/2018/21,Bilaspur,Near Tarer village,31.368176,76.728395,Debris          Slide,,,555.7183837890625,26.289716504202033,,
5109,HP/MAN/53A15/2015/200,Mandi,,31.368361,76.990944,Debris          Slide,,,1673.5970458984375,57.32485221585788,,
5110,HP/MAN/53A15/2015/15,Mandi,,31.368378,76.875522,Debris          Slide,,,686.307373046875,41.67733648452432,,
5111,HP/MAN/53A15/2015/13,Mandi,,31.368465,76.875437,Debris          Slide,,,686.307373046875,41.677360783739104,,
5112,HP/MAN/53A15/2015/14,Mandi,,31.368587,76.87524,Debris          Slide,,,669.215087890625,37.70879539130418,,
5113,HP/SHI/53E15/2016/44,Shimla,Bayasu hill,31.3691,77.8744,Rock            Slide,,,3973.10986328125,49.03550455729222,,
5114,HP/SHI/53E15/2016/6,Shimla,Radoli village road,31.3693,77.7828,Debris          Fall,,,2130.629638671875,29.80697704422253,,
5115,HP/MAN/53A15/2015/9,Mandi,,31.369431,76.875083,Debris          Slide,,,672.3572387695312,41.74095934380632,,
5116,HP/MAN/53A15/2015/12,Mandi,,31.36962,76.874834,Debris          Slide,,,685.9216918945312,33.856328134969665,,
5117,HP/MAN/53A15/2015/41,Mandi,,31.369734,76.90843,Debris          Slide,,,954.6407470703124,39.32330575649148,,
5118,HP/MAN/53A15/2015/137,Mandi,,31.369978,76.874833,Rock            Slide,,,695.5350341796875,38.28591717524177,,
5119,HP/BIL/53A11/2018/29,Bilaspur,Tarer,31.37013,76.730505,Debris          Slide,,,591.714111328125,19.01765042784951,,
5120,HP/BIL/53A11/2018/43,Bilaspur,Balagad,31.370313,76.607073,Rock            Slide,,,570.0830688476562,32.22769798024054,,
5121,HP/MAN/53A15/2015/136,Mandi,,31.370723,76.874706,Rock            Slide,,,728.346435546875,45.79550091037605,,
5122,HP/MAN/53E03/2015/97,Mandi,,31.371202,77.077347,Debris          Slide,,,1653.4180908203125,32.05090468830403,,
5123,HP/BIL/53A11/2018/45,Bilaspur,Balagad,31.371255,76.607179,Rock            Slide,,,587.4471435546875,42.12110171381838,,
5124,HP/MAN/53A15/2015/7,Mandi,,31.371333,76.874167,Debris,Slide,2015,694.82080078125,43.84644239338988,,
5125,HP/MAN/53A15/2015/4,Mandi,,31.371492,76.873965,Debris          Slide,,,668.3041381835938,47.84247307600911,,
5126,HP/MAN/53E03/2015/342,Mandi,,31.371583,77.011167,Debris          Slide,,,2079.79541015625,34.086189380211366,,
5127,HP/MAN/53A15/2015/8,Mandi,,31.371832,76.873793,Debris          Slide,,,690.30517578125,43.73118253630725,,
5128,HP/BIL/53A15/2015/164,Bilaspur,,31.371893,76.808052,Debris          Slide,,,637.11328125,43.136783817320726,,
5129,HP/BIL/53A15/2015/86,Bilaspur,,31.372137,76.808009,Debris          Slide,,,631.3056030273438,43.66770544385446,,
5130,HP/MAN/53A15/2015/306,Mandi,,31.372361,76.87325,Rock,Slide,2015,659.0152587890625,45.72350749083272,,
5131,HP/SHI/53E15/2016/43,Shimla,Near Darkali village,31.3727,77.7867,Debris          Slide,,,2333.44921875,44.156576362782616,,
5132,HP/MAN/53A15/2015/11,Mandi,,31.37288,76.873205,Debris          Slide,,,703.4820556640625,47.45402768645803,,
5133,HP/BIL/53A11/2018/41,Bilaspur,,31.372884,76.606182,Rock            Slide,,,555.3489990234375,48.5144787816064,,
5134,HP/SHI/53E11/2016/7,Shimla,South of Chikri,31.372889,77.718194,Rock            Slide,,,1789.85986328125,14.546879633102415,,
5135,HP/SHI/53E11/2016/64,Shimla,"Phirnu, MDR-22",31.373333,77.377278,Rock            Slide,,,1457.7999267578125,28.684690230214603,,
5136,HP/BIL/53A11/2018/34,Bilaspur,Kallar,31.373353,76.6033,Debris          Slide,,,559.8739013671875,27.7366392935037,,
5137,HP/MAN/53A15/2015/45,Mandi,,31.373887,76.872571,Debris          Slide,,,700.8485107421875,49.40209292731728,,
5138,HP/MAN/53A15/2015/125,Mandi,,31.374245,76.871974,Debris          Slide,,,678.0451049804688,48.02839300410006,,
5139,HP/SHI/53E11/2016/20,Shimla,Balti dhar,31.3755,77.70225,Rock            Slide,,,2208.68359375,33.17087463766301,,
5140,HP/MAN/53A15/2015/64,Mandi,,31.37664,76.879788,Rock            Slide,,,824.2255249023438,37.123246426341474,,
5141,HP/SHI/53E11/2016/57,Shimla,Taklech,31.376722,77.727083,Rock            Slide,,,1503.094482421875,36.907427407569195,,
5142,HP/MAN/53A15/2015/307,Mandi,,31.376806,76.860111,Rock,Slide,2015,684.6614379882812,26.833987483731597,,
5143,HP/MAN/53A15/2015/63,Mandi,,31.376813,76.880487,Rock            Slide,,,866.1746215820312,35.34800610184368,,
5144,HP/MAN/53A15/2015/62,Mandi,,31.377444,76.879528,Rock            Slide,,,764.4583740234375,35.8370667153434,,
5145,HP/SHI/53E11/2016/3,Shimla,Khanortu,31.377444,77.703889,Rock            Slide,,,2105.799560546875,36.31738426953616,,
5146,HP/MAN/53E07/2016/44,Mandi,Shiladhar,31.37825,77.281278,Rock            Slide,,,1473.851806640625,38.59511647477509,,
5147,HP/MAN/53E07/2016/46,Mandi,Shiladhar,31.378306,77.278361,Rock            Slide,,,1487.35107421875,31.489765007727012,,
5148,HP/SHI/53E11/2016/56,Shimla,Khanortu,31.378306,77.7035,Rock            Slide,,,2109.25048828125,43.14539395386674,,
5149,HP/SHI/53E11/2016/52,Shimla,Khanortu,31.378583,77.703444,Rock            Slide,,,2123.90234375,36.31181284196906,,
5150,HP/MAN/53E03/2015/343,Mandi,,31.37875,77.019389,Earth           Creep,,,2063.384765625,32.07844264302183,,
5151,HP/BIL/53A11/2018/49,Bilaspur,,31.379408,76.738103,Debris          Slide,,,576.8961791992188,17.866675342874235,,
5152,HP/MAN/53E07/2016/29,Mandi,Chaber,31.380278,77.300389,Rock            Slide,,,1307.472412109375,22.50890352451796,,
5153,HP/MAN/53E03/2015/344,Mandi,,31.3805,77.018944,Debris          Slide,,,2040.3372802734375,34.192538913633484,,
5154,HP/MAN/53E03/2015/349,Mandi,,31.380556,77.025861,Rock            Slide,,,1972.7266845703125,41.71582101381823,,
5155,HP/SHI/53E11/2016/58,Shimla,Chikri,31.380694,77.721389,Debris          Slide,,,1452.3192138671875,35.57996359236194,,
5156,HP/MAN/53A15/2015/172,Mandi,,31.381098,76.922049,Debris          Slide,,,999.1199340820312,34.7417507487825,,
5157,HP/MAN/53E07/2016/27,Mandi,Chaber,31.381222,77.302306,Debris          Slide,,,1296.307861328125,37.41302602943122,,
5158,HP/MAN/53E03/2015/345,Mandi,,31.381278,77.01775,Rock            Slide,,,2060.328369140625,28.706430552370076,,
5159,HP/MAN/53E03/2015/205,Mandi,,31.381333,77.099306,Debris          Slide,,,1826.996337890625,34.1346450640735,,
5160,HP/MAN/53A15/2015/175,Mandi,,31.381752,76.920624,Debris          Slide,,,1019.9783325195312,44.80350714539538,,
5161,HP/MAN/53E03/2015/206,Mandi,,31.382,77.098361,Rock,Slide,2015,1894.588623046875,28.13949525132253,,
5162,HP/MAN/53E07/2016/28,Mandi,Chaber,31.382028,77.306222,Rock            Slide,,,1255.926025390625,27.126254177306972,,
5163,HP/SHI/53E11/2016/107,Shimla,Bata Newal,31.382083,77.71525,Debris          Slide,,,1440.03173828125,44.491084402552424,,
5164,HP/MAN/53E07/2016/45,Mandi,Rathiala,31.382167,77.273361,Rock            Slide,,,1563.03515625,21.277657254299783,,
5165,HP/MAN/53E03/2015/145,Mandi,,31.382361,77.091139,Debris          Slide,,,1749.5191650390625,28.79595487793528,,
5166,HP/MAN/53E03/2015/204,Mandi,,31.382611,77.091194,Rock            Slide,,,1757.4769287109375,30.70259163783258,,
5167,HP/MAN/53E03/2015/346,Mandi,,31.382778,77.01775,Rock            Slide,,,2084.67919921875,19.109102713477498,,
5168,HP/MAN/53E03/2015/350,Mandi,,31.383,77.025944,Debris          Slide,,,2124.458984375,31.44164340163152,,
5169,HP/MAN/53A15/2015/39,Mandi,,31.383762,76.919826,Debris          Slide,,,1259.855712890625,42.54840941047296,,
5170,HP/MAN/53A15/2015/38,Mandi,,31.383799,76.919933,Debris          Slide,,,1247.7027587890625,39.11742002061678,,
5171,HP/MAN/53E03/2015/5,Mandi,,31.384044,77.040794,Debris          Slide,,,1981.6785888671875,46.96055058235701,,
5172,HP/MAN/53E03/2015/6,Mandi,,31.384292,77.040894,Debris          Slide,,,1981.6785888671875,46.960576742185346,,
5173,HP/MAN/53E03/2015/95,Mandi,,31.384456,77.108634,Debris          Slide,,,1758.806884765625,33.14181158447397,,
5174,HP/MAN/53E03/2015/352,Mandi,,31.3845,77.029456,Debris          Slide,,,2087.58056640625,26.801047735237507,,
5175,HP/SHI/53E11/2016/25,Shimla,Nithar,31.384528,77.552639,Debris          Slide,,,887.0260620117188,31.822956513389357,,
5176,HP/MAN/53E03/2015/353,Mandi,,31.384667,77.029833,Debris          Slide,,,2109.11328125,33.59232563164295,,
5177,HP/MAN/53E03/2015/77,Mandi,,31.384848,77.060702,Debris          Slide,,,1551.5845947265625,38.491060051216635,,
5178,HP/SHI/53E11/2016/11,Shimla,"Talai, NH-05",31.386972,77.624667,Debris          Slide,,,958.1549072265624,36.50440739301326,,
5179,HP/SHI/53E11/2016/88,Shimla,Jewari,31.387,77.672139,Rock            Slide,,,1160.0592041015625,38.780112564172555,,
5180,HP/SHI/53E11/2016/1,Shimla,"Talai, NH-05",31.387194,77.618944,Debris,Slide,1999,962.6529541015624,30.01682633809476,,
5181,HP/MAN/53E03/2015/98,Mandi,,31.387215,77.133207,Debris          Slide,,,1485.1646728515625,14.368468195101311,,
5182,HP/SHI/53E11/2016/44,Shimla,North of Nithar,31.387528,77.569639,Debris          Slide,,,913.5414428710938,27.504694534992904,,
5183,HP/SHI/53E11/2016/34,Shimla,Chalari,31.387778,77.687694,Rock            Slide,,,1272.7095947265625,26.84284648957567,,
5184,HP/BIL/53A15/2015/308,Bilaspur,,31.388167,76.857972,Rock,Fall,2015,702.6363525390625,32.679319531744575,,
5185,HP/SHI/53E11/2016/41,Shimla,Datnagar,31.388722,77.577194,Debris          Slide,,,915.9176025390624,21.23285312682735,,
5186,HP/SHI/53E11/2016/10,Shimla,"Nisru, NH-05",31.388917,77.613611,Debris,Slide,1999,966.7177734375,28.23621434758244,,
5187,HP/BIL/53A15/2015/309,Bilaspur,,31.389611,76.857139,Rock,Slide,2015,706.3297119140625,24.844624070957483,,
5188,HP/SHI/53E11/2016/105,Shimla,"South of Nogli, NH-05",31.390278,77.630417,Debris          Slide,,,937.9371948242188,40.91635434860997,,
5189,HP/KUL/53E11/2016/69,Kullu,REUSHAL,31.390944,77.540833,Debris          Slide,,,1368.843994140625,40.63428017578157,,
5190,HP/KUL/53E11/2016/65,Kullu,KHOGU,31.391556,77.555083,Rock            Slide,,,860.4586181640625,44.887575890740834,,
5191,HP/KUL/53E11/2016/70,Kullu,REUSHAL,31.391722,77.543389,Debris          Slide,,,1283.1995849609375,49.01154464533948,,
5192,HP/SHI/53E11/2016/61,Shimla,Chalari,31.391778,77.692222,Debris          Slide,,,1307.8843994140625,42.56157701090351,,
5193,HP/BIL/53A15/2015/295,Bilaspur,,31.391889,76.762,Rock,Slide,2015,609.4401245117188,20.818653004821726,,
5194,HP/SHI/53E11/2016/59,Shimla,Chalari,31.392444,77.694667,Rock            Slide,,,1312.232421875,49.662976897651696,,
5195,HP/BIL/53A11/2018/47,Bilaspur,Kjail,31.392473,76.667707,Debris          Slide,,,585.5568237304688,24.75961253420469,,
5196,HP/BIL/53A11/2018/26,Bilaspur,Kjail,31.392577,76.668394,Debris          Slide,,,579.4669189453125,23.42853952189096,,
5197,HP/SHI/53E11/2016/16,Shimla,"Datnagar, NH05",31.392667,77.585222,Debris          Slide,,,916.7807006835938,29.64689005942166,,
5198,HP/SHI/53E11/2016/26,Shimla,"Datnagar, NH05",31.393056,77.583389,Debris          Slide,,,923.4829711914062,48.878145208840806,,
5199,HP/SHI/53E11/2016/86,Shimla,Chalari,31.393583,77.699111,Debris          Slide,,,1321.61962890625,39.17480796323954,,
5200,HP/BIL/53A15/2015/296,Bilaspur,,31.393833,76.764861,Rock,Topple,2015,595.0170288085938,25.96612396621223,,
5201,HP/BIL/53A15/2015/297,Bilaspur,,31.393889,76.76525,Debris,Slide,2015,596.9027709960938,19.507476258076164,,
5202,HP/MAN/53A15/2015/176,Mandi,,31.39407,76.912115,Debris          Slide,,,1617.9158935546875,44.759344807658586,,
5203,HP/MAN/53E03/2015/265,Mandi,,31.394139,77.167361,Rock            Slide,,,1858.2177734375,27.54679628573696,,
5204,HP/BIL/53A15/2015/298,Bilaspur,,31.394722,76.76525,Debris,Slide,2015,609.0946044921875,30.839995655548268,,
5205,HP/BIL/53A15/2015/299,Bilaspur,,31.394722,76.765139,Rock,Slide,2015,609.0946044921875,30.839995655548268,,
5206,HP/KUL/53E11/2016/4,Kullu,JALORI,31.395056,77.513806,Rock            Slide,,,1864.26904296875,42.1943035977724,,
5207,HP/SHI/53E15/2016/45,Shimla,Near Barkal village,31.3951,77.7529,Debris          Slide,,,1553.9459228515625,33.38082682496243,,
5208,HP/SHI/53E11/2016/14,Shimla,Naltinal,31.395222,77.647806,Debris          Slide,,,977.6414184570312,27.0045161570386,,
5209,HP/KUL/53E11/2016/71,Kullu,JALORI,31.395306,77.512667,Debris          Slide,,,1872.00146484375,42.71155861005506,,
5210,HP/KUL/53E11/2016/36,Kullu,JALORI,31.395722,77.508861,Rock            Slide,,,2058.71142578125,33.525872629605516,,
5211,HP/BIL/53A15/2015/300,Bilaspur,,31.396167,76.767306,Debris,Slide,2015,642.7078857421875,19.43901094324202,,
5212,HP/SHI/53E11/2016/60,Shimla,Chalari,31.396722,77.698778,Rock            Slide,,,1201.626708984375,32.28334754877339,,
5213,HP/MAN/53E03/2015/247,Mandi,,31.397972,77.08575,Debris          Slide,,,2045.4122314453125,14.056890368361575,,
5214,HP/KUL/53E11/2016/62,Kullu,LAGAUNI,31.398528,77.533361,Debris          Slide,,,1648.3138427734375,32.20927345217518,,
5215,HP/MAN/53E03/2015/10,Mandi,,31.398644,77.027514,Debris          Slide,,,2035.832275390625,34.08173812358404,,
5216,HP/KUL/53E11/2016/63,Kullu,CHALATHAR,31.399194,77.540333,Rock            Slide,,,1880.94384765625,46.23231637477339,,
5217,HP/MAN/53E03/2015/93,Mandi,,31.399291,77.18943,Debris          Slide,,,1667.7294921875,28.62592105630164,,
5218,HP/MAN/53E03/2015/266,Mandi,,31.399444,77.157833,Rock,Slide,2015,1828.442138671875,25.3684672682631,,
5219,HP/MAN/53E03/2015/354,Mandi,,31.399639,77.027472,Rock            Slide,,,2128.193359375,41.77448528574416,,
5220,HP/MAN/53E03/2015/351,Mandi,,31.399639,77.027056,Debris          Slide,,,2136.430908203125,35.956607885044846,,
5221,HP/SHI/53E15/2016/109,Shimla,Near Jogni - Punar road,31.3998,77.7807,Rock            Slide,,,2190.17578125,42.762273827057875,,
5222,HP/MAN/53E03/2015/248,Mandi,,31.399917,77.08875,Debris          Slide,,,2035.9195556640625,16.06952515466199,,
5223,HP/BIL/53A15/2015/238,Bilaspur,,31.399972,76.767139,Debris,Slide,2010,574.4684448242188,5.313602468220824,,
5224,HP/BIL/53A15/2015/249,Bilaspur,,31.399972,76.767139,Debris,Slide,2015,574.4684448242188,5.313602468220824,,
5225,HP/SHI/53E15/2016/115,Shimla,Near Jogni - Punar road,31.4,77.7643,Rock            Slide,,,2080.262939453125,48.864826463765155,,
5226,HP/SHI/53E11/2016/84,Shimla,Bangu Jhakhar,31.400028,77.429222,Rock            Slide,,,2104.934814453125,45.44787536966573,,
5227,HP/BIL/53A15/2015/260,Bilaspur,,31.400306,76.800167,Debris,Slide,2015,546.6375732421875,13.594209979885823,,
5228,HP/SHI/53E15/2016/108,Shimla,Near Jogni - Punar road,31.4011,77.7665,Rock            Slide,,,2149.0380859375,38.03606822167235,,
5229,HP/BIL/53A07/2018/23,Bilaspur,,31.401139,76.461471,Debris          Slide,,,592.2081909179688,23.883660212549874,,
5230,HP/BIL/53A15/2015/269,Bilaspur,,31.401417,76.801417,Debris,Slide,2015,554.3438110351562,27.294918751556786,,
5231,HP/SHI/53E15/2016/16,Shimla,Near Punar - Jogni road,31.4017,77.7824,Rock            Slide,,,2170.496826171875,21.282322759537152,,
5232,HP/SHI/53E15/2016/11,Shimla,Near Punar-pat foot track,31.4023,77.7834,Rock            Slide,,,2183.581298828125,36.81556443098865,,
5233,HP/SHI/53E15/2016/110,Shimla,Near Jogni - Punar road,31.4023,77.7838,Rock            Slide,,,2168.430908203125,40.8843694125005,,
5234,HP/MAN/53E03/2015/207,Mandi,,31.402306,77.047778,Debris          Slide,,,1915.8416748046875,27.654202683141527,,
5235,HP/SHI/53E15/2016/112,Shimla,Near Jogni - Punar road,31.4025,77.7705,Rock            Fall,,,2056.751953125,69.80677848504365,,
5236,HP/SHI/53E15/2016/15,Shimla,Near Punar - Jogni road,31.4025,77.7847,Rock            Slide,,,2176.165283203125,52.42622451915165,,
5237,HP/MAN/53E03/2015/267,Mandi,,31.402583,77.160722,Debris,Slide,2015,1836.7318115234375,42.06934010733045,,
5238,HP/SHI/53E15/2016/113,Shimla,Near Jogni - Punar road,31.4028,77.7714,Rock            Fall,,,1993.1180419921875,70.63533238105398,,
5239,HP/SHI/53E15/2016/114,Shimla,Near Jogni - Punar road,31.4029,77.7717,Rock            Fall,,,1947.423583984375,65.03597067157368,,
5240,HP/SHI/53E15/2016/56,Shimla,Pat - Punar track,31.403,77.7945,Debris          Slide,,,2252.299072265625,44.01716033008387,,
5241,HP/SHI/53E15/2016/122,Shimla,Punar - Pat track,31.403,77.7961,Rock            Slide,,,2252.8681640625,38.50076408849086,,
5242,HP/SHI/53E15/2016/136,Shimla,Near Munish - Punar Link road,31.4032,77.7722,Rock            Slide,,,1983.3470458984375,65.85988297698046,,
5243,HP/SHI/53E15/2016/14,Shimla,Punar - Jogni road,31.4033,77.7869,Rock            Slide,,,2171.6748046875,59.37140414396432,,
5244,HP/SHI/53E11/2016/51,Shimla,"Nogli, NH05",31.403528,77.632861,Debris          Slide,,,922.8527221679688,20.59228445765062,,
5245,HP/MAN/53E03/2015/123,Mandi,,31.403639,77.144667,Debris          Slide,,,1811.849853515625,31.283196012269148,,
5246,HP/MAN/53E03/2015/121,Mandi,,31.403944,77.14825,Debris          Slide,,,1842.806396484375,21.794915135786763,,
5247,HP/KUL/53E07/2016/33,Kullu,"ANI,NH-305",31.404009,77.413987,Rock            Slide,,,1883.745849609375,37.6663115327273,,
5248,HP/MAN/53E07/2016/19,Mandi,Sundru,31.404111,77.272167,Rock            Slide,,,2057.76953125,25.072743754986565,,
5249,HP/BIL/53A07/2018/20,Bilaspur,Nangal-NainaDevi road,31.404214,76.401625,Debris          Slide,,,394.100341796875,14.385691259019628,,
5250,HP/BIL/53A07/2018/5,Bilaspur,Nangal-Naina Devi road,31.404324,76.404011,Rock            Slide,,,406.9198913574219,20.234219661510036,,
5251,HP/BIL/53A07/2018/21,Bilaspur,Nangal-Naina Devi road,31.404336,76.402316,Debris          Slide,,,408.09906005859375,29.699821320182764,,
5252,HP/MAN/53A15/2015/90,Mandi,,31.404398,76.87614,Debris          Slide,,,589.8074951171875,29.391015350166153,,
5253,HP/SHI/53E11/2016/2,Shimla,Darsa,31.404628,77.680134,Debris,Slide,1983,1819.054931640625,27.831833099326175,,
5254,HP/MAN/53E03/2015/250,Mandi,,31.40475,77.090778,Rock            Slide,,,2068.453369140625,27.091826113717616,,
5255,HP/MAN/53E03/2015/268,Mandi,,31.404889,77.098056,Debris          Slide,,,1925.072509765625,28.49564362137101,,
5256,HP/BIL/53A07/2018/13,Bilaspur,Near Bhakra Dam,31.405,76.429549,Rock            Slide,,,439.2984924316406,36.67715124891271,,
5257,HP/SHI/53E15/2016/121,Shimla,Jogni - Munish road,31.4052,77.7536,Debris          Slide,,,1957.9403076171875,32.212949479940946,,
5258,HP/SHI/53E15/2016/111,Shimla,Near Jogni - Punar road,31.4053,77.7752,Rock            Fall,,,2163.318359375,50.54724911031563,,
5259,HP/SHI/53E15/2016/13,Shimla,Punar - Jogni road,31.4054,77.7749,Rock            Slide,,,2149.471923828125,56.245378523522895,,
5260,HP/SHI/53E15/2016/135,Shimla,Near Munish - Punar Link road,31.4054,77.7741,Rock            Slide,,,2154.8017578125,53.6063478700489,,
5261,HP/SHI/53E15/2016/57,Shimla,Pat - Punar track,31.4055,77.8015,Debris          Slide,,,2253.94921875,21.180682206743743,,
5262,HP/MAN/53E03/2015/251,Mandi,,31.405528,77.093722,Rock            Slide,,,2071.3828125,35.88498351778044,,
5263,HP/BIL/53A07/2018/3,Bilaspur,Nangal-Naina Devi road,31.405531,76.427294,Debris          Slide,,,431.36907958984375,36.30548888905698,,
5264,HP/SHI/53E15/2016/124,Shimla,Jogni - Munish road,31.4058,77.7554,Debris          Slide,,,1922.3489990234375,33.32775579916583,,
5265,HP/BIL/53A07/2018/6,Bilaspur,Nangal-Naina Devi road,31.405972,76.405216,Debris          Slide,,,416.7576599121094,16.53732574457511,,
5266,HP/SHI/53E15/2016/119,Shimla,Munish - Jogni road,31.406,77.7573,Debris          Slide,,,1890.45458984375,43.39034616024593,,
5267,HP/SHI/53E15/2016/120,Shimla,Munish - Jogni road,31.4063,77.7574,Debris          Slide,,,1892.406005859375,36.946555093945136,,
5268,HP/SHI/53E15/2016/58,Shimla,Pat - Punar track,31.4063,77.8021,Debris          Slide,,,2275.54833984375,22.777631497718,,
5269,HP/BIL/53A11/2018/27,Bilaspur,Amarpur,31.406413,76.695828,Debris          Slide,,,633.98193359375,21.512860394932,,
5270,HP/BIL/53A07/2018/2,Bilaspur,Nangal-Naina Devi road,31.406455,76.405643,Rock            Slide,,,431.8790893554687,28.13197396947171,,
5271,HP/SHI/53E11/2016/100,Shimla,"Nogli, NH-05",31.406472,77.630167,Debris            Slide,,,893.5,40.53798177660807,,
5272,HP/SHI/53E15/2016/17,Shimla,Punar - Pat foot track,31.4068,77.7776,Rock              Slide,,,2234.2451171875,22.39286953496303,,
5273,HP/SHI/53E11/2016/6,Shimla,"Nogli, NH05",31.406806,77.63,Debris,Slide,1999,909.7374267578124,48.76742782949563,,
5274,HP/BIL/53A07/2018/4,Bilaspur,Nangal-Naina Devi road,31.406964,76.423814,Debris            Slide,,,421.4861145019531,29.859725440112975,,
5275,HP/SHI/53E15/2016/91,Shimla,Near Thala,31.407,77.7567,Debris            Slide,,,1955.9085693359375,27.736690811566593,,
5276,HP/SHI/53E15/2016/3,Shimla,Pat village Punar - Pat foot track,31.4071,77.8122,Rock              Flow,,,2184.61181640625,25.142005516155898,,
5277,HP/SHI/53E15/2016/12,Shimla,Punar - Jogni road,31.4077,77.7667,Rock              Slide,,,2135.461181640625,49.647945831914306,,
5278,HP/SHI/53E15/2016/123,Shimla,Jogni - Munish road,31.4083,77.7602,Debris            Slide,,,1992.593994140625,38.68143915635621,,
5279,HP/SHI/53E15/2016/53,Shimla,Pat - Punar track,31.4086,77.8032,Debris            Slide,,,2356.19580078125,25.437123486663868,,
5280,HP/BIL/53A11/2018/25,Bilaspur,Sunani,31.408903,76.677604,Soil              Slide,,,606.6182861328125,26.87561495713172,,
5281,HP/BIL/53A15/2015/283,Bilaspur,,31.408917,76.774944,Rock,Slide,2015,566.153076171875,16.57310821453824,,
5282,HP/BIL/53A15/2015/284,Bilaspur,,31.408942,76.771808,Rock,Slide,2015,557.8028564453125,24.6109835032328,,
5283,HP/SHI/53E15/2016/118,Shimla,Near Munish - Jogni road,31.4091,77.7618,Rock              Slide,,,2047.966796875,43.118740128959175,,
5284,HP/SHI/53E11/2016/13,Shimla,"Shatal, MDR-28",31.409111,77.626,Rock              Slide,,,935.6965942382812,38.612456280244686,,
5285,HP/BIL/53A11/2018/6,Bilaspur,Berthin-Suhani-Bhager road,31.40912,76.67253,Debris            Slide,,,570.0969848632812,35.27394390197772,,
5286,HP/MAN/53A15/2015/185,Mandi,,31.409207,76.957634,Debris            Slide,,,1575.7559814453125,31.556545997085543,,
5287,HP/MAN/53A15/2015/186,Mandi,,31.40941,76.957562,Debris            Slide,,,1572.922607421875,34.1208989844191,,
5288,HP/BIL/53A07/2018/14,Bilaspur,Near Bhakra dam,31.409432,76.43598,Rock cum debris   Slide,,,545.0887451171875,41.07889849716295,,
5289,HP/BIL/53A11/2018/11,Bilaspur,,31.40978,76.67352,Rock              Slide,,,573.7863159179688,34.94496484310561,,
5290,HP/BIL/53A11/2018/37,Bilaspur,"Near Bridge, Sunhani",31.40978,76.67352,Rock              Slide,,,573.7863159179688,34.94496484310561,,
5291,HP/BIL/53A07/2018/7,Bilaspur,Nangal-Naina Devi road,31.409952,76.418826,Debris            Slide,,,394.0849914550781,37.881685699271195,,
5292,HP/SHI/53E15/2016/24,Shimla,Near Munish Link road,31.41,77.7632,Debris            Slide,,,2023.4000244140625,33.487722297376756,,
5293,HP/BIL/53A07/2018/22,Bilaspur,Nangal-Naina Devi road,31.410712,76.444025,Rock              Slide,,,514.3859252929688,25.25017783323514,,
5294,HP/SHI/53E15/2016/55,Shimla,Pat - Punar track,31.4109,77.816,Debris            Slide,,,2357.44189453125,22.44935987016883,,
5295,HP/SHI/53E15/2016/25,Shimla,Near Munish Link road,31.411,77.7642,Debris            Slide,,,2047.21435546875,34.891644739269424,,
5296,HP/SHI/53E11/2016/109,Shimla,"Kalna, NH-05",31.411444,77.626,Debris            Slide,,,918.432373046875,38.31028026369618,,
5297,HP/MAN/53E03/2015/271,Mandi,,31.411472,77.203778,Rock,Slide,2015,1557.2525634765625,12.496093712035696,,
5298,HP/BIL/53A07/2018/8,Bilaspur,Chukath,31.412485,76.427845,Rock              Slide,,,525.8086547851562,44.838776755298554,,
5299,HP/SHI/53E15/2016/125,Shimla,Near Munish Link road,31.4125,77.7637,Debris            Slide,,,2188.69482421875,52.010716098131745,,
5300,HP/BIL/53A15/2015/32,Mandi,,31.412708,76.871778,Debris            Slide,,,515.84619140625,21.33679929164952,,
5301,HP/BIL/53A07/2018/1,Bilaspur,Nangal-Naina Devi road,31.412841,76.412893,Debris            Slide,,,415.5845642089844,29.13898483763933,,
5302,HP/MAN/53E03/2015/261,Mandi,,31.413278,77.109194,Debris            Slide,,,2013.3258056640625,32.704689206850226,,
5303,HP/SHI/53E15/2016/128,Shimla,Near Munish Link road,31.4133,77.766,Rock              Slide,,,2105.216064453125,41.26161023604317,,
5304,HP/BIL/53A15/2015/109,Bilaspur,,31.413389,76.789083,Debris,Slide,2015,697.300537109375,1.130893899306619,,
5305,HP/MAN/53E03/2015/259,Mandi,,31.413472,77.109278,Rock              Slide,,,2013.3258056640625,32.70474287045228,,
5306,HP/BIL/53A15/2015/280,Bilaspur,,31.413667,76.793528,Rock,Fall,2015,610.2059936523438,31.569670354861582,,
5307,HP/BIL/53A15/2015/281,Bilaspur,,31.413833,76.793722,Rock,Fall,2015,615.500732421875,35.26564270983849,,
5308,HP/SHI/53E11/2016/110,Shimla,"Shatal, MDR-28",31.414361,77.623056,Rock              Creep,,,928.5623168945312,36.00609279365436,,
5309,HP/SHI/53E15/2016/26,Shimla,Near Munish Link road,31.4144,77.7642,Debris            Slide,,,2288.947998046875,40.10317154553711,,
5310,HP/SHI/53E15/2016/130,Shimla,Near Munish Link road,31.4144,77.7674,Debris            Fall,,,2111.58349609375,38.18469362499077,,
5311,HP/SHI/53E15/2016/30,Shimla,Near Munish Link road,31.4146,77.7675,Debris            Slide,,,2130.408935546875,38.82358484033599,,
5312,HP/SHI/53E15/2016/117,Shimla,Near Munish - Jogni road,31.415,77.7682,Rock              Slide,,,2110.669921875,38.41293117830503,,
5313,HP/SHI/53E15/2016/27,Shimla,Near Munish Link road,31.4151,77.7649,Debris            Slide,,,2250.35009765625,48.82972997587062,,
5314,HP/SHI/53E15/2016/28,Shimla,Near Munish Link road,31.4151,77.7655,Debris            Slide,,,2218.32470703125,37.53624946564261,,
5315,HP/MAN/53E03/2015/348,Mandi,,31.415139,77.041278,Rock              Slide,,,2300.27294921875,28.798666680710795,,
5316,HP/MAN/53E03/2015/355,Mandi,,31.415139,77.041278,Debris            Slide,,,2300.27294921875,28.798666680710795,,
5317,HP/SHI/53E15/2016/29,Shimla,Near Munish Link road,31.4153,77.7657,Debris            Slide,,,2224.8759765625,38.56885321387025,,
5318,HP/MAN/53E03/2015/356,Mandi,,31.415639,77.042194,Rock              Slide,,,2305.52197265625,32.24912587818033,,
5319,HP/BIL/53A15/2015/82,Bilaspur,,31.415668,76.768577,Debris            Slide,,,598.2255249023438,12.398849259246573,,
5320,HP/SHI/53E15/2016/131,Shimla,Near Munish Link road,31.4159,77.7675,Debris            Fall,,,2194.71533203125,37.17401202322296,,
5321,HP/SHI/53E15/2016/133,Shimla,Near Munish Link road,31.4161,77.7684,Debris          Fall,,,2176.899658203125,34.64075767401177,,
5322,HP/MAN/53E03/2015/257,Mandi,,31.416194,77.113139,Rock,Slide,2015,2041.4501953125,35.64360654028015,,
5323,HP/SHI/53E07/2016/73,Shimla,"Malgi, NH-305",31.416278,77.39175,Rock            Fall,,,1005.51953125,33.95516408861546,,
5324,HP/MAN/53E03/2015/258,Mandi,,31.416417,77.111028,Rock            Slide,,,2026.1627197265625,18.568060737112976,,
5325,HP/MAN/53E03/2015/67,Mandi,,31.417046,77.135168,Debris          Slide,,,1774.34765625,17.68599427864468,,
5326,HP/SHI/53E15/2016/132,Shimla,Near Munish Link road,31.4172,77.7636,Debris          Fall,,,2435.734619140625,33.468981188932595,,
5327,HP/SHI/53E15/2016/54,Shimla,Pat - Punar track,31.4175,77.8124,Debris          Slide,,,2671.066650390625,27.398664571907073,,
5328,HP/MAN/53E03/2015/68,Mandi,,31.417516,77.135714,Debris          Slide,,,1777.422607421875,30.69664150337005,,
5329,HP/MAN/53E03/2015/357,Mandi,,31.418139,77.042806,Rock            Slide,,,2303.25390625,41.98497793099416,,
5330,HP/MAN/53A15/2015/184,Mandi,,31.418606,76.940827,Debris          Slide,,,994.657958984375,53.270698147699825,,
5331,HP/MAN/53E03/2015/270,Mandi,,31.41875,77.200611,Rock,Slide,2011,1692.046875,38.15977377549561,,
5332,HP/MAN/53E03/2015/256,Mandi,,31.418972,77.118361,Rock            Slide,,,2080.18212890625,33.01076322111085,,
5333,HP/MAN/53A15/2015/72,Mandi,,31.41961,76.866591,Debris          Slide,,,853.1978759765625,34.15087585016352,,
5334,HP/SHI/53E15/2016/129,Shimla,Near Munish Link road,31.4198,77.7679,Rock            Slide,,,2314.80859375,34.22343675285852,,
5335,HP/SHI/53E15/2016/134,Shimla,Near Munish Link road,31.4198,77.7672,Debris          Slide,,,2334.17333984375,35.91590849787171,,
5336,HP/MAN/53E03/2015/255,Mandi,,31.419889,77.123139,Rock            Slide,,,2043.7127685546875,29.42901803173972,,
5337,HP/SHI/53E15/2016/126,Shimla,Near Munish Link road,31.42,77.7691,Debris          Slide,,,2309.641845703125,40.76674837086877,,
5338,HP/MAN/53A15/2015/312,Mandi,,31.420444,76.923222,Debris,Slide,2015,812.260009765625,37.321309846092426,,
5339,HP/MAN/53A15/2015/313,Mandi,,31.420444,76.923222,Debris,Slide,2015,812.260009765625,37.321309846092426,,
5340,HP/SHI/53E15/2016/127,Shimla,Near Munish Link road,31.4205,77.7699,Debris          Slide,,,2312.557861328125,36.74882160511969,,
5341,HP/BIL/53A07/2018/9,Bilaspur,Sanhal,31.421352,76.437612,Debris          Slide,,,521.9598999023438,36.892020415994445,,
5342,HP/MAN/53E03/2015/253,Mandi,,31.421861,77.133111,Debris          Slide,,,1998.0079345703125,19.547505664329233,,
5343,HP/MAN/53A15/2015/131,Mandi,,31.422049,76.942461,Debris          Slide,,,966.5197143554688,57.60311302413242,,
5344,HP/BIL/53A11/2018/22,Bilaspur,Takamad,31.422168,76.7484,Rock            Slide,,,738.03759765625,16.91224463479589,,
5345,HP/MAN/53A15/2015/124,Mandi,,31.422288,76.86514,Debris          Slide,,,848.4910278320312,35.706445446354415,,
5346,HP/MAN/53E03/2015/213,Mandi,,31.422778,77.043944,Rock            Slide,,,2289.2548828125,40.393066341772816,,
5347,HP/MAN/53A15/2015/311,Mandi,#N/A #N/A,31.422833,76.923889,Debris,Slide,2015,742.5928955078125,26.78125570833723,,
5348,HP/MAN/53E03/2015/159,Mandi,,31.422972,77.014465,Debris          Slide,,,1703.73046875,44.92103074488027,,
5349,HP/BIL/53A07/2018/10,Bilaspur,Thapal,31.423278,76.437385,Soil            Slide,,,531.5701293945312,15.75350973979547,,
5350,HP/MAN/53E03/2015/146,Mandi,,31.423826,77.019057,Debris          Slide,,,1715.7789306640625,42.29159033733061,,
5351,HP/BIL/53A07/2018/11,Bilaspur,Baba Balaknath road,31.424102,76.438355,Debris          Slide,,,535.9799194335938,26.122863878843816,,
5352,HP/MAN/53E03/2015/144,Mandi,,31.424416,77.003781,Debris          Slide,,,1906.1514892578125,40.06743665198326,,
5353,HP/MAN/53E03/2015/254,Mandi,,31.425083,77.123472,Rock            Slide,,,2019.7305908203125,32.6751858795694,,
5354,HP/BIL/53A07/2018/12,Bilaspur,Near Kosri Camp,31.42535,76.438063,Debris          Slide,,,534.2132568359375,31.611746048688328,,
5355,HP/MAN/53A15/2015/60,Mandi,,31.42545,76.896104,Debris          Slide,,,612.732666015625,40.85480906982867,,
5356,HP/MAN/53A15/2015/318,Mandi,,31.4255,76.917811,Debris          Slide,,,831.0693359375,43.82416886262484,,
5357,HP/SHI/53E11/2016/5,Shimla,"Randal, NH05",31.42625,77.622583,Debris,Slide,1999,972.3994750976562,26.934465630806063,,
5358,HP/MAN/53E07/2016/14,Mandi,Garjob,31.426472,77.289944,Rock            Slide,,,2146.124755859375,34.77674299496828,,
5359,HP/MAN/53E03/2015/244,Mandi,,31.4265,77.075306,Earth           Creep,,,1942.896484375,19.276563301057468,,
5360,HP/MAN/53A15/2015/317,Mandi,,31.42675,76.916261,Debris          Slide,,,756.9387817382812,44.44041161626965,,
5361,HP/BIL/53A07/2018/15,Bilaspur,Kosni Camp,31.426957,76.437632,Soil            Slide,,,539.77978515625,28.12750889591864,,
5362,HP/MAN/53A15/2015/316,Mandi,,31.427389,76.915083,Rock            Slide,,,714.5911865234375,48.975846376890416,,
5363,HP/BIL/53A07/2018/24,Bilaspur,Kosni camp,31.427515,76.438312,Debris          Slide,,,524.8245239257812,18.05866744381493,,
5364,HP/SHI/53E11/2016/12,Shimla,Deothi,31.427639,77.724472,Debris          Slide,,,2090.02685546875,29.274984092057434,,
5365,HP/BIL/53A15/2015/285,Bilaspur,,31.427778,76.763444,Debris,Slide,2015,790.4976196289062,29.68435147717412,,
5366,HP/MAN/53E03/2015/158,Mandi,,31.428026,77.014498,Debris          Slide,,,1907.572021484375,27.895483422981535,,
5367,HP/BIL/53A15/2015/34,Mandi,,31.428594,76.833306,Debris,Slide,2015,581.185791015625,34.880600138976675,,
5368,HP/MAN/53A15/2015/84,Mandi,,31.428806,76.874859,Debris          Slide,,,732.3111572265625,31.17348206597711,,
5369,HP/BIL/53A07/2018/25,Bilaspur,Kosni camp,31.428907,76.440083,Debris          Slide,,,537.2322998046875,30.261552400605073,,
5370,HP/MAN/53A15/2015/85,Mandi,,31.429266,76.874636,Debris          Slide,,,726.0838623046875,33.46385675299787,,
5371,HP/MAN/53A15/2015/81,Mandi,,31.429901,76.998616,Debris          Slide,,,1851.5333251953125,30.841197945733153,,
5372,HP/MAN/53A15/2015/79,Mandi,,31.430416,76.999132,Debris          Slide,,,1856.298828125,39.43638817592923,,
5373,HP/MAN/53A15/2015/80,Mandi,,31.430548,76.999576,Debris          Slide,,,1851.2152099609375,33.783643811040825,,
5374,HP/SHI/53E11/2016/97,Shimla,"Kolar, NH-05",31.430833,77.624778,Debris          Slide,,,1012.625,28.640518913647053,,
5375,HP/BIL/53A07/2018/16,Bilaspur,Kosni camp,31.430937,76.44023,Debris          Slide,,,536.4724731445312,35.64177637183095,,
5376,HP/KUL/53E07/2016/30,Kullu,"BARI,NH-305",31.431149,77.382836,Rock            Slide,,,1449.27294921875,19.935645879245236,,
5377,HP/BIL/53A15/2015/286,Bilaspur,,31.43125,76.771139,Debris,Slide,2015,783.0297241210938,29.19276252349564,,
5378,HP/BIL/53A07/2018/26,Bilaspur,Baba Balaknath road,31.431527,76.43999,Debris          Slide,,,538.5906982421875,37.912919032091295,,
5379,HP/MAN/53E03/2015/252,Mandi,,31.431722,77.139944,Debris          Slide,,,1981.99658203125,32.82160384410837,,
5380,HP/MAN/53E03/2015/234,Mandi,,31.432056,77.019778,Rock            Slide,,,2071.2197265625,26.750553735079546,,
5381,HP/SHI/53E15/2016/116,Shimla,Near Munish - Jogni road,31.4323,77.7656,Rock            Slide,,,3001.42529296875,38.53060949155844,,
5382,HP/MAN/53A15/2015/101,Mandi,,31.432333,76.867957,Debris          Slide,,,1132.8564453125,41.35444208569477,,
5383,HP/MAN/53E03/2015/235,Mandi,,31.432639,77.019861,Debris          Slide,,,2098.144287109375,19.939783059802092,,
5384,HP/MAN/53A15/2015/305,Mandi,,31.432861,76.782889,Debris,Slide,2015,693.8746948242188,25.13686433418719,,
5385,HP/MAN/53A15/2015/100,Mandi,,31.433129,76.867694,Debris          Slide,,,1141.7958984375,36.45515079717568,,
5386,HP/MAN/53E03/2015/236,Mandi,,31.433333,77.020833,Rock            Slide,,,2077.7353515625,25.23064924228077,,
5387,HP/BIL/53A15/2015/96,Bilaspur,,31.433472,76.834361,Debris,Slide,2015,568.9431762695312,37.60026232069305,,
5388,HP/MAN/53A15/2015/99,Mandi,,31.433787,76.870047,Debris          Slide,,,1027.3125,35.71583987716006,,
5389,HP/BIL/53A15/2015/287,Bilaspur,,31.433833,76.771278,Rock,Slide,2015,762.051513671875,18.54440199764262,,
5390,HP/BIL/53A11/2018/19,Bilaspur,Rohana,31.434065,76.747127,Rock            Slide,,,814.1163330078125,25.38718859332569,,
5391,HP/MAN/53E03/2015/237,Mandi,,31.434417,77.054556,Debris,Slide,2015,2234.53271484375,12.925038334225984,,
5392,HP/SHI/53E11/2016/87,Shimla,Chalini,31.434667,77.741083,Rock            Slide,,,2281.6748046875,17.46404923276966,,
5393,HP/MAN/53E03/2015/115,Mandi,,31.434722,77.054444,Debris          Slide,,,2242.9765625,19.32164073604386,,
5394,HP/KUL/53E07/2016/35,Kullu,ANI GAD,31.435067,77.397666,Rock            Slide,,,1687.701904296875,33.253978419131876,,
5395,HP/MAN/53A15/2015/304,Mandi,,31.435111,76.835917,Debris,Slide,2015,542.30322265625,31.15473460443364,,
5396,HP/BIL/53A15/2015/302,Bilaspur,,31.435333,76.830528,Debris,Slide,2015,575.636474609375,30.860550482601123,,
5397,HP/MAN/53E03/2015/214,Mandi,,31.435417,77.051139,Rock            Slide,,,2269.872314453125,31.06893197490208,,
5398,HP/SHI/53E11/2016/33,Shimla,Ropru,31.435556,77.618944,Debris          Slide,,,1002.7144775390624,30.76580335425821,,
5399,HP/MAN/53A15/2015/59,Mandi,,31.435607,76.884127,Debris          Slide,,,974.8359985351562,41.79432303486043,,
5400,HP/BIL/53A15/2015/301,Bilaspur,,31.435889,76.830389,Debris,Slide,2015,549.3048706054688,18.550212065359897,,
5401,HP/MAN/53A15/2015/58,Mandi,,31.435933,76.884101,Debris          Slide,,,999.5004272460938,45.59049692127933,,
5402,HP/MAN/53E03/2015/239,Mandi,,31.436722,77.057611,Rock            Slide,,,2210.9287109375,29.329807749377036,,
5403,HP/MAN/53E03/2015/215,Mandi,,31.437083,77.050083,Debris          Slide,,,2269.756103515625,27.995801038192916,,
5404,HP/MAN/53A15/2015/130,Mandi,,31.437205,76.895272,Debris          Slide,,,1426.4049072265625,51.29449237874444,,
5405,HP/BIL/53A15/2015/288,Bilaspur,,31.437278,76.772944,Debris,Slide,2015,795.312744140625,22.675446695232356,,
5406,HP/MAN/53E03/2015/102,Mandi,,31.4375,77.053417,Debris          Slide,,,2256.6123046875,33.25290764661489,,
5407,HP/MAN/53A15/2015/92,Mandi,,31.43762,76.842598,Debris          Slide,,,631.6221313476562,38.51392040691486,,
5408,HP/BIL/53A15/2015/289,Bilaspur,,31.437806,76.77425,Debris,Slide,2015,820.4544677734375,29.603859583369072,,
5409,HP/MAN/53A15/2015/314,Mandi,,31.437806,76.916278,Debris,Slide,2015,1019.23779296875,27.938716597150812,,
5410,HP/MAN/53A15/2015/315,Mandi,,31.437806,76.915083,Rock,Slide,2015,946.3873291015624,16.407724344957423,,
5411,HP/KIN/53I03/2018/1,Kinnaur,NW of Sangla,31.43796,78.23262,Rock            Slide,,,2637.5478515625,46.092014659096634,,
5412,HP/MAN/53E03/2015/240,Mandi,,31.438194,77.060472,Debris,Slide,2015,2171.299072265625,26.000311708885484,,
5413,HP/MAN/53E03/2015/103,Mandi,,31.43825,77.053389,Debris          Slide,,,2262.662353515625,36.09419738408084,,
5414,HP/KUL/53E07/2016/24,Kullu,NH-305,31.438389,77.422667,Debris          Slide,,,1230.1788330078125,36.06571450502168,,
5415,HP/KUL/53E07/2016/23,Kullu,"ANI,NH-305",31.438861,77.423028,Debris          Slide,,,1218.897216796875,34.69609100914404,,
5416,HP/MAN/53E03/2015/243,Mandi,,31.439083,77.071972,Debris          Slide,,,2048.1376953125,43.78728588240955,,
5417,HP/MAN/53E03/2015/241,Mandi,,31.439167,77.063278,Debris,Slide,2015,2125.198486328125,29.5605973244684,,
5418,HP/SHI/53E11/2016/40,Shimla,North of Kamsar,31.439389,77.7295,Debris          Slide,,,2223.3486328125,35.20762484334162,,
5419,HP/MAN/53A15/2015/83,Mandi,,31.440231,76.84616,Debris          Slide,,,711.810302734375,24.28497872958685,,
5420,HP/MAN/53E03/2015/242,Mandi,,31.4405,77.071722,Rock,Slide,2015,2072.30615234375,40.313109493580846,,
5421,HP/MAN/53A15/2015/29,Mandi,,31.440618,76.851247,Debris          Slide,,,649.837158203125,39.027845144883734,,
5422,HP/MAN/53A15/2015/30,Mandi,,31.440751,76.851271,Debris          Slide,,,635.319091796875,41.59207157698414,,
5423,HP/SHI/53E11/2016/39,Shimla,North of Kamsar,31.440833,77.729889,Rock            Slide,,,2236.074462890625,17.97059045826047,,
5424,HP/MAN/53E03/2015/105,Mandi,,31.441389,77.0525,Debris          Slide,,,2247.674560546875,42.396694761749465,,
5425,HP/BIL/53A15/2015/290,Bilaspur,,31.441528,76.769694,Debris,Slide,2015,829.9564208984375,37.75557186138778,,
5426,HP/KUL/53E07/2016/1,Kullu,"ROPRI,NH-305",31.44175,77.425528,Debris          Slide,,,1256.2745361328125,28.284760536845607,,
5427,HP/BIL/53A07/2018/17,Bilaspur,Kusiala,31.442258,76.43175,Debris          Slide,,,577.3215942382812,27.289087314995268,,
5428,HP/MAN/53E03/2015/229,Mandi,,31.442389,77.048667,Debris          Slide,,,2202.34521484375,14.52343978741676,,
5429,HP/BIL/53A11/2018/15,Bilaspur,Rohin,31.442439,76.748191,Rock            Slide,,,909.237548828125,28.241071740840333,,
5430,HP/MAN/53E03/2015/104,Mandi,,31.442517,77.049028,Rock            Slide,,,2208.033447265625,14.733771270907305,,
5431,HP/MAN/53E03/2015/230,Mandi,,31.443611,77.045556,Debris,Slide,2015,2209.781982421875,23.075485581330188,,
5432,HP/SHI/53E11/2016/37,Shimla,Khuech,31.443694,77.664639,Rock            Topple,,,1839.3232421875,41.46265577702472,,
5433,HP/SHI/53E11/2016/38,Shimla,Khuech,31.444167,77.664806,Rock            Slide,,,1807.837890625,38.36002498457265,,
5434,HP/MAN/53A15/2015/111,Mandi,,31.444194,76.85675,Debris          Slide,,,708.9620361328125,32.92592470793422,,
5435,HP/MAN/53E03/2015/233,Mandi,,31.445,77.047222,Debris          Slide,,,2239.801025390625,31.337194790209228,,
5436,HP/BIL/53A15/2015/294,Bilaspur,,31.445583,76.765667,Rock,Slide,2015,937.5821533203124,45.670227693574496,,
5437,HP/MAN/53A15/2015/40,Mandi,,31.445914,76.949996,Debris          Slide,,,1372.884033203125,39.98822663201386,,
5438,HP/BIL/53A15/2015/291,Bilaspur,,31.4465,76.771611,Rock,Slide,2015,815.1632690429688,25.285657455967954,,
5439,HP/BIL/53A15/2015/35,Mandi,,31.447917,76.983778,Rock            Slide,,,1462.3375244140625,44.02528647772561,,
5440,HP/MAN/53A15/2015/189,Mandi,,31.448762,76.863025,Debris          Slide,,,735.4357299804688,37.935383836797776,,
5441,HP/MAN/53A15/2015/187,Mandi,,31.448773,76.863337,Debris          Slide,,,735.2677612304688,40.54518986513983,,
5442,HP/MAN/53E03/2015/232,Mandi,,31.448889,77.048056,Debris          Slide,,,2232.575927734375,32.84815997342339,,
5443,HP/SHI/53E15/2016/51,Shimla,Rama village,31.4493,77.7752,Debris,Slide,2008,2546.934326171875,28.55762839033728,,
5444,HP/MAN/53E03/2015/231,Mandi,,31.449444,77.048889,Rock            Slide,,,2264.715087890625,44.466117497724,,
5445,HP/KUL/53E07/2016/75,Kullu,KANDI,31.449917,77.365306,Debris          Slide,,,1624.4234619140625,34.372135713117295,,
5446,HP/SHI/53E15/2016/66,Shimla,Near Bhajawa village- Rampur -,31.45,77.8014,Debris          Slide,,,2231.4677734375,31.858057477496303,,
5447,HP/SHI/53E15/2016/67,Shimla,Near Bhajawa village- Rampur -,31.45,77.8014,Debris,Slide,2016,2231.4677734375,31.858057477496303,,
5448,HP/MAN/53E03/2015/149,Mandi,,31.451389,77.037222,Debris          Slide,,,2210.090576171875,30.00131404820584,,
5449,HP/SHI/53E15/2016/93,Shimla,"Darang village, Mashnu -",31.4517,77.771,Debris,Slide,2014,2297.2373046875,49.47653022477963,,
5450,HP/MAN/53E03/2015/148,Mandi,,31.451729,77.036811,Debris          Slide,,,2221.82568359375,34.11394827287518,,
5451,HP/BIL/53A15/2015/292,Bilaspur,,31.451806,76.774833,Rock,Slide,2015,871.3802490234375,6.99808945987792,,
5452,HP/SHI/53E15/2016/52,Shimla,"Darang village, Darang -",31.4519,77.766,Debris,Slide,2014,2394.0693359375,35.47959544966668,,
5453,HP/MAN/53E03/2015/228,Mandi,,31.451944,77.049722,Rock            Slide,,,2236.03271484375,33.69599125133412,,
5454,HP/SHI/53E15/2016/141,Shimla,Darang Ghatimashni - Darang,31.4528,77.7552,Debris,Slide,2014,2647.6171875,36.73975815629564,,
5455,HP/HAM/53A11/2018/10,Hamirpur,Jwalaji-Talai road,31.45283,76.52828,Soil            Slide,,,616.3123779296875,12.911243566679182,,
5456,HP/HAM/53A11/2018/38,Hamirpur,Jwalaji Talai road,31.45283,76.52828,Soil            Slide,,,616.3123779296875,12.911243566679182,,
5457,HP/MAN/53E03/2015/113,Mandi,,31.453611,77.040556,Rock            Slide,,,2200.587890625,37.5464580924993,,
5458,HP/MAN/53A15/2015/319,Mandi,,31.454444,76.860278,Rock            Slide,,,698.3638916015625,31.022638131861527,,
5459,HP/MAN/53E03/2015/106,Mandi,,31.45475,77.04325,Rock            Slide,,,2203.48583984375,29.266447536271755,,
5460,HP/BIL/53A07/2018/18,Bilaspur,Dobar Uparla,31.454763,76.427575,Rock            Fall,,,538.4696655273438,17.964560770030086,,
5461,HP/MAN/53E03/2015/147,Mandi,,31.455222,77.043056,Rock            Slide,,,2231.796142578125,31.3862091976946,,
5462,HP/SHI/53E15/2016/36,Shimla,Mashnu - Darang Ghati raod,31.4562,77.7574,Debris          Slide,,,2569.89208984375,22.428857947873023,,
5463,HP/MAN/53A15/2015/129,Mandi,,31.456845,76.879195,Debris          Slide,,,920.4456176757812,33.480954521194455,,
5464,HP/MAN/53E03/2015/226,Mandi,,31.457225,77.034889,Debris          Slide,,,2175.248779296875,35.34370531330201,,
5465,HP/MAN/53E03/2015/225,Mandi,,31.457528,77.051667,Debris          Slide,,,2580.977294921875,44.21291071267837,,
5466,HP/BIL/53A07/2018/19,Bilaspur,Badaun,31.457957,76.42628,Debris          Slide,,,531.7054443359375,31.874771662133845,,
5467,HP/MAN/53A15/2015/128,Mandi,,31.458492,76.876708,Debris          Slide,,,964.9107055664062,37.519388654176275,,
5468,HP/SHI/53E15/2016/70,Shimla,Sunda village- Rampur -Mishnu,31.46,77.8046,Debris          Slide,,,2043.2646484375,52.71347784972489,,
5469,HP/BIL/53A11/2018/16,Bilaspur,Kalri Ghumarwin,31.461272,76.691696,Rock            Slide,,,696.8759765625,17.872070353188363,,
5470,HP/SHI/53E15/2016/1,Shimla,Bagawat village link road,31.4616,77.8373,Debris,Slide,2014,2133.6923828125,33.095303495510166,,
5471,HP/KUL/53E07/2016/34,Kullu,RANABAGH,31.461917,77.328833,Debris          Slide,,,1414.4869384765625,36.448367046412834,,
5472,HP/BIL/53A11/2018/13,Bilaspur,Baddu,31.461931,76.713604,Debris          Slide,,,654.9723510742188,5.954713454633043,,
5473,HP/KUL/53E07/2016/80,Kullu,ANI GAD,31.462564,77.413462,Debris          Slide,,,2199.287841796875,28.85298201144928,,
5474,HP/SHI/53E15/2016/68,Shimla,Rampur -Mishnu road,31.4626,77.816,Debris          Slide,,,2005.0513916015625,61.855599829686625,,
5475,HP/SHI/53E11/2016/98,Shimla,"Khaltu, NH-05",31.462667,77.674917,Debris          Slide,,,1137.9791259765625,21.253189504907585,,
5476,HP/MAN/53A15/2015/279,Mandi,,31.462861,76.824361,Debris,Slide,2015,862.54296875,19.72172002821045,,
5477,HP/MAN/53A15/2015/278,Mandi,,31.463806,76.828861,Debris,Slide,2015,853.4427490234375,23.592498391656743,,
5478,HP/KUL/53E07/2016/4,Kullu,"GADHARI, NH-3056",31.464444,77.427111,Debris          Slide,,,1466.928955078125,17.313862503865217,,
5479,HP/BIL/53A11/2018/14,Bilaspur,Tobka,31.464463,76.727516,Rock            Slide,,,771.74853515625,16.901952966036568,,
5480,HP/BIL/53A11/2018/12,Bilaspur,,31.464645,76.727313,Rock            Slide,,,769.8464965820312,16.01333127093218,,
5481,HP/MAN/53A15/2015/182,Mandi,,31.465122,76.943879,Debris          Slide,,,1598.123779296875,25.514057000381342,,
5482,HP/SHI/53E11/2016/32,Shimla,"Dashada, NH-05",31.4655,77.675417,Rock            Slide,,,1143.348388671875,28.759554059165943,,
5483,HP/BIL/53A11/2018/36,Bilaspur,Glasy,31.465745,76.708196,Debris          Slide,,,658.19384765625,31.04787182403646,,
5484,HP/MAN/53E03/2015/224,Mandi,,31.46575,77.019944,Debris          Slide,,,2070.258056640625,23.69952793642008,,
5485,HP/BIL/53A11/2018/35,Bilaspur,Glasy,31.4665,76.708931,Debris          Slide,,,656.866943359375,31.19554869612234,,
5486,HP/MAN/53E03/2015/320,Mandi,,31.466806,77.023694,Rock            Slide,,,2087.228271484375,44.164100865694586,,
5487,HP/SHI/53E11/2016/67,Shimla,Dashada,31.466806,77.693694,Rock            Slide,,,1656.686279296875,43.253969053347845,,
5488,HP/SHI/53E11/2016/99,Shimla,Dashada,31.466889,77.693722,Rock            Slide,,,1656.686279296875,43.25397014199408,,
5489,HP/BIL/53A11/2018/30,Bilaspur,Kothi,31.467255,76.72597,Debris          Slide,,,761.1163940429688,17.814893545933455,,
5490,HP/SHI/53E15/2016/42,Shimla,Near Bushahr,31.4674,77.8046,Debris,Slide,2004,2002.0843505859375,36.517960902520855,,
5491,HP/SHI/53E15/2016/137,Shimla,Near Majehwali -,31.4674,77.7572,Debris          Slide,,,2041.69287109375,39.58657240689734,,
5492,HP/MAN/53E03/2015/321,Mandi,,31.467444,77.023417,Rock,Slide,2015,2097.3837890625,43.47075333363489,,
5493,HP/MAN/53E03/2015/322,Mandi,,31.467583,77.023333,Rock,Slide,2015,2097.3837890625,43.470784556918034,,
5494,HP/SHI/53E15/2016/96,Shimla,Bagawat village link road,31.4678,77.831,Debris,Slide,2008,2428.63818359375,42.202120559977224,,
5495,HP/SHI/53E15/2016/95,Shimla,Bagawat village link road,31.4679,77.8308,Debris,Slide,2008,2422.878173828125,44.65971096500808,,
5496,HP/SHI/53E11/2016/101,Shimla,Dashada,31.468472,77.683417,Rock            Slide,,,1598.8472900390625,31.86774960278273,,
5497,HP/MAN/53E03/2015/323,Mandi,,31.468694,77.022917,Rock            Topple,,,2092.872802734375,39.997485410204995,,
5498,HP/MAN/53A15/2015/112,Mandi,,31.468944,76.866083,Debris          Slide,,,698.3287353515625,21.17519293349423,,
5499,HP/MAN/53E03/2015/325,Mandi,,31.469167,77.023611,Debris,Slide,2015,2082.79833984375,33.902213351927394,,
5500,HP/SHI/53E11/2016/66,Shimla,Dashada,31.469306,77.686361,Rock            Slide,,,1629.484375,45.15607819134241,,
5501,HP/SHI/53E15/2016/86,Shimla,"Left bank of Buri Khad, near",31.4699,77.759,Debris,Slide,2008,1967.616455078125,33.91018316143476,,
5502,HP/SHI/53E11/2016/8,Shimla,Barauri Gad,31.469972,77.705028,Debris          Slide,,,1869.0494384765625,38.44498965710179,,
5503,HP/MAN/53E03/2015/326,Mandi,,31.470556,77.019444,Debris          Slide,,,2031.992431640625,18.79319749621505,,
5504,HP/SHI/53E11/2016/68,Shimla,,31.470639,77.693722,Debris          Slide,,,1703.71826171875,37.43107882707541,,
5505,HP/SHI/53E15/2016/99,Shimla,Near Kinnu - Mashnu road,31.471,77.7968,Debris,Slide,2012,2082.71728515625,36.31105401220249,,
5506,HP/SHI/53E15/2016/85,Shimla,"Left bank of Buri Khad, near",31.471,77.7596,Debris,Slide,2008,1904.87939453125,15.760921174427384,,
5507,HP/SHI/53E11/2016/24,Shimla,Dashada,31.472167,77.693417,Debris          Slide,,,1720.36865234375,41.54791178956257,,
5508,HP/KUL/53E07/2016/81,Kullu,"GADHARI,NH-305",31.472389,77.423222,Rock            Slide,,,1538.2734375,21.41296677693458,,
5509,HP/SHI/53E15/2016/65,Shimla,Rampur -Mishnu road,31.4724,77.7515,Debris,Slide,2011,2297.417236328125,28.06134257483115,,
5510,HP/MAN/53A15/2015/220,Mandi,,31.472889,76.978972,Debris          Slide,,,1564.8563232421875,40.279668234889584,,
5511,HP/BIL/53A11/2018/28,Bilaspur,Palsoti,31.472966,76.725561,Debris          Slide,,,781.7039794921875,24.083864874544822,,
5512,HP/BIL/53A11/2018/39,Bilaspur,Palsoti,31.473431,76.725488,Debris          Slide,,,784.7039794921875,23.339592869586596,,
5513,HP/MAN/53A15/2015/179,Mandi,,31.473768,76.937481,Debris          Slide,,,1553.1444091796875,42.43891065679124,,
5514,HP/MAN/53A15/2015/219,Mandi,,31.474056,76.980694,Debris          Slide,,,1554.1993408203125,45.533173660228805,,
5515,HP/SHI/53E15/2016/69,Shimla,Near Kunni village- Rampur -,31.4741,77.7884,Debris          Slide,,,2027.2491455078125,47.208980840336544,,
5516,HP/BIL/53A11/2018/36,Bilaspur,Glasy,31.47428,76.70677,Debris          Slide,,,638.8242797851562,21.96194005936501,,
5517,HP/SHI/53E15/2016/84,Shimla,"Left bank of Buri Khad, near",31.4753,77.7623,Debris,Slide,2014,1803.1038818359375,43.38607959258374,,
5518,HP/MAN/53A15/2015/181,Mandi,,31.475778,76.935939,Debris          Slide,,,1573.696533203125,43.24506689570975,,
5519,HP/MAN/53A15/2015/180,Mandi,,31.475922,76.935669,Debris          Slide,,,1569.06982421875,36.60970076831134,,
5520,HP/MAN/53A15/2015/143,Mandi,,31.476072,76.972735,Debris          Slide,,,1346.78271484375,31.85670021391028,,
5521,HP/SHI/53E15/2016/106,Shimla,Near Pithwi road,31.4762,77.7887,Debris,Slide,2014,2223.052978515625,46.040991651897215,,
5522,HP/SHI/53E15/2016/105,Shimla,Near Pithwi road,31.4763,77.7885,Debris,Slide,2014,2252.6201171875,46.18007775184614,,
5523,HP/MAN/53A15/2015/221,Mandi,,31.476556,76.982306,Rock            Fall,,,1706.856689453125,37.4763152969942,,
5524,HP/MAN/53A15/2015/264,Mandi,,31.476583,76.866306,Debris,Slide,2015,719.9583129882812,13.077926173980128,,
5525,HP/SHI/53E15/2016/83,Shimla,"Left bank of Manglad Khad,",31.4769,77.7635,Debris,Slide,2008,1718.231201171875,27.85764964438572,,
5526,HP/BIL/53A11/2018/31,Bilaspur,Palsoti,31.476992,76.726122,Debris          Slide,,,798.299560546875,19.88016533088007,,
5527,HP/SHI/53E11/2016/19,Shimla,"Brauni, NH-05",31.477056,77.685139,Rock            Slide,,,1157.7777099609375,57.635468002875164,,
5528,HP/SHI/53E15/2016/82,Shimla,"Left bank of Manglad Khad,",31.4771,77.7644,Debris,Slide,2008,1687.097412109375,26.58940539616631,,
5529,HP/MAN/53E03/2015/150,Mandi,,31.478056,77.021111,Debris          Slide,,,2000.4720458984375,28.911218066452005,,
5530,HP/BIL/53A11/2018/46,Bilaspur,Paniala,31.478496,76.726436,Rock            Slide,,,796.8317260742188,33.557787089108395,,
5531,HP/MAN/53E03/2015/155,Mandi,,31.478507,77.104096,Debris          Slide,,,2192.4091796875,36.33287103587294,,
5532,HP/MAN/53A15/2015/178,Mandi,,31.47898,76.936939,Debris          Slide,,,1513.951904296875,35.059570433392935,,
5533,HP/MAN/53A15/2015/107,Mandi,,31.479778,76.978167,Rock            Slide,,,1497.418212890625,35.880112660190115,,
5534,HP/SHI/53E15/2016/81,Shimla,Left bank of Manglad Khad,31.4801,77.7633,Debris,Slide,2008,1693.00341796875,31.742709301622444,,
5535,HP/MAN/53A15/2015/216,Mandi,,31.480139,76.978667,Rock            Slide,,,1515.232666015625,43.46165360047817,,
5536,HP/MAN/53A15/2015/218,Mandi,,31.480333,76.979556,Rock            Slide,,,1507.4193115234375,21.733261196380017,,
5537,HP/SHI/53E15/2016/48,Shimla,Mashnu - Gharat road,31.4809,77.7807,Debris          Fall,,,2014.14404296875,38.35029438631312,,
5538,HP/MAN/53E03/2015/327,Mandi,,31.481389,77.016111,Debris,Slide,2015,2007.576904296875,17.662239208795665,,
5539,HP/SHI/53E15/2016/64,Shimla,Near Majehwali- Ratanpur road,31.4814,77.7521,Debris,Slide,2011,2126.936279296875,46.018509838821075,,
5540,HP/SHI/53E15/2016/33,Shimla,"Near Majehwali, Left bank of",31.4815,77.7654,Debris,Slide,2008,1561.07470703125,35.764152531428415,,
5541,HP/MAN/53A15/2015/262,Mandi,,31.482194,76.871361,Rock            Slide,,,758.9625854492188,14.60775729392431,,
5542,HP/MAN/53A15/2015/263,Mandi,,31.482194,76.871361,Rock,Slide,2015,758.9625854492188,14.60775729392431,,
5543,HP/BIL/53A11/2018/18,Bilaspur,Harlog link road,31.482253,76.748987,Rock            Slide,,,919.6964111328124,33.5172665253443,,
5544,HP/SHI/53E11/2016/92,Shimla,Jhakri,31.482278,77.694694,Debris          Slide,,,1223.532470703125,29.68500322592419,,
5545,HP/MAN/53E03/2015/324,Mandi,,31.482333,77.023342,Rock            Slide,,,2087.903564453125,34.28536554737793,,
5546,HP/SHI/53E15/2016/46,Shimla,Mashnu - Gharat road,31.4825,77.7813,Debris,Slide,2013,2109.331298828125,39.31432400042143,,
5547,HP/SHI/53E15/2016/100,Shimla,Near Pithwi road,31.4835,77.7861,Debris,Slide,2013,2247.0341796875,20.910783709852375,,
5548,HP/SHI/53E15/2016/97,Shimla,Near Pithwi road,31.4836,77.787,Debris,Slide,2013,2237.188232421875,36.43819206859164,,
5549,HP/MAN/53E03/2015/157,Mandi,,31.483613,77.097351,Debris          Slide,,,2123.394775390625,39.09536139701003,,
5550,HP/MAN/53A15/2015/222,Mandi,,31.483667,76.979833,Rock            Slide,,,1767.4080810546875,48.05614135294441,,
5551,HP/SHI/53E11/2016/28,Shimla,Jhakri,31.483722,77.69425,Rock            Slide,,,1198.09228515625,33.2303987342518,,
5552,HP/MAN/53A15/2015/223,Mandi,,31.4839,76.980944,Rock            Slide,,,1824.8814697265625,29.10859666555905,,
5553,HP/SHI/53E15/2016/101,Shimla,Near Pithwi road,31.4839,77.7868,Debris,Slide,2013,2260.78759765625,19.27403119799856,,
5554,HP/SHI/53E15/2016/102,Shimla,Near Pithwi road,31.4841,77.7875,Debris,Slide,2014,2294.213623046875,32.455641621224245,,
5555,HP/SHI/53E11/2016/91,Shimla,Jhakri,31.484361,77.693722,Rock            Slide,,,1179.2049560546875,36.968381078610264,,
5556,HP/SHI/53E15/2016/104,Shimla,Near Pithwi road,31.4844,77.7895,Debris,Slide,2014,2260.87158203125,41.29421919981467,,
5557,HP/SHI/53E15/2016/32,Shimla,Near Majehwali - Ratanpur road,31.4846,77.7646,Debris,Slide,2014,1569.7164306640625,44.39142139151947,,
5558,HP/BIL/53A11/2018/23,Bilaspur,Near Harlog village,31.484872,76.749791,Rock            Slide,,,1062.296875,22.453977006007463,,
5559,HP/SHI/53E15/2016/103,Shimla,Near Pithwi road,31.4849,77.7896,Debris,Slide,2014,2285.755859375,45.43052921243786,,
5560,HP/SHI/53E11/2016/29,Shimla,Jhakri,31.485056,77.69,Rock              Creep,,,1185.47509765625,38.64360638267173,,
5561,HP/SHI/53E15/2016/98,Shimla,Near Pithwi road,31.4852,77.7902,Debris,Slide,2014,2300.323486328125,41.56683312502826,,
5562,HP/BIL/53A11/2018/32,Bilaspur,,31.485209,76.74558,Rock              Slide,,,924.5491943359376,33.03592446971696,,
5563,HP/KUL/53E07/2016/12,Kullu,BUNG BINDRABAN,31.485444,77.415889,Debris            Slide,,,1781.799072265625,35.584965438963636,,
5564,HP/SHI/53E11/2016/30,Shimla,Jhakri,31.485639,77.694417,Debris            Slide,,,1183.265869140625,42.23323914111568,,
5565,HP/SHI/53E15/2016/31,Shimla,"Near Majehwali village,Power",31.486,77.7677,Debris,Slide,2014,1407.00537109375,40.38049646077793,,
5566,HP/MAN/53A15/2015/174,Mandi,,31.486309,76.919012,Debris            Slide,,,1207.9932861328125,31.14440680950135,,
5567,HP/BIL/53A11/2018/39,Bilaspur,Palsoti,31.48635,76.745336,Rock              Slide,,,921.9608764648438,27.714168782969153,,
5568,HP/SHI/53E11/2016/31,Shimla,Jhakri,31.486528,77.693528,Debris            Slide,,,1195.2200927734375,33.2353338501918,,
5569,HP/MAN/53A15/2015/154,Mandi,,31.486866,76.918407,Debris            Slide,,,1237.2486572265625,39.302347035632295,,
5570,HP/SHI/53E11/2016/15,Shimla,Jakhi,31.486889,77.693083,Debris            Slide,,,1182.5548095703125,21.824256378459875,,
5571,HP/SHI/53E15/2016/143,Shimla,Kurgu village,31.4882,77.7827,Debris            Fall,,,1992.2781982421875,26.026839257663777,,
5572,HP/SHI/53E11/2016/27,Shimla,Goplapur,31.488833,77.748639,Debris            Slide,,,2104.958740234375,35.97881199171155,,
5573,HP/MAN/53E03/2015/156,Mandi,,31.48905,77.074652,Debris            Slide,,,2357.232177734375,27.183562828170235,,
5574,HP/MAN/53A15/2015/177,Mandi,,31.489063,76.898423,Debris            Slide,,,1207.711181640625,25.5390531974887,,
5575,HP/MAN/53E03/2015/328,Mandi,,31.490278,77.016667,Rock              Slide,,,1861.2794189453125,32.70800082851818,,
5576,HP/MAN/53E03/2015/330,Mandi,,31.491389,77.018611,Debris            Slide,,,1856.36181640625,35.538228856371475,,
5577,HP/MAN/53E03/2015/151,Mandi,,31.492056,77.086913,Rock              Slide,,,2057.063720703125,46.07558422189268,,
5578,HP/BIL/53A11/2018/40,Bilaspur,Paniala,31.494605,76.728114,Debris            Slide,,,849.887939453125,28.15197691029598,,
5579,HP/SHI/53E11/2016/35,Shimla,Jhakri,31.494694,77.696083,Rock              Slide,,,1082.431396484375,68.95716260009874,,
5580,HP/MAN/53A15/2015/52,Mandi,,31.49602,76.930852,Debris            Slide,,,1112.66650390625,42.908033986173955,,
5581,HP/SHI/53E15/2016/20,Shimla,Right bank of Manglad Khad,31.4961,77.7618,Debris,Slide,2014,1359.2857666015625,33.80241927043588,,
5582,HP/KUL/53E11/2016/9,Kullu,PAJANDA,31.498833,77.535528,Rock              Composite,,,1611.6109619140625,22.15429792005652,,
5583,HP/MAN/53A14/2015/323,Mandi,"Chaumukhi,NH 21",31.500456,76.873523,Rock              Slide,,,894.0379638671875,28.812596359886115,,
5584,HP/KUL/53E10/2016/35,Kullu,Shalat,31.501,77.551,Rock              Slide,,,1424.40966796875,36.427742424910264,,
5585,HP/UNA/53A06/2018/5,Una,Mandli-Raipur Marg,31.501728,76.390533,Debris            Slide,,,535.7756958007812,29.74127266410411,,
5586,HP/SHI/53E10/2016/3,Shimla,"Gaso, NH-22",31.501958,77.715174,Debris            Fall,,,1266.932861328125,38.80178091845593,,
5587,HP/SHI/53E10/2016/1,Shimla,"Gaso, NH-22",31.502677,77.718566,Debris            Slide,,,1235.0679931640625,44.71262226057116,,
5588,HP/KUL/53E10/2016/41,Kullu,Sikan,31.502952,77.552995,Rock cum debris   Slide,,,1452.5225830078125,25.792172422105036,,
5589,HP/KUL/53E10/2016/7,Kullu,Sikan,31.503018,77.550619,Rock              Slide,,,1580.6263427734375,52.40096492822729,,
5590,HP/KUL/53E10/2016/4,Kullu,Sikan,31.503776,77.551342,Rock              Slide,,,1589.6915283203125,55.27021107229165,,
5591,HP/MAN/53A14/2015/330,Mandi,"Chaumukhi,NH 21",31.505179,76.874903,Rock              Slide,,,918.0826416015624,23.283684191025728,,
5592,HP/MAN/53A14/2015/329,Mandi,"Chaumukhi,NH 21",31.505636,76.875234,Debris            Slide,,,917.1170043945312,22.087055697599617,,
5593,HP/KUL/53E10/2016/10,Kullu,W of Kindla,31.505909,77.702348,Rock              Slide,,,1310.5625,51.83759706878408,,
5594,HP/MAN/53A14/2015/328,Mandi,"Chaumukhi,NH 21",31.505919,76.875198,Rock cum debris   Slide,,,920.0997924804688,21.370834114639255,,
5595,HP/KUL/53E06/2016/121,Kullu,Dogri,31.507,77.406,Debris            Slide,,,1939.58544921875,21.971198544052708,,
5596,HP/KUL/53E06/2016/91,Kullu,Dogri,31.507,77.409,Debris            Slide,,,2041.533935546875,37.736485154678526,,
5597,HP/MAN/53A14/2015/327,Mandi,"Chaumukhi,NH 21",31.507053,76.87491,Rock              Slide,,,927.9564819335938,21.91815324636895,,
5598,HP/MAN/53A14/2015/332,Mandi,Naura PF,31.508,76.944,Rock              Slide,,,1146.972900390625,34.87209941708214,,
5599,HP/KIN/53E14/2016/34,Kinnaur,Near Chot - Kanda village,31.5085,77.9697,Debris,Slide,2004,3325.99755859375,29.900655443264707,,
5600,HP/KIN/53E14/2016/33,Kinnaur,Near Chot - Kanda village,31.5089,77.9645,Debris,Slide,2004,3437.811767578125,39.174431552658554,,
5601,HP/KIN/53E14/2016/35,Kinnaur,Near Chot - Kanda village,31.5089,77.9679,Debris,Slide,2004,3375.420166015625,36.182846843839705,,
5602,HP/MAN/53A14/2015/335,Mandi,Near Naura,31.50953,76.934773,Rock              Slide,,,1158.0872802734375,29.86040781283849,,
5603,HP/MAN/53A14/2015/348,Mandi,"Mechhna,NH 21",31.512402,76.87501,Debris            Slide,,,942.2416381835938,25.20392578562653,,
5604,HP/MAN/53A14/2015/331,Mandi,NW of Ropri,31.513953,76.932246,Rock              Slide,,,1155.193603515625,26.948469548835224,,
5605,HP/KUL/53E06/2016/53,Kullu,Raupa,31.514,77.409,Debris            Slide,,,2185.6826171875,21.776905863256378,,
5606,HP/SHI/53E14/2016/127,Shimla,West of Kotla,31.514952,77.754392,Rock              Slide,,,1318.0960693359375,38.2152677282024,,
5607,HP/MAN/53A14/2015/333,Mandi,Naura PF,31.516,76.955,Rock              Slide,,,1126.068359375,16.315094429274158,,
5608,HP/SHI/53E14/2016/122,Shimla,West of Kotla,31.516,77.757,Debris            Slide,,,1195.4884033203125,28.50858247025005,,
5609,HP/SHI/53E14/2016/126,Shimla,West of Kotla,31.516133,77.753339,Rock              Slide,,,1348.6923828125,28.98447961945948,,
5610,HP/KUL/53E06/2016/59,Kullu,Shahi Gad,31.516226,77.414864,Debris            Slide,,,2198.36962890625,28.31702761108261,,
5611,HP/KUL/53E14/2016/96,Kullu,Rai Gad,31.516572,77.791754,Debris            Slide,,,1863.7694091796875,21.233223894571065,,
5612,HP/MAN/53A14/2015/334,Mandi,Naura PF,31.517,76.954,Rock              Slide,,,1110.8909912109375,38.635599375913,,
5613,HP/KUL/53E06/2016/139,Kullu,Near Khanang,31.517071,77.405926,Rock cum debris   Slide,,,2402.44921875,34.142421673830356,,
5614,HP/KUL/53E06/2016/28,Kullu,Shahi gad Shahi Gad,31.518799,77.419779,Debris,Slide,2003,2429.162109375,28.628675283591793,,
5615,HP/KUL/53E06/2016/3,Kullu,Shahi gad Shai Gad,31.519192,77.419157,Debris,Slide,2000,2405.004150390625,28.72971498676295,,
5616,HP/KUL/53E06/2016/57,Kullu,Shahi Gad,31.519218,77.417408,Debris,Slide,2003,2338.844482421875,33.42119029216042,,
5617,HP/KUL/53E06/2016/4,Kullu,Shahi gad Shahi Gad,31.519512,77.417872,Debris,Slide,2003,2349.25634765625,29.894521219447757,,
5618,HP/KUL/53E06/2016/11,Kullu,Ramatan,31.520469,77.41117,Debris            Slide,,,2400.04345703125,22.53584190249627,,
5619,HP/MAN/53A14/2015/352,Mandi,Bannan,31.521245,76.92756,Rock              Slide,,,1058.973388671875,28.41639448964912,,
5620,HP/KIN/53I02/2018/1,Kinnaur,Urni,31.52154,78.12664,Debris            Slide,,,2171.9775390625,35.39777625757299,,
5621,HP/KIN/53I02/2018/2,Kinnaur,Near Tapri,31.52167,78.13348,Debris            Slide,,,1975.7171630859375,43.11986818904434,,
5622,HP/KIN/53E14/2016/30,Kinnaur,Right bank of Panchot Khad,31.5218,77.9817,Debris,Slide,2004,2744.49072265625,34.01470741965195,,
5623,HP/KUL/53E10/2016/36,Kullu,Dogri,31.522011,77.686259,Rock              Slide,,,2028.2364501953125,40.81486171435366,,
5624,HP/KIN/53E14/2016/12,Kinnaur,"Near Chout Kanda village,",31.5225,77.9713,Debris            Slide,,,2952.172119140625,34.40656150483776,,
5625,HP/KUL/53E06/2016/58,Kullu,"Gal,NH 305",31.522647,77.402893,Debris            Slide,,,2534.61962890625,32.61312051994918,,
5626,HP/MAN/53E06/2016/144,Mandi,Kandidhar,31.523,77.292,Rock              Slide,,,2683.81298828125,22.53007612401076,,
5627,HP/KUL/53E10/2016/29,Kullu,S of Dogri,31.523847,77.686826,Rock              Slide,,,2187.85107421875,44.066427762398696,,
5628,HP/MAN/53A09/2018/1,Mandi,,31.524389,76.737806,Debris            Subsidence,,,763.6588745117188,18.107606650213583,,
5629,HP/KUL/53E06/2016/2,Kullu,Shahi gad Shai Gad,31.524505,77.420686,Debris,Slide,2000,2613.696044921875,27.59047733183581,,
5630,HP/KIN/53E15/2016/23,Kinnaur,Right bank of Solding Khad,31.5252,77.9174,Debris,Slide,2011,2226.071533203125,22.448162938507345,,
5631,HP/KIN/53E15/2016/22,Kinnaur,Right bank of Solding Khad,31.5259,77.9165,Debris,Slide,2011,2182.759765625,11.951989984333691,,
5632,HP/KUL/53E06/2016/120,Kullu,Rashand,31.526068,77.399496,Rock              Slide,,,2461.110595703125,31.340974201742355,,
5633,HP/KUL/53E06/2016/7,Kullu,Buwai,31.52727,77.402439,Debris,Slide,2003,2587.878662109375,30.491675607007632,,
5634,HP/KUL/53E10/2016/11,Kullu,South of Chhilar,31.528093,77.564507,Rock              Fall,,,1646.0570068359375,35.628217490824156,,
5635,HP/KIN/53E15/2016/21,Kinnaur,Right bank of Solding Khad,31.529,77.9162,Debris,Slide,2011,2059.17626953125,21.180028777487077,,
5636,HP/KUL/53E10/2016/17,Kullu,South of Chhilar,31.529201,77.566091,Rock              Slide,,,1681.8265380859375,57.581927300893696,,
5637,HP/SHI/53E14/2016/119,Shimla,North of Kotla,31.529459,77.75353,Rock              Slide,,,1803.21630859375,34.26193152805703,,
5638,HP/KIN/53E14/2016/55,Kinnaur,"Nichar forest, Nichar - Chout",31.5295,77.9779,Debris            Slide,,,2847.94091796875,40.55550981263489,,
5639,HP/KUL/53E06/2016/140,Kullu,Oari Thach,31.529799,77.337534,Rock              Slide,,,2908.3447265625,23.587389667281975,,
5640,HP/KUL/53E06/2016/141,Kullu,Oari Thach,31.530345,77.332414,Rock              Slide,,,3029.415283203125,29.413506896154452,,
5641,HP/KUL/53E06/2016/23,Kullu,North of Jharaunu,31.530394,77.389595,Rock cum debris   Slide,,,2811.772705078125,35.90662870598818,,
5642,HP/KUL/53E06/2016/12,Kullu,Alutu P.F,31.530974,77.382122,Rock cum debris   Subsidence,,,2946.9921875,24.324216080859504,,
5643,HP/SHI/53E14/2016/118,Shimla,Kaowil,31.531891,77.751954,Rock              Slide,,,1991.451416015625,43.68092390617651,,
5644,HP/KIN/53E14/2016/14,Kinnaur,Chot - Kanda village,31.5326,77.9801,Debris            Slide,,,2774.883056640625,40.729353839623315,,
5645,HP/KUL/53E10/2016/14,Kullu,Chhilar,31.533,77.574,Rock              Slide,,,1675.115234375,15.301034096680144,,
5646,HP/KIN/53E14/2016/9,Kinnaur,"Near Bari village, Left bank of",31.5334,77.9095,Debris            Slide,,,1830.9630126953125,10.880012816261765,,
5647,HP/KUL/53E06/2016/22,Kullu,North of Buwai,31.533677,77.393729,Debris            Slide,,,2769.490478515625,41.55704659343561,,
5648,HP/KUL/53E10/2016/22,Kullu,Neo Kundar,31.533724,77.701169,Rock cum debris   Slide,,,1465.09423828125,52.40881087311975,,
5649,HP/KUL/53E06/2016/5,Kullu,North of Buwai,31.533745,77.391748,Debris            Slide,,,2777.784423828125,26.603825564324477,,
5650,HP/SHI/53E14/2016/95,Shimla,NW of Jeori,31.533759,77.770637,Debris            Slide,,,1407.34765625,34.950428688926614,,
5651,HP/KUL/53E10/2016/9,Kullu,Barijan,31.534,77.669,Debris            Slide,,,2424.907470703125,27.383421952008113,,
5652,HP/KIN/53E14/2016/52,Kinnaur,"Nichar Chot, Nichar - Chout",31.5343,77.9813,Rock              Slide,,,2752.97607421875,45.19872560146763,,
5653,HP/KUL/53E06/2016/39,Kullu,"Jalori, NH 305",31.536389,77.372309,Debris            Subsidence,,,3092.5234375,6.746501134563313,,
5654,HP/KIN/53E14/2016/26,Kinnaur,Left bank of Solding Khad,31.5365,77.9086,Debris,Slide,2010,1864.048828125,33.623450066045805,,
5655,HP/MAN/53A10/2018/1,Mandi,,31.536583,76.534306,Debris            Slide,,,928.6495361328124,15.943812632484269,,
5656,HP/KUL/53E10/2016/18,Kullu,Neo Kundar,31.536667,77.699076,Rock              Slide,,,1459.8787841796875,37.89477591871951,,
5657,HP/SHI/53E14/2016/115,Shimla,North of Jeori,31.537,77.77,Rock cum debris   Slide,,,1562.7535400390625,31.347443784215702,,
5658,HP/KIN/53I06/2018/3,Kinnaur,Reckong Peo,31.53742,77.28949,Rock cum debris   Slide,,,2593.8681640625,27.51372917920212,,
5659,HP/KUL/53E06/2016/29,Kullu,"Jalora,NH 305",31.537558,77.370625,Debris            Slide,,,3125.06689453125,31.51502962104978,,
5660,HP/KIN/53E14/2016/29,Kinnaur,Left bank of Solding Khad,31.5385,77.9039,Debris,Slide,2010,2226.55908203125,31.393234191695303,,
5661,HP/Shimla/53E/14/2021/01,Shimla,#N/A #N/A,31.53866667,77.78386389,Rock              Slide,,,1534.3514404296875,62.44077941688522,,
5662,HP/KIN/53E14/2016/57,Shimla,Kandlu Chaunda,31.538673,77.83723,Rock              Slide,,,2738.958984375,42.06104698817519,,
5663,HP/MAN/53A10/2018/2,Mandi,,31.539222,76.531056,Debris            Slide,,,915.23779296875,16.908255560035723,,
5664,HP/KUL/53E10/2016/23,Kullu,Dogri,31.539238,77.706786,Debris            Slide,,,1989.4737548828125,39.48567646134111,,
5665,HP/KIN/53E14/2016/53,Kinnaur,"Nichar Chot, Nichar - Chout",31.5393,77.9861,Rock              Slide,,,2698.1455078125,48.9829225818442,,
5666,HP/KUL/53E06/2016/30,Kullu,"NE of Jalori,NH 305",31.54009,77.37928,Rock cum debris,Slide,2000,3049.52001953125,20.73895917376025,,
5667,HP/KIN/53E14/2016/3,Kinnaur,Near Burcha Wangtu - Burcha,31.5411,77.9992,Debris            Slide,,,1832.9197998046875,41.260186956730365,,
5668,HP/KIN/53E14/2016/80,Kinnaur,"Nichar forest, Nichar - Chout",31.5416,77.9886,Debris            Slide,,,2696.391845703125,35.86516911584784,,
5669,HP/KIN/53E14/2016/27,Kinnaur,Left bank of Solding Khad,31.5418,77.9051,Debris,Slide,2010,1999.4066162109375,53.81918927636706,,
5670,HP/BIL/53A06/2018/2,Bilaspur,Lama,31.542146,76.274045,Debris            Slide,,,431.45556640625,28.69508962554147,,
5671,HP/KUL/53E06/2016/35,Kullu,"NE of Jalori,NH 305",31.542157,77.381474,Rock cum debris,Slide,2000,3018.027587890625,31.96143546005476,,
5672,HP/KIN/53E14/2016/28,Kinnaur,Left bank of Solding Khad,31.5424,77.9091,Debris,Slide,2010,1788.164794921875,37.0991491533411,,
5673,HP/MAN/53A14/2015/350,Mandi,Near Leda,31.542453,76.835807,Rock              Slide,,,1257.169921875,14.17271497929024,,
5674,HP/MAN/53E02/2015/148,Mandi,Bagi village road,31.542556,77.094917,Rock cum debris   Slide,,,1983.97998046875,40.442769941919,,
5675,HP/SHI/53E14/2016/105,Shimla,Shinti,31.542803,77.77108,Rock              Slide,,,1510.9832763671875,47.28246319490162,,
5676,HP/MAN/53E02/2015/149,Mandi,Bagi village road,31.543361,77.089917,Rock cum debris   Slide,,,1943.7047119140625,36.62536448176332,,
5677,HP/BIL/53A06/2018/3,Bilaspur,Lama,31.543511,76.2744,Debris            Slide,,,463.48480224609375,18.04955846351642,,
5678,HP/KUL/53E10/2016/12,Kullu,Badar,31.543735,77.567992,Rock              Slide,,,1769.6785888671875,53.18412750170821,,
5679,HP/KUL/53E06/2016/133,Kullu,Bali Chowki,31.544724,77.266896,Rock              Slide,,,2947.599609375,39.35200371380368,,
5680,HP/KUL/53E10/2016/28,Kullu,Sagopha,31.545376,77.54561,Rock              Fall,,,2679.728759765625,53.60199908457211,,
5681,HP/KIN/53E14/2016/36,Kinnaur,Right bank of Solding Khad,31.5459,77.9135,Debris,Slide,2011,1620.3372802734375,24.806133968633244,,
5682,HP/MAN/53E02/2015/150,Mandi,Bagi village road,31.546056,77.076611,Rock cum debris   Slide,,,1841.54638671875,37.391291970394064,,
5683,HP/SHI/53E14/2016/117,Shimla,Madara,31.546569,77.780994,Rock              Fall,,,1484.5765380859375,38.91404179580906,,
5684,HP/MAN/53E02/2015/126,Mandi,Lag valley,31.546611,77.20825,Debris            Slide,,,1928.0927734375,31.2793290402336,,
5685,HP/SHI/53E14/2016/123,Shimla,S of Madhara,31.546664,77.776478,Rock cum debris   Slide,,,1433.360595703125,44.146542137418045,,
5686,HP/KUL/53E10/2016/6,Kullu,Damah,31.546743,77.566484,Debris            Slide,,,1880.9283447265625,35.42224467905517,,
5687,HP/KIN/53E14/2016/6,Kinnaur,Right bank of Solding Khad,31.5471,77.9101,Debris,Slide,2014,1772.68603515625,48.11056735166457,,
5688,HP/KIN/53E14/2016/1,Kinnaur,Right bank of Solding Khad(,31.5471,77.9101,Debris,Slide,2014,1772.68603515625,48.11056735166457,,
5689,HP/KUL/53E10/2016/5,Kullu,Damah,31.547476,77.56661,Debris            Slide,,,1874.8436279296875,39.14448323091421,,
5690,HP/KIN/53E14/2016/2,Kinnaur,"Near Nichar, Pilingi - Nichar",31.5478,77.9816,Debris,Slide,2010,2414.8681640625,43.93500598719172,,
5691,HP/MAN/53A10/2018/3,Mandi,Khelag,31.548083,76.5675,Debris            Slide,,,769.9959106445312,19.711115848158673,,
5692,HP/MAN/53A10/2018/4,Mandi,,31.548417,76.566417,Debris            Slide,,,769.7218017578125,15.988636545955284,,
5693,HP/MAN/53A10/2018/5,Mandi,,31.548528,76.564278,Debris            Slide,,,784.751708984375,20.724966439688377,,
5694,HP/KUL/53E10/2016/40,Kullu,Sikaseri,31.549,77.701,Debris            Slide,,,1850.1656494140625,39.796895095361,,
5695,HP/KUL/53E06/2016/25,Kullu,"North of Jalori,NH 305",31.549424,77.377331,Rock cum debris   Slide,,,2852.046630859375,23.59692245971276,,
5696,HP/KIN/53E14/2016/8,Kinnaur,"Near Bari village, Left bank of",31.5497,77.9101,Debris,Slide,2010,1815.768798828125,62.213990489455114,,
5697,HP/KIN/53E14/2016/85,Kinnaur,Near Kangos village Nichar link,31.5497,77.9215,Debris            Slide,,,1895.8958740234375,26.890043468570298,,
5698,HP/KUL/53E10/2016/8,Kullu,S of Malua,31.549712,77.681945,Debris            Slide,,,1760.8878173828125,32.95864866980996,,
5699,HP/KUL/53E10/2016/27,Kullu,Kalidhar,31.550923,77.675566,Debris            Slide,,,2176.507568359375,57.65258334707433,,
5700,HP/KIN/53E14/2016/10,Kinnaur,Nichar Eklavya school,31.5516,77.9723,Debris,Slide,2008,2269.44873046875,32.481475512169496,,
5701,HP/KIN/53E14/2016/49,Kinnaur,"Palingini village, Nichar link",31.5517,77.9187,Debris            Slide,,,1710.388671875,50.85562764488486,,
5702,HP/KIN/53E14/2016/56,Kinnaur,"Near Kangos village, Nichar link",31.5521,77.9635,Debris            Slide,,,2174.541748046875,25.41539251561148,,
5703,HP/KIN/53E14/2016/50,Kinnaur,Near Solding NH-22,31.5523,77.9152,Debris            Slide,,,1543.6722412109375,28.24508677608944,,
5704,HP/SHI/53E14/2016/106,Shimla,Kiao,31.55258,77.784831,Rock              Slide,,,1662.0269775390625,56.028830599082966,,
5705,HP/MAN/53A10/2018/6,Mandi,,31.552611,76.522083,Debris            Slide,,,974.1375122070312,18.500457354111106,,
5706,HP/KIN/53E14/2016/48,Kinnaur,"Palingini village, Nichar link road",31.5529,77.9194,Debris            Slide,,,1622.2060546875,33.82925121710875,,
5707,HP/KUL/53E10/2016/13,Kullu,Kandoshila,31.553,77.546,Rock cum debris,Slide,2014,2782.37353515625,34.893911423882514,,
5708,HP/KIN/53E14/2016/91,Kinnaur,Near Solding bridge NH-22,31.5531,77.9126,Rock              Fall,,,1580.738525390625,37.10748187407166,,
5709,HP/KIN/53E14/2016/42,Kinnaur,Left bank of Solding Khad,31.5533,77.9054,Debris            Slide,,,2117.22509765625,32.63939441974369,,
5710,HP/SHI/53E14/2016/107,Shimla,Kiao,31.553734,77.786244,Rock              Slide,,,1665.575439453125,50.12460353966889,,
5711,HP/MAN/53E02/2015/127,Mandi,Lag valley,31.553806,77.203611,Debris            Slide,,,1897.0684814453125,48.70567558671018,,
5712,HP/MAN/53E02/2015/128,Mandi,Lag valley,31.554444,77.204444,Debris            Slide,,,1884.1534423828125,46.67078205837715,,
5713,HP/MAN/53E02/2015/130,Mandi,Chail Chawk-Gogar Pandoh,31.5545,77.196778,Debris            Slide,,,1872.5225830078125,45.31021567446385,,
5714,HP/SHI/53E14/2016/108,Shimla,Kiao,31.554684,77.78922,Rock              Slide,,,1725.0606689453125,45.85542959483639,,
5715,HP/KUL/53E10/2016/20,Kullu,North of jaon,31.555,77.573,Debris            Slide,,,2006.0557861328125,20.79316410275318,,
5716,HP/SHI/53E14/2016/120,Shimla,North of Dharail,31.555,77.809,Rock              Slide,,,1702.1795654296875,43.77966564481073,,
5717,HP/KUL/53E10/2016/15,Kullu,Sarahan,31.555057,77.527401,Rock              Fall,,,2437.757080078125,33.92051773099207,,
5718,HP/HAM/53A09/2018/2,Hamirpur,Sivnagar - Bhauda road,31.555167,76.680417,Debris            Slide,,,790.1144409179688,16.428939165757157,,
5719,HP/MAN/53E02/2015/129,Mandi,Chail Chawk-Gogar Pandoh,31.555639,77.20375,Debris            Slide,,,1903.036865234375,34.813991807908955,,
5720,HP/KUL/53E06/2016/36,Kullu,"North of Jalori,NH 305",31.556248,77.37588,Rock cum debris   Slide,,,2763.05859375,20.839874583322967,,
5721,HP/SHI/53E14/2016/116,Shimla,Bara Bond,31.556529,77.807827,Debris            Slide,,,1880.83544921875,34.28807166359393,,
5722,HP/KUL/53E10/2016/31,Kullu,Bahan,31.556553,77.664333,Rock cum debris   Slide,,,2790.0751953125,42.15017594668722,,
5723,HP/KUL/53E10/2016/16,Kullu,Sarahan,31.556753,77.527724,Rock              Fall,,,2622.537353515625,42.91670126090256,,
5724,HP/KIN/53E14/2016/70,Kinnaur,NH-72,31.557,77.9243,Rock              Fall,,,1539.6519775390625,34.363035761009165,,
5725,HP/SHI/53E14/2016/109,Shimla,South of Kuthru,31.557164,77.808401,Rock              Slide,,,1848.6893310546875,40.76435673351817,,
5726,HP/MAN/53E02/2015/133,Mandi,Chail Chawk-Gogar Pandoh,31.557222,77.1905,Rock cum debris   Slide,,,1855.7725830078125,58.58761485070258,,
5727,HP/KIN/53E14/2016/44,Kinnaur,NH-22,31.5575,77.9952,Debris            Slide,,,1563.9456787109375,43.24570334852889,,
5728,HP/KIN/53E14/2016/17,Kinnaur,Near Naptha Damnh - 22/ Right,31.5576,77.9986,Debris,Slide,2015,1525.601806640625,46.844600440072234,,
5729,HP/KUL/53E10/2016/39,Kullu,Jaon,31.558,77.574,Debris,Slide,2014,2069.070068359375,36.71935375750998,,
5730,HP/KUL/53E06/2016/6,Kullu,"Shojha,NH 305, MS 60",31.558,77.369,Debris,Slide,2013,2358.3125,30.77587291388752,,
5731,HP/MAN/53E02/2015/134,Mandi,Chail Chawk-Gogar Pandoh,31.558111,77.188472,Rock cum debris   Slide,,,1835.7410888671875,46.26700768859931,,
5732,HP/MAN/53E02/2015/132,Mandi,Chail Chawk-Gogar Pandoh,31.558333,77.192917,Rock cum debris   Slide,,,1834.70556640625,38.45242379940726,,
5733,HP/KUL/53E06/2016/46,Kullu,"Shojha,NH 305",31.558414,77.370131,Debris            Slide,,,2439.409423828125,32.33673862533175,,
5734,HP/KIN/53E14/2016/7,Kinnaur,Left bank of Satluj NH-22,31.5587,77.9063,Rock              Fall,,,1630.9010009765625,42.22103968329993,,
5735,HP/KIN/53E14/2016/67,Kinnaur,Left bank of Satluj NH-22,31.5587,77.9063,Rock              Fall,,,1630.9010009765625,42.22103968329993,,
5736,HP/MAN/53E02/2015/131,Mandi,Chail Chawk-Gogar Pandoh,31.558722,77.194167,Debris            Slide,,,1836.243408203125,26.658655813532462,,
5737,HP/KUL/53E06/2016/37,Kullu,"Shojha,NH 305",31.558968,77.374525,Rock              Slide,,,2707.749755859375,25.433883238126057,,
5738,HP/MAN/53E02/2015/147,Mandi,Bagi village road,31.559083,77.114528,Rock cum debris   Slide,,,1930.0908203125,40.94996261358674,,
5739,HP/KUL/53E06/2016/143,Kullu,"Shojha,NH 305",31.55925,77.368416,Debris            Slide,,,2339.339111328125,38.510748650776506,,
5740,HP/KUL/53E06/2016/43,Kullu,"Shojha,NH 305",31.559267,77.368416,Debris            Slide,,,2339.339111328125,38.51075363226804,,
5741,HP/KIN/53E14/2016/13,Kinnaur,Near Naptha Damnh - 22/ Right,31.5593,77.9967,Earth             Topple,,,1534.3958740234375,42.94408257374509,,
5742,HP/KUL/53E10/2016/21,Kullu,Jaon,31.56,77.571,Debris            Slide,,,1892.7022705078125,8.16075105986933,,
5743,HP/KIN/53E14/2016/84,Kinnaur,NH22,31.56,77.9028,Rock              Topple,,,1722.998779296875,53.862308861113355,,
5744,HP/KIN/53E14/2016/69,Kinnaur,NH-72,31.5608,77.9771,Rock              Fall,,,1745.512451171875,44.971684339587135,,
5745,HP/KUL/53E06/2016/40,Kullu,"Jain,NH 305",31.560923,77.368597,Debris,Slide,2011,2307.08447265625,39.53036796208668,,
5746,HP/KUL/53E10/2016/19,Kullu,North of jaon,31.561,77.574,Debris            Slide,,,2019.5118408203125,29.505724157523684,,
5747,HP/MAN/53A10/2018/7,Mandi,SH-32,31.561,76.571639,Debris            Slide,,,826.2960205078125,31.388949589413834,,
5748,HP/KIN/53E14/2016/21,Kinnaur,"Near Garsu village, Garsu-",31.5613,77.9197,Debris,Slide,2014,1804.4683837890625,56.02684593768438,,
5750,HP/KIN/53E14/2016/41,Kinnaur,Near Kandhar village,31.5614,77.9936,Rock              Slide,,,1526.90087890625,56.97384220303679,,
5751,HP/KIN/53E14/2016/81,Kinnaur,NH22,31.5615,77.8999,Rock              Fall,,,1778.838623046875,48.401751576841534,,
5752,HP/KIN/53E14/2016/24,Kinnaur,"Near Garsu village, Garsu-",31.5619,77.9103,Debris,Fall,2014,1617.71240234375,41.16297483833731,,
5753,HP/KIN/53E14/2016/37,Kinnaur,Near Kandhar village,31.562,77.9983,Rock              Slide,,,1834.4212646484375,48.442852517437906,,
5754,HP/MAN/53E02/2015/136,Mandi,Chail Chawk-Gogar Pandoh,31.562056,77.176167,Rock cum debris   Slide,,,1865.5325927734375,42.5444907748275,,
5755,HP/MAN/53E02/2015/151,Mandi,Badal Road,31.562083,77.062361,Rock cum debris   Slide,,,1659.898681640625,31.801712033412905,,
5756,HP/KIN/53E14/2016/59,Kinnaur,"Near Nathpa dam, NH-22/ Right",31.5623,77.9848,Debris            Slide,,,1597.2457275390625,45.52087006997796,,
5757,HP/SHI/53E14/2016/93,Shimla,Near Taranda Link Road,31.5623,77.8879,Rock              Fall,,,1914.07470703125,52.907227691169055,,
5758,HP/MAN/53E02/2015/135,Mandi,Chail Chawk-Gogar Pandoh,31.562583,77.176083,Rock cum debris   Slide,,,1872.696533203125,43.17143297542064,,
5759,HP/MAN/53E02/2015/153,Mandi,Badal Road,31.562722,77.032111,Rock cum debris   Slide,,,1422.907958984375,27.464757951827515,,
5760,HP/KIN/53E14/2016/54,Kinnaur,NH22,31.5628,77.8984,Debris            Slide,,,1770.196044921875,62.5842041054311,,
5761,HP/SHI/53E14/2016/89,Shimla,Near Taranda Link Road,31.5629,77.8897,Rock              Fall,,,1944.91357421875,47.623083703619336,,
5762,HP/SHI/53E14/2016/4,Shimla,Nigulsari NH-22,31.563,77.883,Debris,Slide,2008,1612.864990234375,33.04975183033887,,
5763,HP/KIN/53E14/2016/82,Kinnaur,NH22,31.5631,77.8991,Rock              Fall,,,1648.9534912109375,58.31201905038311,,
5764,HP/KIN/53E14/2016/97,Kinnaur,"N of Nigalsari, NH 22",31.563241,77.882993,Rock cum debris   Slide,,,1595.2979736328125,36.07829612884126,,
5765,HP/MAN/53E02/2015/152,Mandi,Badal Road,31.56325,77.058583,Rock cum debris   Slide,,,1622.8994140625,22.97628415452765,,
5766,HP/KIN/53E14/2016/68,Kinnaur,"Near Nathpa dam, NH-22",31.5634,77.9697,Debris            Slide,,,1657.5167236328125,39.280152937987,,
5767,HP/KIN/53E14/2016/25,Kinnaur,"Near Garsu village, Garsu-",31.5635,77.918,Debris,Slide,2014,2108.9150390625,45.43136680228564,,
5768,HP/KIN/53E14/2016/66,Kinnaur,"Near Nathpa dam, NH-22",31.5636,77.968,Debris            Slide,,,1635.25732421875,45.36151837885157,,
5769,HP/MAN/53E02/2015/137,Mandi,Chail Chawk-Gogar Pandoh,31.563667,77.171694,Rock cum debris   Slide,,,1898.721923828125,41.42711421342549,,
5770,HP/KIN/53E14/2016/23,Kinnaur,"Near Garsu village, Garsu-",31.5639,77.9075,Debris,Slide,2014,1613.05126953125,50.61886713892479,,
5771,HP/KIN/53E14/2016/87,Kinnaur,NH22,31.5643,77.8973,Rock              Fall,,,1801.52392578125,54.9444760048049,,
5772,HP/KIN/53E14/2016/22,Kinnaur,"Near Garsu village, Garsu-",31.5646,77.905,Debris,Slide,2014,1596.994140625,54.29864024814429,,
5773,HP/SHI/53E14/2016/88,Shimla,Near Taranda Link Road,31.5646,77.8923,Rock              Fall,,,1981.2353515625,45.63284902129842,,
5774,HP/SHI/53E14/2016/90,Shimla,Near Taranda Link Road,31.5646,77.8913,Rock              Fall,,,1948.59521484375,42.32203800978836,,
5775,HP/SHI/53E14/2016/110,Shimla,South of Kuthru,31.564803,77.809584,Rock              Slide,,,2099.200439453125,42.43082285255118,,
5776,HP/KUL/53E10/2016/2,Kullu,Dugalambar,31.564859,77.563673,Debris,Subsidence,2016,2053.7412109375,24.030104333503463,,
5777,HP/KUL/53E10/2016/37,Kullu,Bhujrigad P.F.,31.565,77.723,Rock cum debris   Slide,,,3211.71337890625,30.133431118675503,,
5778,HP/KIN/53E14/2016/65,Kinnaur,Nathpa - Kachrangathpa -,31.5652,77.9556,Rock,Slide,2014,1503.094970703125,37.40399227965637,,
5779,HP/KIN/53E14/2016/45,Kinnaur,Naer Nathpa Dam,31.5654,77.9832,Rock              Slide,,,1602.14990234375,62.44388874986769,,
5780,HP/KIN/53E14/2016/78,Kinnaur,NH22,31.5655,77.8961,Rock              Fall,,,1745.659423828125,54.04914217846288,,
5781,HP/KIN/53E14/2016/64,Kinnaur,Nathpa - Kachrangathpa -,31.5655,77.9563,Rock,Slide,2014,1543.4842529296875,36.73881525043485,,
5782,HP/KIN/53E14/2016/76,Kinnaur,NH22,31.5656,77.8952,Rock              Fall,,,1783.7872314453125,48.23746097267761,,
5783,HP/SHI/53E14/2016/111,Shimla,South of Kuthru,31.565682,77.809497,Rock              Slide,,,2091.055419921875,48.35040246124514,,
5784,HP/KIN/53E14/2016/83,Kinnaur,NH22,31.5659,77.8946,Rock              Fall,,,1754.0863037109375,51.004663200518976,,
5785,HP/KIN/53E14/2016/15,Kinnaur,Near Garsugarsu - Chota Kamba,31.5659,77.9139,Debris            Slide,,,2146.635009765625,46.71460542213825,,
5786,HP/KIN/53E14/2016/103,Kinnaur,S of Bara Khamba,31.566165,77.871812,Debris            Slide,,,1362.978515625,31.05444020762491,,
5787,HP/KIN/53E14/2016/43,Kinnaur,Upstream of Nathpa Dam,31.5664,77.9868,Rock              Slide,,,1755.2637939453125,43.66989215856414,,
5788,HP/KIN/53E14/2016/77,Kinnaur,NH22,31.5665,77.8941,Rock              Fall,,,1706.025390625,45.87089475093854,,
5789,HP/KUL/53E06/2016/24,Kullu,"Shojha, NH 305",31.566679,77.371747,Rock cum debris   Slide,,,2590.447509765625,40.05874896242267,,
5790,HP/KIN/53E14/2016/5,Kinnaur,"Taranda Mandir, NH22",31.5668,77.8924,Rock,Fall,2008,1739.918212890625,41.1192429675772,,
5791,HP/KIN/53E14/2016/86,Kinnaur,Near Chota Kamba link road,31.5669,77.9025,Debris            Slide,,,1655.865478515625,44.97742524339402,,
5792,HP/KIN/53E14/2016/39,Kinnaur,Near Kandhar village,31.5675,77.9934,Rock              Slide,,,1957.8011474609375,48.94787926872603,,
5793,HP/MAN/53E02/2015/141,Mandi,Chail Chawk-Gogar Pandoh,31.567583,77.167417,Debris            Slide,,,1994.9886474609375,44.27310052300922,,
5794,HP/MAN/53E02/2015/140,Mandi,Chail Chawk-Gogar Pandoh,31.567694,77.167889,Debris            Slide,,,1968.3193359375,35.084466803989336,,
5795,HP/SHI/53E14/2016/112,Shimla,South of Kuthru,31.567712,77.810594,Rock              Slide,,,1908.9178466796875,42.295592377080474,,
5796,HP/SHI/53E14/2016/114,Shimla,South of Kuthru,31.567712,77.810594,Rock              Fall,,,1908.9178466796875,42.295592377080474,,
5797,HP/KIN/53E14/2016/98,Kinnaur,SE of phagi,31.567726,77.835175,Rock cum debris   Fall,,,1578.8077392578125,36.23581783996624,,
5798,HP/KUL/53E06/2016/18,Kullu,"Laduha,NH 305",31.567786,77.362042,Rock cum debris,Slide,2009,2141.20068359375,46.655882777306026,,
5799,HP/MAN/53E02/2015/142,Mandi,Bagi village road,31.567833,77.166194,Debris            Slide,,,1980.17822265625,43.15513686773345,,
5800,HP/KIN/53E14/2016/38,Kinnaur,Near Kandhar village,31.5679,77.9892,Rock              Slide,,,1679.7677001953125,30.566679815266617,,
5801,HP/MAN/53E02/2015/143,Mandi,Bagi village road,31.568111,77.161472,Rock cum debris   Slide,,,2041.550537109375,41.22054249410177,,
5802,HP/MAN/53E02/2015/139,Mandi,Chail Chawk-Gogar Pandoh,31.568167,77.168,Rock cum debris   Slide,,,1964.924560546875,31.09339954036149,,
5803,HP/MAN/53E02/2015/138,Mandi,Chail Chawk-Gogar Pandoh,31.568389,77.168194,Debris            Slide,,,1960.2039794921875,26.3240212818112,,
5804,HP/KUL/53E06/2016/119,Kullu,Ballidhar,31.569,77.316,Rock              Slide,,,2444.53564453125,35.22630589221816,,
5805,HP/SHI/53E14/2016/113,Shimla,South of Kuthru,31.569195,77.811002,Rock              Slide,,,1798.16015625,42.168509375831725,,
5806,HP/MAN/53A14/2015/349,Mandi,"Sidhkot P.F, milestone-leda 3km",31.569361,76.819838,Rock              Slide,,,1411.7752685546875,18.06781504170787,,
5807,HP/KIN/53E14/2016/71,Kinnaur,"Kandhar village, Kandhar link",31.5694,77.9989,Debris,Slide,2004,2370.82958984375,41.83428732367527,,
5808,HP/KIN/53E14/2016/62,Kinnaur,Nathpa - Kachrangathpa -,31.57,77.9485,Rock,Slide,2014,1502.7706298828125,39.68556983036071,,
5809,HP/KUL/53E06/2016/47,Kullu,S of Chhabra P.F.,31.57,77.309,Rock              Slide,,,2448.25537109375,38.02155129231819,,
5810,HP/KIN/53E14/2016/61,Kinnaur,Nathpa - Kachrangathpa -,31.5701,77.9524,Rock,Slide,2014,1721.5557861328125,38.05963562426478,,
5811,HP/KIN/53E14/2016/63,Kinnaur,Nathpa - Kachrangathpa -,31.5702,77.9493,Rock,Slide,2014,1539.4598388671875,37.952278367283085,,
5812,HP/KIN/53E14/2016/18,Kinnaur,"Near Garsu village, Garsu-",31.5705,77.8968,Debris,Slide,2014,1542.9307861328125,53.9219356650672,,
5813,HP/KIN/53E14/2016/124,Kinnaur,Chauhra,31.570709,77.862742,Debris            Slide,,,1427.26806640625,51.33559115886985,,
5814,HP/MAN/53E02/2015/146,Mandi,Bagi village road,31.570778,77.152028,Rock cum debris   Slide,,,2059.2841796875,25.37904940238083,,
5815,HP/KUL/53E06/2016/42,Kullu,"Jalora,NH 305",31.570806,77.363684,Rock,Slide,2001,2114.073974609375,32.39289449777989,,
5816,HP/KIN/53E14/2016/92,Kinnaur,Near Nathpa village,31.5709,77.9725,Debris,Slide,2014,1953.85107421875,45.14285718322062,,
5817,HP/KIN/53E14/2016/19,Kinnaur,"Near Garsu village, Garsu-",31.5709,77.8957,Debris,Slide,2014,1533.7054443359375,45.97170525098131,,
5818,HP/KIN/53E14/2016/60,Kinnaur,Nathpa - Kachrangathpa -,31.5715,77.9534,Rock,Slide,2014,1844.5828857421875,37.12706209926939,,
5819,HP/KIN/53E14/2016/125,Kinnaur,Chauhra,31.571821,77.863126,Debris            Slide,,,1325.9703369140625,44.81023658955036,,
5820,HP/KIN/53E14/2016/104,Kinnaur,S of Phagi,31.572,77.824,Debris            Slide,,,1539.32373046875,38.641470771594925,,
5821,HP/KIN/53E14/2016/31,Kinnaur,"Right bank of Satluj, near",31.5724,77.9436,Debris,Slide,2014,1686.6407470703125,45.40708593576755,,
5822,HP/KUL/53E06/2016/44,Kullu,"Jalora,NH 305",31.57286,77.362523,Debris,Slide,2005,2037.4158935546875,30.938430961612607,,
5823,HP/KIN/53E14/2016/20,Kinnaur,"Near Garsu village, Garsu-",31.5732,77.8865,Debris,Slide,2014,1864.4140625,61.2805764924756,,
5824,HP/HAM/53A09/2018/3,Hamirpur,,31.573306,76.734917,Debris            Slide,,,725.8071899414062,23.12209615323144,,
5825,HP/MAN/53A10/2018/8,Mandi,SH-32,31.573333,76.734889,Debris            Subsidence,,,725.8071899414062,23.12209893748847,,
5826,HP/KUL/53E10/2016/30,Kullu,Samatan,31.573476,77.581912,Debris            Slide,,,2069.810302734375,35.80678934609433,,
5827,HP/KIN/53E14/2016/101,Kinnaur,N of Chauhra,31.573542,77.857002,Rock              Fall,,,1642.3685302734375,66.17225598509305,,
5828,HP/MAN/53E02/2015/144,Mandi,Bagi village road,31.573917,77.155611,Rock cum debris   Slide,,,2091.115966796875,39.151176405581,,
5829,HP/KUL/53E06/2016/32,Kullu,Chhabra P.F.,31.573934,77.307064,Rock              Slide,,,2453.558837890625,31.888926259241607,,
5830,HP/KUL/53E06/2016/54,Kullu,Chhabra P.F.,31.574,77.31,Debris            Slide,,,2554.683837890625,28.591769290778178,,
5831,HP/KIN/53E14/2016/32,Kinnaur,Khachrang foot track,31.5742,77.9422,Debris,Slide,2014,1688.4085693359375,43.13324051955985,,
5832,HP/KIN/53E14/2016/16,Kinnaur,Kachrang - Naptha foot track,31.5745,77.949,Debris,Slide,2016,1897.9022216796875,41.332460707675466,,
5833,HP/KIN/53E14/2016/47,Kinnaur,Near Chota Kamba link road,31.5749,77.8933,Rock              Slide,,,1845.4693603515625,24.658485548847136,,
5834,HP/KIN/53E14/2016/100,Kinnaur,S of Linge Dogri,31.574904,77.844893,Rock cum debris   Slide,,,1473.3919677734375,54.76917995536454,,
5835,HP/MAN/53A14/2015/325,Mandi,"Pathri P.F,SH 13",31.575135,76.990257,Rock              Slide,,,1277.4761962890625,31.2687646674075,,
5836,HP/KIN/53E14/2016/99,Kinnaur,Near Chota Kamba link road,31.5755,77.8947,Debris            Slide,,,1887.2305908203125,42.19180311930965,,
5837,HP/KIN/53E14/2016/121,Kinnaur,N of Chauhra,31.576977,77.852405,Rock              Slide,,,1284.03857421875,39.077148212407074,,
5838,HP/KIN/53E14/2016/102,Kinnaur,Linge Dogri,31.578054,77.847901,Debris            Slide,,,1401.615234375,46.848677833719115,,
5839,HP/KUL/53E06/2016/62,Kullu,Lambri,31.578159,77.40656,Rock              Slide,,,2913.3779296875,29.651039054350544,,
5840,HP/KIN/53E14/2016/75,Kinnaur,Near Nathpa village,31.5787,77.9706,Debris,Slide,2014,2515.36376953125,53.85512313905701,,
5841,HP/SHI/53E14/2016/94,Shimla,Kandri,31.578991,77.740336,Debris            Slide,,,2146.784912109375,24.379779042058324,,
5842,HP/KIN/53E14/2016/79,Kinnaur,Near Kachrang,31.5791,77.9485,Rock,Slide,2012,2216.864501953125,45.78962153453923,,
5843,HP/MAN/53E02/2015/145,Mandi,Bagi village road,31.579389,77.153444,Rock cum debris   Slide,,,2119.80322265625,41.6212028190682,,
5844,HP/MAN/53A14/2015/324,Mandi,"Near Baggi,SH 13",31.579519,76.989374,Rock              Slide,,,1222.0269775390625,32.697806874300575,,
5845,HP/KIN/53E14/2016/58,Kinnaur,Near Rokchad,31.5799,77.9275,Rock              Slide,,,2396.9619140625,51.00316787615138,,
5846,HP/KIN/53E14/2016/74,Kinnaur,Near Nathpa village,31.5818,77.9663,Debris,Slide,2014,2577.016845703125,37.94784312651244,,
5847,HP/MAN/53A14/2015/313,Mandi,"Tamled,SH 32",31.582167,76.791972,Rock              Slide,,,1127.6195068359375,34.45848398976439,,
5848,HP/MAN/53A14/2015/315,Mandi,"Dhol Khan,SH 32",31.583199,76.784971,Rock              Slide,,,1099.37548828125,27.308188230453545,,
5849,HP/KUL/53E06/2016/63,Kullu,Lambri,31.583298,77.403607,Rock              Slide,,,3350.634521484375,31.984182085296336,,
5850,HP/SHI/53E10/2016/24,Shimla,Kandri,31.583506,77.738558,Debris            Slide,,,2120.02587890625,39.714986167617255,,
5851,HP/KAN/53A09/2018/4,Kangra,Syoh - sandhol road,31.583639,76.649278,Debris            Slide,,,968.3087768554688,8.97450617537665,,
5852,HP/KAN/53A09/2018/5,Kangra,SH 19,31.58375,76.6345,Debris            Slide,,,976.0855102539062,3.649762915208673,,
5853,HP/MAN/53A14/2015/310,Mandi,"Dhol Khan,SH 32",31.584163,76.790932,Rock              Slide,,,1109.38134765625,34.78586258716559,,
5854,HP/SHI/53E10/2016/26,Shimla,Kandri,31.584286,77.737686,Debris            Slide,,,2187.939208984375,13.73072107473931,,
5855,HP/KUL/53E06/2016/64,Kullu,Lambri,31.584708,77.40242,Rock              Slide,,,3440.479248046875,32.33221058679666,,
5856,HP/MAN/53A14/2015/314,Mandi,"Dhol Khan,SH 32",31.585308,76.787509,Rock              Slide,,,1105.00341796875,31.04003344373129,,
5857,HP/MAN/53A14/2015/312,Mandi,"Jakherh,SH 32",31.585447,76.80053,Rock              Slide,,,1165.61279296875,42.49413398283771,,
5858,HP/SHI/53E10/2016/25,Shimla,Kandri,31.585666,77.737592,Debris            Slide,,,2202.32275390625,29.088382764096888,,
5859,HP/KIN/53E14/2016/46,Kinnaur,"Near forst RH, Kachrang, Left",31.5857,77.9423,Debris,Slide,2014,1905.5904541015625,59.30950587738876,,
5860,HP/MAN/53A14/2015/311,Mandi,"Jakherh,SH 32",31.585925,76.800781,Rock              Slide,,,1166.917724609375,44.395894525519985,,
5861,HP/MAN/53A14/2015/346,Mandi,"Dhalwan,SH 32,Lunch",31.585976,76.77751,Rock cum debris,Slide,2009,1067.70947265625,28.164729705210608,,
5862,HP/KIN/53I06/2018/1,Kinnaur,Ribba,31.58605,78.37533,Debris            Slide,,,2258.336669921875,43.31496316218464,,
5863,HP/KUL/53E06/2016/65,Kullu,Lambri,31.586844,77.398687,Rock              Slide,,,3473.75439453125,33.95193888949336,,
5864,HP/KUL/53E10/2016/32,Kullu,Dimajan P.F.,31.587,77.596,Debris            Slide,,,2585.365966796875,45.73822256317942,,
5865,HP/MAN/53A14/2015/345,Mandi,"Dhalwan,SH 32",31.587649,76.777411,Rock              Slide,,,1065.5035400390625,29.49664820437965,,
5866,HP/KIN/53E14/2016/51,Kinnaur,"Near Kacharng village, Left bank",31.5886,77.9398,Debris            Slide,,,1780.898681640625,31.31536390654289,,
5867,HP/KUL/53E10/2016/33,Kullu,Dimajan P.F.,31.589,77.595,Debris            Slide,,,2401.566162109375,44.06038758586259,,
5868,HP/MAN/53A14/2015/308,Mandi,"West of Gammun,SH 32",31.590036,76.809541,Debris            Slide,,,1224.473388671875,27.96902612236467,,
5869,HP/MAN/53A09/2018/6,Mandi,,31.590222,76.526861,Debris            Slide,,,860.4743041992188,9.561234569329104,,
5870,HP/MAN/53A14/2015/309,Mandi,"West of Gammun,SH 32",31.590575,76.807784,Rock              Slide,,,1205.6043701171875,27.97278444178823,,
5871,HP/MAN/53A14/2015/322,Mandi,"Maslan,SH 32",31.591269,76.77591,Rock              Slide,,,1039.150634765625,31.275308216785696,,
5872,HP/UNA/53A02/2018/9,Una,Pallian R.F,31.591357,76.221398,Debris            Slide,,,473.13372802734375,26.063818745495603,,
5873,HP/UNA/53A02/2018/11,Una,Pallian P.F,31.59155,76.223237,Rock cum debris   Slide,,,508.5254211425781,26.350478319560764,,
5874,HP/UNA/53A02/2018/13,Una,Pallian P.F,31.591806,76.223469,Debris            Slide,,,522.0635375976562,16.40721779156827,,
5875,HP/UNA/53A02/2018/12,Una,Pallan P.Fi,31.591921,76.223987,Rock              Slide,,,503.8147583007813,25.715961597005347,,
5876,HP/KIN/53E14/2016/73,Kinnaur,"Solaring, Left bank of Solaring",31.5922,77.9365,Debris            Slide,,,1822.6495361328125,20.054094911489468,,
5877,HP/MAN/53A14/2015/307,Mandi,"West of Gammun,SH 32",31.59263,76.809827,Rock              Slide,,,1245.1337890625,33.447207012487745,,
5878,HP/MAN/53A14/2015/321,Mandi,Maslan,31.592797,76.776176,Rock,Slide,2009,1039.943359375,33.594482357773884,,
5879,HP/UNA/53A02/2018/10,Una,Pallian R.F,31.593546,76.221617,Debris            Slide,,,521.9509887695312,16.774221756397047,,
5880,HP/KUL/53E10/2016/34,Kullu,Dimajan P.F.,31.594,77.584,Rock cum debris   Slide,,,2503.4296875,37.30202575429431,,
5881,HP/MAN/53A14/2015/320,Mandi,"Baira Sain,SH 32",31.594932,76.76288,Rock              Slide,,,1008.2031860351562,30.688898976923088,,
5882,HP/MAN/53A14/2015/319,Mandi,"Chalah,SH 32",31.595002,76.760145,Rock              Slide,,,971.68505859375,36.24002997224604,,
5883,HP/MAN/53A14/2015/306,Mandi,"Gammun,SH 32",31.596272,76.813063,Rock              Slide,,,1281.00634765625,32.796663621105964,,
5884,HP/MAN/53A14/2015/304,Mandi,"Gammun,SH 32",31.596669,76.819335,Debris            Slide,,,1308.8209228515625,28.930438578381207,,
5885,HP/MAN/53A14/2015/318,Mandi,"Chalah,SH 32",31.596769,76.760781,Rock              Slide,,,965.9472045898438,26.893631495013093,,
5886,HP/MAN/53A14/2015/305,Mandi,"Gammun,SH 32",31.597208,76.816223,Rock              Slide,,,1298.5045166015625,36.405278056204494,,
5887,HP/MAN/53A14/2015/317,Mandi,"North of Chalah,SH 32",31.598155,76.760334,Rock              Slide,,,953.4496459960938,17.225444436987516,,
5888,HP/KIN/53E14/2016/11,Kinnaur,Solaring village,31.5984,77.9356,Debris            Slide,,,1952.0225830078125,39.80160874480545,,
5889,HP/KAN/53A09/2018/7,Kangra,Lambagaon-ropri road,31.598639,76.542389,Rock cum debris   Slide,,,807.6035766601562,14.72609650047352,,
5890,HP/MAN/53A14/2015/303,Mandi,"Dhanehr,SH 32",31.599424,76.822002,Debris            Slide,,,1300.9400634765625,27.146433465832303,,
5891,HP/KIN/53E14/2016/72,Kinnaur,"Solaring, Left bank of Solaring",31.6001,77.9292,Debris            Slide,,,2169.642822265625,33.39933747933416,,
5892,HP/UNA/53A02/2018/151,Una,Chauki maniar R F,31.600625,76.220982,Rock cum debris   Slide,,,558.1143798828125,1.243615792776799,,
5893,HP/MAN/53A14/2015/316,Mandi,"Near Bhamla,SH 32",31.600687,76.752682,Rock              Slide,,,909.988525390625,21.948673810958972,,
5894,HP/KUL/53E06/2016/124,Kullu,Sharungar,31.601,77.469,Debris            Slide,,,2220.970458984375,40.723292773648424,,
5895,HP/KUL/53E06/2016/134,Kullu,Bathad,31.601,77.481,Debris            Slide,,,2019.5543212890625,5.18389448806326,,
5896,HP/UNA/53A02/2018/7,Una,Chauki Maniar R.F,31.601136,76.223583,Rock              Slide,,,516.2893676757812,30.30737967274289,,
5897,HP/UNA/53A02/2018/8,Una,Chauki manniar R F,31.60129,76.224104,Rock              Slide,,,497.2989807128906,4.994140635554664,,
5898,HP/UNA/53A02/2018/19,Una,Chauki maniar R.F,31.602506,76.206767,Rock              Slide,,,472.4850769042969,36.766958109019065,,
5899,HP/UNA/53A02/2018/18,Una,Chauki maniar R.F,31.603768,76.223054,Rock cum debris   Slide,,,526.6671142578125,18.074430528200025,,
5900,HP/KUL/53E06/2016/72,Kullu,Rangoot,31.604115,77.375841,Rock,Slide,2010,2980.437255859375,63.30959607855098,,
5901,HP/UNA/53A02/2018/20,Una,Chauki maniar P.F,31.604133,76.206089,Rock              Slide,,,469.1911926269531,25.36007029941785,,
5902,HP/KUL/53E06/2016/127,Kullu,Sum,31.604151,77.345989,Debris            Slide,,,1654.7950439453125,28.050249431103065,,
5903,HP/UNA/53A02/2018/21,Una,Chauki maniar P.F,31.604466,76.205983,Rock              Slide,,,482.7841491699219,28.204294868594307,,
5904,HP/UNA/53A02/2018/17,Una,Chauki maniar P.F,31.604551,76.222847,Rock              Slide,,,537.478515625,22.53520565311414,,
5905,HP/KUL/53E06/2016/19,Kullu,"Mill, NH 305",31.60456,77.348681,Rock,Slide,2012,1796.8634033203125,35.24854779768888,,
5906,HP/KUL/53E06/2016/1,Kullu,"Mill,NH 305",31.604587,77.348681,Rock,Slide,2008,1790.31591796875,41.08821056128112,,
5907,HP/UNA/53A02/2018/22,Una,Chauki maniar P.F,31.604746,76.205835,Rock              Slide,,,474.1832885742187,33.316479073382474,,
5908,HP/MAN/53A14/2015/326,Mandi,Pargi,31.604946,76.868089,Rock              Slide,,,920.2474975585938,24.526656996033942,,
5909,HP/KUL/53E06/2016/38,Kullu,"Sum,NH 305, MS 68",31.605096,77.348396,Rock,Slide,2012,1762.25634765625,37.91990500248441,,
5910,HP/KUL/53E06/2016/125,Kullu,MashyurP.F,31.605244,77.495824,Rock              Slide,,,2217.406494140625,18.140659294424427,,
5911,HP/MAN/53A10/2018/9,Mandi,Khelag,31.605361,76.560222,Rock cum debris   Slide,,,792.4264526367188,22.656987395136532,,
5912,HP/KUL/53E06/2016/80,Kullu,Rangoot,31.605461,77.380982,Rock,Slide,2004,3313.37841796875,31.35534795263108,,
5913,HP/MAN/53A09/2018/8,Mandi,,31.605583,76.553278,Rock              Slide,,,860.29931640625,22.08228262148846,,
5914,HP/KUL/53E06/2016/81,Kullu,Rangoot,31.607098,77.377649,Rock              Slide,,,3274.16845703125,33.94313501133778,,
5915,HP/KUL/53E06/2016/136,Kullu,Pori,31.607265,77.318201,Rock              Slide,,,2361.0419921875,33.382525879840685,,
5916,HP/KUL/53E06/2016/82,Kullu,Rangoot,31.608047,77.377497,Rock              Slide,,,3293.38427734375,31.39711511906557,,
5917,HP/KUL/53E06/2016/142,Kullu,South of Pandhar,31.609406,77.309864,Debris            Slide,,,2000.4749755859375,33.60233139124651,,
5918,HP/MAN/53E06/2016/100,Mandi,Thonag,31.609679,77.277673,Rock cum debris   Slide,,,2544.40478515625,32.28065257100436,,
5919,HP/KUL/53E10/2016/38,Shimla,S of Nandi,31.61025,77.723806,Debris            Slide,,,2304.17578125,35.77548370249425,,
5920,HP/MAN/53E02/2015/154,Mandi,Badal Road,31.610444,77.065111,Rock cum debris   Slide,,,1159.7203369140625,39.850001675312065,,
5921,HP/MAN/53E02/2015/155,Mandi,Badal Road,31.610444,77.065111,Rock cum debris   Slide,,,1159.7203369140625,39.850001675312065,,
5922,HP/MAN/53E02/2015/156,Mandi,Badal Road,31.610444,77.065111,Rock cum debris   Slide,,,1159.7203369140625,39.850001675312065,,
5923,HP/MAN/53E06/2016/97,Mandi,Swof Tikki,31.610519,77.266669,Rock cum debris   Slide,,,2634.592529296875,36.45160511239323,,
5924,HP/MAN/53E06/2016/98,Mandi,Batwada,31.610731,77.2927,Rock cum debris   Slide,,,2269.392333984375,40.36558121464488,,
5925,HP/MAN/53E06/2016/99,Mandi,Batwada,31.61097,77.297892,Rock cum debris   Slide,,,1966.3931884765625,33.704598233143294,,
5926,HP/KUL/53E06/2016/68,Kullu,Kotladhar,31.611,77.351,Rock              Slide,,,1953.5587158203125,38.1845936234774,,
5927,HP/MAN/53E06/2016/90,Mandi,South of Ukhli,31.611017,77.295184,Debris            Slide,,,2162.076171875,34.32617209059545,,
5928,HP/MAN/53E06/2016/101,Mandi,Ghanyar,31.611582,77.281533,Rock cum debris   Slide,,,2502.8515625,30.39629882820469,,
5929,HP/MAN/53E06/2016/96,Mandi,Batwada,31.615968,77.291941,Rock cum debris   Slide,,,2372.7861328125,32.40502226952758,,
5930,HP/MAN/53E02/2015/157,Mandi,Bagi village road,31.616722,77.065,Rock cum debris   Slide,,,1095.2215576171875,42.293758404272005,,
5931,HP/MAN/53E02/2015/158,Mandi,Bagi village road,31.616722,77.065,Rock cum debris   Slide,,,1095.2215576171875,42.293758404272005,,
5932,HP/KUL/53E06/2016/113,Kullu,Dogri,31.617,77.435,Rock              Slide,,,2159.63525390625,37.27558367169706,,
5933,HP/MAN/53E02/2015/159,Mandi,Bagi village road,31.617222,77.065333,Rock cum debris   Slide,,,1098.1866455078125,40.94421569733025,,
5934,HP/MAN/53E06/2016/8,Mandi,Pokhri,31.619448,77.295793,Debris            Slide,,,2060.58056640625,45.88281960158229,,
5935,HP/KUL/53E06/2016/112,Kullu,Trilokpur,31.620144,77.338613,Rock              Fall,,,1528.9886474609375,39.192611430618754,,
5936,HP/MAN/53A14/2015/302,Mandi,"Gadwahan,SH 32",31.620517,76.82528,Debris            Slide,,,1332.907958984375,32.451372459375676,,
5937,HP/MAN/53E02/2015/209,Mandi,Larji-Sainj road,31.621111,77.192722,Rock cum debris   Slide,,,2592.58447265625,36.14874398334071,,
5938,HP/MAN/53E02/2015/161,Mandi,Bagi village road,31.621139,77.06725,Rock cum debris   Slide,,,1094.524658203125,33.69810596823295,,
5939,HP/MAN/53E02/2015/162,Mandi,Bagi village road,31.621139,77.06725,Rock cum debris   Slide,,,1094.524658203125,33.69810596823295,,
5940,HP/MAN/53E02/2015/160,Mandi,Bagi village road,31.621333,77.067417,Rock cum debris   Slide,,,1098.2666015625,33.7899584726569,,
5941,HP/MAN/53A14/2015/300,Mandi,"Gadwahan,SH 32",31.621698,76.825154,Rock,Slide,2010,1319.9766845703125,20.565804894339188,,
5942,HP/MAN/53A14/2015/301,Mandi,"Gadwahan,SH 32",31.621741,76.825403,Debris            Slide,,,1319.9766845703125,20.565808821019846,,
5943,HP/MAN/53E02/2015/210,Mandi,Larji-Sainj road,31.621861,77.190667,Rock cum debris   Slide,,,2542.66748046875,33.02950074216821,,
5944,HP/MAN/53E02/2015/204,Mandi,Bajaura Mandi road,31.623806,77.19325,Debris            Slide,,,2558.38037109375,39.84078684828485,,
5945,HP/MAN/53E02/2015/205,Mandi,,31.623806,77.19325,Debris            Slide,,,2558.38037109375,39.84078684828485,,
5946,HP/MAN/53E02/2015/206,Mandi,,31.623806,77.19325,Debris            Slide,,,2558.38037109375,39.84078684828485,,
5947,HP/MAN/53E02/2015/207,Mandi,Larji-Sainj road,31.623806,77.19325,Debris            Slide,,,2558.38037109375,39.84078684828485,,
5948,HP/MAN/53E02/2015/208,Mandi,Larji-Sainj road,31.623806,77.19325,Debris            Slide,,,2558.38037109375,39.84078684828485,,
5949,HP/MAN/53E06/2016/56,Mandi,Khalwan P.F.,31.625492,77.282702,Debris            Slide,,,1881.744140625,42.45679426240323,,
5950,HP/KUL/53E06/2016/106,Kullu,Khuladhar,31.626379,77.337103,Rock              Slide,,,1574.078369140625,51.35457846383948,,
5951,HP/KUL/53E06/2016/107,Kullu,Khuladhar,31.626831,77.332954,Rock              Slide,,,1781.697998046875,42.819955540230694,,
5952,HP/KUL/53E06/2016/9,Kullu,Kandhari,31.629,77.435,Debris            Slide,,,1673.300537109375,27.449112962642765,,
5953,HP/MAN/53A14/2015/293,Mandi,"Sapur,SH 32",31.629626,76.852282,Rock              Slide,,,1326.278076171875,34.6241568459778,,
5954,HP/MAN/53E02/2015/163,Mandi,Bagi village road,31.632028,77.074167,Debris            Slide,,,1133.8016357421875,9.316414691056972,,
5955,HP/MAN/53E02/2015/167,Mandi,Bagi village road,31.633944,77.102167,Debris            Slide,,,1851.5621337890625,23.191317192785174,,
5956,HP/HAM/53A09/2018/9,Hamirpur,SUJANPUR - KHAIRA ROAD,31.634028,76.517917,Debris            Slide,,,719.6633911132812,18.326355314641983,,
5957,HP/MAN/53E06/2016/16,Mandi,Kathangarh nala,31.634836,77.285125,Rock cum debris   Slide,,,1819.3455810546875,51.2016135545989,,
5958,HP/MAN/53A14/2015/294,Mandi,"Balhl,SH 32",31.635553,76.843915,Rock              Slide,,,1359.3013916015625,29.67866057696807,,
5959,HP/MAN/53A14/2015/295,Mandi,"East of Rewalsar,SH 32",31.636746,76.841414,Rock,Slide,2013,1353.037353515625,28.855837227839473,,
5960,HP/MAN/53E02/2015/202,Mandi,,31.637361,77.132417,Debris            Slide,,,1637.7303466796875,40.60504687798508,,
5961,HP/MAN/53E02/2015/203,Mandi,,31.637361,77.132417,Debris            Slide,,,1637.7303466796875,40.60504687798508,,
5962,HP/MAN/53A10/2018/10,Mandi,,31.638361,76.734028,Debris            Slide,,,850.6937255859375,24.78625193825986,,
5963,HP/MAN/53A14/2015/340,Mandi,North of Rewalsar,31.639253,76.833769,Rock              Slide,,,1474.67822265625,40.09070917832215,,
5964,HP/KUL/53E06/2016/104,Kullu,East of Khanethi,31.63961,77.306305,Rock cum debris   Slide,,,1713.3712158203125,39.80814168588008,,
5965,HP/MAN/53E02/2015/164,Mandi,Bagi village road,31.640056,77.063361,Debris            Slide,,,1047.401123046875,35.79809571035307,,
5966,HP/MAN/53A14/2015/292,Mandi,"NE of Gahor, SH32",31.642319,76.874738,Rock              Slide,,,1025.088623046875,25.544224576799113,,
5967,HP/KUL/53E06/2016/75,Kullu,Rupa,31.642571,77.388943,Rock,Slide,1905,1447.46240234375,36.97417863062552,,
5968,HP/KUL/53E06/2016/76,Kullu,Nagini,31.643,77.405,Rock              Slide,,,1511.890869140625,33.43643632281112,,
5969,HP/KUL/53E06/2016/74,Kullu,Rupa,31.643344,77.389657,Rock,Fall,1905,1529.9486083984375,38.02635065190058,,
5970,HP/MAN/53E02/2015/166,Mandi,Bagi village road,31.643639,77.056056,Debris            Slide,,,1031.7686767578125,36.3745610011747,,
5971,HP/KUL/53E06/2016/26,Kullu,N of Gushaini,31.644202,77.436883,Debris            Slide,,,1675.342041015625,26.429268849968462,,
5972,HP/MAN/53E02/2015/165,Mandi,Bagi village road,31.644528,77.061111,Debris            Slide,,,1037.0892333984375,37.368128232744915,,
5973,HP/KUL/53E06/2016/13,Kullu,Pali,31.645047,77.370674,Debris            Subsidence,,,1394.5263671875,22.326025665875285,,
5974,HP/MAN/53E02/2015/201,Mandi,,31.645556,77.131389,Debris            Slide,,,1598.9276123046875,41.24145864162752,,
5975,HP/MAN/53A14/2015/290,Mandi,Hawani,31.646,76.883,Debris            Slide,,,866.9990234375,12.164684343036898,,
5976,HP/MAN/53E02/2015/200,Mandi,,31.646056,77.130111,Debris            Slide,,,1598.649169921875,56.74155142948033,,
5977,HP/MAN/53E02/2015/199,Mandi,,31.646167,77.129333,Debris            Slide,,,1588.0068359375,46.1014434244132,,
5978,HP/MAN/53E02/2015/198,Mandi,,31.646389,77.128361,Debris            Slide,,,1602.833251953125,44.69658843429309,,
5979,HP/KUL/53E06/2016/77,Kullu,Muringa P.F.,31.646668,77.398615,Rock,Slide,1905,1829.667236328125,50.97202676567841,,
5980,HP/KUL/53E06/2016/48,Kullu,Sharandhar,31.646676,77.359055,Debris            Subsidence,,,1348.3162841796875,27.284374244696934,,
5981,HP/UNA/53A02/2018/23,Una,"Gagret Juice factory slide Gagret, NH 3",31.647292,76.038832,Rock cum debris   Slide,,,531.1044921875,15.6044785644007,,
5982,HP/KUL/53E06/2016/130,Kullu,Kaluropa,31.647446,77.368624,Rock              Slide,,,1470.6842041015625,29.360074238769087,,
5983,HP/KUL/53E06/2016/51,Kullu,"Banjar,NH 305",31.647569,77.348753,Debris,Subsidence,2010,1312.7265625,23.83556781337893,,
5984,HP/KUL/53E06/2016/73,Kullu,Maringa,31.648335,77.396785,Rock,Fall,1905,2051.50732421875,55.056360926276064,,
5985,HP/UNA/53A02/2018/14,Una,West of Gagret,31.648778,76.033907,Rock cum debris   Slide,,,520.474609375,12.28675144252244,,
5986,HP/MAN/53E02/2015/195,Mandi,,31.648889,77.123333,Debris            Slide,,,1583.5687255859375,39.22817993457872,,
5987,HP/MAN/53E02/2015/196,Mandi,,31.648889,77.123333,Debris            Slide,,,1583.5687255859375,39.22817993457872,,
5988,HP/MAN/53E02/2015/197,Mandi,,31.648889,77.123333,Debris            Slide,,,1583.5687255859375,39.22817993457872,,
5989,HP/KUL/53E06/2016/126,Kullu,Paniali,31.649041,77.334064,Debris,Slide,2011,1352.91650390625,23.384380757004255,,
5990,HP/UNA/53A02/2018/15,Una,West of Gagret,31.649169,76.034143,Rock cum debris   Slide,,,521.7945556640625,14.36192845372783,,
5991,HP/MAN/53E02/2015/192,Mandi,Village road,31.64925,77.122333,Debris            Slide,,,1574.7259521484375,39.53718245958505,,
5992,HP/MAN/53E02/2015/193,Mandi,Village road,31.64925,77.122333,Debris            Slide,,,1574.7259521484375,39.53718245958505,,
5993,HP/MAN/53E02/2015/194,Mandi,,31.64925,77.122333,Debris            Slide,,,1574.7259521484375,39.53718245958505,,
5994,HP/KUL/53E06/2016/41,Kullu,N of Bulbagi,31.649357,77.384288,Rock,Slide,2002,1520.32470703125,37.06041821729867,,
5995,HP/UNA/53A02/2018/16,Una,West of Gagret,31.649648,76.034221,Rock cum debris   Slide,,,522.2992553710938,14.746260885982297,,
5996,HP/KUL/53E06/2016/87,Kullu,Shail,31.649819,77.376705,Rock              Fall,,,1665.1876220703125,37.16262168326041,,
5997,HP/KUL/53E06/2016/17,Kullu,"Paniali, NH 305",31.650968,77.337406,Debris,Subsidence,1996,1279.4241943359375,27.71531846254035,,
5998,HP/MAN/53A14/2015/291,Mandi,"Chachol,SH 32, milestone 12",31.651689,76.880553,Rock              Slide,,,928.265625,38.54733973620529,,
5999,HP/MAN/53E02/2015/187,Mandi,Village road,31.652056,77.120889,Debris            Slide,,,1521.9024658203125,32.32447826184416,,
6000,HP/MAN/53E02/2015/188,Mandi,Village road,31.652056,77.123333,Debris            Slide,,,1555.8521728515625,25.752190278093607,,
6001,HP/MAN/53E02/2015/189,Mandi,Village road,31.652056,77.123333,Debris            Slide,,,1555.8521728515625,25.752190278093607,,
6002,HP/MAN/53E02/2015/190,Mandi,Village road,31.652056,77.123333,Debris            Slide,,,1555.8521728515625,25.752190278093607,,
6003,HP/MAN/53E02/2015/191,Mandi,Village road,31.652056,77.123333,Debris            Slide,,,1555.8521728515625,25.752190278093607,,
6004,HP/MAN/53E02/2015/186,Mandi,Village road,31.652778,77.113944,Debris            Slide,,,1435.44580078125,44.62769799964997,,
6005,HP/KUL/53E06/2016/95,Kullu,Khamirara,31.652992,77.30146,Rock              Slide,,,1558.5660400390625,49.02424412550124,,
6006,HP/MAN/53E02/2015/184,Mandi,,31.653028,77.117917,Rock cum debris   Slide,,,1504.7930908203125,46.00565044735317,,
6007,HP/KUL/53E06/2016/21,Kullu,N of Bulbagi,31.653166,77.385799,Rock,Slide,2000,1566.3433837890625,42.360051242463435,,
6008,HP/MAN/53E02/2015/182,Mandi,,31.653167,77.119861,Rock cum debris   Slide,,,1511.7020263671875,40.99819767627356,,
6009,HP/MAN/53E02/2015/185,Mandi,,31.653389,77.115833,Debris            Slide,,,1476.9427490234375,42.11924477328716,,
6010,HP/KUL/53E06/2016/20,Kullu,N of Bulbagi,31.654348,77.385958,Rock,Slide,2003,1537.3294677734375,34.93672461387306,,
6011,HP/MAN/53E02/2015/183,Mandi,,31.655083,77.108139,Rock cum debris   Slide,,,1387.099853515625,40.08921132916505,,
6012,HP/MAN/53E06/2016/88,Mandi,Maringa,31.655175,77.394371,Rock              Fall,,,2395.97998046875,52.20765586060491,,
6013,HP/KUL/53E06/2016/128,Kullu,N of Shikari P.F.,31.655944,77.317632,Rock cum debris   Slide,,,1237.4326171875,44.24927369379731,,
6014,HP/MAN/53E02/2015/122,Mandi,,31.656333,77.102417,Debris            Slide,,,1353.5604248046875,43.863709188705634,,
6015,HP/MAN/53E06/2016/89,Mandi,Maringa,31.657352,77.389573,Rock              Fall,,,1823.7645263671875,53.15827144375122,,
6016,HP/MAN/53E02/2015/168,Mandi,#N/A #N/A,31.657861,77.102667,Debris            Slide,,,1372.0213623046875,42.04590522386875,,
6017,HP/MAN/53E02/2015/123,Mandi,Lag valley,31.657889,77.102667,Rock cum debris   Slide,,,1372.0213623046875,42.0459052843102,,
6018,HP/KUL/53E06/2016/86,Kullu,N of Sharai,31.658059,77.329405,Rock              Slide,,,1312.44140625,36.94976684186684,,
6019,HP/KUL/53E06/2016/45,Kullu,Sapnil,31.659024,77.387225,Rock              Slide,,,1576.9320068359375,44.85056139248559,,
6020,HP/MAN/53E02/2015/170,Mandi,Bagi village road,31.659278,77.1045,Debris            Slide,,,1354.21142578125,40.617421700313784,,
6021,HP/MAN/53E02/2015/169,Mandi,Bagi village road,31.659333,77.103639,Debris            Slide,,,1352.8277587890625,52.138245750422485,,
6022,HP/MAN/53E02/2015/124,Mandi,Lag valley,31.659639,77.10275,Rock cum debris   Slide,,,1353.63916015625,56.2197451552066,,
6023,HP/KUL/53E06/2016/122,Kullu,N of Ropa,31.659997,77.329747,Rock              Slide,,,1383.947998046875,37.96402243465165,,
6024,HP/MAN/53E06/2016/10,Mandi,Bochhari,31.661163,77.294513,Rock              Slide,,,1621.9808349609375,34.423576747214675,,
6025,HP/MAN/53A14/2015/296,Mandi,"Mandlog,Near milestone 8 of",31.662,76.901,Rock              Slide,,,934.8346557617188,12.385290824547567,,
6026,HP/MAN/53A14/2015/297,Mandi,"Mandlog,Near milestone 8 of",31.662,76.901,Rock              Slide,,,934.8346557617188,12.385290824547567,,
6027,HP/MAN/53A14/2015/298,Mandi,"Mandlog,Near milestone 8 of",31.662,76.901,Rock              Slide,,,934.8346557617188,12.385290824547567,,
6028,HP/MAN/53A14/2015/299,Mandi,"Mandlog,Near milestone 8 of",31.662,76.901,Rock              Slide,,,934.8346557617188,12.385290824547567,,
6029,HP/MAN/53E02/2015/171,Mandi,Bagi village road,31.662639,77.097361,Debris            Slide,,,1286.121337890625,36.02080172103705,,
6030,HP/MAN/53E02/2015/173,Mandi,,31.662917,77.096917,Debris            Slide,,,1283.0997314453125,45.25285901701803,,
6031,HP/MAN/53E02/2015/125,Mandi,Lag valley,31.662944,77.096861,Rock cum debris   Slide,,,1283.0997314453125,45.25286670330282,,
6032,HP/MAN/53E02/2015/119,Mandi,Lag valley,31.663333,77.095833,Debris            Slide,,,1260.613525390625,36.7644489353738,,
6033,HP/MAN/53E02/2015/120,Mandi,Lag valley,31.663333,77.095833,Debris            Slide,,,1260.613525390625,36.7644489353738,,
6034,HP/KUL/53E06/2016/84,Kullu,Gushala,31.664198,77.33112,Rock              Slide,,,1468.64990234375,30.58705504109548,,
6035,HP/KUL/53E06/2016/14,Kullu,S of Ghatghar,31.664402,77.335612,Rock              Slide,,,1462.107666015625,42.7663365749926,,
6036,HP/MAN/53E02/2015/175,Mandi,,31.664722,77.097333,Debris            Slide,,,1433.847412109375,43.21465009369861,,
6037,HP/MAN/53E02/2015/174,Mandi,,31.664833,77.099444,Debris            Slide,,,1497.089111328125,36.72661087788948,,
6038,HP/MAN/53E06/2016/15,Mandi,S of Bauni,31.665344,77.29937,Debris            Slide,,,1410.9058837890625,29.68507419538204,,
6039,HP/MAN/53E02/2015/172,Mandi,Bagi village road,31.665444,77.097361,Debris            Slide,,,1482.2733154296875,26.30704327104437,,
6040,HP/KUL/53E06/2016/118,Kullu,"Manglaur, NH 305",31.665695,77.308252,Rock cum debris   Slide,,,1179.7552490234375,0.9818749663105356,,
6041,HP/MAN/53E06/2016/27,Mandi,Bauni,31.666007,77.299401,Debris            Slide,,,1415.67138671875,40.93500032240516,,
6042,HP/MAN/53E02/2015/181,Mandi,,31.666667,77.086778,Rock cum debris   Slide,,,909.6128540039062,27.46450915460605,,
6043,HP/KIN/53I06/2018/2,Kinnaur,North of Spellow,31.667555,78.459116,Rock              Slide,,,2322.390380859375,32.9012660199734,,
6044,HP/MAN/53E06/2016/50,Mandi,"N of Thanal, NH 305",31.667562,77.302261,Debris            Slide,,,1179.9508056640625,31.578693311892607,,
6045,HP/MAN/53E02/2015/177,Mandi,Near Bagi,31.668472,77.090667,Debris            Slide,,,1143.9215087890625,33.44486055983832,,
6046,HP/MAN/53E02/2015/180,Mandi,,31.668472,77.088333,Rock cum debris   Slide,,,1063.4571533203125,29.256911607261184,,
6047,HP/MAN/53E02/2015/176,Mandi,,31.668472,77.090667,Debris            Slide,,,1143.9215087890625,33.44486055983832,,
6048,HP/MAN/53E02/2015/121,Mandi,Lag valley,31.668556,77.088389,Debris            Slide,,,1083.16845703125,38.303527604827025,,
6049,HP/MAN/53E02/2015/178,Mandi,,31.669,77.088417,Debris            Slide,,,1111.299072265625,48.103322345389245,,
6050,HP/MAN/53E02/2015/179,Mandi,,31.669333,77.087611,Rock cum debris   Slide,,,1140.1788330078125,36.191541157302936,,
6051,HP/KUL/53E06/2016/83,Kullu,Manjan,31.671199,77.307046,Rock              Fall,,,1279.727783203125,45.12819682437346,,
6052,HP/KUL/53E06/2016/117,Kullu,S of Manglaur,31.671695,77.315732,Rock              Slide,,,1711.0897216796875,44.1351261664284,,
6053,HP/MAN/53A14/2015/347,Mandi,"Gaira,NH 21",31.671841,76.946194,Rock              Slide,,,772.0775146484375,24.1293595559593,,
6054,HP/KUL/53E06/2016/116,Kullu,Manglaur P.F,31.672504,77.316062,Rock,Slide,1996,1776.3775634765625,43.36468472416042,,
6055,HP/KUL/53E06/2016/109,Kullu,N of Ghatghar,31.67328,77.335502,Rock              Fall,,,1779.1522216796875,42.17102201664195,,
6056,HP/KUL/53E06/2016/110,Kullu,N of Ghatghar,31.673458,77.337767,Rock              Fall,,,1591.9993896484375,44.82846230355224,,
6057,HP/MAN/53E06/2016/49,Mandi,"Dari,NH 305",31.674453,77.29229,Debris            Subsidence,,,1184.9305419921875,31.830237390623697,,
6058,HP/KUL/53E06/2016/66,Kullu,Ritua,31.675502,77.301262,Rock              Slide,,,1362.074951171875,40.0235534343712,,
6059,HP/MAN/53A14/2015/341,Mandi,Salhaini,31.6757,76.809728,Rock cum debris   Slide,,,1352.7349853515625,31.91759541388184,,
6060,HP/KUL/53E06/2016/108,Kullu,Ritua,31.676184,77.300374,Rock cum debris   Slide,,,1347.6943359375,36.12263059395107,,
6061,HP/MAN/53A14/2015/342,Mandi,Salhaini,31.676802,76.810506,Debris            Slide,,,1353.96484375,29.579174470812895,,
6062,HP/MAN/53E02/2015/108,Mandi,Lag valley,31.677778,77.078417,Debris            Slide,,,978.4292602539062,32.51440234945007,,
6063,HP/MAN/53E02/2015/107,Mandi,Lag valley,31.678222,77.080639,Rock              Slide,,,999.3140869140624,32.6160873216837,,
6064,HP/MAN/53E02/2015/106,Mandi,Lag valley,31.679111,77.081333,Debris            Slide,,,1002.7733764648438,32.21024046859102,,
6065,HP/KUL/53E06/2016/69,Kullu,N of Ritua,31.680469,77.297479,Rock              Slide,,,1414.2664794921875,42.903282039905136,,
6066,HP/MAN/53E02/2015/105,Mandi,Lag valley,31.6805,77.083333,Debris            Slide,,,1012.9909057617188,29.276648051823692,,
6067,HP/MAN/53E02/2015/109,Mandi,Lag valley,31.681194,77.086194,Rock              Fall,,,1034.3482666015625,39.992017803618914,,
6068,HP/MAN/53E2/2017/02,Mandi,Deod slide NH-21 (Near Deod Village):,31.681417,77.086611,Rock cum debris,Slide,2017,1029.35546875,38.90526419505943,,
6069,HP/MAN/53E02/2015/111,Mandi,Lag valley,31.681611,77.08675,Debris            Slide,,,1048.7525634765625,39.68529990646388,,
6070,HP/MAN/53E02/2015/229,Mandi,Bhawash road,31.683639,77.077528,Rock cum debris   Slide,,,1315.663818359375,23.532103934281523,,
6071,HP/MAN/53E02/2015/226,Mandi,Bhawash road,31.684111,77.084194,Rock cum debris   Slide,,,1206.534912109375,29.572707917996187,,
6072,HP/MAN/53E2/2017/07,Mandi,Deod-Jogini stretch of NH-21 NH-21 (Along Deod-Jogini,31.684417,77.097278,Rock,Fall,2017,1011.3943481445312,57.967280129870126,,
6073,HP/MAN/53E02/2015/227,Mandi,Bhawash road,31.684556,77.081944,Rock cum debris   Slide,,,1213.355224609375,35.26590034305338,,
6074,HP/MAN/53E02/2015/228,Mandi,Bhawash road,31.684611,77.080417,Rock cum debris   Slide,,,1253.8089599609375,28.75217199962973,,
6075,HP/MAN/53E06/2016/111,Mandi,Trilokpur,31.686235,77.336237,Rock              Fall,,,2028.9791259765625,40.71995307454625,,
6076,HP/MAN/53A14/2015/289,Mandi,"South of pajnet,SH 32",31.686664,76.917529,Rock              Slide,,,956.1004028320312,36.62730028367304,,
6077,HP/KUL/53E06/2016/60,Kullu,N OF Gopalpur,31.687348,77.304498,Rock cum debris   Slide,,,1554.65576171875,49.42540420468463,,
6078,HP/KUL/53E06/2016/67,Kullu,Bunga,31.688004,77.295602,Rock              Slide,,,1379.7843017578125,66.50378659992109,,
6079,HP/MAN/53E02/2015/230,Mandi,Bhawash road,31.689194,77.084639,Rock cum debris   Slide,,,1381.319580078125,42.235740996674906,,
6080,HP/MAN/53E02/2015/231,Mandi,Bajaura-Mandi road,31.689194,77.084639,Debris            Slide,,,1381.319580078125,42.235740996674906,,
6081,HP/MAN/53E02/2015/232,Mandi,Bajaura-Mandi road,31.689194,77.085861,Debris            Slide,,,1401.9088134765625,35.4612603650059,,
6082,HP/MAN/53E02/2015/233,Mandi,Batheri road,31.689361,77.086111,Debris            Slide,,,1427.190185546875,44.68275724796489,,
6083,HP/MAN/53E02/2015/234,Mandi,Batheri road,31.689389,77.086389,Debris            Slide,,,1429.4805908203125,48.36135515461778,,
6084,HP/MAN/53A14/2015/288,Mandi,"Pajnet,SH 32",31.689432,76.920244,Rock,Slide,2013,921.3574829101562,28.62218786420304,,
6085,HP/KUL/53E06/2016/70,Kullu,N of Gopalpur,31.690113,77.309254,Rock              Slide,,,1625.4876708984375,52.2280284823367,,
6086,HP/MAN/53E02/2015/113,Mandi,Lag valley,31.690528,77.249583,Debris            Slide,,,1824.8316650390625,32.14204016424454,,
6087,HP/KUL/53E06/2016/115,Kullu,Bali Chowki,31.690583,77.287577,Rock,Fall,1970,1450.7069091796875,43.91184577772901,,
6088,HP/KUL/53E06/2016/105,Kullu,N of Bunga,31.69067,77.298183,Rock              Slide,,,1466.0103759765625,46.84480713260438,,
6089,HP/MAN/53E02/2015/110,Mandi,Lag valley,31.691889,77.131306,Debris            Slide,,,947.7208251953124,37.36340956532401,,
6090,HP/KUL/53E06/2016/71,Kullu,N of Gopalpur,31.69202,77.307156,Rock              Slide,,,1549.2464599609375,39.47365352516089,,
6091,HP/KUL/53E06/2016/85,Kullu,Gopalpur,31.692183,77.316717,Rock              Slide,,,1646.1630859375,34.90437969798011,,
6092,HP/MAN/53A14/2015/287,Mandi,"South of Mandi, SH 32",31.692658,76.92238,Rock,Slide,2010,892.0923461914062,18.27126123651631,,
6093,HP/MAN/53E02/2015/104,Mandi,Lag valley,31.694167,77.15,Rock cum debris   Subsidence,,,951.199951171875,40.64092630392014,,
6094,HP/MAN/53E02/2015/112,Mandi,Lag valley,31.694472,77.139361,Debris            Slide,,,930.1319580078124,40.491142022874065,,
6095,HP/KUL/53E06/2016/93,Kullu,NW of Bali,31.695367,77.279277,Debris            Slide,,,1139.2252197265625,25.307788664153,,
6096,HP/MAN/53E2/2017/03,Mandi,Dwada landslide Dwada [231/370 to NH-21 (Along Deod - Hanogi -,31.695978,77.15105,Rock,Fall,2014,971.1575317382812,67.27549042191674,,
6097,HP/MAN/53A14/2015/351,Mandi,"Chanaun,NH 70,Milestone 255",31.697959,76.908971,Rock              Slide,,,1120.9188232421875,23.335969317328896,,
6098,HP/MAN/53A14/2015/286,Mandi,"South of Mandi, NH 70",31.698194,76.933262,Rock              Slide,,,801.991943359375,23.180294277736195,,
6099,HP/KUL/53E06/2016/135,Kullu,N of Chakurtha,31.699286,77.279789,Rock              Slide,,,1375.8564453125,34.934800811646966,,
6100,HP/MAN/53A10/2018/11,Mandi,NH-70,31.699889,76.721444,Debris            Slide,,,1001.2655639648438,28.662074103496444,,
6101,HP/KUL/53E06/2016/94,Kullu,W of Chakurtha,31.700061,77.277516,Debris            Slide,,,1198.7396240234375,33.88984585834317,,
6102,HP/MAN/53E02/2015/116,Mandi,Lag valley,31.700667,77.221361,Debris            Slide,,,1466.2393798828125,33.986045422451724,,
6103,HP/MAN/53E02/2015/117,Mandi,Lag valley,31.700667,77.221361,Debris            Slide,,,1466.2393798828125,33.986045422451724,,
6104,HP/MAN/53E02/2015/118,Mandi,Lag valley,31.700667,77.221361,Debris            Slide,,,1466.2393798828125,33.986045422451724,,
6105,HP/MAN/53E02/2015/103,Mandi,,31.701028,77.171694,Debris            Slide,,,920.7604370117188,35.18282314642874,,
6106,HP/MAN/53E02/2015/102,Mandi,Lag valley,31.701667,77.178639,Debris            Slide,,,919.0408325195312,28.723350403981037,,
6107,HP/KUL/53E06/2016/123,Kullu,Narauli,31.701949,77.319429,Rock cum debris   Slide,,,1785.729736328125,31.438599525735636,,
6108,HP/KUL/53E06/2016/103,Kullu,SE of Hurla,31.702517,77.276447,Rock              Slide,,,1269.6431884765625,28.39384318907207,,
6109,HP/KUL/53E06/2016/102,Kullu,S of Phagwana,31.702782,77.279069,Rock              Slide,,,1262.731689453125,36.70143978278463,,
6110,HP/MAN/53E02/2015/114,Mandi,Lag valley,31.704,77.231806,Debris            Slide,,,1910.3209228515625,25.55226230197536,,
6111,HP/KUL/53E06/2016/137,Kullu,S of Phagwana,31.705029,77.277393,Rock              Slide,,,1494.9017333984375,47.87082145908175,,
6112,HP/KUL/53E06/2016/138,Kullu,S of Phagwana,31.705029,77.277393,Rock              Slide,,,1494.9017333984375,47.87082145908175,,
6113,HP/MAN/53A14/2015/284,Mandi,Ropar,31.707092,76.961163,Debris            Slide,,,864.9767456054688,34.20674837200659,,
6114,HP/MAN/53E02/2015/101,Mandi,,31.707222,77.186333,Debris            Slide,,,918.176513671875,3.2014648356335913,,
6115,HP/MAN/53A14/2015/283,Mandi,Ropar,31.707344,76.960861,Rock              Slide,,,845.2355346679688,36.50967738995043,,
6116,HP/KUL/53E06/2016/33,Kullu,S of Baraul,31.707404,77.310826,Rock cum debris   Slide,,,1976.1737060546875,37.75012515706725,,
6117,HP/MAN/53A14/2015/282,Mandi,Ropar,31.707873,76.960214,Rock              Slide,,,847.9140014648438,40.50613149331873,,
6118,HP/MAN/53E06/2016/132,Mandi,N of Deola P.F.,31.707948,77.262142,Rock              Slide,,,1189.6282958984375,41.968591169654125,,
6119,HP/MAN/53E06/2016/131,Mandi,N of Deoli P.F.,31.708001,77.260396,Rock              Slide,,,1061.4515380859375,29.753700172686266,,
6120,HP/MAN/53E06/2016/52,Mandi,"Deoli, NH 305",31.708234,77.258438,Rock,Slide,1990,1110.482421875,42.215493574950855,,
6121,HP/MAN/53E2/2017/06,Mandi,Vrindavani 206/130Km to 206/160Km on,31.708611,76.986944,Rock,Fall,2016,802.0260620117188,51.627597454929656,,
6122,HP/MAN/53E06/2016/57,Mandi,South of Dhamta,31.708658,77.252649,Rock,Slide,1996,1062.716796875,38.74341058731989,,
6123,HP/MAN/53E06/2016/31,Mandi,S of Dhamta,31.708658,77.252649,Rock              Slide,,,1062.716796875,38.74341058731989,,
6124,HP/MAN/53E06/2016/129,Mandi,N of Deola P.F.,31.708798,77.261661,Rock              Slide,,,1175.70068359375,46.21181688423011,,
6125,HP/MAN/53A10/2018/12,Mandi,NH-70,31.709472,76.690778,Debris            Slide,,,1140.614013671875,21.237208378337947,,
6126,HP/MAN/53A14/2015/281,Mandi,Ropar,31.709882,76.958063,Rock,Slide,2000,851.8671264648438,30.545929216837983,,
6127,HP/LSP/53I10/2018/5,Kinnaur,South of Puh,31.70994,78.53594,Rock              Slide,,,2475.47265625,36.28987500603092,,
6128,HP/MAN/53E06/2016/58,Mandi,South of Dhamta,31.710319,77.251154,Rock,Slide,1990,1091.174560546875,41.338030879214095,,
6129,HP/MAN/53E06/2016/114,Mandi,S of Dhamta,31.710319,77.251154,Rock              Slide,,,1091.174560546875,41.338030879214095,,
6130,HP/MAN/53E02/2015/115,Mandi,Lag valley,31.710639,77.218944,Debris            Slide,,,1520.79931640625,26.66864620017881,,
6131,HP/LSP/53I10/2018/1,Lahaul & Spiti,South of Puh,31.71098,78.53574,Rock              Slide,,,2520.271484375,35.57460269254225,,
6132,HP/LSP/53I10/2018/6,Kinnaur,South of Puh,31.71104,78.53574,Rock              Slide,,,2520.271484375,35.57461440121789,,
6133,HP/KUL/53E06/2016/54,Kullu,Chhabra P.F.,31.712599,77.251876,Rock              Slide,,,1033.3631591796875,26.92499379328681,,
6134,HP/MAN/53E06/2016/34,Mandi,"Dhamta, NH 305",31.712599,77.251876,Debris            Slide,,,1033.3631591796875,26.92499379328681,,
6135,HP/KUL/53E06/2016/55,Kullu,S of pinhar,31.712689,77.312981,Rock cum debris   Slide,,,2049.185791015625,34.15875268428152,,
6136,HP/MAN/53A09/2018/10,Mandi,,31.713889,76.735972,Rock              Slide,,,965.8546752929688,36.490105953221054,,
6137,HP/MAN/53A13/2015/280,Mandi,"Mandi,NH 20",31.713893,76.932461,Debris,Slide,2015,746.4713134765625,34.54083781491613,,
6138,HP/MAN/53E06/2016/92,Mandi,E of Dhamta,31.714005,77.259145,Rock,Slide,1990,1412.8272705078125,45.29606564877444,,
6139,HP/MAN/53A14/2015/285,Mandi,NE of Balwara,31.714022,76.989586,Rock              Slide,,,935.7870483398438,43.99222058898088,,
6140,HP/KAN/53A09/2018/11,Kangra,Tinbar -Chadiar road,31.714611,76.603139,Debris            Slide,,,1047.35595703125,25.19047694990371,,
6141,HP/UNA/53A02/2018/25,Una,"Mubarikpur, NH 503",31.715733,76.090823,Rock              Slide,,,535.2379760742188,24.25064450331241,,
6142,HP/HAM/53A06/2018/1,Hamirpur,Nadaun-Hamirpur road,31.716975,76.469127,Debris            Slide,,,773.8286743164062,30.489261286902455,,
6143,HP/KUL/53E06/2016/78,Kullu,N of pinhar,31.718591,77.314424,Rock,Fall,2000,2355.291259765625,44.25866708693575,,
6144,HP/KUL/53E06/2016/79,Kullu,Pinhar,31.719117,77.312867,Rock              Fall,,,2334.44140625,33.49506730279221,,
6145,HP/HAM/53A06/2018/6,Hamirpur,NH 70,31.71931,76.465676,Rock              Topple,,,725.3685913085938,25.388349183719185,,
6146,HP/MAN/53A14/2015/343,Mandi,North of Mandi,31.719336,76.926435,Rock              Slide,,,915.0367431640624,41.300268493949474,,
6147,HP/UNA/53A02/2018/24,Una,"Mubarikpur, NH 503",31.719758,76.092405,Rock              Slide,,,588.024658203125,25.170891661927115,,
6148,HP/KUL/53E06/2016/61,Kullu,N of Pinhar,31.720269,77.321622,Rock              Fall,,,2444.583984375,38.0397764315031,,
6149,HP/MAN/53A14/2015/353,Mandi,Bari,31.720272,76.928908,Debris            Slide,,,806.9234619140625,37.096211559661505,,
6150,HP/MAN/53E2/2017/05,Mandi,Khunnopari Village Hanogi-Bandi Link road (Off NH-,31.721075,77.125589,Debris,Slide,2016,1977.4598388671875,30.981023247281325,,
6151,HP/MAN/53A14/2015/344,Mandi,North of Mandi,31.721623,76.928627,Rock cum debris   Slide,,,873.4730224609375,26.239529687975217,,
6152,HP/MAN/53E02/2015/235,Mandi,Batheri road,31.72175,77.23175,Debris            Slide,,,979.4419555664062,11.44824959145025,,
6153,HP/HAM/53A06/2018/4,Hamirpur,NH-70,31.721926,76.462374,Soil              Slide,,,692.0389404296875,27.569834170186848,,
6154,HP/MAN/53A14/2015/355,Mandi,Lehruma,31.723149,76.922245,Rock              Slide,,,1075.7860107421875,34.311767866238064,,
6155,HP/MAN/53A14/2015/356,Mandi,Lehruma,31.724769,76.923178,Rock              Slide,,,1073.798828125,35.472410820446896,,
6156,HP/MAN/53E02/2015/213,Mandi,Larji-Sainj road,31.725472,77.220556,Rock cum debris   Slide,,,978.7154541015624,29.1808566424395,,
6157,HP/MAN/53E02/2015/214,Mandi,Larji-Sainj road,31.726167,77.221444,Rock              Slide,,,980.3919677734376,29.68062390537487,,
6158,HP/MAN/53E02/2015/215,Mandi,Larji-Sainj road,31.726167,77.221444,Rock              Slide,,,980.3919677734376,29.68062390537487,,
6159,HP/MAN/53E02/2015/216,Mandi,Larji-Sainj road,31.726389,77.222278,Rock              Slide,,,976.4013671875,22.373086768083468,,
6160,HP/MAN/53E02/2015/217,Mandi,Larji-Sainj road,31.726389,77.222278,Rock cum debris   Slide,,,976.4013671875,22.373086768083468,,
6161,HP/MAN/53A14/2015/354,Mandi,Near Dhiun,31.726876,76.921789,Rock              Slide,,,1138.8873291015625,39.46623292948286,,
6162,HP/UNA/53A02/2018/1,Una,Kewat Behr,31.728733,76.099891,Debris            Slide,,,584.3951416015625,25.798441157974473,,
6163,HP/MAN/53E02/2015/218,Mandi,Larji-Sainj road,31.729083,77.227028,Rock cum debris   Slide,,,1029.791748046875,37.3944919712663,,
6164,HP/MAN/53E02/2015/219,Mandi,Larji-Sainj road,31.729611,77.227167,Rock cum debris   Slide,,,1027.7099609375,42.588465584349215,,
6165,HP/UNA/53A02/2018/2,Una,Kewat Behr,31.732467,76.100595,Debris            Slide,,,608.7765502929688,21.556893541705392,,
6166,HP/UNA/53A02/2018/3,Una,Kewat Behr,31.732534,76.101919,Rock cum debris   Slide,,,605.9758911132812,17.39679173324799,,
6167,HP/MAN/53E02/2015/220,Mandi,Larji-Sainj road,31.733667,77.231389,Rock cum debris   Slide,,,1030.4713134765625,22.61643779782769,,
6168,HP/UNA/53A02/2018/4,Una,Kewat Behr,31.734161,76.104177,Debris            Slide,,,571.2305908203125,34.76023948485386,,
6169,HP/UNA/53A02/2018/5,Una,North of Mubaraikpur,31.734251,76.104168,Rock              Slide,,,571.2305908203125,34.7602400399412,,
6170,HP/MAN/53E02/2015/221,Mandi,Larji-Sainj road,31.735944,77.232556,Rock cum debris   Slide,,,1066.2930908203125,31.31714493211854,,
6171,HP/MAN/53E02/2015/211,Mandi,Larji-Sainj road,31.736167,77.234222,Rock cum debris   Slide,,,1051.347900390625,37.57413606833509,,
6172,HP/MAN/53E02/2015/212,Mandi,Larji-Sainj road,31.736167,77.234222,Rock cum debris   Slide,,,1051.347900390625,37.57413606833509,,
6173,HP/LSP/53I10/2018/4,Kinnaur,Puh,31.73658,78.58264,Rock              Slide,,,2923.086669921875,50.2600405472022,,
6174,HP/MAN/53A09/2018/12,Mandi,Bahri-Sakrain Road,31.737139,76.721722,Rock cum debris   Slide,,,800.4642944335938,34.87805466328086,,
6175,HP/MAN/53A10/2018/13,Mandi,Bahri-Sakrain Road,31.737139,76.723222,Debris            Slide,,,810.8431396484375,27.72653528771555,,
6176,HP/MAN/53A09/2018/13,Mandi,Bahri-Sakrain Road,31.738972,76.723556,Rock cum debris   Slide,,,805.6058959960938,35.686149201029046,,
6177,HP/MAN/53A09/2018/14,Mandi,Bahri-Sakrain Road,31.739167,76.723833,Rock cum debris   Slide,,,813.8768310546875,29.591398485485747,,
6178,HP/MAN/53A14/2015/339,Mandi,Boardl,31.739623,76.946106,Rock              Slide,,,1012.2853393554688,37.67440744231544,,
6179,HP/MAN/53E02/2015/222,Mandi,Bhawash road,31.74,77.234778,Debris            Slide,,,1065.10205078125,47.36912281139108,,
6180,HP/LSP/53I10/2018/3,Kinnaur,Puh,31.74118,78.58567,Rock              Slide,,,3148.26123046875,42.57282826696265,,
6181,HP/UNA/53A02/2018/6,Una,Near Mubarikpur,31.741267,76.106903,Rock              Slide,,,671.0531616210938,11.365549876397315,,
6182,HP/MAN/53E02/2015/223,Mandi,Bhawash road,31.742333,77.2375,Debris            Slide,,,1094.55859375,25.08746722299633,,
6183,HP/MAN/53E02/2015/224,Mandi,Bhawash road,31.743139,77.238444,Debris            Slide,,,1086.7177734375,26.32541426149051,,
6184,HP/MAN/53E02/2015/225,Mandi,Bhawash road,31.743139,77.238444,Debris            Slide,,,1086.7177734375,26.32541426149051,,
6185,HP/KAN/53A05/2018/16,Hamirpur,SBI GUEST HOUSE,31.74391,76.302018,Debris            Slide,,,691.874267578125,18.81015385762788,,
6186,HP/LSP/53I10/2018/2,Kinnaur,Puh,31.74414,78.58896,Rock cum debris   Slide,,,3178.4619140625,49.667588846798566,,
6187,HP/MAN/53A14/2015/337,Mandi,East of Runjh,31.748076,76.959595,Rock              Slide,,,1224.2635498046875,30.785560008764204,,
6188,HP/MAN/53A14/2015/338,Mandi,West of Runjh,31.748235,76.940026,Debris            Slide,,,718.0360107421875,24.9363287758884,,
6189,HP/MAN/53E01/2015/5,Mandi,NH21,31.748389,77.209333,Debris,Slide,2011,973.7568359375,20.5927001986029,,
6190,HP/MAN/53A14/2015/336,Mandi,East of Runjh,31.748416,76.960128,Rock              Slide,,,1220.0455322265625,26.799010403585665,,
6191,HP/MAN/53A13/2015/272,Mandi,Gomnun,31.750012,76.937815,Debris            Slide,,,783.3394775390625,2.3903619350782455,,
6192,HP/MAN/53A13/2015/245,Mandi,"Lawari,NH 20",31.750014,76.943176,Rock              Slide,,,829.4322509765625,38.08909709724061,,
6193,HP/MAN/53A13/2015/244,Mandi,"Lawari,NH 20",31.750285,76.943483,Rock              Slide,,,839.3765869140625,45.203194266502415,,
6194,HP/KIN/53I09/2018/1,Kinnaur,Pooh,31.75099,78.59043,Debris            Slide,,,2822.380615234375,43.07391295427511,,
6195,HP/MAN/53A13/2015/271,Mandi,Runjh,31.751277,76.950159,Debris            Slide,,,1123.650634765625,38.264569323054275,,
6196,HP/KIN/53I09/2018/4,Kinnaur,Puh,31.75142,78.59014,Rock cum debris   Slide,,,2786.711181640625,38.53989534497096,,
6197,HP/MAN/53A13/2015/270,Mandi,Barin,31.752089,76.964182,Rock              Slide,,,1286.533935546875,39.096274109834994,,
6198,HP/KAN/53A09/2018/15,Kangra,,31.75225,76.726472,Rock              Slide,,,844.567138671875,45.912035815162646,,
6199,HP/MAN/53A09/2018/16,Mandi,NH-70,31.752278,76.726778,Rock              Slide,,,814.550048828125,47.64585527824064,,
6200,HP/MAN/53A13/2015/45,Mandi,Barin,31.752593,76.964405,Rock              Slide,,,1302.498291015625,37.83833493899713,,
6201,HP/BIL/53A09/2018/17,Bilaspur,SH04,31.753139,76.726861,Rock              Slide,,,829.9859619140625,47.88847297063415,,
6202,HP/UNA/53A01/2018/36,Una,Near Kaloha,31.753613,76.205924,Rock cum debris   Slide,,,796.85546875,15.249543079097274,,
6203,HP/MAN/53A13/2015/17,Mandi,"Near Kotli,NH 70",31.754244,76.875833,Rock              Slide,,,1217.62158203125,20.017832396745565,,
6204,HP/MAN/53A13/2015/243,Mandi,"Mattha Neol,NH 20",31.754832,76.9431,Rock cum debris   Slide,,,819.9555053710938,24.266388203620185,,
6205,HP/MAN/53E01/2015/37,Mandi,,31.754861,77.108722,Rock              Slide,,,2583.780517578125,21.936429110279708,,
6206,HP/BIL/53A09/2018/18,Bilaspur,NH 70,31.755194,76.727917,Rock              Slide,,,819.0858154296875,40.73967137668303,,
6207,HP/BIL/53A09/2018/19,Bilaspur,SH-05,31.755528,76.728083,Rock              Slide,,,829.2723388671875,23.14851644419808,,
6208,HP/MAN/53A13/2015/253,Mandi,Katindi,31.757229,76.971166,Rock              Slide,,,1313.225830078125,37.40532053031191,,
6209,HP/MAN/53A13/2015/255,Mandi,Katindi,31.757975,76.971681,Rock              Fall,,,1300.7432861328125,34.00679380396629,,
6210,HP/HAM/53A09/2018/20,Hamirpur,SH-05,31.758,76.727833,Rock              Slide,,,834.4246215820312,31.503972825375325,,
6211,HP/MAN/53A13/2015/254,Mandi,Katindi,31.758261,76.972231,Rock              Fall,,,1299.4114990234375,36.34563186757353,,
6212,HP/MAN/53A13/2015/273,Mandi,Dhanara,31.759119,76.934537,Debris            Slide,,,851.3529663085938,35.147445696010415,,
6213,HP/HAM/53A09/2018/21,Hamirpur,SH 04,31.759139,76.747167,Debris            Slide,,,710.560791015625,36.04722106746514,,
6214,HP/HAM/53A09/2018/22,Hamirpur,SH 04,31.759194,76.746972,Debris            Slide,,,707.8436889648438,36.23610516216687,,
6215,HP/HAM/53A09/2018/23,Hamirpur,SUJANPUR - KHAIRA ROAD,31.759222,76.728361,Rock cum debris   Slide,,,813.3204345703125,37.417551031306,,
6216,HP/MAN/53A13/2015/256,Mandi,Katindi,31.759274,76.973743,Rock              Slide,,,1271.7244873046875,45.408478834737174,,
6217,HP/MAN/53A13/2015/274,Mandi,Dhanara,31.760431,76.92871,Rock              Slide,,,848.62353515625,30.988859822904384,,
6218,HP/MAN/53A13/2015/257,Mandi,Katindi,31.760498,76.974511,Rock              Slide,,,1258.443603515625,37.7260170969287,,
6219,HP/MAN/53A13/2015/242,Mandi,"Mattha Neol,NH 20",31.760618,76.946371,Debris            Slide,,,829.1014404296875,30.38211785352365,,
6220,HP/MAN/53A13/2015/258,Mandi,Katindi,31.76074,76.974272,Rock              Slide,,,1262.630126953125,29.74134367940806,,
6221,HP/MAN/53A13/2015/44,Mandi,Katindi,31.761626,76.974504,Rock              Slide,,,1224.5223388671875,44.7472353116054,,
6222,HP/MAN/53A13/2015/275,Mandi,Bhaled,31.762153,76.928814,Rock              Slide,,,866.8590087890625,34.78159600506338,,
6223,HP/MAN/53A13/2015/18,Mandi,"North of Dhaniara,NH 70",31.76229,76.859331,Rock              Slide,,,1200.8197021484375,33.19254510615878,,
6224,HP/HAM/53A09/2018/24,Hamirpur,NH-70,31.762528,76.734139,Rock cum debris   Slide,,,847.2631225585938,44.5135660136383,,
6225,HP/HAM/53A09/2018/25,Hamirpur,SH-05,31.762528,76.735417,Rock cum debris   Slide,,,826.252197265625,47.000265489590426,,
6226,HP/MAN/53A13/2015/19,Mandi,"South of Neal,NH 20,milestone",31.762539,76.946019,Rock              Slide,,,873.1718139648438,28.3517710930869,,
6227,HP/HAM/53A09/2018/26,Hamirpur,SUJANPUR - KHAIRA ROAD,31.762611,76.736472,Rock cum debris   Slide,,,800.5632934570312,38.80967878057585,,
6228,HP/HAM/53A09/2018/27,Hamirpur,SUJANPUR - KHAIRA ROAD,31.762861,76.737333,Rock cum debris   Slide,,,803.3267211914062,42.48201553394454,,
6229,HP/MAN/53A13/2015/20,Mandi,"Palaut,NH 20",31.763238,76.948632,Rock              Slide,,,851.80224609375,24.78776921877696,,
6230,HP/HAM/53A09/2018/28,Hamirpur,SUJANPUR - KHAIRA ROAD,31.763278,76.738389,Rock cum debris   Slide,,,816.054443359375,39.691468052381346,,
6231,HP/MAN/53A13/2015/240,Mandi,"South of Palaut,NH 20",31.763831,76.948828,Rock              Slide,,,860.0198364257812,5.950966465484687,,
6232,HP/MAN/53A13/2015/241,Mandi,"South of Palaut,NH 20",31.763848,76.949044,Rock              Slide,,,865.39990234375,23.2260806272865,,
6233,HP/MAN/53A13/2015/137,Mandi,"East of Kamla Dev,NH 70",31.764087,76.857922,Rock              Slide,,,1217.03515625,39.12360947971907,,
6234,HP/HAM/53A05/2018/58,Hamirpur,NADAUN-SUJANPUR ROAD,31.76415,76.3827,Debris            Slide,,,486.4735107421875,16.48478700924019,,
6235,HP/MAN/53A13/2015/278,Mandi,Hyun P.F,31.76419,76.87531,Rock              Slide,,,1010.0595703125,25.14669376565305,,
6236,HP/HAM/53A05/2018/59,Hamirpur,NADAUN-SUJANPUR ROAD,31.76433,76.38332,Debris            Slide,,,485.4795227050781,17.247758953404848,,
6237,HP/MAN/53A13/2015/43,Mandi,Katindi,31.764695,76.975389,Rock              Slide,,,1191.374267578125,42.8492272528143,,
6238,HP/MAN/53A13/2015/42,Mandi,Katindi,31.765058,76.975146,Rock              Slide,,,1166.5054931640625,43.28764555139408,,
6239,HP/HAM/53A05/2018/60,Hamirpur,,31.76506,76.38434,Rock cum debris   Slide,,,488.9671325683594,15.67484532489407,,
6240,HP/KAN/53A01/2018/35,Kangra,"Kaloha, NH 70",31.76548,76.22247,Rock cum debris   Slide,,,772.2777099609375,19.559116871488932,,
6241,HP/MAN/53A13/2015/140,Mandi,"Neal,NH 20",31.76618,76.942201,Rock              Slide,,,902.5595703125,24.75085818544849,,
6242,HP/KAN/53A05/2018/51,Kangra,,31.76628,76.31015,Debris            Slide,,,466.2648315429687,27.83673666191061,,
6243,HP/MAN/53A13/2015/139,Mandi,"Neal,NH 20,below power line",31.766298,76.941712,Rock              Slide,,,911.2918701171876,32.05903171041477,,
6244,HP/MAN/53A13/2015/269,Mandi,Katindi,31.766514,76.974069,Rock              Slide,,,1155.5745849609375,35.68879150304597,,
6245,HP/MAN/53A13/2015/138,Mandi,"Near Ropru,NH 70",31.767487,76.845422,Rock cum debris   Slide,,,1240.9168701171875,37.633976242300776,,
6246,HP/MAN/53A13/2015/268,Mandi,South of Kamand,31.767924,76.974757,Rock              Slide,,,1131.9647216796875,37.406387220056985,,
6247,HP/KAN/53A01/2018/34,Kangra,"Kaloha, NH 70",31.768258,76.223122,Debris            Slide,,,756.9708862304688,22.439383246277917,,
6248,HP/MAN/53A13/2015/267,Mandi,Kamand,31.770193,76.976144,Rock              Slide,,,1104.5640869140625,38.98656285200627,,
6249,HP/MAN/53E01/2015/13,Mandi,,31.770444,77.174167,Rock cum debris   Slide,,,1827.025390625,26.81474286137755,,
6250,HP/HAM/53A5/2018/44,Hamirpur,RANGUS ROAD,31.771056,76.341714,Rock cum debris   Slide,,,487.1169128417969,22.218646922715763,,
6251,HP/MAN/53A13/2015/266,Mandi,Kamand,31.771136,76.978518,Debris,Slide,2014,1059.573974609375,35.74542490863669,,
6252,HP/KUL/53E01/2015/15,Kullu,,31.7715,77.18,Rock cum debris   Slide,,,1510.1580810546875,39.98234130277227,,
6253,HP/MAN/53A13/2015/252,Mandi,Matrer,31.772,76.951,Debris            Slide,,,1065.01123046875,34.22453210106643,,
6254,HP/MAN/53A13/2015/265,Mandi,Kamand,31.77203,76.979781,Rock              Slide,,,1045.8790283203125,30.409064678363173,,
6255,HP/MAN/53A13/2015/279,Mandi,SW of Dhar,31.77233,76.89217,Debris            Slide,,,984.9947509765624,36.37124765264288,,
6256,HP/KAN/53A05/2018/62,Kangra,DHARAMKOT,31.77308,76.44298,Debris            Slide,,,677.1945190429688,19.003365320799077,,
6257,HP/MAN/53A13/2015/264,Mandi,Kamand,31.773241,76.980644,Debris            Slide,,,1037.58740234375,39.53294209173047,,
6258,HP/KAN/53A05/2018/57,Kangra,,31.77341,76.29802,Debris            Slide,,,487.35791015625,18.473514319173702,,
6259,HP/MAN/53A13/2015/263,Mandi,Kamand,31.773674,76.980941,Rock              Slide,,,1027.633544921875,41.43133363050356,,
6260,HP/MAN/53A13/2015/26,Mandi,"Chautite,NH 20",31.7739,76.93826,Debris            Slide,,,964.310546875,14.604554717280676,,
6261,HP/MAN/53E01/2015/14,Mandi,,31.773944,77.168028,Rock cum debris   Slide,,,2002.3848876953125,44.98462062433311,,
6262,HP/KAN/52A05/2018/68,Kangra,,31.77407,76.29683,Debris            Slide,,,471.3140869140625,16.19021309884425,,
6263,HP/HAM/53A05/2018/64,Hamirpur,,31.77419,76.443457,Rock cum debris   Slide,,,689.1011352539062,27.65996905610071,,
6264,HP/KAN/52D08/2018/33,Kangra,,31.77477,76.29727,Rock cum debris   Slide,,,471.088623046875,29.13121707407025,,
6265,HP/KAN/53A05/2018/61,Kangra,,31.77485,76.29738,Debris            Slide,,,460.1793823242187,13.292598839513229,,
6266,HP/MAN/53E01/2015/3,Mandi,NH21,31.775694,77.198417,Debris            Slide,,,1008.3265991210938,21.21634004517416,,
6267,HP/HAM/53A09/2018/29,Hamirpur,Sivnagar - Bhauda road,31.77575,76.743139,Debris            Slide,,,700.8890991210938,32.31119144227397,,
6268,HP/MAN/53A13/2015/262,Mandi,Kamand,31.775934,76.982092,Rock              Slide,,,975.77294921875,34.28941325468618,,
6269,HP/HAM/53A09/2018/30,Hamirpur,Sivnagar - Kotlu road,31.776139,76.743194,Debris            Slide,,,693.1773071289062,18.54162048991579,,
6270,HP/HAM/53A05/2018/21,Hamirpur,CHOLA,31.776682,76.440489,Rock cum debris   Slide,,,644.156982421875,21.729059390786517,,
6271,HP/HAM/53A05/2018/36,Hamirpur,,31.77679,76.434524,Debris            Slide,,,552.3057861328125,22.309977718885005,,
6272,HP/HAM/53A05/2018/35,Hamirpur,INDRUNAG Jhing,31.77735,76.4334,Rock              Slide,,,533.6549682617188,20.63619594110716,,
6273,HP/MAN/53A13/2015/261,Mandi,Kamand,31.778298,76.982619,Rock              Slide,,,992.3468017578124,36.20949982143792,,
6274,HP/MAN/53A13/2015/276,Mandi,Laswan,31.779084,76.910045,Rock              Slide,,,967.97509765625,34.967967661936655,,
6275,HP/MAN/53A09/2018/31,Mandi,NH-70,31.779306,76.741361,Debris            Slide,,,699.025146484375,22.464408420201988,,
6276,HP/HAM/53A05/2018/37,Hamirpur,,31.7794,76.43967,Rock              Slide,,,664.54833984375,24.61179144853232,,
6277,HP/MAN/53A13/2015/260,Mandi,Kamand,31.779609,76.983684,Rock              Slide,,,992.375732421875,25.85928795510027,,
6278,HP/MAN/53A13/2015/277,Mandi,Laswan,31.779755,76.909501,Rock cum debris   Slide,,,986.077880859375,33.81308496521297,,
6279,HP/MAN/53E01/2015/36,Mandi,SH15,31.78,77.049056,Rock cum debris   Composite,,,1894.9334716796875,33.41037516624715,,
6280,HP/MAN/53A10/2018/14,Mandi,NH-70,31.780333,76.653194,Debris            Slide,,,991.7515258789062,24.329283283093677,,
6281,HP/MAN/53E01/2015/35,Mandi,SH15,31.7815,77.046306,Rock              Slide,,,1794.3695068359375,37.89446705447739,,
6282,HP/MAN/53E01/2015/34,Mandi,SH15,31.781639,77.078917,Rock cum debris   Composite,,,1583.986572265625,4.372571912848165,,
6283,HP/MAN/53A13/2015/259,Mandi,Salgi,31.784288,76.996579,Rock              Slide,,,1064.122802734375,30.089888377481476,,
6284,HP/MAN/53A13/2015/23,Mandi,"West of Kumharda,NH 70",31.78527,76.80095,Debris            Slide,,,1332.0228271484375,9.999036786709564,,
6285,HP/MAN/53A13/2015/225,Mandi,"Riyur,NH 70",31.78619,76.75338,Debris            Slide,,,852.5933227539062,15.712159477828076,,
6286,HP/HAM/53A05/2018/38,Hamirpur,,31.78653,76.44692,Debris            Slide,,,638.5904541015625,25.088435652106728,,
6287,HP/HAM/53A05/2018/39,Hamirpur,,31.78653,76.44692,Rock cum debris   Slide,,,638.5904541015625,25.088435652106728,,
6288,HP/MAN/53E01/2015/33,Mandi,SH15,31.786667,77.073111,Debris            Slide,,,1533.6583251953125,47.805239206560955,,
6289,HP/MAN/53A13/2015/102,Mandi,"Galudhar,NH 20",31.78712,76.93461,Rock cum debris   Slide,,,1048.19921875,32.99997986631032,,
6290,HP/MAN/53E01/2015/32,Mandi,SH15,31.787194,77.071389,Rock cum debris   Slide,,,1527.3294677734375,36.504830843143345,,
6291,HP/UNA/53A01/2018/16,Una,Bharwain,31.789606,76.128865,Rock              Slide,,,785.1572875976562,16.14393438182057,,
6292,HP/MAN/53A13/2015/228,Mandi,"South of Dharampur,NH",31.79043,76.75047,Debris,Slide,2000,677.2311401367188,40.07913941325872,,
6293,HP/MAN/53A13/2015/210,Mandi,"South of Dharampur,NH 70",31.79098,76.75106,Debris,Subsidence,2014,671.775146484375,22.09252695642999,,
6294,HP/MAN/53A13/2015/209,Mandi,"South of Dharampur,NH 70",31.79115,76.75114,Rock,Slide,2000,671.775146484375,22.092545118024272,,
6295,HP/KAN/53A05/2018/40,Kangra,,31.79115,76.45665,Debris            Slide,,,574.3814697265625,21.54508922990892,,
6296,HP/MAN/53E01/2015/31,Mandi,SH15,31.791333,77.064167,Rock              Slide,,,1495.7764892578125,48.171589425182034,,
6297,HP/MAN/53A13/2015/226,Mandi,"Sanal,NH 70",31.79146,76.75538,Debris            Slide,,,792.7388916015625,27.841666545112627,,
6298,HP/MAN/53A13/2015/227,Mandi,"Sanal,NH 70",31.79146,76.75538,Debris            Slide,,,792.7388916015625,27.841666545112627,,
6299,HP/MAN/53A13/2015/211,Mandi,"South of Dharampur,NH 70",31.79159,76.75115,Rock,Slide,2000,660.2015380859375,24.55003596092608,,
6300,HP/MAN/53E01/2015/38,Mandi,,31.791833,77.203194,Rock              Slide,,,1507.8419189453125,47.67838355450972,,
6301,HP/MAN/53E01/2015/30,Mandi,SH15,31.791944,77.062778,Rock              Topple,,,1469.1070556640625,40.14384154477427,,
6302,HP/MAN/53A13/2015/212,Mandi,"South of Dharampur,NH 70",31.79197,76.75148,Debris,Slide,2000,666.0418090820312,25.5848380742022,,
6303,HP/MAN/53A13/2015/213,Mandi,"South of Dharampur,NH 70",31.79273,76.75188,Debris            Slide,,,673.1201171875,31.39838827755104,,
6304,HP/MAN/53A13/2015/214,Mandi,"South of Dharampur, NH 70",31.79274,76.75189,Rock              Slide,,,673.1201171875,31.398390775614264,,
6305,HP/KAN/53A05/2018/41,Kangra,,31.793001,76.455054,Rock              Slide,,,597.6824951171875,24.951079304279343,,
6306,HP/MAN/53A13/2015/215,Mandi,"South of Dharampur,NH 70",31.79379,76.75172,Rock              Slide,,,672.5911254882812,34.53933004519998,,
6307,HP/MAN/53A13/2015/216,Mandi,"South of Dharampur,NH 70",31.794,76.75171,Rock cum debris   Slide,,,672.5911254882812,34.53939030297293,,
6308,HP/MAN/53A13/2015/229,Mandi,"Malaun,NH 70",31.79407,76.7869,Rock cum debris   Slide,,,1155.8349609375,35.42875312631198,,
6309,HP/MAN/53A13/2015/217,Mandi,"South of Dharampur,NH 70",31.79427,76.75169,Rock cum debris   Slide,,,672.4596557617188,30.74885094297466,,
6310,HP/KAN/53A05/2018/49,Kangra,MANJHI CHAWK,31.79467,76.35727,Rock cum debris   Slide,,,493.90521240234375,20.963907915222983,,
6311,HP/MAN/53A13/2015/24,Mandi,"Bataur,NH 70",31.79484,76.80924,Debris            Slide,,,1318.686767578125,32.58181626806743,,
6312,HP/KAN/53A05/2018/50,Kangra,,31.795159,76.342814,Debris            Slide,,,499.1008911132813,20.67788902056897,,
6313,HP/MAN/53A13/2015/218,Mandi,"South of Dharampur,NH 70",31.7966,76.75507,Rock              Slide,,,670.76220703125,28.857071188761303,,
6314,HP/MAN/53A13/2015/219,Mandi,"South of Dharampur,NH 70",31.7966,76.75502,Debris            Subsidence,,,670.76220703125,28.857071188761303,,
6315,HP/MAN/53A13/2015/220,Mandi,"South of Dharampur,NH 70",31.797,76.75554,Debris            Slide,,,685.243408203125,36.538286664491594,,
6316,HP/MAN/53A13/2015/239,Mandi,Dhalwan,31.797,76.842,Debris            Slide,,,1054.052490234375,29.475840519780267,,
6317,HP/MAN/53A13/2015/221,Mandi,"South of Dharampur,NH 70",31.79715,76.75572,Debris            Subsidence,,,690.02978515625,42.65559573674418,,
6318,HP/KAN/53A01/2018/38,Una,South of Badhmana,31.797562,76.065885,Debris            Slide,,,725.9114990234375,16.39729981998516,,
6319,HP/UNA/53A01/2018/17,Una,South of Badhmana,31.797562,76.065885,Debris            Slide,,,725.9114990234375,16.39729981998516,,
6320,HP/MAN/53A13/2015/222,Mandi,"South of Dharampur,NH 70",31.79792,76.75648,Debris            Slide,,,671.546142578125,31.369708018083195,,
6321,HP/MAN/53A13/2015/191,Mandi,Dharampur,31.79828,76.75102,Debris            Slide,,,663.7230834960938,28.168712655408186,,
6322,HP/MAN/53A13/2015/136,Mandi,Dharampur,31.79853,76.7522,Rock cum debris   Slide,,,664.0314331054688,37.7551718254899,,
6323,HP/MAN/53A13/2015/135,Mandi,Dharampur,31.79855,76.7515,Debris            Slide,,,666.8494873046875,27.2949278985379,,
6324,HP/MAN/53A13/2015/133,Mandi,Dharampur,31.79859,76.75138,Rock              Slide,,,666.8494873046875,27.29493187719077,,
6325,HP/MAN/53A13/2015/192,Mandi,Dharampur,31.79865,76.75331,Rock              Slide,,,657.9925537109375,37.59585056342916,,
6326,HP/MAN/53A13/2015/134,Mandi,Dharampur,31.79869,76.75179,Rock              Slide,,,659.0616455078125,27.32027358803623,,
6327,HP/MAN/53A13/2015/251,Mandi,Hallu,31.798702,76.954477,Rock              Slide,,,1250.83251953125,35.67916623835466,,
6328,HP/MAN/53E01/2015/29,Mandi,,31.799083,77.057222,Debris            Slide,,,1533.6689453125,27.349619386331,,
6329,HP/MAN/53A13/2015/250,Mandi,Hallu,31.799102,76.954746,Rock              Slide,,,1248.469482421875,34.19641338877592,,
6330,HP/MAN/53E01/2015/97,Mandi,Hurla nala,31.799194,77.015028,Debris            Slide,,,1152.3138427734375,31.41674909747493,,
6331,HP/MAN/53E01/2015/96,Mandi,Hurla nala,31.799194,77.015028,Rock              Slide,,,1152.3138427734375,31.41674909747493,,
6332,HP/MAN/53A13/2015/223,Mandi,"East of Dharampur,NH 70",31.79937,76.76156,Debris            Slide,,,675.765625,21.19375621209626,,
6333,HP/MAN/53A13/2015/249,Mandi,Hallu,31.799679,76.954801,Rock              Slide,,,1240.5006103515625,25.96376580695467,,
6334,HP/MAN/53A13/2015/21,Mandi,"Thapra,NH 70",31.80007,76.78624,Debris            Slide,,,1178.465576171875,41.262023988019386,,
6335,HP/MAN/53E01/2015/28,Mandi,Jhanjheli-Thunag road,31.800139,77.057417,Rock              Fall,,,1541.06298828125,38.093413074156594,,
6336,HP/MAN/53A13/2015/247,Mandi,Hallu,31.800152,76.95474,Rock              Slide,,,1258.181396484375,40.03113729780852,,
6337,HP/MAN/53A13/2015/248,Mandi,Hallu,31.800237,76.955247,Rock              Slide,,,1255.4608154296875,33.314655096150915,,
6338,HP/MAN/53A10/2018/15,Mandi,Hawni-Brang Road,31.800278,76.528861,Debris            Slide,,,758.6992797851562,26.779491741221012,,
6339,HP/MAN/53E01/2015/27,Mandi,,31.800722,77.058056,Debris            Slide,,,1552.814208984375,35.552458724785346,,
6340,HP/MAN/53E01/2015/26,Mandi,,31.800861,77.051111,Debris            Slide,,,1628.7122802734375,43.11375150341186,,
6341,HP/MAN/53E01/2015/98,Mandi,Hurla nala,31.801278,77.015167,Debris            Slide,,,1193.472412109375,23.487942528553138,,
6342,HP/MAN/53A13/2015/224,Mandi,"Sarsikhan,NH 70",31.80137,76.76318,Debris            Slide,,,695.6180419921875,28.919868829929523,,
6343,HP/MAN/53E01/2015/99,Mandi,Hurla nala,31.801417,77.015556,Debris            Slide,,,1187.7200927734375,9.618953903156164,,
6344,HP/MAN/53E01/2015/100,Mandi,,31.801833,77.01625,Debris            Slide,,,1227.2100830078125,51.06256728003269,,
6345,HP/MAN/53A13/2015/30,Mandi,"Saroli,SH19",31.80261,76.76794,Rock              Slide,,,694.4373168945312,38.970076239903584,,
6346,HP/MAN/53A13/2015/79,Mandi,"Saroli,SH19",31.8027,76.76624,Debris            Slide,,,679.8706665039062,32.530976887383844,,
6347,HP/MAN/53A13/2015/25,Mandi,"Sitahan,NH 70,MS 245",31.80283,76.8223,Debris            Slide,,,1379.1903076171875,30.24934444987108,,
6348,HP/MAN/53A13/2015/31,Mandi,"Saroli,SH19",31.80308,76.76821,Debris            Slide,,,681.9652099609375,33.009897539726836,,
6349,HP/MAN/53A13/2015/100,Mandi,"Drang,NH20",31.80369,76.94682,Rock              Slide,,,1044.4510498046875,33.561267473979186,,
6350,HP/MAN/53A13/2015/101,Mandi,"DRANG,NH20",31.80369,76.94682,Rock,Slide,2009,1044.4510498046875,33.561267473979186,,
6351,HP/MAN/53A13/2015/172,Mandi,"Saroli,SH19",31.80396,76.76858,Rock              Slide,,,685.2056884765625,27.4111530773957,,
6352,HP/MAN/53A13/2015/173,Mandi,"Saroli,SH19",31.80506,76.76883,Rock              Slide,,,683.1787719726562,28.561338603482753,,
6353,HP/MAN/53A13/2015/174,Mandi,"North of Saroli,SH 19",31.80557,76.76895,Rock              Slide,,,676.611083984375,38.86618707811809,,
6354,HP/MAN/53A13/2015/193,Mandi,"Dharampur,SH 17",31.80579,76.76338,Debris            Slide,,,659.4428100585938,41.96719594288034,,
6355,HP/MAN/53E01/2015/25,Mandi,,31.805833,77.054444,Debris            Slide,,,1693.61328125,17.862780303204868,,
6356,HP/MAN/53A13/2015/22,Mandi,Rakhera,31.806,76.776,Debris            Slide,,,765.0867919921875,32.95442428448952,,
6357,HP/MAN/53A13/2015/237,Mandi,NE of Kohiyar,31.80641,76.85201,Rock              Slide,,,886.0248413085938,40.44173857874662,,
6358,HP/MAN/53A13/2015/175,Mandi,"North of Saroli,SH 19",31.80661,76.76841,Rock              Slide,,,679.71484375,24.077073315222556,,
6359,HP/MAN/53A13/2015/176,Mandi,"North of Saroli,SH 19",31.8068,76.76816,Rock              Slide,,,671.3374633789062,20.561268394661244,,
6360,HP/MAN/53A13/2015/194,Mandi,"Dharampur,SH 17",31.80721,76.76618,Rock              Slide,,,656.6657104492188,32.86273568396623,,
6361,HP/KAN/52D08/2018/23,Kangra,MANED,31.8084,76.37702,Debris            Slide,,,591.0452270507812,30.337454989169792,,
6362,HP/MAN/53A13/2015/238,Mandi,Near Kohiyar,31.8088,76.85134,Rock              Slide,,,930.0333862304688,44.72874347576117,,
6363,HP/KAN/53A09/2018/32,Kangra,Ropri -Bhora road,31.809,76.724056,Debris            Slide,,,1047.9747314453125,13.81502486215555,,
6364,HP/KAN/53A09/2018/33,Kangra,Ropri - Jaisinghpur road,31.81,76.731472,Debris            Slide,,,1021.115234375,20.05949086381971,,
6365,HP/MAN/53A13/2015/177,Mandi,"North of Saroli,SH 19",31.81031,76.76733,Debris            Subsidence,,,654.4277954101562,28.378875524418618,,
6366,HP/MAN/53A13/2015/195,Mandi,"North of Dharampur,SH 17",31.81046,76.76547,Rock              Slide,,,633.3939819335938,31.60472302908237,,
6367,HP/KAN/53A05/2018/55,Kangra,,31.81065,76.37265,Debris            Slide,,,545.4199829101562,12.59214522054624,,
6368,HP/MAN/53A13/2015/178,Mandi,"North of Saroli,SH 19",31.81094,76.76775,Rock              Slide,,,672.2453002929688,41.03523463262422,,
6369,HP/MAN/53A13/2015/179,Mandi,"North of Saroli,SH 19",31.81117,76.76793,Rock              Slide,,,673.358154296875,43.391625110846434,,
6370,HP/KAN/53A09/2018/34,Kangra,,31.8115,76.717167,Debris            Slide,,,1039.17431640625,24.253969825003892,,
6371,HP/MAN/53A13/2015/196,Mandi,"North of Dharampur,SH 17",31.81163,76.76591,Rock              Slide,,,658.5040283203125,41.415030226544765,,
6372,HP/MAN/53A13/2015/246,Mandi,Drang,31.81203,76.948498,Rock cum debris   Slide,,,1165.4083251953125,24.71989722052382,,
6373,HP/MAN/53A13/2015/180,Mandi,"Sapri,SH19",31.81234,76.77314,Debris            Slide,,,627.9783935546875,18.11098735957362,,
6374,HP/MAN/53A13/2015/181,Mandi,"Sapri,SH19",31.81314,76.77218,Debris            Slide,,,620.08447265625,10.66565315322229,,
6375,HP/KAN/53A05/2018/42,Kangra,,31.81362,76.36972,Rock cum debris   Slide,,,621.3661499023438,33.682989960975824,,
6376,HP/MAN/53A13/2015/182,Mandi,"Sapri,SH19",31.81366,76.77269,Rock              Slide,,,648.3380126953125,39.00189109308117,,
6377,HP/MAN/53A10/2018/16,Mandi,NH-70,31.814056,76.724972,Debris            Flow,,,877.6569213867188,11.17697620386187,,
6378,HP/KAN/53A09/2018/35,Kangra,Ropri - Jaisinghpur road,31.814583,76.746667,Debris            Slide,,,955.937255859375,25.448148686966192,,
6379,HP/MAN/53A13/2015/199,Mandi,"Kanda Pattan,SH 17",31.81467,76.77016,Rock              Slide,,,661.1974487304688,25.43853658232648,,
6380,HP/HAM/53A09/2018/36,Hamirpur,Sivnagar - Kotlu road,31.814722,76.750056,Rock cum debris,Slide,2013,935.1100463867188,30.089510900784084,,
6381,HP/MAN/53A13/2015/236,Mandi,South of Tungal,31.81477,76.85091,Rock              Slide,,,792.8359985351562,35.638375358807345,,
6382,HP/MAN/53A13/2015/197,Mandi,Chalus PF,31.815,76.783,Rock              Slide,,,919.2440185546876,36.59273104272005,,
6383,HP/MAN/53A13/2015/183,Mandi,Rora SH-19,31.81504,76.77245,Rock              Slide,,,651.4620971679688,44.87282072313229,,
6384,HP/MAN/53A10/2018/17,Mandi,NH-70,31.815472,76.727333,Debris            Flow,,,854.5784912109375,10.345271505998454,,
6385,HP/MAN/53A13/2015/184,Mandi,Rora SH-19,31.81549,76.77228,Rock              Slide,,,636.8025512695312,40.82101933749796,,
6386,HP/MAN/53A10/2018/18,Mandi,NH-70,31.815972,76.726972,Debris            Slide,,,864.0343017578125,10.324277391988115,,
6387,HP/MAN/53A13/2015/188,Mandi,Rora SH-19,31.81638,76.77595,Debris            Slide,,,641.8331909179688,31.22258686796868,,
6388,HP/MAN/53A13/2015/187,Mandi,Rora SH-19,31.81645,76.77537,Debris            Slide,,,651.4395751953125,38.8441655149282,,
6389,HP/MAN/53A13/2015/186,Mandi,Rora SH-19,31.81667,76.77393,Rock              Slide,,,637.142578125,44.24164153249262,,
6390,HP/MAN/53A13/2015/234,Mandi,Tungal,31.81674,76.84864,Rock              Slide,,,764.2403564453125,37.53532320091565,,
6391,HP/MAN/53A13/2015/185,Mandi,Rora SH-19,31.81676,76.77355,Rock              Slide,,,643.5853881835938,45.38978533160687,,
6392,HP/MAN/53A13/2015/202,Mandi,"Jagna,SH 17",31.81685,76.76793,Rock cum debris   Slide,,,754.9402465820312,33.00822284792073,,
6393,HP/MAN/53A13/2015/198,Mandi,CHALUS PF,31.817,76.783,Rock              Slide,,,897.0230712890625,37.16177475636067,,
6394,HP/MAN/53A13/2015/14,Mandi,"Chhamaill, SH 17",31.81707,76.76057,Debris            Slide,,,844.137939453125,27.43464316084901,,
6395,HP/MAN/53A13/2015/235,Mandi,Tungal,31.81717,76.84873,Rock              Slide,,,766.0327758789062,37.70700801711086,,
6396,HP/MAN/53A13/2015/78,Mandi,Rora SH-19,31.81717,76.77777,Rock              Slide,,,636.2930297851562,21.42637962187696,,
6397,HP/MAN/53A10/2018/19,Mandi,NH-70,31.818111,76.714778,Debris            Flow,,,1128.20703125,25.3913540963985,,
6398,HP/MAN/53A13/2015/200,Mandi,"Kanda Pattan,SH 17",31.81812,76.76788,Debris            Slide,,,715.2473754882812,21.34477750569056,,
6399,HP/MAN/53A13/2015/233,Mandi,South of Tarehr,31.81827,76.84812,Rock              Slide,,,756.6150512695312,43.98856362769294,,
6400,HP/MAN/53A13/2015/201,Mandi,"Kanda Pattan,SH 17",31.81839,76.76722,Debris            Slide,,,726.2589721679688,16.263039308023174,,
6401,HP/MAN/53A13/2015/171,Mandi,Rora SH-19,31.81866,76.77951,Rock              Slide,,,637.6891479492188,23.082439631341902,,
6402,HP/MAN/53A13/2015/13,Mandi,"Jangah, SH 17",31.81891,76.76629,Debris            Slide,,,772.1984252929688,22.974220783196603,,
6403,HP/KAN/53A09/2018/37,Kangra,,31.819,76.712528,Debris            Slide,,,1089.958740234375,21.740011306966625,,
6404,HP/KAN/52A05/2018/65,Kangra,,31.81923,76.37945,Debris            Slide,,,678.6203002929688,31.763676507578808,,
6405,HP/MAN/53A13/2015/170,Mandi,Rora SH-19,31.81966,76.78008,Debris            Slide,,,634.1238403320312,25.746801863743407,,
6406,HP/MAN/53A13/2015/169,Mandi,Rora SH-19,31.82012,76.78067,Rock              Slide,,,644.5809936523438,24.192327084350076,,
6407,HP/MAN/53A13/2015/168,Mandi,Rora SH-19,31.82071,76.7805,Rock              Slide,,,644.377685546875,32.43016019890185,,
6408,HP/MAN/53A13/2015/232,Mandi,Tarehr,31.82178,76.84476,Debris            Slide,,,724.3295288085938,36.35180453754466,,
6409,HP/KAN/53A09/2018/38,Kangra,,31.821944,76.706222,Debris            Slide,,,1091.40673828125,29.47693160444221,,
6410,HP/MAN/53A13/2015/41,Mandi,"Chalus PF,SH19",31.82212,76.78088,Rock              Slide,,,641.7173461914062,40.84251697477888,,
6411,HP/MAN/53E01/2015/2,Mandi,NH21,31.823611,77.172778,Rock              Slide,,,1047.83837890625,41.88622674359738,,
6412,HP/MAN/53A13/2015/40,Mandi,"Padgah,SH19",31.8237,76.78149,Rock              Slide,,,640.9353637695312,32.819922740273306,,
6413,HP/MAN/53E01/2015/24,Mandi,Jhanjheli-Thunag road,31.824361,77.07825,Rock cum debris   Slide,,,1991.7437744140625,22.97843850775392,,
6414,HP/MAN/53A13/2015/39,Mandi,"Padgah,SH19",31.82445,76.78181,Rock              Slide,,,658.0131225585938,38.81863068787592,,
6415,HP/MAN/53A13/2015/38,Mandi,"Padgah,SH19",31.82507,76.78219,Rock              Slide,,,648.663330078125,37.52133405079896,,
6416,HP/KAN/53A01/2018/15,Kangra,South of Tutru,31.825687,76.163185,Debris            Slide,,,834.3457641601562,16.790304187908532,,
6417,HP/MAN/53A13/2015/167,Mandi,"Padgah,SH19",31.82644,76.78247,Rock              Slide,,,648.2251586914062,37.595990811227715,,
6418,HP/MAN/53A13/2015/141,Mandi,"Kotla,SH 19",31.82705,76.77353,Rock              Slide,,,775.341552734375,30.64967330402226,,
6419,HP/MAN/53E01/2015/1,Mandi,NH21,31.827111,77.173139,Debris            Slide,,,1046.653076171875,44.38368722292979,,
6420,HP/MAN/53A13/2015/142,Mandi,"Kotla,SH 19",31.82712,76.77416,Rock,Slide,2009,781.2630615234375,26.790546940410255,,
6421,HP/MAN/53A13/2015/132,Mandi,"Kotla,SH 19",31.8274,76.77311,Rock              Slide,,,790.8710327148438,32.95152404640109,,
6422,HP/MAN/53A13/2015/166,Mandi,"Padgah,SH19",31.82791,76.78319,Rock              Slide,,,660.3675537109375,40.9186035862885,,
6423,HP/MAN/53A13/2015/143,Mandi,"Near Kotla ,SH 19",31.82796,76.77492,Rock              Slide,,,768.043701171875,22.431092032015965,,
6424,HP/KAN/53A01/2018/13,Kangra,"Tutru ,NH 503",31.828367,76.166147,Debris            Slide,,,823.3848266601562,13.75149782635478,,
6425,HP/KAN/53A01/2018/14,Kangra,"Tutru, NH 503",31.828487,76.166673,Debris            Slide,,,818.4542236328125,18.41445031219111,,
6426,HP/KAN/53A01/2018/17,Kangra,"Tutru, NH 503",31.828487,76.166673,Debris            Slide,,,818.4542236328125,18.41445031219111,,
6427,HP/MAN/53A13/2015/144,Mandi,"Near Kotla ,SH 20",31.82864,76.77512,Debris            Slide,,,776.029052734375,25.83588894034343,,
6428,HP/MAN/53A13/2015/165,Mandi,"Padgah,SH19",31.82872,76.78319,Rock              Slide,,,644.0977172851562,38.01907406835401,,
6429,HP/MAN/53A13/2015/145,Mandi,"Near Kotla ,SH 21",31.82921,76.77631,Rock              Slide,,,756.5265502929688,33.18540542465295,,
6430,HP/MAN/53A13/2015/131,Mandi,"Kotla,SH 19",31.82931,76.77351,Rock              Slide,,,807.3753662109375,25.609500353388043,,
6431,HP/MAN/53A13/2015/146,Mandi,"Near Kotla ,SH 22",31.82971,76.77674,Rock              Slide,,,761.7203369140625,29.50348791033363,,
6432,HP/MAN/53A13/2015/148,Mandi,"Near Kotla ,SH 24",31.82976,76.77769,Debris            Slide,,,749.9630126953125,33.969177760381775,,
6433,HP/MAN/53A13/2015/147,Mandi,"Near Kotla ,SH 23",31.82978,76.7772,Rock              Slide,,,750.1593627929688,27.465518632623052,,
6434,HP/MAN/53A13/2015/130,Mandi,"Kotla,SH 19",31.82982,76.77392,Rock              Slide,,,810.2308959960938,28.606086374681215,,
6435,HP/MAN/53A13/2015/149,Mandi,"Near Kotla ,SH 25",31.82986,76.77832,Debris            Slide,,,745.2368774414062,22.577656050177524,,
6436,HP/MAN/53A10/2018/20,Mandi,NH-70,31.830222,76.604833,Debris            Slide,,,881.7633056640625,20.903799038913707,,
6437,HP/KUL/53E01/2015/16,Kullu,,31.830417,77.114444,Rock              Slide,,,1772.6676025390625,58.36263765336189,,
6438,HP/MAN/53A13/2015/231,Mandi,Tuna,31.83045,76.84137,Debris            Slide,,,729.2931518554688,36.92550410225765,,
6439,HP/MAN/53A13/2015/230,Mandi,"Tuna,beas river and rana khad",31.83047,76.84137,Debris            Slide,,,729.2931518554688,36.92550521127587,,
6440,HP/MAN/53A13/2015/150,Mandi,"Near Kotla ,SH 26",31.83077,76.77972,Rock              Slide,,,735.4891357421875,29.700795065964073,,
6441,HP/MAN/53A13/2015/163,Mandi,"Kotla,SH 19",31.83092,76.79063,Rock              Slide,,,630.5492553710938,37.93999416840857,,
6442,HP/MAN/53A13/2015/164,Mandi,"Padgah,SH19",31.83105,76.78773,Rock              Slide,,,630.7758178710938,26.268389569776012,,
6443,HP/KUL/53E01/2015/44,Kullu,Chail Chawk-Jhanjheli road,31.831306,77.202972,Rock              Slide,,,1134.4644775390625,30.58467906102107,,
6444,HP/MAN/53A13/2015/151,Mandi,"Near Kotla ,SH 27",31.83138,76.7802,Rock              Slide,,,728.1752319335938,23.68192598677457,,
6445,HP/KAN/53A01/2018/33,Kangra,"South of Dhaliara, NH 503",31.831677,76.173662,Debris            Slide,,,782.7945556640625,22.210491037060407,,
6446,HP/MAN/53A13/2015/162,Mandi,"Chimnun,SH 19",31.8319,76.78986,Rock              Slide,,,637.6893310546875,31.769253711222056,,
6447,HP/MAN/53A13/2015/152,Mandi,"Near Kotla ,SH 28",31.83195,76.78039,Rock              Slide,,,733.23583984375,31.21129914812217,,
6448,HP/MAN/53A13/2015/129,Mandi,"Neri,SH 19",31.83223,76.77492,Debris            Slide,,,828.0458374023438,26.39120278847879,,
6449,HP/MAN/53A13/2015/157,Mandi,"Kotla,SH 19",31.832256,76.78209,Rock              Slide,,,688.1950073242188,26.16535797700812,,
6450,HP/MAN/53A10/2018/21,Mandi,Hawni-Brang Road,31.832278,76.511833,Debris            Slide,,,667.7688598632812,23.901990319186627,,
6451,HP/KUL/53E01/2015/45,Kullu,NH21,31.832306,77.201722,Rock cum debris   Slide,,,1150.4227294921875,33.41287029352516,,
6452,HP/MAN/53A13/2015/156,Mandi,"Kotla,SH 19",31.83234,76.78176,Rock              Slide,,,708.0807495117188,33.7264318020516,,
6453,HP/MAN/53A13/2015/153,Mandi,"Kotla,SH 19",31.83236,76.78048,Rock              Slide,,,718.05517578125,24.30576309761559,,
6454,HP/MAN/53A13/2015/154,Mandi,"Kotla,SH 19",31.83236,76.78048,Rock              Slide,,,718.05517578125,24.30576309761559,,
6455,HP/MAN/53A13/2015/155,Mandi,"Kotla,SH 19",31.83236,76.78048,Rock              Slide,,,718.05517578125,24.30576309761559,,
6456,HP/MAN/53A13/2015/158,Mandi,"Kotla,SH 19",31.83247,76.78291,Rock              Slide,,,702.1796875,32.75225709648334,,
6457,HP/MAN/53A10/2018/22,Mandi,NH-70,31.8325,76.511694,Debris            Slide,,,643.6953735351562,23.64160645153919,,
6458,HP/MAN/53A13/2015/159,Mandi,"Kotla,SH 19",31.83253,76.78349,Rock              Slide,,,695.031494140625,36.153619656741505,,
6459,HP/MAN/53A13/2015/161,Mandi,"Kotla,SH 19",31.83261,76.78941,Rock              Slide,,,652.5654296875,35.773035820427026,,
6460,HP/MAN/53A13/2015/160,Mandi,"Chimnun,SH 19",31.8329,76.78439,Rock              Slide,,,686.684326171875,33.27574342325443,,
6461,HP/MAN/53A13/2015/12,Mandi,"Kotla,SH 19",31.83304,76.788,Rock              Slide,,,659.7237548828125,38.373298433783454,,
6462,HP/MAN/53A13/2015/11,Mandi,"Chimnun,SH 19",31.83317,76.78709,Rock              Slide,,,659.9724731445312,37.791826271864466,,
6463,HP/MAN/53A13/2015/9,Mandi,"Chimnun,SH 19",31.83335,76.78524,Rock              Slide,,,676.6726684570312,19.1928893943796,,
6464,HP/KAN/53A01/2018/32,Kangra,"South of Dhaliana,NH 503",31.8336,76.177107,Debris            Slide,,,745.0331420898438,18.594215011006295,,
6465,HP/MAN/53A13/2015/10,Mandi,"Chimnun,SH 19",31.83368,76.78564,Rock              Slide,,,675.9856567382812,26.15349717145677,,
6466,HP/KUL/53E01/2015/17,Kullu,,31.835056,77.129722,Rock              Slide,,,1356.404296875,28.94375454461714,,
6467,HP/KAN/53A01/2018/31,Kangra,"South of Dhaliara , NH 503",31.836137,76.17726,Debris            Slide,,,721.773193359375,19.97178770334852,,
6468,HP/KAN/53A01/2018/30,Kangra,"South of Dhaliara,NH 503",31.836152,76.177642,Debris            Slide,,,713.4869384765625,20.59356980269516,,
6469,HP/KAN/53A01/2018/1,Kangra,Near Kahra,31.836228,76.17788,Debris,Slide,2017,713.4869384765625,20.593573468534473,,
6470,HP/HAM/53A09/2018/39,Hamirpur,Syoh- Sandhol road,31.838778,76.514944,Rock cum debris   Slide,,,529.88623046875,41.25364587304458,,
6471,HP/HAM/53A09/2018/40,Hamirpur,,31.839389,76.516167,Rock              Slide,,,519.13232421875,37.353967951938,,
6472,HP/KAN/53A09/2018/41,Kangra,Lambagaon-kosri road,31.839917,76.517833,Debris            Slide,,,517.669677734375,28.02248706967634,,
6473,HP/MAN/53A09/2018/42,Mandi,,31.840833,76.556611,Debris            Slide,,,828.4285278320312,28.20519252989622,,
6474,HP/KAN/53A01/2018/20,Kangra,South of Dhaliara,31.841013,76.171152,Debris            Slide,,,725.682373046875,17.862837568363823,,
6475,HP/KAN/53A09/2018/43,Kangra,,31.841083,76.521639,Debris            Slide,,,546.0720825195312,37.094109971796215,,
6476,HP/MAN/53A13/2015/128,Mandi,"Near Saman,SH-19",31.8413,76.78022,Debris            Slide,,,922.0072021484376,30.215588814747452,,
6477,HP/KAN/53A01/2018/18,Kangra,South of Dhaliara,31.841447,76.170445,Debris            Slide,,,741.6812133789062,29.779807384972283,,
6478,HP/KAN/53A01/2018/19,Kangra,South of Dhaliara,31.841784,76.170539,Debris            Slide,,,741.5381469726562,29.27628015348775,,
6479,HP/KAN/53A09/2018/44,Kangra,Lambagaon - Kosri road,31.842361,76.524583,Debris            Slide,,,540.652587890625,25.221538679067528,,
6480,HP/MAN/53A13/2015/37,Mandi,"Near Saman,SH-19",31.84311,76.78318,Debris            Slide,,,931.1825561523438,21.86150236382153,,
6481,HP/HAM/53A09/2018/45,Hamirpur,Ganoh- Dayol road,31.843361,76.525611,Debris            Slide,,,539.1158447265625,31.60675269914408,,
6482,HP/MAN/53A09/2018/46,Mandi,,31.845306,76.552833,Debris            Slide,,,784.827880859375,14.627607178182789,,
6483,HP/MAN/53A13/2015/34,Mandi,"Near Saman,SH-19",31.84553,76.78793,Rock              Slide,,,992.67822265625,21.538015088510353,,
6484,HP/MAN/53A13/2015/35,Mandi,"Near Saman,SH-19",31.84586,76.78727,Rock              Slide,,,990.2916870117188,35.785849708807135,,
6485,HP/MAN/53A13/2015/29,Mandi,Matkehru,31.847,76.832,Rock              Slide,,,894.1917114257812,31.842456771316616,,
6486,HP/KAN/53A05/2018/12,Kangra,,31.84737,76.34144,Rock cum debris   Slide,,,721.7987060546875,26.814010295531673,,
6487,HP/MAN/53A13/2015/127,Mandi,"Near Saman,SH-19",31.84739,76.78886,Rock              Slide,,,1024.5416259765625,31.164329551760623,,
6488,HP/KUL/53E01/2015/41,Kullu,Chail Chawk-Jhanjheli road,31.847472,77.232972,Rock              Slide,,,1335.349609375,38.01530340328392,,
6489,HP/KUL/53E01/2015/93,Kullu,Banala-Shiah road,31.847639,77.144861,Debris            Slide,,,1440.61376953125,39.38760369964064,,
6490,HP/KUL/53E01/2015/42,Kullu,Chail Chawk-Jhanjheli road,31.847639,77.235444,Debris            Subsidence,,,1431.6822509765625,39.64639992059858,,
6491,HP/KAN/53A05/2018/10,Kangra,JWALAJI-TIHRI ROAD,31.84765,76.34489,Rock cum debris   Slide,,,757.3674926757812,34.81647574271031,,
6492,HP/KAN/53A05/2018/11,Kangra,SALAG,31.84765,76.3446,Rock cum debris   Slide,,,756.5885620117188,36.08315081618492,,
6493,HP/KAN/53A05/2018/9,Kangra,JWALAJI TIHRI ROAD,31.84767,76.34505,Rock cum debris   Slide,,,757.3674926757812,34.8164757585306,,
6494,HP/KUL/53E01/2015/43,Kullu,,31.847722,77.238139,Rock              Slide,,,1471.5810546875,44.15735064042763,,
6495,HP/KUL/53E01/2015/94,Kullu,,31.847778,77.1455,Rock              Slide,,,1411.890625,32.72011699706961,,
6496,HP/KUL/53E01/2015/91,Kullu,NH21,31.847833,77.144111,Debris            Slide,,,1457.7398681640625,32.67204892716879,,
6497,HP/KUL/53E01/2015/95,Kullu,Banala-Shiah road,31.847833,77.145833,Rock              Slide,,,1408.600830078125,33.43699695829707,,
6498,HP/KAN/53A01/2018/24,Kangra,Naharan punkhet,31.848138,76.206818,Debris            Slide,,,583.4158935546875,17.45156645388118,,
6499,HP/KUL/53E01/2015/92,Kullu,,31.84825,77.145139,Debris            Slide,,,1460.456298828125,37.40639790231992,,
6500,HP/MAN/53E02/2015/236,Mandi,Ani-Banjar road,31.848389,77.145972,Rock              Fall,,,1451.6427001953125,37.713790912014744,,
6501,HP/MAN/53A13/2015/36,Mandi,"Near Saman,SH-19",31.84856,76.78727,Debris            Slide,,,1065.2203369140625,36.40800673091762,,
6502,HP/UNA/53A01/2018/27,Una,"Dhaliara, NH 503",31.848572,76.196512,Debris            Slide,,,543.3605346679688,17.692426852441315,,
6503,HP/KAN/53A05/2018/13,Kangra,,31.84863,76.3423,Debris            Slide,,,709.6998291015625,28.834256857359108,,
6504,HP/KAN/53A01/2018/29,Kangra,"Dhaliara, NH 503",31.848693,76.190343,Debris            Slide,,,556.9573364257812,2.738695486225307,,
6505,HP/KAN/53A01/2018/25,Kangra,"Dhaliara, NH 503",31.848757,76.196552,Debris            Slide,,,548.6220092773438,11.49000752106059,,
6506,HP/KAN/53A01/2018/23,Kangra,Nahran punkhet,31.848767,76.207107,Debris            Slide,,,575.4846801757812,13.283711509491043,,
6507,HP/KAN/53A01/2018/26,Kangra,"Dhaliara, NH 503",31.848792,76.196615,Debris            Slide,,,548.6220092773438,11.490010249765684,,
6508,HP/KAN/53A01/2018/28,Kangra,"Dhaliara, NH 503",31.8489,76.190812,Debris            Slide,,,552.51025390625,8.663442930880203,,
6509,HP/KUL/53E01/2015/89,Kullu,Parashar road,31.848917,77.142917,Earth,Composite,2012,1573.690185546875,32.73002530238978,,
6510,HP/KAN/52D08/2018/8,Kangra,TIHRI ROAD,31.8491,76.3448,Debris            Slide,,,795.3994750976562,22.868714532304423,,
6511,HP/MAN/53A13/2015/190,Mandi,Silh P.F,31.849107,76.816352,Rock              Slide,,,1154.9732666015625,25.51824284089196,,
6512,HP/MAN/53A13/2015/126,Mandi,"Near Saman,SH-19",31.84933,76.78247,Debris            Slide,,,1079.7064208984375,36.19552274161036,,
6513,HP/KAN/52D08/2018/27,Kangra,INDRUNAG BANGOTU ROAD,31.84937,76.34563,Rock cum debris   Slide,,,816.650146484375,13.050462229540408,,
6514,HP/KUL/53E01/2015/90,Kullu,Road under construction,31.849444,77.144583,Rock              Slide,,,1566.340087890625,37.72137558158269,,
6515,HP/KAN/52A05/2018/66,Kangra,,31.84945,76.34623,Rock cum debris   Slide,,,815.2706909179688,30.993562343503296,,
6516,HP/KAN/53A05/2018/14,Kangra,,31.84958,76.34317,Rock cum debris   Slide,,,716.8426513671875,25.54967655233742,,
6517,HP/KUL/53E01/2015/82,Kullu,Parashar road,31.849611,77.133889,Rock cum debris   Slide,,,1810.356689453125,34.82535946017267,,
6518,HP/MAN/53A13/2015/15,Mandi,"Near Samnan, SH 19",31.84966,76.78436,Rock              Slide,,,1073.00537109375,45.40696915062149,,
6519,HP/KUL/53E01/2015/81,Kullu,Parashar road,31.849722,77.132778,Rock cum debris   Slide,,,1842.011474609375,39.03124523566096,,
6520,HP/MAN/53A13/2015/124,Mandi,"Near Saman,SH-19",31.85006,76.78559,Debris            Slide,,,1116.3624267578125,21.626067069809785,,
6521,HP/KAN/53A05/2018/56,Kangra,,31.85008,76.35043,Rock cum debris   Slide,,,865.8363037109375,33.53442290342069,,
6522,HP/KUL/53E01/2015/83,Kullu,Parashar road,31.850306,77.134917,Rock cum debris   Slide,,,1788.7685546875,38.79645681259379,,
6523,HP/MAN/53A13/2015/125,Mandi,"Near Saman,SH-19",31.85034,76.78274,Debris            Slide,,,1097.153564453125,32.01987647379503,,
6524,HP/KAN/52D08/2018/6,Kangra,,31.8504,76.34558,Rock cum debris   Slide,,,818.801513671875,34.29305388448959,,
6525,HP/KAN/52D08/2018/31,Kangra,,31.85044,76.34003,Rock cum debris   Slide,,,693.145263671875,33.040315880395646,,
6526,HP/KAN/52D08/2018/70,Kangra,RAKKAR TANG ROAD,31.85063,76.3399,Rock cum debris   Slide,,,693.145263671875,33.04033180770137,,
6527,HP/KUL/53E01/2015/76,Kullu,Bajaura -Mandi road,31.850833,77.132667,Debris            Slide,,,1904.4368896484375,33.01923418015379,,
6528,HP/MAN/53A13/2015/123,Mandi,"Saman,SH 19",31.85084,76.78827,Rock              Slide,,,1126.55517578125,35.389020969507214,,
6529,HP/KUL/53E01/2015/80,Kullu,Parashar road,31.850917,77.134167,Rock cum debris   Slide,,,1851.20068359375,29.56004486489153,,
6530,HP/KAN/52D08/2018/32,Kangra,MCLEODGANJ ROAD,31.85096,76.33942,Rock cum debris   Slide,,,680.6090698242188,33.861725248932686,,
6531,HP/KAN/53A05/2018/20,Kangra,,31.85124,76.350416,Rock cum debris   Slide,,,922.6146850585938,29.179579720172622,,
6532,HP/KAN/52D08/2018/22,Kangra,,31.85157,76.33873,Rock cum debris   Slide,,,677.7546997070312,27.493398051760877,,
6533,HP/KUL/53E01/2015/77,Kullu,Bajaura -Mandi road,31.851611,77.134167,Debris            Slide,,,1905.024169921875,33.68782662675804,,
6534,HP/KUL/53E01/2015/78,Kullu,Parashar road junction,31.851611,77.134167,Debris            Slide,,,1905.024169921875,33.68782662675804,,
6535,HP/KAN/53A05/2018/19,Kangra,KANDI,31.85168,76.35387,Rock cum debris   Slide,,,977.9762573242188,24.120169744393483,,
6536,HP/KAN/53A05/2018/63,Kangra,,31.85178,76.35227,Rock cum debris   Slide,,,962.6446533203124,29.142252452752512,,
6537,HP/KUL/53E01/2015/79,Kullu,Parashar road,31.851861,77.135778,Debris            Slide,,,1888.6363525390625,36.17157477476848,,
6538,HP/KUL/53E01/2015/49,Kullu,NH21,31.85225,77.2395,Debris,Slide,2007,1523.15771484375,25.944525335859264,,
6539,HP/KAN/53A05/2018/43,Kangra,,31.85226,76.33824,Rock cum debris   Slide,,,677.6231689453125,27.42985549790694,,
6540,HP/KAN/53A01/2018/21,Kangra,South of Bikas,31.852331,76.154142,Debris            Slide,,,794.8110961914062,25.657176727091937,,
6541,HP/KAN/53A01/2018/37,Kangra,South of lower Bihan,31.852405,76.154308,Debris            Slide,,,806.6356811523438,12.421523213514249,,
6542,HP/MAN/53A13/2015/122,Mandi,"Saman,SH 19",31.85285,76.78841,Rock              Slide,,,1138.0792236328125,32.73393260592429,,
6543,HP/KUL/53E01/2015/84,Kullu,Parashar road,31.852917,77.139389,Rock cum debris   Slide,,,1751.8916015625,35.18227574152965,,
6544,HP/KAN/53A05/2018/53,Kangra,,31.85304,76.33794,Rock cum debris   Slide,,,678.8767700195312,33.75723164881338,,
6545,HP/KAN/52D08/2018/7,Kangra,SIKOH-GAGGAL ROAD,31.85319,76.33794,Debris            Slide,,,678.8767700195312,33.75727280744979,,
6546,HP/KUL/53E01/2015/85,Kullu,Parashar road,31.853306,77.139,Debris,Slide,2012,1764.535400390625,38.46700100891053,,
6547,HP/KUL/53E01/2015/86,Kullu,Parashar road,31.853667,77.138667,Earth             Composite,,,1758.4267578125,39.63629582031078,,
6548,HP/KAN/52D08/2018/29,Kangra,INDRUNAG BANGOTU ROAD,31.85369,76.33789,Debris            Slide,,,659.3594970703125,30.320427730873337,,
6549,HP/KUL/53E01/2015/87,Kullu,Parashar road,31.853833,77.138194,Earth             Composite,,,1751.3828125,43.54680358114331,,
6550,HP/KAN/52D08/2018/30,Kangra,MCLEODGANJ ROAD,31.853939,76.338689,Debris            Slide,,,705.8515014648438,32.03691223132042,,
6551,HP/MAN/53A13/2015/7,Mandi,"Near Saman,SH-19",31.85431,76.79018,Rock              Slide,,,1158.268310546875,32.85500046782292,,
6552,HP/MAN/53A13/2015/5,Mandi,"South of Chirchakha,SH 19",31.85438,76.78944,Rock              Slide,,,1155.49951171875,29.88670419797442,,
6553,HP/MAN/53A13/2015/121,Mandi,"Near Saman,SH-19",31.85439,76.78974,Rock              Slide,,,1157.84521484375,27.595655266565643,,
6554,HP/KAN/52D08/2018/25,Kangra,TIHRI ROAD,31.85441,76.33808,Rock cum debris   Slide,,,660.0233764648438,32.14778917533009,,
6555,HP/MAN/53A13/2015/8,Mandi,"Near Samnan, SH 19",31.85446,76.7907,Rock              Slide,,,1171.9132080078125,28.684482219806625,,
6556,HP/MAN/53A13/2015/6,Mandi,"Near Saman,SH-19",31.85457,76.791,Rock              Slide,,,1181.5098876953125,28.747844202937223,,
6557,HP/KUL/53E01/2015/88,Kullu,Parashar road,31.855056,77.138472,Earth             Composite,,,1676.79638671875,35.5464587711628,,
6558,HP/MAN/53A13/2015/120,Mandi,"South of Chirchakha,SH 19",31.85579,76.79145,Rock              Slide,,,1174.4503173828125,33.69387377438527,,
6559,HP/MAN/53A13/2015/119,Mandi,"South of Chirchakha,SH 19",31.856,76.79309,Rock              Slide,,,1192.261474609375,24.604764728223667,,
6560,HP/MAN/53A13/2015/60,Mandi,"Jehandar, NH 20",31.8561,76.9272,Debris            Slide,,,1250.7076416015625,10.51318312689542,,
6561,HP/MAN/53A13/2015/28,Mandi,Near Banogi,31.85619,76.84058,Debris            Slide,,,902.7346801757812,19.631852212391415,,
6562,HP/MAN/53A13/2015/99,Mandi,South west of Nauhli,31.85625,76.837722,Rock              Slide,,,821.4252319335938,21.71599150974894,,
6563,HP/MAN/53A13/2015/3,Mandi,"Dhakhenenr,SH 19",31.856361,76.768306,Rock              Fall,,,786.9502563476562,31.897938719331563,,
6564,HP/KAN/52D08/2018/34,Kangra,TIHRI ROAD,31.85651,76.33841,Rock cum debris   Slide,,,629.5966796875,18.769372767242505,,
6565,HP/KAN/53A09/2018/47,Kangra,Lambagaon-Kosri road,31.856583,76.541111,Debris            Slide,,,611.298828125,28.63391431264173,,
6566,HP/MAN/53A13/2015/189,Mandi,SE of Chaturbhuja,31.856641,76.810861,Rock              Slide,,,1238.061279296875,28.929773057719675,,
6567,HP/KAN/52D08/2018/26,Kangra,RAJHAUN KHAS TIHRI ROAD,31.85668,76.33912,Debris            Slide,,,645.9953002929688,22.92658474741442,,
6568,HP/KAN/52D08/2018/24,Kangra,TIHRI ROAD,31.85683,76.33517,Debris            Slide,,,632.7557373046875,29.562786194924417,,
6569,HP/MAN/53A13/2015/4,Mandi,"South of Basahi,SH 19",31.856889,76.768694,Rock              Slide,,,831.5418090820312,37.27709599388348,,
6570,HP/MAN/53A13/2015/97,Mandi,"South of Basahi,SH 19",31.857222,76.768667,Rock              Slide,,,851.6635131835938,37.96748716457627,,
6571,HP/MAN/53A13/2015/61,Mandi,"Near Salhana, NH 29",31.8573,76.9272,Debris            Slide,,,1249.55615234375,20.583907311039713,,
6572,HP/MAN/53A09/2018/48,Mandi,,31.857417,76.739611,Debris            Slide,,,624.4149780273438,29.599885902164477,,
6573,HP/KAN/53A05/2018/69,Kangra,TIHRI ROAD,31.85742,76.33416,Rock cum debris   Slide,,,621.9955444335938,25.94231083522812,,
6574,HP/MAN/53A13/2015/98,Mandi,"South of Basahi,SH 19",31.858389,76.768806,Rock              Slide,,,906.4523315429688,29.96120348340473,,
6575,HP/MAN/53A13/2015/118,Mandi,"South of Chirchakha,SH 19",31.85871,76.78894,Rock              Slide,,,1231.3673095703125,18.823687097153663,,
6576,HP/KAN/52A05/2018/67,Kangra,NEAR STADIUM TIHRI ROAD,31.85872,76.33297,Rock cum debris   Slide,,,604.738037109375,22.122763489829136,,
6577,HP/MAN/53A13/2015/112,Mandi,"Chirchakha,SH19",31.85904,76.78551,Rock              Slide,,,1253.32470703125,32.960685997399956,,
6578,HP/MAN/53A13/2015/113,Mandi,"Chirchakha,SH19,20m from",31.85961,76.78532,Rock              Slide,,,1273.5816650390625,32.517652104442945,,
6579,HP/MAN/53A13/2015/111,Mandi,"Chirchakha,SH19",31.859674,76.782826,Rock              Slide,,,1284.05615234375,41.831996199464065,,
6580,HP/MAN/53A13/2015/115,Mandi,"Chirchakha,SH 19,5m from S240",31.85973,76.78692,Debris            Slide,,,1253.408447265625,34.796108395700216,,
6581,HP/MAN/53A13/2015/114,Mandi,"Chirchakha,SH 19,50m from",31.85979,76.78658,Rock              Slide,,,1253.1953125,35.6249404812842,,
6582,HP/MAN/53A13/2015/116,Mandi,"Chirchakha,SH 19",31.85989,76.7876,Rock              Slide,,,1268.5849609375,30.04318259910491,,
6583,HP/MAN/53A13/2015/117,Mandi,"Chirchakha,SH 19",31.86,76.78702,Debris            Slide,,,1277.55322265625,35.440722642481816,,
6584,HP/KAN/44M13/2020/3,Kangra,Amroh,31.86,75.97,Rock              Slide,,,524.0030517578125,11.227966383750356,,
6585,HP/MAN/53A13/2015/110,Mandi,"Chirchakha,SH19",31.86018,76.782971,Rock              Slide,,,1294.331787109375,50.75309981056342,,
6586,HP/MAN/53A13/2015/108,Mandi,"Chirchakha,SH19",31.86077,76.78314,Rock              Slide,,,1294.4652099609375,42.3280419691504,,
6587,HP/MAN/53A13/2015/109,Mandi,"Chirchakha,SH19",31.86077,76.78314,Rock              Slide,,,1294.4652099609375,42.3280419691504,,
6588,HP/MAN/53A13/2015/106,Mandi,"Chirchakha,SH19",31.86093,76.78312,Rock              Slide,,,1294.4652099609375,42.32808406020307,,
6589,HP/MAN/53A13/2015/107,Mandi,"Chirchakha,SH19",31.86093,76.78312,Rock              Slide,,,1294.4652099609375,42.32808406020307,,
6590,HP/MAN/53A13/2015/105,Mandi,"Chirchakha,SH19",31.86128,76.78271,Rock              Slide,,,1317.888671875,43.99115885460354,,
6591,HP/MAN/53A10/2018/23,Mandi,NH-70,31.862806,76.576944,Debris            Slide,,,756.1074829101562,4.522924491520973,,
6592,HP/MAN/53A13/2015/104,Mandi,"Chirchakha,SH19",31.86321,76.78098,Rock              Fall,,,1341.1932373046875,24.75646968033218,,
6593,HP/KAN/53A09/2018/49,Kangra,Rajnagar-kathla road,31.86325,76.744917,Rock cum debris   Slide,,,630.3297119140625,24.367291924169376,,
6594,HP/MAN/53A13/2015/65,Mandi,"Narla, NH 20",31.863376,76.92656,Debris            Slide,,,1273.5650634765625,33.036648259502,,
6595,HP/MAN/53A13/2015/103,Mandi,"Chirchakha,SH19",31.8634,76.78052,Rock              Fall,,,1324.793212890625,38.75842152694608,,
6596,HP/MAN/53A13/2015/95,Mandi,"Dhakhenenr,SH 19",31.863972,76.776333,Rock              Slide,,,1260.679931640625,35.51837828322014,,
6597,HP/MAN/53A13/2015/94,Mandi,"Dhakhenenr,SH 19",31.864,76.776333,Rock              Slide,,,1260.679931640625,35.51838505321165,,
6598,HP/MAN/53A13/2015/96,Mandi,"Dhakhenenr,SH 19",31.864028,76.774083,Rock              Slide,,,1149.39599609375,31.529326634361688,,
6599,HP/KAN/53A05/2018/54,Kangra,TIHRI ROAD,31.864166,76.329029,Rock cum debris   Slide,,,575.6006469726562,9.990895009999331,,
6600,HP/MAN/53A13/2015/1,Mandi,"Dhakhenenr,SH 19",31.864194,76.77175,Rock              Slide,,,1139.5706787109375,19.25867228498276,,
6601,HP/MAN/53A13/2015/2,Mandi,"Dhakhenenr,SH 19",31.864194,76.77175,Rock              Fall,,,1139.5706787109375,19.25867228498276,,
6602,HP/KAN/53A09/2018/50,Kangra,Lambagaon- ropri road,31.864472,76.6375,Debris            Slide,,,594.6568603515625,37.511878181649614,,
6603,HP/KAN/53A09/2018/51,Kangra,SH 32,31.865278,76.512083,Debris            Slide,,,607.2452392578125,5.198575300034374,,
6604,HP/KAN/53A01/2018/22,Kangra,"Dehra, NH 503",31.86553,76.228253,Debris            Slide,,,501.22906494140625,5.725786674053902,,
6605,HP/MAN/53A09/2018/52,Mandi,Rajnagar- Kathla road,31.865694,76.744444,Rock              Slide,,,635.356689453125,29.02498986775533,,
6606,HP/KAN/53A09/2018/53,Mandi,Kothi -Ladbadhrol road,31.865917,76.738944,Rock cum debris   Slide,,,679.5656127929688,24.351659906156417,,
6607,HP/KAN/53A09/2018/54,Kangra,Tiinbar-manjhoti,31.866,76.739389,Rock              Slide,,,693.2281494140625,33.060912836432195,,
6608,HP/MAN/53A13/2015/27,Mandi,South of Palohan,31.86601,76.83952,Debris            Slide,,,1035.3297119140625,43.69592272132715,,
6609,HP/KAN/53A09/2018/55,Kangra,Tinbar-Molag road,31.866083,76.743917,Rock cum debris   Slide,,,642.8375244140625,34.52273935834826,,
6610,HP/MAN/53A13/2015/75,Mandi,"Narla, NH20, adjacent to S 192",31.866125,76.928814,Rock              Slide,,,1246.5174560546875,31.405202896864935,,
6611,HP/MAN/53A13/2015/66,Mandi,"Narla, NH 20",31.866255,76.928302,Debris            Slide,,,1238.4873046875,23.22185142198987,,
6612,HP/MAN/53A13/2015/74,Mandi,"Narla, NH 20, 30m from S191",31.866255,76.928302,Rock              Slide,,,1238.4873046875,23.22185142198987,,
6613,HP/KAN/53A09/2018/56,Kangra,SH 32,31.867417,76.511972,Debris            Slide,,,602.3966064453125,3.01992492385377,,
6614,HP/KAN/53A09/2018/57,Kangra,,31.86875,76.511972,Debris            Slide,,,589.2542114257812,17.36844501448655,,
6615,HP/KAN/53A09/2018/58,Kangra,,31.868806,76.516667,Debris            Slide,,,597.328369140625,12.839784273840236,,
6616,HP/KAN/53A09/2018/59,Kangra,,31.869278,76.513056,Debris            Slide,,,573.2530517578125,8.773202028909724,,
6617,HP/MAN/53A10/2018/24,Mandi,NH-70,31.869361,76.576,Debris            Slide,,,627.7468872070312,30.695944967234187,,
6618,HP/MAN/53A09/2018/60,Mandi,,31.869417,76.673056,Debris            Slide,,,621.1466674804688,38.47672283009071,,
6619,HP/MAN/53A13/2015/62,Mandi,"west of Kharion, NH 20",31.87,76.933,Debris            Slide,,,1463.18701171875,38.48411682824633,,
6620,HP/HAM/53A09/2018/61,Hamirpur,SH-04,31.870722,76.519833,Debris            Slide,,,591.0479736328125,24.10561817593829,,
6621,HP/MAN/53A13/2015/63,Mandi,"west of Kharion, NH 20",31.871,76.933,Debris            Slide,,,1543.943115234375,29.44686690531931,,
6622,HP/MAN/53A13/2015/64,Mandi,"west of Kharion, NH 20",31.871,76.936,Earth             Slide,,,1573.0755615234375,28.06748345171174,,
6623,HP/KUL/53E01/2015/48,Kullu,NH21,31.871722,77.228056,Rock,Slide,2013,1782.2291259765625,27.101439248079135,,
6624,HP/MAN/53A09/2018/62,Mandi,,31.872083,76.736556,Rock              Slide,,,697.4581298828125,6.374217823163807,,
6625,HP/HAM/53A09/2018/63,Hamirpur,SH-04,31.872444,76.5195,Debris            Slide,,,584.9305419921875,27.034375465874948,,
6626,HP/MAN/53A09/2018/64,Mandi,,31.872944,76.714139,Debris            Slide,,,638.8197021484375,34.712610709723144,,
6627,HP/KUL/53E01/2015/46,Kullu,NH21,31.873444,77.234,Rock cum debris   Slide,,,1834.454833984375,25.637487995652123,,
6628,HP/MAN/53A13/2015/92,Mandi,"Makreri,SH 19,near hospital",31.873806,76.773139,Debris            Slide,,,1068.906494140625,31.95469668354103,,
6629,HP/KAN/53A09/2018/65,Kangra,,31.874667,76.711361,Rock cum debris   Slide,,,584.2623901367188,10.550540134215913,,
6630,HP/MAN/53A09/2018/66,Mandi,kothi- lad badhrol road,31.874667,76.622361,Debris            Slide,,,568.8129272460938,35.00655816979433,,
6631,HP/KAN/53A09/2018/67,Kangra,Kadla - Tinbar road,31.874861,76.681417,Debris            Slide,,,602.0726318359375,27.639933915936854,,
6632,HP/MAN/53A13/2015/93,Mandi,"Makreri,SH 19,milestone 19",31.875,76.787,Rock              Slide,,,1369.088623046875,32.716719505429225,,
6633,HP/HAM/53A09/2018/68,Hamirpur,Sivnagar - Kotlu road,31.875,76.587417,Debris            Slide,,,579.7420654296875,18.352151101392085,,
6634,HP/HAM/53A09/2018/69,Hamirpur,SH04,31.876306,76.590139,Debris            Slide,,,581.48193359375,21.948605515848246,,
6635,HP/MAN/53A13/2015/91,Mandi,"Makreri,SH 19",31.876778,76.778028,Debris            Slide,,,1289.75341796875,35.36511203769672,,
6636,HP/MAN/53A13/2015/90,Mandi,"Baraili,SH19",31.877056,76.778528,Rock              Slide,,,1331.503173828125,34.87640874321559,,
6637,HP/MAN/53A13/2015/76,Mandi,"Padhar,NH 20, 178 milestone",31.877387,76.917601,Debris            Slide,,,1279.962646484375,22.14694032590028,,
6638,HP/MAN/53A13/2015/89,Mandi,"Baraili,SH19",31.877917,76.777167,Debris            Slide,,,1349.4434814453125,37.907317681620995,,
6639,HP/KIN/53I09/2018/2,Kinnaur,Near Nako,31.87846,78.58996,Rock cum debris   Slide,,,2902.146484375,34.79333101772781,,
6640,HP/KAN/44M13/2020/2,Kangra,Amroh,31.88,75.95,Debris            Slide,,,421.7936096191406,7.896876248755265,,
6641,HP/HAM/53A09/2018/70,Hamirpur,SH-04,31.880861,76.609556,Debris            Slide,,,564.1718139648438,39.44526884735719,,
6642,HP/HAM/53A09/2018/71,Hamirpur,SH 04,31.881889,76.608111,Debris            Slide,,,581.3013916015625,23.826128826479117,,
6643,HP/HAM/53A09/2018/72,Hamirpur,Sidhpur- sandhol road,31.882111,76.705028,Debris            Slide,,,683.7661743164062,51.308479620241755,,
6644,HP/MAN/53A10/2018/25,Mandi,SH-32,31.882639,76.608194,Debris            Slide,,,578.6757202148438,25.076073469586905,,
6645,HP/KAN/53A05/2018/1,Kangra,SAPRI ROAD,31.8828,76.32763,Rock              Slide,,,904.3203735351562,25.65041647481637,,
6646,HP/KAN/53A09/2018/73,Kangra,Lamborgan- kosri road,31.883167,76.700028,Debris            Slide,,,657.01708984375,41.80888414645213,,
6647,HP/HAM/53A09/2018/74,Hamirpur,Marhi-Dharampur road,31.883417,76.606889,Debris            Slide,,,568.9596557617188,23.539547328641,,
6648,HP/KAN/53A09/2018/75,Kangra,,31.883417,76.606889,Debris            Slide,,,568.9596557617188,23.539547328641,,
6649,HP/MAN/53A09/2018/76,Mandi,,31.883611,76.734806,Rock              Slide,,,766.908203125,26.1531404711307,,
6650,HP/MAN/53A13/2015/77,Mandi,"Padhar,NH 20, near Sr sec",31.883911,76.91401,Debris            Slide,,,1281.464111328125,26.37827679679704,,
6651,HP/MAN/53A13/2015/32,Mandi,"Padhar,NH 20,30m from S195",31.884434,76.914288,Debris            Slide,,,1282.7044677734375,23.08506300685817,,
6652,HP/MAN/53A10/2018/26,Mandi,,31.884861,76.605056,Debris            Slide,,,572.1721801757812,33.950039879738746,,
6653,HP/MAN/53A09/2018/77,Mandi,,31.885083,76.732333,Rock cum debris   Slide,,,779.8805541992188,23.374506301164757,,
6654,HP/MAN/53A09/2018/78,Mandi,Lad Badol-Kothi Rd,31.885556,76.732694,Debris            Slide,,,788.0770263671875,29.74763367878275,,
6655,HP/MAN/53A09/2018/79,Mandi,Lad Badol-Kothi Rd,31.885889,76.733222,Debris            Slide,,,799.2128295898438,32.44741717439154,,
6656,HP/MAN/53A09/2018/80,Mandi,Lad Badol-Kothi Rd,31.888083,76.733667,Rock cum debris   Slide,,,817.09423828125,27.991738783577016,,
6657,HP/KAN/53A05/2018/2,Kangra,SAPRI ROAD,31.89185,76.3107,Rock              Slide,,,684.240966796875,34.43770006188125,,
6658,HP/MAN/53A09/2018/81,Mandi,Lad Badol-Kothi Rd,31.891861,76.733944,Debris            Slide,,,808.3861083984375,21.680962605694177,,
6659,HP/MAN/53A09/2018/82,Mandi,Lad Badol-Khaddar Rd,31.892778,76.733611,Debris            Slide,,,833.1992797851562,17.761650604824517,,
6660,HP/MAN/53A09/2018/83,Mandi,Lad Badol-Kothi Rd,31.893944,76.733667,Debris            Slide,,,830.82177734375,38.8361306149092,,
6661,HP/MAN/53A13/2015/88,Mandi,"Balhi,SH 19",31.89447,76.788223,Debris            Slide,,,1168.9368896484375,24.644801442430023,,
6662,HP/KAN/53A09/2018/84,Kangra,Kathla-Rajnagar road,31.894528,76.629194,Debris            Slide,,,571.1524658203125,13.35850131672525,,
6663,HP/MAN/53A13/2015/33,Mandi,"south of Gwali,NH 20",31.895,76.907,Debris            Slide,,,1318.426025390625,10.312994301911615,,
6664,HP/KAN/53A05/2018/3,Kangra,SAPRI ROAD,31.89548,76.30475,Rock              Slide,,,575.344482421875,31.255593283929848,,
6665,HP/KAN/52D08/2018/4,Kangra,SAPRI ROAD,31.89548,76.30475,Rock              Slide,,,575.344482421875,31.255593283929848,,
6666,HP/KAN/52D08/2018/5,Kangra,SAPRI ROAD,31.89548,76.30475,Rock              Slide,,,575.344482421875,31.255593283929848,,
6667,HP/MAN/53A09/2018/85,Mandi,Lad Badol-Kothi Rd,31.896111,76.736583,Debris,Slide,2018,830.7323608398438,28.978401953796073,,
6668,HP/MAN/53A09/2018/86,Mandi,Lad Badol-Kothi Rd,31.897722,76.735583,Debris            Slide,,,837.32373046875,28.52577741338649,,
6669,HP/MAN/53A13/2015/87,Mandi,"Langa,SH19",31.899865,76.789381,Rock              Slide,,,1167.5426025390625,27.8413134110504,,
6670,HP/MAN/53A09/2018/87,Mandi,Lad Badol-Kothi Rd,31.900222,76.730278,Rock              Slide,,,839.20751953125,25.162581094975472,,
6671,HP/MAN/53A09/2018/88,Mandi,Lad Badol-Kothi Rd,31.900778,76.730333,Debris            Slide,,,838.282958984375,27.21971039847867,,
6672,HP/MAN/53A13/2015/80,Mandi,"1km NW of Gwali, NH 20",31.901451,76.898703,Debris            Slide,,,1334.0753173828125,15.285879461801088,,
6673,HP/HAM/53A09/2018/89,Hamirpur,Jaha-Baldwara road,31.901583,76.511944,Debris            Slide,,,754.5504760742188,13.65465158128894,,
6674,HP/MAN/53A13/2015/81,Mandi,"NW of Gwali,NH 20",31.903,76.899,Debris            Slide,,,1349.043212890625,22.45896503353126,,
6675,HP/MAN/53A13/2015/86,Mandi,"Bajrehr,SH19",31.904771,76.790617,Rock              Slide,,,1100.9287109375,24.91905977013069,,
6676,HP/HAM/53A09/2018/90,Hamirpur,SH-05,31.905472,76.531028,Debris,Slide,2018,596.317626953125,17.598408374091495,,
6677,HP/MAN/53A09/2018/91,Mandi,Lad Badol-Kothi Rd,31.905917,76.728139,Rock cum debris   Slide,,,833.1390380859375,8.519900267095775,,
6678,HP/MAN/53A13/2015/82,Mandi,"SE of Khund,NH 20",31.906282,76.892974,Debris            Slide,,,1342.4661865234375,34.91100134736059,,
6679,HP/KAN/53A05/2018/15,Kangra,,31.90815,76.29312,Debris            Slide,,,684.0987548828125,25.901132184638428,,
6680,HP/HAM/53A09/2018/92,Hamirpur,SH 05,31.908556,76.510389,Debris,Slide,2018,736.15380859375,14.698362716972769,,
6681,HP/MAN/53A09/2018/93,Mandi,,31.908778,76.666611,Debris            Slide,,,832.2352905273438,28.06736849498724,,
6682,HP/MAN/53A09/2018/94,Mandi,,31.909778,76.668444,Debris,Slide,2017,890.0533447265625,29.344707982068712,,
6683,HP/HAM/53A09/2018/95,Hamirpur,SH 04,31.909861,76.686861,Debris            Slide,,,788.4873657226562,48.972760976092616,,
6684,HP/MAN/53A13/2017/09,Mandi,Kotrupi Landslide Near Padhar (towards Joginder,31.91044,76.89064,Debris,Complex,1977,1335.366455078125,14.655602006581288,,
6685,HP/MAN/53A10/2018/27,Mandi,,31.9105,76.667972,Debris            Slide,,,885.922119140625,33.75234527964861,,
6686,HP/KAN/53A09/2018/96,Kangra,Ropri - Bhora road,31.910694,76.667778,Debris            Slide,,,869.5430297851562,31.001555740064695,,
6687,HP/KAN/53A09/2018/97,Kangra,Ropri - Bhora road,31.910722,76.667833,Debris            Slide,,,877.7733764648438,35.891118803159394,,
6688,HP/MAN/53A09/2018/98,Mandi,,31.911917,76.636083,Debris            Slide,,,701.2924194335938,24.972918395752963,,
6689,HP/MAN/53A09/2018/99,Mandi,,31.913194,76.553694,Rock cum debris   Slide,,,745.8748779296875,14.525260496758836,,
6690,HP/HAM/53A09/2018/100,Hamirpur,SH-04,31.913222,76.5085,Debris,Slide,2018,738.0623779296875,27.009858983121923,,
6691,HP/MAN/53A09/2018/101,Mandi,,31.913278,76.554056,Debris            Slide,,,747.596923828125,19.418487323696596,,
6692,HP/KAN/53A05/2018/47,Kangra,JWALAJI ROAD,31.914864,76.286644,Rock cum debris   Slide,,,565.8875732421875,19.151845861600776,,
6693,HP/MAN/53A13/2015/85,Mandi,"Naluragaon,SH 19",31.916431,76.793381,Debris            Slide,,,1042.53955078125,5.326501345884203,,
6694,HP/MAN/53A09/2018/102,Mandi,Lad Badol-Kothi Rd,31.91675,76.717778,Rock cum debris   Slide,,,792.2667236328125,27.49429783838776,,
6695,HP/MAN/53A09/2018/103,Mandi,,31.917944,76.669917,Debris            Slide,,,1054.9190673828125,32.56898677529935,,
6696,HP/MAN/53A09/2018/104,Mandi,Lad Badol-Kothi Rd,31.91825,76.716972,Rock              Slide,,,785.306396484375,32.970305397163884,,
6697,HP/MAN/53A09/2018/105,Mandi,,31.918556,76.668556,Debris,Slide,2017,1010.9061889648438,29.048215639885868,,
6698,HP/KUL/53E01/2015/12,Kullu,NH21,31.918889,77.1815,Debris            Slide,,,1167.0693359375,35.24363568434235,,
6699,HP/MAN/53A13/2015/84,Mandi,"Kamehar,SH 19",31.91898,76.79319,Debris            Slide,,,1020.3397216796876,22.1416642300725,,
6700,HP/HAM/53A09/2018/106,Hamirpur,SH-04,31.919444,76.511111,Debris,Slide,2018,765.6935424804688,18.652213683625725,,
6701,HP/KAN/53A09/2018/107,Kangra,Ropri-bhora road,31.919444,76.6685,Debris            Flow,,,1038.7158203125,24.627411291516015,,
6702,HP/MAN/53A09/2018/108,Mandi,,31.919639,76.669083,Debris            Slide,,,1046.104736328125,9.23297100031988,,
6703,HP/LSP/53I09/2018/3,Lahaul & Spiti,Nako-Tabo road,31.91988,78.61027,Rock cum debris   Slide,,,3305.93896484375,28.888749064060473,,
6704,HP/MAN/53A09/2018/109,Mandi,Kotho- sandhol road,31.920833,76.671222,Debris,Slide,2017,1101.696044921875,26.424972193732895,,
6705,HP/MAN/53A09/2018/110,Mandi,Kothi -Lad Badhrol road,31.923028,76.563111,Debris            Slide,,,785.3931274414062,24.030919447207705,,
6706,HP/KAN/53A09/2018/111,Kangra,Kosri-ropri road,31.923056,76.669389,Debris            Slide,,,1098.4241943359375,16.406836299794204,,
6707,HP/MAN/53A09/2018/112,Mandi,Lad Badol-Kothi Rd,31.923556,76.715278,Rock cum debris   Slide,,,774.5568237304688,32.64765395675415,,
6708,HP/MAN/53A09/2018/113,Mandi,Lad Badol-Utpur Rd,31.924028,76.689556,Debris            Slide,,,707.4456787109375,37.55836588735866,,
6709,HP/MAN/53A09/2018/114,Mandi,,31.924056,76.668694,Debris            Slide,,,1104.3624267578125,28.669833583327645,,
6710,HP/MAN/53A09/2018/115,Mandi,Kothi- Lad badhrol road,31.924222,76.564611,Debris            Slide,,,808.0986328125,11.41005882326216,,
6711,HP/MAN/53A09/2018/116,Mandi,,31.924556,76.565,Debris            Slide,,,807.2440795898438,14.97955528181653,,
6712,HP/HAM/53A09/2018/117,Hamirpur,Sivnagar - Kotlu road,31.925194,76.689694,Debris            Slide,,,716.8331298828125,45.16693957601601,,
6713,HP/MAN/53A09/2018/118,Mandi,Kothi- Ladbadhrol road,31.925278,76.565639,Debris            Slide,,,818.1285400390625,19.209867614174662,,
6714,HP/MAN/53A13/2015/83,Mandi,"Drahl,SH 19",31.929419,76.790337,Rock              Slide,,,936.0114135742188,14.981954797473843,,
6715,HP/MAN/53A09/2018/119,Mandi,Lad Badol-Utpur Rd,31.930583,76.695444,Debris            Flow,,,681.8681640625,31.939019239378773,,
6716,HP/MAN/53A09/2018/120,Mandi,Lad Badol-Kothi Rd,31.930917,76.707806,Debris            Slide,,,715.3078002929688,26.143098181788417,,
6717,HP/MAN/53A09/2018/121,Mandi,,31.930917,76.708333,Debris            Slide,,,710.1804809570312,32.99740310718183,,
6718,HP/MAN/53A09/2018/122,Mandi,,31.931056,76.709222,Debris            Slide,,,695.5042724609375,19.46819613115672,,
6719,HP/KAN/53A09/2018/123,Kangra,Tinbar-Rajnagar road,31.931333,76.569,Debris            Slide,,,843.0533447265625,22.646604261730143,,
6720,HP/MAN/53A09/2018/124,Mandi,Lad Badol-Utpur Rd,31.932139,76.702,Debris            Slide,,,702.5081176757812,22.670872774016352,,
6721,HP/MAN/53A13/2015/59,Mandi,"Barthwan,NH 20",31.9322,76.8775,Rock cum debris   Slide,,,1513.0738525390625,30.017801815861056,,
6722,HP/KUL/53E01/2015/11,Kullu,NH21,31.933167,77.176944,Rock cum debris   Slide,,,1235.12353515625,47.08561469644799,,
6723,HP/MAN/53A13/2015/57,Mandi,"North of Hiyun, NH 20",31.9333,76.8765,Rock cum debris   Slide,,,1511.9478759765625,26.901026867145347,,
6724,HP/MAN/53A13/2015/58,Mandi,"Hiyun, NH 20",31.9333,76.8765,Earth             Slide,,,1511.9478759765625,26.901026867145347,,
6725,HP/KUL/53E01/2015/10,Kullu,NH21,31.934306,77.176389,Debris            Slide,,,1222.8704833984375,48.85760722197431,,
6726,HP/MAN/53A13/2015/56,Mandi,"North of Hiyun, NH 20",31.9351,76.8765,Rock cum debris   Slide,,,1530.204833984375,41.39408330092592,,
6727,HP/KAN/52D08/2018/28,Kangra,KANGRA-JWALAJI ROAD,31.93777,76.26608,Debris            Slide,,,510.3518676757813,16.509115232103944,,
6728,HP/MAN/53A09/2018/125,Mandi,,31.938083,76.702472,Debris            Slide,,,691.1018676757812,43.72832391578702,,
6729,HP/KAN/53A09/2018/126,Kangra,Ropri-Bhora road,31.940333,76.585056,Debris            Slide,,,628.4993286132812,23.639964391424797,,
6730,HP/HAM/53A09/2018/127,Hamirpur,SH-04,31.940444,76.509806,Debris,Slide,2018,807.0888671875,6.021876325952483,,
6731,HP/HAM/53A09/2018/128,Hamirpur,SH-04,31.940583,76.529444,Debris,Slide,2018,704.5006103515625,29.482825522872957,,
6732,HP/KUL/53E01/2015/6,Kullu,NH21,31.940833,77.114583,Rock,Slide,2015,1182.8526611328125,34.540436346167596,,
6733,HP/KAN/53A05/2018/46,Kangra,JAMULI JWALAJI ROAD,31.941812,76.262951,Debris            Slide,,,559.6913452148438,19.09190697649551,,
6734,HP/KAN/53A05/2018/18,Kangra,,31.94383,76.40533,Debris            Slide,,,833.533447265625,14.734365280779553,,
6735,HP/MAN/53A13/2015/55,Mandi,"Ghatasani,NH 20",31.9449,76.867,Debris            Slide,,,1660.1279296875,26.01534467849404,,
6736,HP/KAN/53A05/2018/17,Kangra,,31.94537,76.40913,Rock              Fall,,,812.9918823242188,24.27722858973905,,
6737,HP/KAN/53A09/2018/129,Kangra,Tinbar- Rajnagar road,31.945972,76.569639,Debris            Slide,,,894.3718872070312,25.042280264396197,,
6738,HP/MAN/53A13/2015/203,Mandi,"Markhan P.F,Barot road",31.94599,76.89424,Rock              Slide,,,1967.51806640625,44.452049782567,,
6739,HP/KAN/53A01/2018/4,Kangra,"Tehda, NH 503",31.947262,76.194913,Rock cum debris   Slide,,,594.2318725585938,27.199763301067296,,
6740,HP/KAN/53A01/2018/2,Kangra,"NH 2A, Tehda",31.947262,76.194913,Rock cum debris   Slide,,,594.2318725585938,27.199763301067296,,
6741,HP/KAN/53A01/2018/5,Kangra,"Tehda, NH 20A",31.947383,76.194888,Rock cum debris   Slide,,,587.9404296875,21.16997130634764,,
6742,HP/KAN/53A01/2018/3,Kangra,"Tehda, NH 20",31.947383,76.194878,Rock cum debris   Slide,,,587.9404296875,21.16997130634764,,
6743,HP/MAN/53A09/2018/130,Mandi,,31.947417,76.609583,Debris            Slide,,,912.29833984375,18.945610405168445,,
6744,HP/MAN/53A13/2015/204,Mandi,"Markhan,Barot road",31.94785,76.89723,Rock              Slide,,,1910.592041015625,28.913843170514447,,
6745,HP/MAN/53A13/2015/16,Mandi,"Jhatingri,barot road,Milestone 5",31.94821,76.8859,Rock              Slide,,,2014.162109375,30.302663847289416,,
6746,HP/MAN/53A09/2018/131,Mandi,,31.949472,76.58025,Debris            Slide,,,660.0029907226562,24.551513191767455,,
6747,HP/KAN/44M13/2020/1,Kangra,Ban Bilwan,31.95,75.94,Rock              Slide,,,380.8649597167969,22.113152940316844,,
6748,HP/KAN/44M13/2020/5,Kangra,Near Gatti bala baba temple,31.95,75.94,Debris,Slide,2010,380.8649597167969,22.113152940316844,,
6749,HP/KAN/44M13/2020/6,Kangra,Near Gatti bala baba temple,31.95,75.94,Debris,Slide,2000,380.8649597167969,22.113152940316844,,
6750,HP/KAN/44M13/2020/7,Kangra,Ghatti village,31.95,75.94,Rock              Slide,,,380.8649597167969,22.113152940316844,,
6751,HP/KAN/44M13/2020/8,Kangra,Ban Bilwan SH-27,31.95,75.93,Debris            Slide,,,336.72357177734375,5.126151566978296,,
6752,HP/KAN/44M13/2020/9,Kangra,Ban Bilwan SH-27,31.95,75.93,Debris            Slide,,,336.72357177734375,5.126151566978296,,
6753,HP/KAN/44M13/2020/10,Kangra,Ban Bilwan,31.95,75.93,Debris,Slide,2017,336.72357177734375,5.126151566978296,,
6754,HP/KAN/44M13/2020/12,Kangra,Ban Bilwan,31.95,75.93,Debris,Slide,2017,336.72357177734375,5.126151566978296,,
6755,HP/HAM/53A09/2018/132,Hamirpur,SUJANPUR-KHAIRA ROAD,31.950333,76.513028,Debris,Slide,2018,697.035400390625,30.150767638179417,,
6756,HP/MAN/53A09/2018/133,Mandi,,31.950417,76.568306,Debris            Slide,,,890.7899169921875,22.194370467131257,,
6757,HP/KAN/53A05/2018/45,Kangra,JWALAJI ROAD,31.95185,76.43027,Rock cum debris   Slide,,,755.2457885742188,13.87549696182988,,
6758,HP/KAN/53A09/2018/134,Kangra,Baijnath Road,31.953556,76.566306,Debris            Slide,,,871.1865844726562,20.953915941005103,,
6759,HP/KAN/53A05/2018/48,Kangra,,31.95425,76.26747,Debris            Slide,,,767.64111328125,29.400972498659147,,
6760,HP/KAN/53A05/2018/52,Kangra,,31.95512,76.43623,Debris            Slide,,,715.0035400390625,14.773609078528622,,
6761,HP/MAN/53A13/2015/54,Mandi,"Guma, NH 20",31.9553,76.8537,Debris            Slide,,,1373.78955078125,13.181803355518314,,
6762,HP/HAM/53A09/2018/135,Hamirpur,SH-04,31.955806,76.524111,Debris,Slide,2018,718.0363159179688,11.559693413469391,,
6763,HP/KUL/53E01/2015/39,Kullu,Chail Chawk-Jhanjheli road,31.956861,77.115917,Rock              Slide,,,1190.4351806640625,25.820907192010367,,
6764,HP/KUL/53E01/2015/7,Kullu,NH21,31.956861,77.115917,Debris,Composite,2013,1190.4351806640625,25.820907192010367,,
6765,HP/KUL/53E01/2015/67,Kullu,,31.958722,77.063444,Rock              Slide,,,1465.479248046875,37.41110753454697,,
6766,HP/HAM/53A09/2018/136,Hamirpur,Ropri- bhora road,31.95875,76.516278,Debris,Slide,2018,681.2661743164062,29.128101199499916,,
6767,HP/MAN/53A13/2015/208,Mandi,Dilausa 200m from S82 towards,31.95902,76.89503,Rock              Slide,,,1778.728515625,38.358518359514655,,
6768,HP/KUL/53E01/2015/64,Kullu,,31.959056,77.070667,Rock              Slide,,,1399.33935546875,34.15511214761956,,
6769,HP/KUL/53E01/2015/65,Kullu,,31.959056,77.070667,Rock              Slide,,,1399.33935546875,34.15511214761956,,
6770,HP/KUL/53E01/2015/63,Kullu,,31.959194,77.071306,Rock              Slide,,,1413.4095458984375,37.71826029204422,,
6771,HP/KUL/53E01/2015/68,Kullu,,31.959444,77.062167,Rock              Slide,,,1465.9588623046875,46.59313295543909,,
6772,HP/KUL/53E01/2015/62,Kullu,,31.959528,77.072056,Rock              Slide,,,1403.4210205078125,30.78350068490203,,
6773,HP/MAN/53A13/2015/205,Mandi,"Dilausa,milestone 10",31.95956,76.89113,Debris            Slide,,,1737.00537109375,29.468821090577496,,
6774,HP/KAN/44M13/2020/4,Kangra,Near Pong Dam SH-27,31.96,75.95,Debris            Slide,,,490.0519409179687,0.1199098744073852,,
6775,HP/KUL/53E01/2015/56,Kullu,Manikaran road,31.960278,77.085667,Rock              Slide,,,1354.3262939453125,44.51678923568616,,
6776,HP/KUL/53E01/2015/59,Kullu,PMGSY Rarhi road,31.961333,77.082861,Debris            Slide,,,1375.5743408203125,46.084781667492976,,
6777,HP/KUL/53E01/2015/57,Kullu,PMGSY Rarhi road,31.961333,77.082861,Debris            Slide,,,1375.5743408203125,46.084781667492976,,
6778,HP/KUL/53E01/2015/58,Kullu,PMGSY Rarhi road,31.961333,77.082861,Debris,Slide,2014,1375.5743408203125,46.084781667492976,,
6779,HP/KUL/53E01/2015/61,Kullu,,31.961611,77.079639,Debris            Slide,,,1388.3736572265625,40.47700054182211,,
6780,HP/KUL/53E01/2015/69,Kullu,,31.961861,77.060889,Rock              Slide,,,1444.96337890625,41.40466981361065,,
6781,HP/KUL/53E01/2015/60,Kullu,Bajaura Mandi road,31.962056,77.081444,Rock              Slide,,,1405.910400390625,54.05234724209245,,
6782,HP/KUL/53E01/2015/55,Kullu,Manikaran road,31.963806,77.089167,Rock              Slide,,,1303.9736328125,28.964541612700067,,
6783,HP/KUL/53E01/2015/66,Kullu,,31.963889,77.065028,Debris            Slide,,,1569.1617431640625,12.864781763324668,,
6784,HP/HAM/53A09/2018/137,Hamirpur,SH-05,31.964,76.508083,Debris,Slide,2018,785.7047119140625,14.42739748169895,,
6785,HP/KAN/53A09/2018/138,Kangra,Tubar- Chadiar road,31.964444,76.563944,Debris            Slide,,,797.1353149414062,10.903619472179091,,
6786,HP/MAN/53A09/2018/139,Mandi,Rajnagar-Kathala road,31.964917,76.564056,Debris            Slide,,,796.0728759765625,21.44498497717035,,
6787,HP/KUL/53E01/2015/54,Kullu,,31.965194,77.089167,Rock              Slide,,,1301.00732421875,24.644814821767103,,
6788,HP/KUL/53E01/2015/70,Kullu,,31.965611,77.055778,Debris            Slide,,,1529.4578857421875,19.061012579222293,,
6789,HP/KUL/53E01/2015/71,Kullu,,31.965611,77.055778,Debris            Slide,,,1529.4578857421875,19.061012579222293,,
6790,HP/MAN/53A09/2018/140,Mandi,,31.965861,76.67875,Debris            Slide,,,877.7141723632812,33.77729116889714,,
6791,HP/MAN/53A09/2018/141,Mandi,,31.965944,76.564194,Debris            Slide,,,794.1881103515625,14.235030197021722,,
6792,HP/KAN/53A01/2018/6,Kangra,"Pitambari temple Bankhandi,",31.96596,76.204545,Rock cum debris   Slide,,,552.8001098632812,20.42932012334337,,
6793,HP/KUL/53E01/2015/72,Kullu,,31.96625,77.0485,Debris            Slide,,,1592.591552734375,43.24457479809707,,
6794,HP/KUL/53E01/2015/50,Kullu,NH21,31.966417,77.095722,Debris            Slide,,,1280.7437744140625,35.34730335486346,,
6795,HP/MAN/53A09/2018/142,Mandi,,31.966611,76.564028,Debris            Slide,,,795.4209594726562,20.467128180561097,,
6796,HP/KUL/53E01/2015/51,Kullu,NH21,31.966639,77.094583,Debris            Slide,,,1293.862548828125,36.61524881011531,,
6797,HP/KUL/53E01/2015/52,Kullu,Manikaran road,31.966944,77.091611,Debris            Slide,,,1284.0665283203125,36.735205981895696,,
6798,HP/KUL/53E01/2015/53,Kullu,Manikaran road,31.966944,77.091611,Debris            Slide,,,1284.0665283203125,36.735205981895696,,
6799,HP/MAN/53A09/2018/143,Mandi,Rajnagar- Kathala road,31.967528,76.563889,Debris            Slide,,,783.6494140625,18.183629324672935,,
6800,HP/MAN/53A09/2018/144,Mandi,,31.967889,76.563944,Debris            Slide,,,782.6419677734375,25.96154754965041,,
6801,HP/KUL/53E01/2015/74,Kullu,,31.96825,77.044306,Debris            Slide,,,1627.2261962890625,35.1795251715422,,
6802,HP/KAN/53A01/2018/9,Kangra,"Bankhandi, NH 20A near temple",31.968342,76.203877,Rock cum debris   Slide,,,579.428955078125,18.31343123662871,,
6803,HP/KAN/53A01/2018/11,Kangra,Bankhandi near Temple NH 20A,31.968472,76.203375,Rock cum debris   Slide,,,589.5831298828125,15.835262686828894,,
6804,HP/KAN/53A01/2018/8,Kangra,Bankhandi near temple NH 20A,31.968535,76.204325,Rock cum debris   Slide,,,581.5325317382812,29.465335149682463,,
6805,HP/KAN/53A01/2018/12,Kangra,Bankhandi near pitambari,31.96858,76.204817,Rock cum debris   Slide,,,581.9851684570312,28.96284135439352,,
6806,HP/KAN/53A01/2018/7,Kangra,"Bankhandi near temple,NH 20A",31.968618,76.204408,Rock cum debris   Slide,,,581.5325317382812,29.46533533666321,,
6807,HP/KUL/53E01/2015/73,Kullu,,31.969333,77.045333,Debris            Slide,,,1508.652587890625,36.714799949614424,,
6808,HP/MAN/53A13/2015/53,Mandi,"Guma, NH 20",31.96958,76.852826,Debris            Slide,,,1428.1910400390625,26.08421636924021,,
6809,HP/MAN/53A13/2015/206,Mandi,"Sodgan,Barot road",31.97036,76.88319,Rock              Slide,,,1617.9927978515625,37.92812605782747,,
6810,HP/MAN/53A13/2015/52,Mandi,"Guma, NH 20",31.9712,76.8518,Rock              Slide,,,1421.9833984375,32.17192287834066,,
6811,HP/KUL/53E01/2015/9,Kullu,NH21,31.971528,77.207722,Rock cum debris,Slide,2013,1304.0064697265625,26.955966097590927,,
6812,HP/MAN/53A13/2015/73,Mandi,"Near Guma,NH 20",31.9716,76.8516,Rock,Slide,2005,1435.30517578125,29.552504905836535,,
6813,HP/MAN/53A13/2015/71,Mandi,"Chirang, NH 20",31.973,76.848,Debris            Slide,,,1378.5802001953125,26.806397458064037,,
6814,HP/MAN/53A09/2018/145,Mandi,,31.973028,76.650333,Debris            Slide,,,957.7918701171876,22.420543715351993,,
6815,HP/MAN/53A13/2015/72,Mandi,"Kangalu, NH 20",31.9733,76.8492,Debris            Slide,,,1424.102783203125,19.612674414909225,,
6816,HP/MAN/53A13/2015/68,Mandi,"Chirang, NH 20",31.974,76.847,Debris            Slide,,,1395.575927734375,33.29705224560014,,
6817,HP/MAN/53A13/2015/69,Mandi,"Chirang, NH 20",31.974,76.847,Debris            Slide,,,1395.575927734375,33.29705224560014,,
6818,HP/MAN/53A13/2015/70,Mandi,"Chirang, NH 20",31.974,76.847,Debris            Slide,,,1395.575927734375,33.29705224560014,,
6819,HP/KAN/53A09/2018/146,Kangra,Kathla-Rajnapar road,31.974056,76.637111,Debris,Slide,2017,1064.108642578125,24.8439022061237,,
6820,HP/KUL/53E01/2015/8,Kullu,NH21,31.97425,77.215722,Debris,Slide,2013,1372.779296875,34.337239296680835,,
6821,HP/KUL/53E01/2015/75,Kullu,Bajaura -Mandi road,31.97475,77.037083,Debris            Slide,,,1669.8670654296875,52.91493841498302,,
6822,HP/KUL/53E01/2015/40,Kullu,Chail Chawk-Jhanjheli road,31.97475,77.037083,Debris            Slide,,,1669.8670654296875,52.91493841498302,,
6823,HP/MAN/53A13/2015/67,Mandi,"Chirang, NH 20",31.975,76.847,Debris            Slide,,,1413.230712890625,27.159129250498115,,
6824,HP/KAN/53A01/2018/10,Kangra,"Bugret, NH 20A",31.975692,76.201752,Debris            Slide,,,627.3238525390625,33.68053112620911,,
6825,HP/MAN/53A09/2018/147,Mandi,,31.978222,76.634778,Debris            Slide,,,1053.2843017578125,28.138484932145165,,
6826,HP/MAN/53A09/2018/148,Mandi,Daraman-Jigindernagar Rd,31.9825,76.711861,Debris            Slide,,,1223.469482421875,18.88801569964585,,
6827,HP/MAN/53A09/2018/149,Mandi,,31.984639,76.627,Debris            Slide,,,1101.68994140625,23.08550794709836,,
6828,HP/MAN/53A09/2018/150,Mandi,Daraman-Ropri Rd,31.988917,76.717056,Rock cum debris   Slide,,,1377.985595703125,33.31007230457015,,
6829,HP/MAN/53A13/2015/48,Mandi,"Shanan,NH 20",31.99,76.814,Debris            Slide,,,1342.9461669921875,28.187236089871337,,
6830,HP/MAN/53A09/2018/151,Mandi,Kothi- Baijnath road,31.990222,76.619167,Debris            Slide,,,1116.165771484375,23.199662774285606,,
6831,HP/MAN/52D16/2015/238,Mandi,Barot-Jogindernagar road,31.9948,76.8673,Rock              Slide,,,1749.6007080078125,20.257764488701795,,
6832,HP/MAN/53A13/2015/207,Mandi,"Bardhan,10m from S138",31.99694,76.86703,Debris            Slide,,,1768.998291015625,40.19884588075277,,
6833,HP/MAN/53A13/2015/50,Mandi,north of Ganain,31.997,76.83,Rock              Slide,,,1814.958251953125,18.14440180574754,,
6834,HP/MAN/53A13/2015/51,Mandi,north of Ganain,31.997,76.831,Rock              Slide,,,1812.907958984375,39.70311605265153,,
6835,HP/MAN/53A13/2015/47,Mandi,"Joginder nagar, NH 20",31.997639,76.781889,Debris            Slide,,,1233.579833984375,30.61410478542395,,
6836,HP/MAN/53A13/2015/49,Mandi,north of Ganain,31.998,76.828,Rock              Slide,,,1669.998779296875,35.41801139946206,,
6837,HP/MAN/53A13/2015/46,Mandi,"NW of Joginder nagar,NH 20",31.998167,76.779903,Rock              Fall,,,1228.739501953125,26.70652807156015,,
6838,HP/MAN/52D16/2015/237,Mandi,Barot-Jogindernagar road,31.9996,76.8644,Rock              Fall,,,1805.86279296875,54.728582471023486,,
6840,HP/MAN/52D16/2015/213,Mandi,Dul village link road,32.0016,76.8001,Rock              Slide,,,1403.618896484375,24.094880850596,,
6841,HP/MAN/52D16/2015/208,Mandi,NH-154,32.002,76.7715,Rock              Topple,,,1215.876953125,24.18133483272527,,
6842,HP/KUL/52H04/2015/154,Kullu,Gader village road,32.0042,77.1094,Rock              Slide,,,2037.8228759765625,28.82453870026794,,
6843,HP/MAN/52D16/2015/236,Mandi,Barot-Jogindernagar road,32.0048,76.8624,Debris            Slide,,,1831.8099365234375,19.477648925422113,,
6844,HP/MAN/52D16/2015/207,Mandi,NH-154,32.0053,76.7721,Rock              Slide,,,1221.844970703125,29.427699980100343,,
6845,HP/KUL/52H04/2015/155,Kullu,NH21,32.0062,77.1297,Debris            Slide,,,1279.822265625,19.136105008892574,,
6846,HP/MAN/52D16/2015/209,Mandi,Jogindernagar-Banar link road,32.0063,76.7992,Rock              Slide,,,1384.4183349609375,17.071983101254983,,
6847,HP/KUL/52H04/2015/160,Kullu,Manali-Naggar Road,32.01126,77.13817,Debris            Slide,,,1356.435302734375,13.25841676678566,,
6848,HP/KAN/52D04/2018/16,Kangra,"Ranital, NH 503",32.01247,76.230968,Rock              Slide,,,591.5623168945312,13.21126606691833,,
6849,HP/KUL/52H04/2015/161,Kullu,Manali-Naggar Road,32.0135,77.1373,Debris,Subsidence,2014,1369.89794921875,18.90114952397506,,
6850,HP/MAN/52D16/2015/212,Mandi,Banar village link road,32.0138,76.7852,Rock              Slide,,,1418.0074462890625,10.643349318263969,,
6851,HP/KUL/52H04/2015/153,Kullu,Jadawan village road,32.0141,77.1113,Debris            Slide,,,1998.1539306640625,31.214045962649887,,
6852,HP/KAN/52D04/2018/17,Kangra,"Ranital, NH 503",32.014727,76.22974,Rock cum debris   Slide,,,588.376953125,11.659798817575377,,
6853,HP/MAN/52D16/2015/206,Mandi,NH-154,32.0165,76.7433,Debris            Slide,,,1250.7147216796875,24.44800492042625,,
6854,HP/MAN/52D16/2015/211,Mandi,Near Banar link road,32.0174,76.7857,Rock              Slide,,,1476.4991455078125,31.318017694430708,,
6855,HP/KAN/52D04/2018/12,Kangra,Rasu,32.018607,76.227711,Rock cum debris   Slide,,,537.2210083007812,36.023715404469094,,
6856,HP/KAN/52D04/2018/18,Kangra,"Ranital, NH 503",32.018717,76.229077,Rock              Slide,,,567.9111328125,8.659579517302163,,
6857,HP/MAN/52D16/2015/210,Mandi,Galu link road,32.0201,76.7798,Debris            Slide,,,1494.151611328125,18.937026873461832,,
6858,HP/KAN/52D04/2018/21,Kangra,"South of Kahra, NH 503",32.02044,76.245217,Debris            Subsidence,,,522.3004150390625,22.734359994079465,,
6859,HP/KAN/52D04/2018/2,Kangra,Near Kahra,32.020477,76.239295,Rock              Slide,,,540.9834594726562,37.14945597412747,,
6860,HP/KAN/52D04/2018/20,Kangra,"Near Rasu,NH 503",32.020507,76.23929,Rock              Slide,,,540.9834594726562,37.14945605084326,,
6861,HP/KAN/52D04/2018/13,Kangra,"Rasu, SH 23",32.020713,76.224273,Debris            Slide,,,523.4705810546875,25.324962792671005,,
6862,HP/KAN/52D04/2018/10,Kangra,Near Rasu,32.021223,76.229987,Debris            Slide,,,536.4067993164062,19.801663622604966,,
6863,HP/KAN/52D04/2018/5,Kangra,"Rasu, SH 23",32.021223,76.229987,Rock              Slide,,,536.4067993164062,19.801663622604966,,
6864,HP/KAN/52D04/2018/22,Kangra,"Kahra, NH 503",32.02143,76.245027,Rock              Slide,,,522.8461303710938,31.975820964542564,,
6865,HP/KAN/52D04/2018/3,Kangra,Near Kahra,32.02143,76.244998,Rock              Slide,,,522.8461303710938,31.975820964542564,,
6866,HP/KAN/52D04/2018/7,Kangra,"SH 23,NW of Rasu",32.021435,76.231333,Debris            Slide,,,517.9964599609375,12.73422298604416,,
6867,HP/KAN/52D04/2018/14,Kangra,"Rasu Subsidence Rasu Village, SH 23",32.02149,76.227022,Debris,Subsidence,2018,488.8235778808594,18.70963867213943,,
6868,HP/KAN/52D04/2018/8,Kangra,"SH 23,NW of Rasu",32.021625,76.231033,Rock cum debris   Slide,,,512.9642944335938,6.789765954697125,,
6869,HP/KAN/52D04/2018/23,Kangra,"Kahra, NH 503",32.021847,76.245353,Rock              Slide,,,520.372802734375,30.93697413286352,,
6870,HP/KAN/52D04/2018/11,Kangra,Gandaun SH 23,32.02193,76.221647,Rock cum debris   Slide,,,544.15234375,20.756216888510412,,
6871,HP/KUL/52H04/2015/194,Kullu,Kais-Soil road,32.0221,77.1396,Debris            Slide,,,1481.952880859375,35.793107445976396,,
6872,HP/KAN/52D04/2018/4,Kangra,Near Kahra,32.022117,76.24557,Rock              Slide,,,526.5454711914062,33.10199424269064,,
6873,HP/KAN/52D04/2018/19,Kangra,Rasu,32.023457,76.235528,Rock              Slide,,,529.9830322265625,18.96985266135553,,
6874,HP/KAN/52D04/2018/1,Kangra,NH20A,32.023552,76.245977,Rock              Slide,,,548.024169921875,30.188465999657907,,
6875,HP/KAN/52D04/2018/24,Kangra,"Kahra, NH 503",32.02376,76.245957,Rock              Slide,,,524.99072265625,32.50245147198494,,
6876,HP/KAN/52D04/2018/9,Kangra,"Rasu, SH 23",32.024048,76.231201,Rock              Slide,,,525.0396728515625,40.42755713112852,,
6877,HP/KUL/52H04/2015/162,Kullu,Manali-Naggar Road,32.0241,77.134,Debris            Subsidence,,,1400.7801513671875,40.66602760291272,,
6878,HP/KAN/52D04/2018/6,Kangra,"Rasu, SH 23",32.024664,76.229313,Rock              Slide,,,530.5870971679688,27.97732399694724,,
6879,HP/KUL/52H04/2015/152,Kullu,Jadawan village road,32.025,77.1081,Debris            Slide,,,2047.690673828125,45.735943460226395,,
6880,HP/KAN/52D04/2018/28,Kangra,Ghandur,32.026528,76.212513,Debris            Slide,,,578.208984375,20.018816304775218,,
6881,HP/KUL/52H04/2015/151,Kullu,Jadawan village road,32.0277,77.0983,Debris            Slide,,,2089.92724609375,32.532749968173796,,
6882,HP/KAN/52D08/2018/112,Kangra,,32.02832,76.4088,Debris            Slide,,,910.9473876953124,21.23831419366729,,
6883,HP/KAN/52D08/2018/51,Kangra,BAGIYARA DHIRA-NAGROTA ROAD,32.02858,76.41153,Debris            Slide,,,925.1997680664062,21.34437709205319,,
6884,HP/KUL/52H04/2015/195,Kullu,Kais-Soil road,32.029,77.1409,Debris            Slide,,,1558.2476806640625,36.48842732593484,,
6885,HP/KUL/52H04/2015/163,Kullu,Manali-Naggar Road,32.0294,77.137,Rock              Slide,,,1402.96142578125,25.522123141163487,,
6886,HP/KUL/52H04/2015/164,Kullu,Manali-Naggar Road,32.033,77.1365,Debris            Slide,,,1396.5035400390625,31.652430066591094,,
6887,HP/KUL/52H04/2015/204,Kullu,Kais-Soil road,32.0334,77.1496,Debris            Slide,,,2086.3349609375,31.377324340412617,,
6888,HP/KUL/52H04/2015/165,Kullu,Manali-Naggar Road,32.0335,77.1366,Debris            Slide,,,1414.4912109375,29.672791313770297,,
6889,HP/KUL/52H04/2015/197,Kullu,Kais-Soil road,32.0342,77.1403,Debris            Slide,,,1616.09716796875,34.42357951234009,,
6890,HP/KUL/52H04/2015/196,Kullu,Kais-Soil road,32.0342,77.1403,Debris            Slide,,,1616.09716796875,34.42357951234009,,
6891,HP/KAN/52D08/2018/17,Kangra,SAROTRI ROAD,32.03425,76.31728,Debris            Slide,,,696.3800659179688,23.518384062097105,,
6892,HP/KAN/52D08/2018/94,Kangra,SUNHI ROAD,32.03432,76.31807,Debris            Slide,,,689.0090942382812,20.660872062927787,,
6893,HP/KAN/52D08/2018/20,Kangra,SAROTRI KHAS,32.03465,76.31935,Rock              Slide,,,684.9574584960938,20.646317968095577,,
6894,HP/KAN/52D04/2018/15,Kangra,Kahra,32.034995,76.23955,Rock              Slide,,,518.6278686523438,19.52867530276237,,
6895,HP/KAN/52D08/2018/133,Kangra,KHAROTA,32.03572,76.4133,Debris            Slide,,,873.0994262695312,5.335111784296492,,
6896,HP/KAN/52D08/2018/37,Kangra,SULLAH-NANAUN ROAD,32.035754,76.462657,Debris            Slide,,,838.7313842773438,29.951127418507827,,
6897,HP/KAN/52D08/2018/131,Kangra,GHAROH SULLAH-NANAUN ROAD,32.0358,76.46283,Debris            Slide,,,838.7313842773438,29.9511311405455,,
6898,HP/KAN/52D04/2018/25,Kangra,Palera,32.036092,76.227837,Debris            Slide,,,659.191650390625,20.25575108702137,,
6899,HP/KUL/52H04/2015/203,Kullu,Kais-Soil road,32.0362,77.1472,Debris            Slide,,,1950.64794921875,29.49874426340306,,
6900,HP/KAN/52D08/2018/132,Kangra,KHAROTA,32.036624,76.411489,Debris            Slide,,,885.07666015625,28.31256028775946,,
6901,HP/KUL/52H04/2015/198,Kullu,Kais-Soil road,32.037,77.1417,Debris            Slide,,,1655.255126953125,36.666159867670835,,
6902,HP/KUL/52H04/2015/199,Kullu,Kais-Soil road,32.0373,77.1421,Debris            Slide,,,1659.259765625,24.946708099209133,,
6903,HP/KAN/52D08/2018/57,Kangra,TIHRI SULLAH-NANAUN ROAD,32.038093,76.463837,Debris            Slide,,,864.8259887695312,24.912581412861044,,
6904,HP/KUL/52H04/2015/202,Kullu,Kais-Soil road,32.0385,77.1472,Debris            Subsidence,,,1946.4688720703125,30.43452954283573,,
6905,HP/KAN/43P16/2020/2,Kangra,Peh Diothi-Badal road,32.04,75.85,Debris,Slide,2010,408.6058654785156,9.350838391793566,,
6906,HP/KAN/43P16/2020/5,Kangra,Diothi,32.04,75.83,Debris,Slide,2010,318.65826416015625,2.893850866982489,,
6907,HP/KAN/43P16/2020/6,Kangra,Diothi,32.04,75.84,Debris            Slide,,,363.0807495117187,19.03939013026801,,
6908,HP/KAN/52D12/2020/13,Kangra,Bir-Billing Road,32.04,76.73,Rock              Slide,,,1549.6429443359375,22.56079329192761,,
6909,HP/KAN/52D12/2020/20,Kangra,Bir-Billing Road,32.04,76.73,Debris            Slide,,,1549.6429443359375,22.56079329192761,,
6910,HP/MAN/52D12/2020/26,Mandi,Bir-Billing Road,32.04,76.74,Debris            Slide,,,1573.5439453125,21.96986108386742,,
6911,HP/MAN/52D12/2020/27,Mandi,Bir-Billing Road,32.04,76.73,Debris            Slide,,,1549.6429443359375,22.56079329192761,,
6912,HP/MAN/52D12/2020/28,Mandi,Bir-Billing Road,32.04,76.73,Debris            Slide,,,1549.6429443359375,22.56079329192761,,
6913,HP/MAN/52D12/2020/29,Mandi,Bir-Billing Road,32.04,76.73,Debris            Slide,,,1549.6429443359375,22.56079329192761,,
6914,HP/MAN/52D12/2020/30,Mandi,Bir-Billing Road,32.04,76.74,Debris            Slide,,,1573.5439453125,21.96986108386742,,
6915,HP/KUL/52H04/2015/166,Kullu,Manali-Naggar Road,32.0411,77.1361,Debris            Creep,,,1377.769287109375,25.96984664516167,,
6916,HP/KUL/52H04/2015/201,Kullu,Kais-Soil road,32.0413,77.1461,Rock,Slide,2015,1899.6649169921875,23.914103636537703,,
6917,HP/LSP/53L04/2018/1,Lahaul & Spiti,Siluk,32.04166,78.23416,Debris            Slide,,,3418.9755859375,31.753382097247723,,
6918,HP/KUL/52H04/2015/167,Kullu,Manali-Naggar Road,32.0419,77.1363,Debris            Slide,,,1375.5491943359375,35.66268679856272,,
6919,HP/LSP/53L04/2018/2,Lahaul & Spiti,Siluk,32.04307,78.23095,Debris            Slide,,,3483.968994140625,42.81326830366407,,
6920,HP/MAN/52D16/2015/225,Mandi,Lohardi-Barot link road,32.0445,76.8496,Debris            Slide,,,1876.9879150390625,33.41945617528072,,
6921,HP/MAN/52D16/2015/235,Mandi,Barot-Bargrah road,32.0446,76.8371,Debris            Slide,,,1874.76806640625,29.614625413136963,,
6922,HP/LSP/53L04/2018/6,Lahaul & Spiti,Dhankar,32.04504,78.23301,Debris            Slide,,,3494.740234375,39.872267836118176,,
6923,HP/KUL/52H04/2015/168,Kullu,Manali-Naggar Road,32.0455,77.1369,Debris            Slide,,,1381.92529296875,33.514629266434945,,
6924,HP/KUL/52H04/2015/150,Kullu,Shajun village road,32.0456,77.1079,Debris            Slide,,,2149.0556640625,28.271416810903027,,
6925,HP/LSP/53L04/2018/3,Lahaul & Spiti,Siluk,32.04604,78.22957,Debris            Slide,,,3477.275390625,42.80360395558563,,
6926,HP/LSP/53L04/2018/7,Lahaul & Spiti,Dhankar,32.04629,78.23266,Debris            Slide,,,3522.4990234375,15.378004189010571,,
6927,HP/KUL/52H04/2015/200,Kullu,Kais-Soil road,32.0465,77.1453,Debris            Slide,,,1836.110595703125,32.347691434522744,,
6928,HP/MAN/52D16/2015/224,Mandi,Lohardi-Barot link road,32.0465,76.8515,Rock              Topple,,,1884.359619140625,39.48290695983455,,
6929,HP/MAN/52D16/2015/223,Mandi,Lohardi-Barot link road,32.0468,76.8528,Debris            Slide,,,1886.1171875,43.500614165180416,,
6930,HP/LSP/53L12/2018/1,Lahaul & Spiti,Near Sumdo,32.04682,78.59743,Rock cum debris   Slide,,,3148.519775390625,42.294918391309935,,
6931,HP/LSP/53L04/2018/4,Lahaul & Spiti,Siluk,32.0471,78.22928,Debris            Slide,,,3441.181396484375,44.111266566196576,,
6932,HP/KUL/52H04/2015/205,Kullu,Kais-Soil road,32.0478,77.1454,Debris            Slide,,,1813.5238037109375,29.978853679182183,,
6933,HP/LSP/53L04/2018/5,Lahaul & Spiti,Siluk,32.04781,78.22788,Debris            Slide,,,3454.010498046875,41.89484130189745,,
6934,HP/MAN/52D16/2015/234,Mandi,Barot-Bargrah road,32.0481,76.8344,Rock              Fall,,,1921.388671875,42.63960977660709,,
6935,HP/LSP/53L04/2018/8,Lahaul & Spiti,Dhankar,32.04823,78.2313,Debris            Slide,,,3504.8701171875,37.93143510462515,,
6936,HP/LSP/53L12/2018/2,Lahaul & Spiti,Near Sumdo,32.04836,78.59797,Rock cum debris   Slide,,,3138.24658203125,42.622947621707155,,
6937,HP/MAN/52D16/2015/232,Mandi,Barot-Bargrah road,32.0487,76.8277,Debris            Slide,,,1946.4207763671875,44.52553397608102,,
6938,HP/MAN/52D16/2015/233,Mandi,Barot-Bargrah road,32.0491,76.831,Debris          Slide,,,1954.0560302734375,17.46063610539639,,
6939,HP/KUL/52H04/2015/156,Kullu,NH21,32.0492,77.1288,Debris          Slide,,,1358.7052001953125,32.173686618859264,,
6940,HP/MAN/52D16/2015/222,Mandi,Lohardi-Barot link road,32.0497,76.8568,Rock            Slide,,,1925.179931640625,24.405085229216656,,
6941,HP/KAN/43P16/2020/4,Kangra,Diothi,32.05,75.83,Debris          Slide,,,333.78472900390625,15.760364029688152,,
6942,HP/KAN/43P16/2020/7,Kangra,Diothi,32.05,75.83,Debris,Slide,2010,333.78472900390625,15.760364029688152,,
6943,HP/KAN/43P16/2020/8,Kangra,Diothi,32.05,75.83,Debris          Slide,,,333.78472900390625,15.760364029688152,,
6944,HP/KAN/43P16/2020/13,Kangra,Badukhar,32.05,75.82,Debris          Slide,,,352.2177734375,11.466617570542088,,
6945,HP/KAN/43P16/2020/14,Kangra,Badukhar,32.05,75.82,Debris          Slide,,,352.2177734375,11.466617570542088,,
6946,HP/KAN/52D12/2020/10,Kangra,Bir-Billing Road,32.05,76.73,Debris          Slide,,,1733.10888671875,32.351569357945685,,
6947,HP/KAN/52D12/2020/11,Kangra,Bir-Billing Road,32.05,76.74,Debris          Flow,,,2115.240234375,33.668625778089826,,
6948,HP/KAN/52D12/2020/12,Kangra,Bir-Billing Road,32.05,76.73,Debris          Slide,,,1733.10888671875,32.351569357945685,,
6949,HP/KAN/52D12/2020/16,Kangra,Keori,32.05,76.71,Debris          Slide,,,1440.79833984375,13.005828696608486,,
6950,HP/KAN/52D12/2020/17,Kangra,Keori,32.05,76.71,Debris          Slide,,,1440.79833984375,13.005828696608486,,
6951,HP/KAN/52D12/2020/19,Kangra,Bir-Billing Rd,32.05,76.74,Rock            Slide,,,2115.240234375,33.668625778089826,,
6952,HP/MAN/52D12/2020/23,Mandi,Bir-Billing Road,32.05,76.74,Debris          Slide,,,2115.240234375,33.668625778089826,,
6953,HP/MAN/52D12/2020/24,Mandi,Bir-Billing Road,32.05,76.74,Rock            Slide,,,2115.240234375,33.668625778089826,,
6954,HP/MAN/52D12/2020/25,Mandi,Bir-Matru Road,32.05,76.73,Debris          Slide,,,1733.10888671875,32.351569357945685,,
6955,HP/MAN/52D16/2015/231,Mandi,Barot-Bargrah road,32.0516,76.8242,Debris          Slide,,,1985.682373046875,32.92276721331852,,
6956,HP/MAN/52D16/2015/230,Mandi,Barot-Bargrah road,32.0526,76.823,Debris          Slide,,,1990.638427734375,37.846235286375574,,
6957,HP/KUL/52H04/2015/169,Kullu,Manali-Naggar Road,32.0538,77.1368,Debris          Slide,,,1378.0311279296875,36.00609281297443,,
6958,HP/KUL/52H04/2015/170,Kullu,Manali-Naggar Road,32.0544,77.1371,Debris          Slide,,,1400.2548828125,37.05246757451886,,
6959,HP/KUL/52H04/2015/171,Kullu,Manali-Naggar Road,32.0551,77.1373,Rock            Slide,,,1389.9443359375,36.3956467660194,,
6960,HP/MAN/52D16/2015/229,Mandi,Barot-Bargrah road,32.0558,76.8192,Debris          Slide,,,2029.153076171875,42.99967146588443,,
6961,HP/MAN/52D16/2015/228,Mandi,Barot-Bargrah road,32.0566,76.8183,Debris          Slide,,,2028.44189453125,30.98019849143148,,
6962,HP/KUL/52H04/2015/149,Kullu,Grahan village road,32.0567,77.1145,Rock            Slide,,,2052.158203125,41.114599676712366,,
6963,HP/KUL/52H04/2015/179,Kullu,Manali-Naggar Road,32.0575,77.1641,Debris          Slide,,,2265.8583984375,39.13283937935786,,
6964,HP/KUL/52H04/2015/172,Kullu,Manali-Naggar Road,32.0578,77.1374,Debris          Slide,,,1407.64892578125,36.47476649837608,,
6965,HP/MAN/52D16/2015/227,Mandi,Barot-Bargrah road,32.0578,76.8183,Debris          Slide,,,2056.503173828125,16.280607851040696,,
6966,HP/LSP/53L08/2018/1,Lahaul & Spiti,Near Hurling,32.05856,78.47483,Debris          Slide,,,3275.017822265625,42.759716286153726,,
6967,HP/KUL/52H04/2015/173,Kullu,Manali-Naggar Road,32.0592,77.1368,Debris          Slide,,,1392.618408203125,36.20097593487419,,
6968,HP/KAN/43P16/2020/10,Kangra,Badukhar,32.06,75.82,Debris,Slide,2000,325.2558898925781,15.5272532183957,,
6969,HP/KAN/43P16/2020/11,Kangra,Badukhar,32.06,75.82,Debris          Slide,,,325.2558898925781,15.5272532183957,,
6970,HP/KAN/43P16/2020/12,Kangra,Badukhar,32.06,75.82,Debris          Slide,,,325.2558898925781,15.5272532183957,,
6971,HP/KAN/43P16/2020/15,Kangra,Diothi,32.06,75.83,Debris          Slide,,,437.9639587402344,20.980379025349357,,
6972,HP/KAN/52D12/2020/9,Kangra,Bir-Billing Rd,32.06,76.74,Rock            Slide,,,2235.400146484375,19.420438003906416,,
6973,HP/LSP/53L08/2018/2,Lahaul & Spiti,Near Hurling,32.06054,78.47295,Debris          Slide,,,3364.053955078125,37.55076515554855,,
6974,HP/KUL/52H04/2015/157,Kullu,NH21,32.0606,77.1343,Debris          Slide,,,1359.33056640625,5.751201227252623,,
6975,HP/KUL/52H04/2015/148,Kullu,Grahan village road,32.0609,77.1053,Rock            Slide,,,2016.3709716796875,29.07060743012204,,
6976,HP/KUL/52H04/2015/174,Kullu,Manali-Naggar Road,32.0614,77.1369,Debris          Slide,,,1405.69189453125,21.130522155923103,,
6977,HP/MAN/52D16/2015/226,Mandi,Barot-Bargrah road,32.0618,76.8114,Rock            Slide,,,2103.734375,40.888143732209464,,
6978,HP/KUL/52H04/2015/147,Kullu,Bichgram road,32.0634,77.0961,Debris          Slide,,,1856.8804931640625,27.59239034193519,,
6979,HP/KUL/52H04/2015/145,Kullu,Karal village road,32.0636,77.0952,Debris          Slide,,,1829.4520263671875,32.120021273860935,,
6980,HP/KUL/52H04/2015/146,Kullu,Karal village road,32.0636,77.0952,Rock            Slide,,,1829.4520263671875,32.120021273860935,,
6981,HP/KUL/52H04/2015/144,Kullu,Gurchhet-Karal road,32.0659,77.1016,Debris          Slide,,,1686.8458251953125,34.225662338946684,,
6982,HP/KUL/52H04/2015/175,Kullu,Manali-Naggar Road,32.0661,77.1367,Debris          Slide,,,1429.0694580078125,16.268476059615505,,
6983,HP/KUL/52H04/2015/51,Kullu,Kullu0Manali NH-21,32.0675,77.131,Debris          Slide,,,1445.329833984375,20.70018591265697,,
6984,HP/KUL/52H04/2015/49,Kullu,Kullu0Manali NH-21,32.0676,77.1319,Debris          Slide,,,1378.0867919921875,37.82957370076198,,
6985,HP/KUL/52H04/2015/50,Kullu,Kullu0Manali NH-21,32.0676,77.1316,Debris          Slide,,,1404.398193359375,45.427389045821926,,
6986,HP/KUL/52H04/2015/176,Kullu,Manali-Naggar Road,32.0679,77.1375,Debris          Slide,,,1450.3746337890625,30.828275987460632,,
6987,HP/KUL/52H04/2015/177,Kullu,Manali-Naggar Road,32.0682,77.137,Debris          Slide,,,1458.402587890625,30.805295215162538,,
6988,HP/KUL/52H04/2015/158,Kullu,NH21,32.0695,77.1315,Debris          Slide,,,1391.588623046875,16.98514264365796,,
6989,HP/KUL/52H04/2015/180,Kullu,Manali-Naggar Road,32.0703,77.1577,Debris            Slide,,,2181.559814453125,35.329436719817934,,
6990,HP/KAN/52D08/2018/134,Kangra,,32.07142,76.41408,Debris            Slide,,,1115.3792724609375,23.64748917015977,,
6991,HP/KUL/52D16/2015/221,Kullu,Lohardi-Barot link road,32.0719,76.8581,Rock              Slide,,,2009.6092529296875,26.266391971033183,,
6992,HP/KUL/52D16/2015/220,Kullu,Lohardi-Barot link road,32.0745,76.8585,Rock              Slide,,,2024.0947265625,5.568005914342236,,
6993,HP/KAN/52D04/2018/144,Kangra,Almela,32.075694,76.091875,Debris            Slide,,,442.6858520507813,34.24156229630574,,
6994,HP/KAN/52D04/2018/143,Kangra,Amlela,32.077293,76.092946,Debris            Slide,,,466.3857727050781,29.533374810147468,,
6995,HP/KUL/52H04/2015/183,Kullu,Manali-Naggar Road,32.0782,77.1615,Debris            Slide,,,1852.116455078125,6.409521887607059,,
6996,HP/KUL/52H04/2015/181,Kullu,Manali-Naggar Road,32.0793,77.1531,Debris            Subsidence,,,1850.962646484375,38.81266356512887,,
6997,HP/KAN/52D04/2018/145,Kangra,Jarpal,32.079518,76.099402,Rock              Slide,,,504.9350891113281,17.930365764921962,,
6998,HP/KUL/52H04/2015/182,Kullu,Manali-Naggar Road,32.0796,77.1557,Debris            Subsidence,,,1876.083251953125,31.528194252640436,,
6999,HP/KUL/52D16/2015/218,Kullu,Lohardi-Barot link road,32.0798,76.8577,Rock              Slide,,,2039.561279296875,29.059125083135076,,
7000,HP/KUL/52D16/2015/219,Kullu,Lohardi-Barot link road,32.0798,76.8577,Debris            Slide,,,2039.561279296875,29.059125083135076,,
7001,HP/KUL/52H04/2015/184,Kullu,Manali-Naggar Road,32.0813,77.1597,Debris            Slide,,,1833.5172119140625,35.81217310941921,,
7002,HP/KAN/52D08/2018/95,Kangra,NH 20,32.0834,76.44958,Rock cum debris   Slide,,,929.3966674804688,19.983481647371494,,
7003,HP/KAN/52D04/2018/135,Kangra,South of Lanj,32.085287,76.131158,Debris            Slide,,,590.8353271484375,28.804941139649507,,
7004,HP/KUL/52D16/2015/214,Kullu,Polang link road,32.0871,76.8561,Rock              Slide,,,2079.367919921875,12.25198102466855,,
7005,HP/KUL/52D16/2015/215,Kullu,Polang-Barot link road,32.0871,76.8561,Debris            Slide,,,2079.367919921875,12.25198102466855,,
7006,HP/KUL/52D16/2015/216,Kullu,#N/A #N/A,32.0871,76.8561,Rock              Slide,,,2079.367919921875,12.25198102466855,,
7007,HP/KUL/52D16/2015/217,Kullu,Polang-Barot link road,32.0871,76.8561,Debris            Slide,,,2079.367919921875,12.25198102466855,,
7008,HP/KAN/52D08/2018/69,Kangra,KANGRA-NANDRUL ROAD,32.09002,76.25133,Rock              Fall,,,672.8697509765625,41.44431048522351,,
7009,HP/KAN/52D08/2018/19,Kangra,KANGRA-NANDRUL ROAD,32.09055,76.26572,Rock              Slide,,,607.4056396484375,7.393975845689281,,
7010,HP/KAN/52D08/2018/80,Kangra,UPPER RAKKAR KANGRA-NANDRUL ROAD,32.09127,76.25358,Rock              Slide,,,647.4630126953125,31.7090530499415,,
7011,HP/KAN/52D08/2018/58,Kangra,,32.09127,76.26657,Rock              Slide,,,648.78564453125,39.17981749669223,,
7012,HP/KAN/52D08/2018/46,Kangra,SALAG KANGRA-NANDRUL ROAD,32.09149,76.25644,Rock              Slide,,,634.5418701171875,48.20286854531572,,
7013,HP/KAN/52D08/2018/82,Kangra,KANGRA-NANDRUL ROAD,32.09212,76.25833,Rock              Slide,,,693.4697875976562,19.480868669692097,,
7014,HP/KAN/52D08/2018/83,Kangra,KANGRA FORT ROAD,32.0923,76.2606,Rock              Slide,,,722.7205810546875,15.669994111651429,,
7015,HP/KAN/52D04/2018/142,Kangra,Baloda R.F,32.092542,76.099438,Rock              Slide,,,547.1112060546875,31.560865897663483,,
7016,HP/KAN/52D08/2018/81,Kangra,KANGRA-NANDRUL ROAD,32.09377,76.25688,Rock              Slide,,,637.9446411132812,43.01283429884739,,
7017,HP/KAN/52D04/2018/141,Kangra,Baldoa R.F,32.094321,76.103113,Debris            Slide,,,555.693603515625,36.38768842005906,,
7018,HP/KAN/52D04/2018/140,Kangra,Baldoa R.F,32.095251,76.102503,Rock              Subsidence,,,567.7154541015625,32.41849018939235,,
7019,HP/KUL/52H04/2015/133,Kullu,Shim-silingcha road,32.0957,77.1088,Debris            Slide,,,1547.2347412109375,36.34681984571627,,
7020,HP/KAN/52D08/2018/92,Kangra,KANGRA FORT ROAD,32.09647,76.26443,Debris            Slide,,,737.107421875,22.59337711577039,,
7021,HP/KAN/52D08/2018/101,Kangra,KANGRA FORT ROAD,32.096995,76.267409,Rock              Slide,,,691.218994140625,33.84301529381071,,
7022,HP/KAN/52D08/2018/139,Kangra,NH 503,32.097315,76.269344,Debris            Slide,,,701.569091796875,22.74921152872909,,
7023,HP/LSP/53L04/2018/12,Lahaul & Spiti,"West of Lingti, Pin valley",32.09785,78.16158,Debris            Slide,,,3487.46728515625,38.061807864937144,,
7024,HP/KAN/52D08/2018/103,Kangra,SAROTRI KANGRA FORT ROAD,32.09796,76.26885,Rock              Slide,,,741.4652709960938,17.871925187354602,,
7025,HP/KAN/52D08/2018/102,Kangra,KANGRA FORT ROAD,32.09811,76.268947,Rock              Slide,,,741.4652709960938,17.87193703850682,,
7026,HP/LSP/53L04/2018/13,Lahaul & Spiti,"West of Lingti, Pin valley",32.09842,78.16221,Debris            Slide,,,3512.141845703125,35.533661677463904,,
7027,HP/LSP/53L04/2018/9,Lahaul & Spiti,West of Dhankar,32.09857,78.19365,Debris            Slide,,,3471.776123046875,37.707688419645834,,
7028,HP/LSP/53L04/2018/14,Lahaul & Spiti,"West of Lingti, Pin valley",32.09895,78.1625,Debris            Slide,,,3548.63720703125,36.82441014851418,,
7029,HP/LSP/53L04/2018/10,Lahaul & Spiti,West of Dhankar,32.09908,78.19296,Debris            Slide,,,3482.531005859375,36.648190161989774,,
7030,HP/KUL/52H04/2015/134,Kullu,Phojal village road,32.0993,77.0889,Debris            Slide,,,1791.2349853515625,31.512273673072325,,
7031,HP/LSP/53L04/2018/11,Lahaul & Spiti,West of Dhankar,32.09937,78.19239,Debris            Slide,,,3477.15576171875,38.84001069348118,,
7032,HP/KAN/52D12/2020/1,Kangra,Deol Khas,32.1,76.67,Debris            Slide,,,1595.0455322265625,21.27494833312415,,
7033,HP/KAN/52D12/2020/4,Kangra,Binwa,32.1,76.66,Debris            Slide,,,1329.4437255859375,37.45977394792128,,
7034,HP/KAN/52D12/2020/5,Kangra,Deol Khas,32.1,76.67,Debris            Slide,,,1595.0455322265625,21.27494833312415,,
7035,HP/KAN/52D12/2020/22,Kangra,Deol Khas,32.1,76.67,Debris            Slide,,,1595.0455322265625,21.27494833312415,,
7036,HP/KAN/52D08/2018/100,Kangra,TANDA ROAD,32.10268,76.2997,Debris,Slide,2018,688.17578125,23.516741965269407,,
7037,HP/KAN/52D04/2018/26,Kangra,South of Nagruth,32.104952,76.188823,Debris            Slide,,,764.9073486328125,27.147627008106657,,
7038,HP/KUL/52H04/2015/135,Kullu,Neri Village road,32.1058,77.0725,Rock,Slide,2012,1936.8526611328125,24.46576243962583,,
7039,HP/KUL/52H04/2015/190,Kullu,Naggar - Patlikhul road,32.1065,77.158,Debris            Slide,,,1599.1575927734375,21.565667441131385,,
7040,HP/KUL/52H04/2015/191,Kullu,Naggar - Patlikhul road,32.108,77.154,Debris            Slide,,,1523.4832763671875,33.49085655661522,,
7041,HP/KUL/52H04/2015/192,Kullu,Naggar - Patlikhul road,32.1087,77.1541,Debris            Slide,,,1540.2501220703125,33.43956420733686,,
7042,HP/KUL/52H04/2015/193,Kullu,Naggar - Patlikhul road,32.1093,77.1538,Debris            Slide,,,1520.808349609375,34.90742184977986,,
7043,HP/KAN/52D08/2018/91,Kangra,,32.109319,76.488214,Rock cum debris,Slide,2018,1093.6962890625,32.58202246294067,,
7044,HP/KAN/43P16/2020/17,Kangra,Patti Sanjwan-Dini link road,32.11,75.8,Debris            Slide,,,447.4022216796875,10.819635087899028,,
7045,HP/KAN/52D12/2020/2,Kangra,Binwa,32.11,76.66,Debris            Slide,,,1622.086181640625,34.60768112688795,,
7046,HP/KAN/52D12/2020/3,Kangra,Binwa,32.11,76.66,Rock              Slide,,,1622.086181640625,34.60768112688795,,
7047,HP/KAN/52D12/2020/6,Kangra,Utrala-Galau Tikkar Rd,32.11,76.63,Debris            Slide,,,1655.141845703125,10.635862217529036,,
7048,HP/KAN/52D12/2020/7,Kangra,Utrala-Galau Tikkar Rd,32.11,76.63,Debris            Slide,,,1655.141845703125,10.635862217529036,,
7049,HP/KAN/52D12/2020/14,Kangra,Utrala-Galau Tikkar Rd,32.11,76.63,Debris            Slide,,,1655.141845703125,10.635862217529036,,
7050,HP/KAN/52D12/2020/15,Kangra,Utrala-Galau Tikkar Rd,32.11,76.62,Debris            Slide,,,1621.5811767578125,10.2509960351134,,
7051,HP/KAN/52D12/2020/21,Kangra,Binwa,32.11,76.66,Debris            Slide,,,1622.086181640625,34.60768112688795,,
7052,HP/KAN/52D08/2018/130,Kangra,DARNOO PALAMPUR ROAD,32.110388,76.490495,Rock cum debris   Slide,,,1131.384033203125,33.69708832580454,,
7053,HP/KAN/52D08/2018/129,Kangra,ARMY CANTONMENT NH 154,32.1108,76.31034,Debris            Slide,,,726.7848510742188,28.2971759182612,,
7054,HP/KAN/52D08/2018/138,Kangra,NADDI NH 154,32.11103,76.3113,Debris            Slide,,,719.386962890625,15.10243408979218,,
7055,HP/KAN/52D04/2018/126,Kangra,Samleta,32.111601,76.158497,Rock              Slide,,,530.3159790039062,33.105896593545054,,
7056,HP/KAN/52D08/2018/88,Kangra,BHAGOTLA,32.11166,76.488207,Debris            Slide,,,1090.538818359375,22.755329212553935,,
7057,HP/KAN/52D08/2018/90,Kangra,,32.112039,76.48828,Debris            Slide,,,1094.01123046875,28.487905758828617,,
7058,HP/KAN/52D04/2018/131,Kangra,"North of Lanj, SH 23",32.11216,76.137797,Rock              Slide,,,571.05908203125,19.70163307713654,,
7059,HP/KAN/52D08/2018/89,Kangra,BHAGOTLA,32.11242,76.48828,Rock,Slide,2018,1098.1534423828125,29.21824932024728,,
7060,HP/KAN/52D08/2018/87,Kangra,BHAGOTLA,32.112744,76.488209,Debris            Slide,,,1101.501220703125,27.654767937448693,,
7061,HP/KAN/52D04/2018/130,Kangra,"Manol, SH 23",32.113208,76.137608,Rock              Slide,,,579.0227661132812,19.55442708313091,,
7062,HP/KUL/52H04/2015/186,Kullu,Naggar Castle road,32.1161,77.1936,Rock              Slide,,,2102.32421875,21.15652936363247,,
7063,HP/KUL/52H04/2015/185,Kullu,Naggar Castle road,32.1165,77.1944,Debris            Slide,,,2148.111572265625,35.359090857073795,,
7064,HP/KAN/52D08/2018/55,Kangra,BHAGOTLA,32.11653,76.48993,Debris            Slide,,,1117.2208251953125,26.93408121360452,,
7065,HP/KAN/52D08/2018/145,Kangra,RAJHAUN BHAGOTLA,32.116842,76.489831,Debris            Slide,,,1132.3253173828125,28.76071338529053,,
7066,HP/KUL/52H04/2015/188,Kullu,Naggar Castle road,32.1173,77.1893,Debris            Slide,,,1957.0289306640625,31.497129204286548,,
7067,HP/KAN/52D04/2018/162,Kangra,Hamal,32.118461,76.032663,Debris            Slide,,,478.7098083496094,24.736352141555205,,
7068,HP/KAN/52D04/2018/163,Kangra,Hamal,32.118489,76.032167,Debris            Slide,,,500.66949462890625,26.15755987057943,,
7069,HP/KUL/52H04/2015/187,Kullu,Naggar Castle road,32.1187,77.1912,Debris            Slide,,,2063.683837890625,31.066049463065507,,
7070,HP/KAN/52D04/2018/27,Kangra,West of Parai,32.11895,76.172328,Rock              Slide,,,583.7469482421875,23.19960104972547,,
7071,HP/KAN/52D08/2018/123,Kangra,BHAGOTLA,32.119212,76.49013,Debris            Slide,,,1155.083251953125,17.71013194685953,,
7072,HP/KAN/52D04/2018/29,Kangra,Bhorbal,32.122483,76.176075,Rock              Slide,,,563.3863525390625,29.515404694123475,,
7073,HP/KAN/52D04/2018/164,Kangra,Badhala,32.123854,76.030334,Debris            Slide,,,515.3333740234375,22.741613233980793,,
7074,HP/KUL/52H04/2015/136,Kullu,NH21,32.1241,77.151,Debris            Slide,,,1506.2327880859375,41.43818329664024,,
7075,HP/KUL/52H04/2015/189,Kullu,Sarsai-Baltha road,32.1243,77.1675,Debris            Creep,,,1730.765869140625,35.28981550316904,,
7076,HP/KUL/52H04/2015/137,Kullu,NH21,32.1263,77.1527,Debris            Slide,,,1521.117919921875,22.668120700239292,,
7077,HP/KAN/52D04/2018/36,Kangra,West of Chatreta,32.127756,76.171261,Debris            Slide,,,575.941162109375,33.329719177471326,,
7078,HP/KAN/52D04/2018/37,Kangra,West of Chatreta,32.128064,76.174364,Rock              Slide,,,561.3617553710938,32.300324153760386,,
7079,HP/KAN/52D04/2018/30,Kangra,West of Chatreta,32.129215,76.176529,Rock cum debris   Slide,,,561.26220703125,29.11489144652047,,
7080,HP/KAN/52D12/2020/8,Kangra,Thala,32.13,76.53,Debris            Slide,,,1316.479248046875,25.524814922237685,,
7081,HP/KAN/52D04/2018/101,Kangra,Tiara R. F,32.130578,76.223767,Debris            Slide,,,879.283447265625,16.38801136903511,,
7082,HP/KUL/52H04/2015/178,Kullu,Manali-Naggar Road,32.1325,77.1722,Rock              Slide,,,1681.4456787109375,44.805688405209914,,
7083,HP/KAN/52D04/2018/165,Kangra,Badhala,32.13397,76.027752,Debris            Slide,,,502.5224609375,20.037131957132512,,
7084,HP/KAN/43P16/2020/3,Kangra,Bhatoli Near Bhatoli,32.14,75.88,Debris,Slide,2016,632.111572265625,16.42967497533302,,
7085,HP/KAN/43P16/2020/16,Kangra,Bhatili,32.14,75.88,Debris            Slide,,,632.111572265625,16.42967497533302,,
7086,HP/KUL/52H04/2015/132,Kullu,Kathor-Shil road,32.1401,77.1184,Rock              Slide,,,2056.623779296875,53.695646594554745,,
7087,HP/KAN/52D04/2018/38,Kangra,Balta,32.140765,76.195255,Rock cum debris   Slide,,,583.6190795898438,17.236453868077803,,
7088,HP/KAN/52D04/2018/132,Kangra,Jhroli,32.145327,76.137115,Rock              Slide,,,653.2459716796875,25.666412249815327,,
7089,HP/KAN/52D04/2018/39,Kangra,Kolha,32.146207,76.191258,Debris            Slide,,,569.9500122070312,19.90637851809044,,
7090,HP/KAN/52D12/2020/18,Kangra,Thala,32.15,76.53,Debris            Slide,,,1607.1907958984375,24.717925069683343,,
7091,HP/KUL/52H04/2015/131,Kullu,Ligan- Panang Road,32.1512,77.1574,Rock              Fall,,,1835.9207763671875,37.36726640724041,,
7092,HP/KUL/52H04/2015/138,Kullu,NH21,32.1556,77.1709,Debris            Slide,,,1585.8848876953125,24.376246196346088,,
7093,HP/KAN/52D04/2018/124,Kangra,Thehr P.F,32.156751,76.128739,Rock              Slide,,,572.3442993164062,23.814730287212768,,
7094,HP/KAN/52D04/2018/123,Kangra,Thehr P.F,32.158584,76.129886,Rock              Slide,,,593.5205078125,31.25774889886466,,
7095,HP/KAN/52D04/2018/133,Kangra,Pandhu,32.158908,76.138223,Rock cum debris   Slide,,,600.4710693359375,18.786315579779146,,
7096,HP/KAN/43P12/2020/1,Kangra,Indpur,32.16,75.74,Debris            Slide,,,392.2232666015625,19.26688771410829,,
7097,HP/KUL/52H04/2015/130,Kullu,Ligan village road,32.1603,77.1612,Debris            Slide,,,1903.4156494140625,22.32343089101165,,
7098,HP/KAN/52D04/2018/139,Kangra,Bangrur,32.160927,76.033764,Rock              Slide,,,461.78668212890625,36.38947789734071,,
7099,HP/KAN/52D04/2019/830,Kangra,"Bherun slide Bherun village, Nerti Panchayat,",32.160972,76.208832,Debris            Slide,,,658.406005859375,18.97891936718409,,
7100,HP/KAN/52D04/2018/40,Kangra,South of Chartha,32.161301,76.188895,Rock              Slide,,,674.5292358398438,27.437944447065156,,
7101,HP/KAN/52D04/2018/138,Kangra,Bagrur,32.162176,76.033233,Rock              Slide,,,455.6678771972656,37.073813487174256,,
7102,HP/KAN/52D04/2018/136,Kangra,Bagrur,32.162896,76.032462,Rock              Slide,,,504.7793884277344,37.61630434353252,,
7103,HP/KAN/53A05/2018/149,Kangra,KACHHIARI KHAS JWALAJI ROAD,32.16468,76.29451,Debris            Slide,,,839.4052734375,20.029989318719966,,
7104,HP/KAN/52D04/2018/137,Kangra,Bagrur,32.164913,76.032681,Rock              Slide,,,449.5,34.41848980886128,,
7105,HP/KAN/52D08/2018/110,Kangra,JWALAJI ROAD,32.16517,76.45095,Debris            Slide,,,1385.241455078125,29.484127361104008,,
7106,HP/KAN/53A05/2018/111,Kangra,JWALAJI ROAD,32.16532,76.29517,Debris            Slide,,,833.6090087890625,28.20657391087496,,
7107,HP/KAN/52D08/2018/38,Kangra,,32.16533,76.451093,Rock cum debris   Slide,,,1376.9415283203125,34.614741042982864,,
7108,HP/KAN/52D08/2018/36,Kangra,,32.16547,76.45073,Rock cum debris   Slide,,,1402.4901123046875,25.365101899184666,,
7109,HP/KAN/52D08/2018/1,Kangra,JWALAJI ROAD,32.16602,76.29607,Debris            Slide,,,851.1640014648438,33.46807779692661,,
7110,HP/KAN/52D08/2018/39,Kangra,,32.1664,76.44601,Rock cum debris   Slide,,,1420.1761474609375,28.91707067400803,,
7111,HP/KUL/52H04/2015/129,Kullu,Ligan village road,32.1665,77.1604,Debris            Subsidence,,,2065.93896484375,24.728350303914656,,
7112,HP/KAN/52D08/2018/85,Kangra,MDR 44,32.16657,76.297136,Debris            Slide,,,862.5735473632812,30.154089893031532,,
7113,HP/KUL/52H04/2015/127,Kullu,Sangchar village road,32.1668,77.1539,Rock              Fall,,,2291.943115234375,28.87479203565759,,
7114,HP/KAN/52D08/2018/59,Kangra,,32.16747,76.42822,Rock cum debris   Slide,,,1303.0234375,23.41986388809614,,
7115,HP/KUL/52H04/2015/128,Kullu,Sangchar village road,32.1681,77.1557,Rock              Fall,,,2289.2177734375,39.776852606014906,,
7116,HP/KAN/52D08/2018/140,Kangra,NH 154,32.1684,76.25648,Debris            Slide,,,733.7077026367188,28.601075728844627,,
7117,HP/KAN/52D08/2018/141,Kangra,KACHHIARI KHAS NH 154,32.1691,76.2571,Debris            Slide,,,738.9910888671875,31.185461213876664,,
7118,HP/KAN/52D04/2018/134,Kangra,South of Harnera,32.16937,76.143917,Rock cum debris   Slide,,,610.3615112304688,28.616369603521008,,
7119,HP/KAN/52D08/2018/109,Kangra,SIKOH-GAGGAL ROAD,32.169553,76.301266,Debris            Creep,,,875.8107299804688,27.145201277737076,,
7120,HP/KAN/52D04/2018/125,Kangra,North of Of bhalwa,32.169633,76.136788,Rock              Slide,,,638.407470703125,14.917963513318428,,
7121,HP/KAN/52D08/2018/84,Kangra,MDR 44,32.170179,76.302572,Debris            Slide,,,886.9124145507812,28.460230307507626,,
7122,HP/KUL/52H04/2015/139,Kullu,NH21,32.1702,77.1796,Debris            Slide,,,1614.8255615234375,6.135606515758711,,
7123,HP/KAN/53A05/2018/147,Kangra,NH 154,32.17075,76.2577,Debris            Slide,,,735.88330078125,36.681055330518426,,
7124,HP/KAN/52D08/2018/40,Kangra,,32.1713,76.42132,Rock cum debris,Subsidence,2018,1366.4493408203125,25.12206363485256,,
7125,HP/KAN/52D08/2018/86,Kangra,MDR 44,32.17205,76.3047,Debris            Slide,,,893.8574829101562,31.056372286125217,,
7126,HP/KAN/52D08/2018/16,Kangra,MDR 44,32.17213,76.30503,Debris            Slide,,,903.9725952148438,36.56164761485024,,
7127,HP/KAN/52D04/2018/158,Kangra,North of Khabbal,32.173645,76.042366,Rock              Slide,,,500.0081176757813,24.1752154297453,,
7128,HP/KAN/52D08/2018/47,Kangra,KHARTI MDR 44,32.17375,76.30665,Debris            Slide,,,905.390380859375,23.90758020038275,,
7129,HP/KAN/52D08/2018/31,Kangra,,32.17397,76.30778,Debris,Slide,2017,907.91845703125,29.183883516025897,,
7130,HP/KAN/52D08/2018/12,Kangra,TILLU MDR 44,32.17448,76.3077,Debris            Slide,,,918.7251586914062,22.75611202913992,,
7131,HP/KAN/52D08/2018/7,Kangra,SIKOH-GAGGAL ROAD,32.17482,76.30753,Debris            Slide,,,932.87890625,29.967943975564022,,
7132,HP/KAN/52D08/2018/13,Kangra,NEAR STADIUM MDR 44,32.17495,76.30842,Debris            Slide,,,938.3236694335938,22.121979964669833,,
7133,HP/KAN/52D08/2018/142,Kangra,MENJHA UPARLA KANGRA ROAD,32.17508,76.3079,Debris            Slide,,,935.947265625,13.766101064955611,,
7134,HP/KAN/52D08/2018/14,Kangra,NEAR STADIUM MDR 44,32.1755,76.30913,Debris            Slide,,,935.7684326171876,32.42285311139835,,
7135,HP/KAN/52D04/2018/146,Kangra,West of padav,32.177177,76.092344,Debris            Slide,,,629.4459838867188,11.665584908103556,,
7136,HP/KAN/53A05/2018/148,Kangra,Rakkar,32.17747,76.263969,Debris,Slide,2018,749.7538452148438,15.901904024615057,,
7137,HP/KAN/52D04/2018/147,Kangra,West of Padav,32.177878,76.093439,Debris            Slide,,,625.9656372070312,10.495328643535675,,
7138,HP/KAN/52D04/2018/150,Kangra,Padav,32.178645,76.099215,Debris            Slide,,,653.6956787109375,21.55558268504173,,
7139,HP/KAN/52D04/2018/148,Kangra,West of Padav,32.179215,76.092762,Debris            Slide,,,642.8043823242188,16.586985700002227,,
7140,HP/KAN/52D04/2018/161,Kangra,Dhiala,32.17926,76.045386,Rock              Slide,,,526.8955078125,38.86489698920654,,
7141,HP/KAN/52D04/2018/149,Kangra,Padav,32.179306,76.099056,Debris            Slide,,,634.4797973632812,21.766339511303176,,
7142,HP/KUL/52H04/2015/140,Kullu,NH21,32.1794,77.1801,Debris            Slide,,,1675.33984375,34.786424900418616,,
7143,HP/KAN/52D08/2018/114,Kangra,Jatehr,32.179425,76.26711,Debris,Slide,2018,765.6050415039062,10.639779574502914,,
7144,HP/KAN/52D08/2018/93,Kangra,KANED,32.18073,76.34677,Debris            Slide,,,1074.3438720703125,30.95350119193817,,
7145,HP/KAN/52D08/2018/144,Kangra,RAJHAUN SUKAR ROAD,32.1809,76.34602,Debris            Slide,,,1068.20703125,9.147487697260807,,
7146,HP/KAN/52D04/2018/159,Kangra,Dhiala,32.181575,76.043635,Rock              Slide,,,541.321533203125,37.51144628753513,,
7147,HP/KAN/52D04/2018/160,Kangra,Dhiala,32.182245,76.042907,Rock              Slide,,,505.2373046875,35.21755416796447,,
7148,HP/KAN/52D08/2018/25,Kangra,TIHRI ROAD,32.18242,76.40909,Debris            Slide,,,1361.494140625,31.976513152295052,,
7149,HP/KAN/52D08/2018/35,Kangra,,32.18339,76.41469,Debris            Slide,,,1394.8648681640625,26.469727000943344,,
7150,HP/KAN/52D08/2018/41,Kangra,,32.1834,76.42083,Rock cum debris   Slide,,,1372.13134765625,33.740110297884314,,
7151,HP/KAN/52D04/2018/154,Kangra,"Beh, Jawali road",32.183503,76.040245,Rock cum debris   Slide,,,477.156494140625,27.615348575126465,,
7152,HP/KAN/52D08/2018/72,Kangra,MATAUR ROAD,32.18445,76.35173,Debris            Slide,,,1146.0205078125,26.87374831758465,,
7153,HP/KUL/52H04/2015/141,Kullu,NH21,32.1848,77.1824,Debris            Slide,,,1752.1527099609375,17.690091179166906,,
7154,HP/KAN/52D04/2018/155,Kangra,Jawali Kotla road,32.18562,76.039187,Rock              Slide,,,484.5983581542969,27.97384506225693,,
7155,HP/KAN/52D04/2018/41,Kangra,"Rait slide Rait, NH 20",32.186795,76.21908,Debris,Slide,2018,667.59716796875,27.05589648990578,,
7156,HP/KAN/52D08/2018/60,Kangra,RAKKAR TANG ROAD,32.18798,76.39142,Debris            Slide,,,1319.0531005859375,23.83984280938136,,
7157,HP/KAN/52D08/2018/70,Kangra,RAKKAR TANG ROAD,32.188076,76.39143,Debris            Slide,,,1319.0531005859375,23.839865109354538,,
7158,HP/KAN/52D04/2018/166,Kangra,Nariah,32.188833,76.038235,Rock              Slide,,,481.7561950683594,35.83738490773057,,
7159,HP/KAN/52D04/2018/153,Kangra,Theddi,32.189224,76.043565,Rock              Slide,,,512.2030639648438,37.58921563138484,,
7160,HP/KAN/52D04/2018/64,Kangra,Dhanatu,32.191687,76.222712,Debris            Slide,,,678.2647094726562,24.28122785226472,,
7161,HP/KAN/52D08/2018/15,Kangra,ARMY CANTONMENT SIKOH-GAGGAL ROAD,32.19302,76.31888,Debris            Slide,,,1101.5841064453125,12.301300725777542,,
7162,HP/KAN/52D08/2018/34,Kangra,TIHRI ROAD,32.19309,76.38886,Rock cum debris   Slide,,,1379.0966796875,9.303526694971142,,
7163,HP/KAN/52D08/2018/33,Kangra,,32.19564,76.3786,Debris            Creep,,,1313.109619140625,20.0407037621699,,
7164,HP/KAN/52D08/2018/67,Kangra,KAND RAKKAR TANG ROAD,32.19604,76.38299,Debris            Creep,,,1368.1612548828125,20.767700948533054,,
7165,HP/KAN/52D08/2018/62,Kangra,,32.19677,76.32115,Debris            Slide,,,1151.072021484375,4.178451288398505,,
7166,HP/KAN/52D04/2018/71,Kangra,Dhanetu,32.198024,76.229843,Debris            Slide,,,715.3851318359375,38.57159860015331,,
7167,HP/KAN/52D08/2018/107,Kangra,DARI ROAD,32.19878,76.32685,Debris            Slide,,,1134.084228515625,29.026156395787115,,
7168,HP/KAN/52D04/2018/151,Kangra,Kaldun,32.198847,76.030447,Rock              Slide,,,539.4010009765625,38.05630421844951,,
7169,HP/KAN/52D08/2018/137,Kangra,Rakkar Tang Road,32.19952,76.37448,Debris            Slide,,,1302.670654296875,19.783619990251463,,
7170,HP/KAN/52D08/2018/5,Kangra,SAPRI ROAD,32.20018,76.32545,Debris,Slide,2017,1136.085693359375,36.28638942979942,,
7171,HP/KAN/52D08/2018/22,Kangra,,32.2002,76.32652,Debris            Slide,,,1129.697021484375,14.985940716132651,,
7172,HP/KUL/52H04/2015/142,Kullu,NH21,32.2004,77.1882,Debris            Slide,,,1723.8692626953125,1.0373420433480522,,
7173,HP/KAN/52D08/2018/113,Kangra,DARI ROAD,32.20077,76.32758,Debris            Slide,,,1133.3800048828125,29.73660825474802,,
7174,HP/KAN/52D08/2018/77,Kangra,RAKKAR TANG ROAD,32.20099,76.37439,Debris,Slide,2014,1324.8907470703125,16.71284109437834,,
7175,HP/KAN/52D08/2018/115,Kangra,,32.20177,76.28042,Debris            Slide,,,915.32421875,21.882985613473615,,
7176,HP/KUL/52H04/2015/143,Kullu,NH21,32.202,77.1886,Debris            Slide,,,1722.624267578125,16.537897041163394,,
7177,HP/KAN/52D08/2018/4,Kangra,SAPRI ROAD,32.20217,76.3265,Debris,Slide,2017,1138.048828125,7.344267594970713,,
7178,HP/KAN/52D04/2018/167,Kangra,Kaldun,32.203032,76.026034,Rock              Slide,,,536.0081787109375,26.89420985664486,,
7179,HP/KAN/52D04/2018/152,Kangra,Kaldun,32.203806,76.027277,Rock              Slide,,,540.9583740234375,27.287455636929533,,
7180,HP/KAN/52D08/2018/3,Kangra,,32.20411,76.38449,Rock cum debris   Slide,,,1638.552490234375,33.0140439235068,,
7181,HP/KAN/52D08/2018/122,Kangra,,32.204211,76.378547,Rock cum debris,Slide,2007,1448.912841796875,24.96343951370961,,
7182,HP/KAN/52D08/2018/121,Kangra,,32.204211,76.378547,Rock cum debris,Slide,2007,1448.912841796875,24.96343951370961,,
7183,HP/KAN/52D04/2018/156,Kangra,Anuhi,32.204535,76.036184,Rock              Slide,,,483.5545349121094,2.0487390979092996,,
7184,HP/KAN/52D04/2018/42,Kangra,"Bohara, near bridge NH 20",32.205047,76.193823,Debris            Slide,,,714.67919921875,15.52203259693224,,
7185,HP/KAN/52D04/2018/168,Kangra,Anuhi,32.206445,76.035544,Rock              Slide,,,551.9135131835938,29.726920822546585,,
7186,HP/KAN/52D04/2018/157,Kangra,Anuhi,32.206463,76.03277,Rock              Slide,,,551.4763793945312,34.438008648716966,,
7187,HP/KAN/52D08/2018/2,Kangra,NAGUNI ROAD,32.2073,76.37782,Debris            Slide,,,1460.0545654296875,42.66588249783867,,
7188,HP/KAN/52D08/2018/116,Kangra,,32.21201,76.285902,Debris            Slide,,,981.8134155273438,17.0327232263583,,
7189,HP/KAN/52D08/2018/120,Kangra,BAROL MDR 45,32.21413,76.29338,Debris            Slide,,,1053.3538818359375,28.781602148764208,,
7190,HP/KAN/52D08/2018/117,Kangra,MDR 45,32.21593,76.2926,Debris            Slide,,,1043.9599609375,22.8402824113768,,
7191,HP/KAN/52D08/2018/42,Kangra,KALESWAR KHANYARA ROAD,32.21627,76.33432,Debris            Slide,,,1322.235107421875,24.88747548091712,,
7192,HP/KAN/52D08/2018/76,Kangra,MDR 45,32.21783,76.31423,Debris            Slide,,,1281.989013671875,19.73842665580258,,
7193,HP/KUL/52H04/2015/159,Kullu,NH21,32.2179,77.1925,Debris            Slide,,,1780.0169677734375,16.81202711625201,,
7194,HP/KAN/52D04/2018/43,Kangra,"Sinwan, NH 20",32.218832,76.138143,Debris            Slide,,,783.1084594726562,14.506865635781526,,
7195,HP/KAN/52D04/2018/44,Kangra,"Sirwan, NH 20",32.219247,76.13715,Debris            Slide,,,756.97412109375,8.784789518223088,,
7196,HP/KAN/43P16/2020/9,Kangra,chachchiya,32.22,75.97,Debris            Slide,,,515.6272583007812,0.827891607570661,,
7197,HP/KAN/53A05/2018/146,Kangra,KHANYARA,32.220342,76.364508,Rock              Slide,,,1449.026123046875,15.310446582970073,,
7198,HP/KAN/52D08/2018/21,Kangra,KHANYARA,32.22035,76.36455,Rock cum debris   Slide,,,1449.026123046875,15.310447768003105,,
7199,HP/KAN/52D08/2018/143,Kangra,KHANYARA,32.22062,76.36415,Rock              Slide,,,1455.261474609375,27.70474655575394,,
7200,HP/KAN/52D08/2018/75,Kangra,INDRUNAG ROAD,32.22075,76.34068,Debris            Slide,,,1499.45458984375,21.765768149246657,,
7201,HP/KAN/52D08/2018/99,Kangra,KHANYARA,32.22087,76.363247,Rock              Slide,,,1456.1593017578125,31.977707323920537,,
7202,HP/KAN/52D08/2018/119,Kangra,RAJHAUN KHANYARA ROAD,32.2211,76.32962,Rock              Fall,,,1345.9210205078125,36.89517506461498,,
7203,HP/KAN/52D08/2018/74,Kangra,INDRUNAG ROAD,32.22127,76.33923,Rock cum debris   Slide,,,1518.98583984375,28.55469534959868,,
7204,HP/KAN/52D08/2018/73,Kangra,DHARAMSHALA EDUCATION BOARD INDRUNAG ROAD,32.22135,76.33962,Debris            Slide,,,1519.64892578125,29.29222257510396,,
7205,HP/KAN/52D08/2018/65,Kangra,INDRUNAG ROAD,32.22172,76.3395,Debris            Slide,,,1537.5201416015625,30.826975031466368,,
7206,HP/KAN/52D08/2018/66,Kangra,INDRUNAG ROAD,32.22178,76.34007,Debris            Subsidence,,,1533.325439453125,23.80282345652849,,
7207,HP/KAN/52D04/2018/45,Kangra,"East of Bhali, NH 20",32.2219,76.116505,Debris            Slide,,,708.1585693359375,16.430470509157324,,
7208,HP/KAN/52D04/2018/70,Kangra,North of Thamba,32.222086,76.235258,Debris            Slide,,,927.2724609375,38.58113542041233,,
7209,HP/KAN/52D08/2018/63,Kangra,INDRUNAG ROAD,32.22248,76.33828,Debris            Slide,,,1597.442626953125,28.56211251526943,,
7210,HP/KAN/52D08/2018/64,Kangra,INDRUNAG ROAD,32.22261,76.33749,Rock cum debris   Slide,,,1591.34033203125,20.82969702399345,,
7211,HP/KAN/52D04/2018/47,Kangra,"Sihuni, NH 20",32.222617,76.096977,Debris            Slide,,,649.9688110351562,36.47851006294674,,
7212,HP/KAN/52D04/2018/93,Kangra,Tharu R.F,32.222619,76.242679,Debris            Slide,,,952.4664306640624,32.24356579941191,,
7213,HP/KAN/52D04/2018/50,Kangra,Sihuni,32.223005,76.099493,Debris            Slide,,,662.4703369140625,29.50946406300976,,
7214,HP/KAN/52D08/2018/68,Kangra,INDRUNAG ROAD,32.22301,76.336617,Debris            Slide,,,1550.1343994140625,19.602706729576205,,
7215,HP/KAN/52D08/2018/71,Kangra,INDRUNAG BANGOTU ROAD,32.22308,76.33932,Debris            Slide,,,1610.1748046875,29.86605783395315,,
7216,HP/KAN/52D04/2018/48,Kangra,"Bhalli rock slide Bhalli village, NH 20",32.223283,76.09414,Rock,Slide,2018,604.2860717773438,22.329000997857655,,
7217,HP/KAN/52D08/2018/11,Kangra,KHAROTA INDRUNAG BANGOTU ROAD,32.2233,76.33993,Debris            Slide,,,1615.733154296875,25.371327633017746,,
7218,HP/KAN/52D04/2018/46,Kangra,"Bhalli slide Bhalli village, NH 20",32.223305,76.09764,Debris,Slide,2018,656.9078979492188,31.775612645870243,,
7219,HP/KAN/52D04/2018/49,Kangra,"Sihuri, NH 20",32.223332,76.100763,Debris            Slide,,,672.203369140625,21.993536016783843,,
7220,HP/KAN/52D08/2018/128,Kangra,MCLEODGANJ DHARAMSHALA,32.22353,76.32147,Debris            Slide,,,1465.58251953125,26.56237478286921,,
7221,HP/KAN/52D08/2018/136,Kangra,MCLEODGANJ ROAD,32.22363,76.31663,Debris            Slide,,,1339.98193359375,16.823699502789587,,
7222,HP/KAN/52D08/2018/28,Kangra,KANGRA-JWALAJI ROAD,32.22373,76.3402,Debris            Slide,,,1623.867919921875,31.46441817505115,,
7223,HP/KAN/52D08/2018/29,Kangra,INDRUNAG BANGOTU ROAD,32.22388,76.34107,Debris            Slide,,,1629.9593505859375,23.097235535160817,,
7224,HP/KAN/52D04/2018/53,Kangra,Sihuni,32.224578,76.084915,Rock              Slide,,,577.3373413085938,30.143681919254444,,
7225,HP/KAN/52D04/2018/52,Kangra,"Sihuni, NH 20",32.224747,76.089937,Debris            Slide,,,573.1522216796875,18.7915721471369,,
7226,HP/KAN/52D04/2018/129,Kangra,"Sihuni, SH 23",32.224908,76.074522,Rock              Slide,,,650.1815185546875,24.88206874463132,,
7227,HP/KAN/52D08/2018/27,Kangra,INDRUNAG BANGOTU ROAD,32.22505,76.34125,Debris            Slide,,,1680.2379150390625,27.79532896231879,,
7228,HP/KAN/52D04/2018/128,Kangra,"Sihuni, SH 23",32.225233,76.077122,Rock              Slide,,,626.0142211914062,15.225998887284636,,
7229,HP/KAN/52D08/2018/18,Kangra,,32.22543,76.34152,Debris            Slide,,,1715.326904296875,30.536331584382623,,
7230,HP/KAN/52D08/2018/56,Kangra,ARMY CANTONMENT INDRUNAG BANGOTU ROAD,32.22548,76.34264,Rock cum debris   Slide,,,1721.87353515625,26.478109678469668,,
7231,HP/KAN/52D08/2018/26,Kangra,RAJHAUN KHAS TIHRI ROAD,32.22568,76.34243,Debris            Slide,,,1716.837646484375,30.02007414582788,,
7232,HP/KAN/52D04/2018/31,Kangra,Sihuni,32.225705,76.087137,Rock              Slide,,,589.6382446289062,23.18888224499619,,
7233,HP/KUL/52H04/2015/1,Kullu,Aleo-Naggar,32.2258,77.198,Debris            Creep,,,1866.6318359375,25.24064505946965,,
7234,HP/KAN/52D04/2018/98,Kangra,"Kotla, SH 23",32.22581,76.07867,Rock              Slide,,,612.7330322265625,31.8327117391931,,
7235,HP/KAN/52D04/2018/32,Kangra,Sihuni,32.225911,76.088001,Rock              Slide,,,570.0861206054688,30.786957322697656,,
7236,HP/KAN/52D04/2018/94,Kangra,Tharu R.F,32.225982,76.244017,Debris            Slide,,,1025.86767578125,24.659112824969935,,
7237,HP/KAN/52D04/2018/33,Kangra,Sihuni,32.226104,76.088809,Rock              Slide,,,560.2510375976562,25.797997276439723,,
7238,HP/KAN/52D04/2018/35,Kangra,"Sihuni, NH 20",32.226347,76.083865,Rock              Slide,,,572.2191162109375,30.351542993054434,,
7239,HP/KAN/52D08/2018/43,Kangra,INDRUNAG ROAD,32.22662,76.33603,Rock cum debris   Slide,,,1546.89208984375,34.66931595671481,,
7240,HP/KAN/52D08/2018/49,Kangra,KHARTI INDRUNAG ROAD,32.22666,76.33593,Rock cum debris   Slide,,,1536.1346435546875,28.415251299162737,,
7241,HP/KUL/52H04/2015/98,Kullu,Alaini-Hamta pass Road,32.2277,77.2187,Debris            Slide,,,2637.686767578125,29.15542297542864,,
7242,HP/KAN/52D04/2018/62,Kangra,"South of Trilokpur, NH 20",32.228067,76.075445,Rock              Slide,,,545.747314453125,26.86353628404225,,
7243,HP/KAN/52D08/2018/104,Kangra,MCLEODGANJ ROAD,32.22833,76.30835,Rock cum debris,Slide,2018,1491.794921875,29.504962853234566,,
7244,HP/KAN/52D08/2018/105,Kangra,ARMY CANTONMENT SUDHED KHAS ROAD,32.22855,76.308618,Rock              Slide,,,1504.28271484375,30.505223752104616,,
7245,HP/KAN/52D08/2018/44,Kangra,INDRUNAG ROAD,32.22859,76.33666,Rock cum debris   Slide,,,1538.5081787109375,19.41844004110949,,
7246,HP/KAN/52D08/2018/108,Kangra,SUDHED KHAS ROAD,32.22863,76.30913,Debris            Slide,,,1499.754638671875,36.51055650658642,,
7247,HP/KAN/52D08/2018/48,Kangra,INDRUNAG ROAD,32.22868,76.33647,Rock cum debris   Slide,,,1529.97607421875,21.963450786775237,,
7248,HP/KAN/52D04/2018/63,Kangra,"Trilokpur Slide Trilokpur village, near Kotla NH",32.228999,76.072105,Debris            Slide,,,549.3814086914062,18.037540438416144,,
7249,HP/KAN/52D08/2018/61,Kangra,SUDHED KHAS ROAD,32.22927,76.3099,Rock cum debris   Slide,,,1511.5224609375,22.00692838547736,,
7250,HP/KAN/52D04/2018/92,Kangra,Bhedu,32.229354,76.224875,Debris            Slide,,,887.6934814453125,17.62111037696235,,
7251,HP/KAN/52D08/2018/118,Kangra,NH 503; MCLEODGANJ ROAD,32.22937,76.30795,Debris            Slide,,,1552.217041015625,25.134550302381417,,
7252,HP/KAN/52D08/2018/96,Kangra,NH 503; MCLEODGANJ ROAD,32.22942,76.30618,Debris            Slide,,,1562.0760498046875,24.99997542255323,,
7253,HP/KAN/52D04/2018/127,Kangra,Trilokpur,32.22942,76.077297,Rock cum debris   Slide,,,605.7817993164062,39.0064617751877,,
7254,HP/KAN/52D08/2018/52,Kangra,NH 503; MCLEODGANJ ROAD,32.229462,76.306245,Debris            Slide,,,1562.0760498046875,24.999975481371695,,
7255,HP/KAN/52D08/2018/97,Kangra,NH 503; MCLEODGANJ ROAD,32.22965,76.30567,Debris            Slide,,,1577.0052490234375,17.57662894056753,,
7256,HP/KAN/52D04/2018/56,Kangra,"Changleta, NH 20",32.229814,76.058134,Debris            Slide,,,540.4517211914062,34.62339461111676,,
7257,HP/KUL/52H04/2015/97,Kullu,Alaini-Hamta pass Road,32.2299,77.2194,Debris            Subsidence,,,2697.1962890625,32.112471818113555,,
7258,HP/KAN/52D04/2018/34,Kangra,Sihuni,32.229936,76.081364,Rock              Slide,,,552.4343872070312,3.336052270203582,,
7259,HP/KAN/52D04/2018/61,Kangra,Sihuni,32.229973,76.081952,Rock              Slide,,,545.4356689453125,9.817534311488403,,
7260,HP/KAN/52D08/2018/135,Kangra,NH 503; MCLEODGANJ ROAD,32.23,76.31095,Debris            Slide,,,1531.0421142578125,27.52620913322236,,
7261,HP/KAN/43P16/2020/1,Kangra,Panola village,32.23,75.96,Debris            Slide,,,557.7807006835938,9.844246731117826,,
7262,HP/KAN/52D04/2018/51,Kangra,Sihuni,32.230062,76.083975,Rock              Slide,,,579.5801391601562,41.95240439074882,,
7263,HP/CHA/52D04/2018/81,Chamba,Thalol,32.230519,76.14732,Debris            Slide,,,714.3714599609375,39.43488172462786,,
7264,HP/KAN/52D08/2018/23,Kangra,MANED,32.23052,76.3182,Debris            Slide,,,1468.26123046875,18.54149060647188,,
7265,HP/KAN/52D04/2018/58,Kangra,Changleta,32.230608,76.065686,Rock              Slide,,,575.826171875,19.092726208644734,,
7266,HP/KAN/52D08/2018/6,Kangra,,32.23127,76.31015,Debris            Creep,,,1610.445068359375,19.636914392399635,,
7267,HP/KAN/52D04/2018/100,Kangra,Sarna,32.231616,76.209113,Debris            Slide,,,923.0547485351562,19.72803537005634,,
7268,HP/KAN/52D04/2018/95,Kangra,Manoh,32.231707,76.239093,Debris            Slide,,,1057.5965576171875,43.62891529326763,,
7269,HP/KAN/52D04/2018/119,Kangra,Sarna,32.231994,76.210051,Debris            Slide,,,929.7628784179688,25.96094681984749,,
7270,HP/KAN/52D08/2018/78,Kangra,DHARAMSHALA-SHAHPUR ROAD MCLEODGANJ ROAD,32.23272,76.3152,Debris            Slide,,,1509.6405029296875,17.943625326076038,,
7271,HP/KAN/52D04/2018/118,Kangra,Sarna,32.232791,76.211938,Debris            Slide,,,987.8233032226562,25.861966095641883,,
7272,HP/KAN/52D08/2018/32,Kangra,MCLEODGANJ ROAD,32.23292,76.31555,Debris            Slide,,,1514.110107421875,17.488833814177315,,
7273,HP/KAN/52D08/2018/98,Kangra,MCLEODGANJ DHARAMSHALA,32.23296,76.32699,Debris            Slide,,,1646.6329345703125,22.44274663103137,,
7274,HP/CHA/52D04/2018/80,Chamba,Thalol,32.23379,76.148993,Rock cum debris   Slide,,,772.1648559570312,25.24472902121307,,
7275,HP/KAN/52D04/2018/96,Kangra,Manoh,32.23391,76.239369,Debris            Slide,,,1112.19384765625,27.732384245271955,,
7276,HP/KAN/52D04/2018/73,Kangra,Boru,32.234083,76.224395,Debris            Slide,,,956.3712768554688,21.16311484021803,,
7277,HP/KAN/52D08/2018/30,Kangra,MCLEODGANJ ROAD,32.2341,76.31753,Debris,Subsidence,2018,1485.68798828125,20.250191856901836,,
7278,HP/KAN/52D08/2018/124,Kangra,MCLEODGANJ ROAD,32.23488,76.31062,Debris            Slide,,,1698.0509033203125,15.780352849355484,,
7279,HP/KAN/52D04/2018/72,Kangra,Boru,32.23514,76.224429,Debris            Slide,,,961.7797241210938,19.290026000045817,,
7280,HP/CHA/52D04/2018/87,Chamba,Thalol,32.235363,76.148625,Rock cum debris   Slide,,,758.9078369140625,21.178409787307324,,
7281,HP/KAN/52D04/2018/74,Kangra,Boru,32.236091,76.227385,Debris            Slide,,,1079.9261474609375,36.82524335101071,,
7282,HP/CHA/52D04/2018/88,Chamba,Chalehra,32.236617,76.14515,Debris            Slide,,,835.5931396484375,20.50504227704125,,
7283,HP/CHA/52D04/2018/68,Chamba,North of Hatli,32.236687,76.178399,Debris            Slide,,,873.3736572265625,23.60142321131833,,
7284,HP/KAN/52D08/2018/127,Kangra,DHARAMKOT ROAD,32.236941,76.327466,Debris            Slide,,,1671.1082763671875,14.757289681958524,,
7285,HP/KAN/52D08/2018/125,Kangra,BANDI NH 503; MCLEODGANJ ROAD,32.237075,76.312012,Debris            Subsidence,,,1710.4593505859375,30.359040933323367,,
7286,HP/CHA/52D04/2018/86,Chamba,West of Kun,32.23716,76.150805,Debris            Slide,,,753.1786499023438,24.822283003652537,,
7287,HP/KAN/52D04/2018/69,Kangra,South of Boru,32.237196,76.225353,Debris            Slide,,,1036.25537109375,33.92482722523635,,
7288,HP/KAN/52D08/2018/45,Kangra,NH 503; MCLEODGANJ ROAD,32.2374,76.31237,Debris            Slide,,,1716.948486328125,27.802298675201147,,
7289,HP/CHA/52D04/2018/67,Chamba,North of Hatli,32.237922,76.177866,Debris            Slide,,,846.5953979492188,20.44513931770424,,
7290,HP/KAN/52D08/2018/50,Kangra,JOL DHIRA-NAGROTA ROAD,32.23797,76.306028,Debris            Slide,,,1662.3846435546875,28.494293371950807,,
7291,HP/CHA/52D04/2018/84,Chamba,West of Kun,32.238737,76.148261,Debris            Slide,,,785.1884155273438,19.93420463372836,,
7292,HP/KAN/52D04/2018/65,Kangra,Kotla,32.23896,76.044144,Rock cum debris   Slide,,,562.9110107421875,21.34626403515249,,
7293,HP/KAN/52D04/2018/115,Kangra,Bahnala P.F,32.239832,76.192717,Debris            Slide,,,1030.533447265625,24.793612549171694,,
7294,HP/KAN/52D04/2018/75,Kangra,Basa,32.24011,76.213625,Debris            Slide,,,1010.9435424804688,24.13310482690483,,
7295,HP/KAN/52D04/2018/54,Kangra,"Kotla, NH 20",32.240216,76.042152,Rock cum debris   Slide,,,572.5193481445312,30.07936116814567,,
7296,HP/KAN/52D04/2018/55,Kangra,"Kotla, NH 20",32.240472,76.042013,Rock cum debris   Slide,,,577.5054321289062,34.74226181884833,,
7297,HP/KAN/52D04/2018/99,Kangra,Bahnala P.F,32.240866,76.191812,Debris            Slide,,,999.3966064453124,35.03017916346425,,
7298,HP/KAN/52D08/2018/24,Kangra,TIHRI ROAD,32.24157,76.31438,Debris,Slide,2018,1782.8919677734375,16.028571878661857,,
7299,HP/KAN/52D04/2018/116,Kangra,Bahnala P.F,32.241667,76.192102,Debris            Slide,,,1035.026611328125,33.85668442187061,,
7300,HP/KAN/52D04/2018/104,Kangra,Kotla,32.242296,76.04451,Rock              Slide,,,589.5634765625,33.32619324510498,,
7301,HP/KAN/52D04/2018/103,Kangra,Kotla,32.242358,76.044964,Rock              Slide,,,582.3413696289062,35.33156208644134,,
7302,HP/KAN/52D04/2018/120,Kangra,Basa,32.24244,76.214742,Debris            Slide,,,1092.0086669921875,45.0541469864251,,
7303,HP/CHA/52D04/2018/66,Chamba,North of Hatli,32.242479,76.178223,Debris            Slide,,,880.2537231445312,12.438740341745218,,
7304,HP/CHA/52D04/2018/85,Chamba,North of Hatli,32.242778,76.172318,Debris            Slide,,,1003.6591186523438,31.19988120279718,,
7305,HP/KAN/52D04/2018/121,Kangra,Basa,32.242818,76.21532,Debris            Slide,,,1157.5572509765625,43.22721451593974,,
7306,HP/CHA/52D04/2018/78,Chamba,South of Chalehra,32.242894,76.146665,Debris            Slide,,,771.1190185546875,39.729898997754674,,
7307,HP/KAN/52D08/2018/106,Kangra,DHARAMKOT ROAD,32.243056,76.329487,Debris            Slide,,,1866.506103515625,34.424918528564774,,
7308,HP/KAN/52D04/2018/102,Kangra,North of Kotla,32.243335,76.045539,Rock              Slide,,,585.0239868164062,17.942754213908547,,
7309,HP/KAN/52D08/2018/54,Kangra,TOTARANI,32.24342,76.3053,Debris,Slide,2017,1732.4788818359375,26.38203317374461,,
7310,HP/KAN/52D04/2018/97,Kangra,Basa,32.243428,76.213299,Debris            Slide,,,1079.6434326171875,46.576061134652235,,
7311,HP/CHA/52D04/2018/77,Chamba,"Chalehra, Dramman chamba",32.243557,76.14488,Rock cum debris   Slide,,,875.244384765625,30.118437774787065,,
7312,HP/KAN/52D04/2018/60,Kangra,"Balha,NH 20",32.243598,76.036407,Rock              Slide,,,551.283935546875,16.76581249937155,,
7313,HP/KUL/52H04/2015/96,Kullu,Alaini-Hamta pass Road,32.2439,77.2267,Debris            Subsidence,,,2680.463623046875,24.447274772343135,,
7314,HP/CHA/52D04/2018/83,Chamba,Chalehra,32.244023,76.146741,Debris            Slide,,,780.4969482421875,38.616749719760755,,
7315,HP/KAN/52D04/2018/112,Kangra,Bahnala P.F,32.24419,76.187058,Debris            Slide,,,961.786376953125,39.75931897201295,,
7316,HP/KAN/52D04/2018/122,Kangra,Basa,32.244451,76.211477,Debris            Slide,,,1076.8438720703125,46.59080196320354,,
7317,HP/KAN/52D04/2018/108,Kangra,North of Kotla,32.244471,76.045496,Rock              Slide,,,552.0336303710938,18.3820659133836,,
7318,HP/CHA/52D04/2018/91,Chamba,"Chalehra, Dramman chamba",32.244481,76.145027,Debris            Slide,,,884.630859375,30.965730618415016,,
7319,HP/KAN/52D04/2018/111,Kangra,Bahnala P.F,32.244779,76.187455,Debris            Slide,,,942.2411499023438,35.986497567439415,,
7320,HP/KAN/52D04/2018/109,Kangra,Bahnala P.F,32.245045,76.187158,Debris            Slide,,,961.2607421875,29.24750225955244,,
7321,HP/CHA/52D04/2018/79,Chamba,"Chalehra, Dramman chamba",32.245063,76.145409,Debris            Slide,,,894.1676635742188,34.59229346296639,,
7322,HP/KAN/52D04/2018/110,Kangra,Bahnala P.F,32.245175,76.187354,Debris            Slide,,,973.5900268554688,34.890402755170086,,
7323,HP/KAN/52D08/2018/53,Kangra,STOWARI ROAD,32.2453,76.30535,Debris            Slide,,,1813.988037109375,32.53719922022062,,
7324,HP/KAN/52D04/2018/107,Kangra,North of Kotla,32.245973,76.045979,Rock              Slide,,,554.0462036132812,28.737464895734945,,
7325,HP/KAN/52D08/2018/9,Kangra,STOWARI,32.24615,76.29033,Debris            Slide,,,1697.6851806640625,19.306500193611736,,
7326,HP/CHA/52D04/2018/89,Chamba,"Chalehra, Dramman chamba",32.246512,76.145102,Rock cum debris   Slide,,,922.9439697265624,29.709085755796796,,
7327,HP/KAN/52D04/2018/114,Kangra,Bahnala R.F,32.247324,76.189124,Debris            Slide,,,997.3203125,29.622240130098735,,
7328,HP/KAN/52D04/2018/113,Kangra,Bahnala P. F,32.247389,76.188071,Debris            Slide,,,1036.294677734375,38.96061108789027,,
7329,HP/KAN/52D04/2018/117,Kangra,Khareri,32.248071,76.195928,Soil              Slide,,,1146.0130615234375,34.133851533460394,,
7330,HP/KAN/52D08/2018/8,Kangra,TIHRI ROAD,32.24817,76.2886,Debris            Slide,,,1644.69189453125,30.04237901244977,,
7331,HP/CHA/52D04/2018/90,Chamba,"Chalehra, Dramman chamba",32.248173,76.144067,Rock cum debris   Slide,,,906.216064453125,26.434246397751963,,
7332,HP/KAN/52D08/2018/10,Kangra,BARNET,32.24822,76.28855,Rock cum debris   Slide,,,1635.3233642578125,22.15965455084913,,
7333,HP/KAN/52D08/2018/126,Kangra,GAROH KHAS NADDI ROAD,32.24827,76.30747,Debris            Creep,,,1887.455078125,17.845056196614454,,
7334,HP/KAN/52D04/2018/106,Kangra,North of Kotla,32.248408,76.046499,Rock              Slide,,,603.0631713867188,29.14944732910335,,
7335,HP/CHA/52D04/2018/82,Chamba,Chalehra,32.248617,76.146571,Debris            Slide,,,805.45166015625,24.392818527012817,,
7336,HP/KAN/52D04/2018/105,Kangra,North of Kotla,32.248623,76.046145,Rock              Slide,,,604.6860961914062,28.133811917162443,,
7337,HP/KAN/52D04/2018/57,Kangra,"North west of Balha, Nh 20",32.248853,76.032544,Rock              Slide,,,557.3410034179688,24.2259446224868,,
7338,HP/KAN/52D08/2018/79,Kangra,NADDI ROAD,32.248877,76.309059,Debris            Slide,,,1898.4190673828125,20.2105951802298,,
7339,HP/KAN/52D04/2018/59,Kangra,"NW of Balha, NH 20",32.249596,76.029911,Rock cum debris   Slide,,,584.5689697265625,34.21450507963781,,
7340,HP/CHA/52D04/2018/76,Chamba,Chelehra,32.249798,76.147211,Debris            Slide,,,791.389892578125,32.52481077851955,,
7341,HP/KAN/52D03/2020/112,Kangra,Niangal Niangal Village,32.25,76.09,Debris,Slide,2010,873.0384521484375,24.3829667668484,,
7342,HP/KAN/52D07/2018/1,Kangra,GAROH KHAS NADDI ROAD,32.25123,76.30355,Debris            Slide,,,1913.2784423828125,17.789654708891693,,
7343,HP/KUL/52H03/2015/87,Kullu,Basitha-Manali Road NH-22,32.2524,77.1895,Debris            Slide,,,1922.511474609375,13.398564805444202,,
7344,HP/KAN/43P15/2020/83,Kangra,Bol Thakran,32.26,75.95,Debris,Slide,2005,637.7772216796875,3.0613526360876793,,
7345,HP/CHA/52D03/2020/7,Chamba,Khariri Shahpur-Drini link road,32.26,76.2,Debris            Slide,,,1382.0462646484375,38.86863529481582,,
7346,HP/CHA/52D03/2020/8,Chamba,Khariri Shahpur-Drini link road,32.26,76.2,Debris            Slide,,,1382.0462646484375,38.86863529481582,,
7347,HP/CHA/52D03/2020/17,Chamba,Bhangian SH-28,32.26,76.13,Debris            Slide,,,1071.2822265625,22.49771900998663,,
7348,HP/CHA/52D03/2020/18,Chamba,Bhangian SH-28,32.26,76.14,Debris            Slide,,,1064.8199462890625,42.934980569338215,,
7349,HP/CHA/52D03/2020/76,Chamba,Khariri,32.26,76.2,Debris,Slide,2018,1382.0462646484375,38.86863529481582,,
7350,HP/CHA/52D03/2020/78,Chamba,Darini,32.26,76.19,Debris,Slide,2011,1045.2430419921875,38.424491313925024,,
7351,HP/CHA/52D03/2020/86,Chamba,Khariri Shahpur-darini road,32.26,76.2,Debris,Slide,2017,1382.0462646484375,38.86863529481582,,
7352,HP/CHA/52D03/2020/96,Chamba,Khariri Khariri,32.26,76.22,Rock              Slide,,,1201.9031982421875,5.268837671671651,,
7353,HP/CHA/52D03/2020/97,Chamba,Khariri Khariri,32.26,76.22,Rock              Slide,,,1201.9031982421875,5.268837671671651,,
7354,HP/CHA/52D03/2020/98,Chamba,Bhaler Bhaler,32.26,76.22,Rock              Slide,,,1201.9031982421875,5.268837671671651,,
7355,HP/KAN/52D03/2020/111,Kangra,Niangal Niangal Village,32.26,76.08,Debris            Slide,,,934.1465454101562,27.43276429565536,,
7356,HP/KAN/52D07/2020/142,Kangra,Left bank of Gaj khad,32.26,76.28,Debris            Slide,,,1253.9259033203125,23.501024362240017,,
7357,HP/KUL/52H03/2015/86,Kullu,Basitha-Manali Road NH-21,32.2635,77.1854,Debris            Slide,,,1967.826171875,12.569487216945712,,
7358,HP/CHA/52D03/2020/9,Chamba,Darini Darini,32.27,76.21,Debris            Slide,,,1295.6429443359375,12.562105644757624,,
7359,HP/CHA/52D03/2020/10,Chamba,Narwar Dhuli-Narwar link road,32.27,76.24,Debris,Slide,2019,1298.04345703125,20.039652117490224,,
7360,HP/CHA/52D03/2020/77,Chamba,Darini,32.27,76.19,Debris            Slide,,,1361.32958984375,38.812901504677406,,
7361,HP/CHA/52D03/2020/79,Chamba,Darini Shahpur-Darini link road,32.27,76.2,Debris,Slide,2015,1222.9261474609375,33.69823491884117,,
7362,HP/CHA/52D03/2020/80,Chamba,Bhaled,32.27,76.21,Debris,Slide,2012,1295.6429443359375,12.562105644757624,,
7363,HP/KAN/52D07/2020/144,Kangra,Near Gera village.,32.27,76.3,Debris            Slide,,,1423.1290283203125,11.817420691232018,,
7364,HP/KAN/43P15/2020/87,Kangra,Kulhan village,32.28,75.9,Debris            Slide,,,519.8565673828125,7.936701295333611,,
7365,HP/CHA/52D03/2020/4,Chamba,Bhiora Saini,32.28,76.15,Debris,Slide,2005,947.5478515625,26.85619023898924,,
7366,HP/CHA/52D03/2020/15,Chamba,SH-28,32.28,76.13,Debris,Slide,2016,1038.11181640625,15.988764762290826,,
7367,HP/CHA/52D03/2020/16,Chamba,Ladhar ghar SH-28,32.28,76.13,Debris            Slide,,,1038.11181640625,15.988764762290826,,
7368,HP/CHA/52D03/2020/49,Chamba,Rehal Ban Jangal,32.28,76.14,Debris            Slide,,,1106.557373046875,28.78082890901892,,
7369,HP/CHA/52D03/2020/56,Chamba,Rihal ban Jangal Rihal ban Jangal,32.28,76.15,Debris,Slide,2015,947.5478515625,26.85619023898924,,
7370,HP/CHA/52D03/2020/91,Chamba,Rehal Ban Jangal,32.28,76.14,Debris            Slide,,,1106.557373046875,28.78082890901892,,
7371,HP/CHA/52D03/2020/93,Chamba,Bhiora saini,32.28,76.15,Debris            Slide,,,947.5478515625,26.85619023898924,,
7372,HP/CHA/52D03/2020/99,Chamba,Lahariri Lahariri,32.28,76.22,Debris,Slide,2015,1517.90576171875,29.69243727632975,,
7373,HP/CHA/52D03/2020/102,Chamba,Ghatarla village,32.28,76.18,Debris,Slide,2016,1336.57861328125,20.989191268079463,,
7374,HP/KAN/52D03/2020/113,Kangra,Darini,32.28,76.2,Debris,Slide,2015,1348.388916015625,19.21926236305419,,
7375,HP/KAN/52D03/2020/114,Kangra,Darini,32.28,76.2,Debris            Slide,,,1348.388916015625,19.21926236305419,,
7376,HP/KAN/52D03/2020/118,Kangra,Kahkarra,32.28,76.24,Debris,Slide,2015,1682.413330078125,28.496769610017807,,
7377,HP/KAN/52D07/2020/138,Kangra,Kareri link road,32.28,76.29,Rock              Slide,,,1772.1129150390625,18.34485820838674,,
7378,HP/KAN/52D07/2020/139,Kangra,Kareri link road,32.28,76.29,Rock              Fall,,,1772.1129150390625,18.34485820838674,,
7379,HP/KAN/52D07/2020/140,Kangra,Kareri link road,32.28,76.28,Rock              Slide,,,1789.461669921875,15.653829993596656,,
7380,HP/KAN/52D07/2020/141,Kangra,Kareri link road,32.28,76.29,Rock              Slide,,,1772.1129150390625,18.34485820838674,,
7381,HP/KAN/52D07/2020/143,Kangra,Kareri link road,32.28,76.29,Rock            Slide,,,1772.1129150390625,18.34485820838674,,
7382,HP/CHA/52D11/2020/47,Chamba,Naya Gaon - Chuned Rd,32.28,76.66,Debris          Slide,,,2329.95263671875,46.41962759912472,,
7383,HP/CHA/52D11/2020/48,Chamba,Naya Gaon - Chuned Rd,32.28,76.66,Rock            Slide,,,2329.95263671875,46.41962759912472,,
7384,HP/CHA/52D11/2020/49,Chamba,Sukra-Holi-Naya Gaon Rd,32.28,76.64,Rock            Slide,,,2412.0283203125,42.95039016627478,,
7385,HP/CHA/52D11/2020/50,Chamba,Sukra-Holi-Naya Gaon Rd,32.28,76.63,Debris          Slide,,,2478.362060546875,31.45879036175981,,
7386,HP/CHA/52D11/2020/52,Chamba,Naya Gaon - Chuned Rd,32.28,76.67,Debris          Slide,,,1993.99365234375,22.06883847176262,,
7387,HP/CHA/52D11/2020/53,Chamba,Naya Gaon - Chuned Rd,32.28,76.67,Debris          Slide,,,1993.99365234375,22.06883847176262,,
7388,HP/CHA/52D11/2020/54,Chamba,Naya Gaon - Chuned Rd,32.28,76.66,Rock            Slide,,,2329.95263671875,46.41962759912472,,
7389,HP/CHA/52D11/2020/55,Chamba,Naya Gaon - Chuned Rd,32.28,76.66,Debris          Slide,,,2329.95263671875,46.41962759912472,,
7390,HP/CHA/52D11/2020/56,Chamba,Naya Gaon - Chuned Rd,32.28,76.66,Rock            Slide,,,2329.95263671875,46.41962759912472,,
7391,HP/CHA/52D11/2020/58,Chamba,Naya Gaon - Chuned Rd,32.28,76.66,Rock            Slide,,,2329.95263671875,46.41962759912472,,
7392,HP/CHA/52D11/2020/118,Chamba,Naya Gaon - Chuned Rd,32.28,76.65,Debris          Slide,,,2409.08837890625,35.78280252745474,,
7393,HP/CHA/52D11/2020/120,Chamba,Naya Gaon - Chuned Rd,32.28,76.67,Debris          Slide,,,1993.99365234375,22.06883847176262,,
7394,HP/KUL/52H03/2015/126,Kullu,Majhach Road,32.2809,77.1687,Debris          Slide,,,2153.319580078125,22.754863115382825,,
7395,HP/KUL/52H03/2015/125,Kullu,Majhach Road,32.2829,77.1677,Debris          Slide,,,2173.21875,36.458836757306784,,
7396,HP/KUL/52H03/2015/124,Kullu,Majhach Road,32.286,77.1641,Debris          Slide,,,2251.76513671875,45.77356248463275,,
7397,HP/KUL/52H03/2015/85,Kullu,Kulang-Manali Road NH-21,32.2889,77.1798,Debris          Slide,,,2148.9482421875,34.294361620918416,,
7398,HP/KUL/52H03/2015/123,Kullu,Majhach Road,32.2894,77.1657,Debris          Slide,,,2264.0986328125,32.14674423050172,,
7399,HP/KAN/43P15/2020/91,Kangra,Sahni,32.29,75.92,Debris          Slide,,,603.3495483398438,9.338482957927532,,
7400,HP/KAN/43P15/2020/92,Kangra,Kalera Kalera,32.29,75.96,Debris,Slide,2000,612.2717895507812,5.659255203598119,,
7401,HP/CHA/52D03/2020/14,Chamba,Khilan village SH-28,32.29,76.13,Debris,Slide,2015,1152.1514892578125,16.4704734302041,,
7402,HP/CHA/52D03/2020/60,Chamba,Kanol,32.29,76.23,Debris,Slide,2005,1735.854736328125,31.510133300327855,,
7403,HP/CHA/52D03/2020/100,Chamba,Ghatarla village,32.29,76.16,Debris,Slide,2016,1257.7313232421875,32.05884564045667,,
7404,HP/CHA/52D03/2020/106,Chamba,Dulara,32.29,76.14,Debris,Slide,2015,1059.514892578125,16.809991899084995,,
7405,HP/CHA/52D03/2020/108,Chamba,Ghatarla village,32.29,76.18,Debris          Slide,,,1317.7003173828125,25.46851742699113,,
7406,HP/KAN/52D03/2020/110,Kangra,Kanol village,32.29,76.23,Debris,Slide,2010,1735.854736328125,31.510133300327855,,
7407,HP/KAN/52D03/2020/115,Kangra,Lahri village,32.29,76.22,Debris          Slide,,,1523.4136962890625,20.707710622098645,,
7408,HP/CHA/52D11/2020/51,Chamba,Sukra-Holi-Naya Gaon Rd,32.29,76.63,Debris          Slide,,,2019.7506103515625,18.39873954935743,,
7409,HP/KUL/52H03/2015/121,Kullu,Majhach Road,32.2904,77.1647,Debris          Subsidence,,,2352.685791015625,19.61602797038008,,
7410,HP/KUL/52H03/2015/84,Kullu,Kulang-Manali Road NH-21,32.2906,77.1799,Debris          Slide,,,2172.44921875,37.75700118200949,,
7411,HP/KUL/52H03/2015/122,Kullu,Majhach Road,32.2912,77.1654,Debris          Subsidence,,,2323.4677734375,17.59848395728314,,
7412,HP/KUL/52H03/2015/83,Kullu,Kulang-Manali Road NH-21,32.2918,77.1803,Debris          Slide,,,2161.8203125,33.13890735831002,,
7413,HP/KUL/52H03/2015/82,Kullu,Kulang-Manali Road NH-21,32.2927,77.1807,Debris          Slide,,,2169.329833984375,33.503152561947715,,
7414,HP/KUL/52H03/2015/81,Kullu,Kulang-Manali Road NH-21,32.2943,77.1817,Debris          Slide,,,2178.30859375,35.76289549765923,,
7415,HP/KUL/52H03/2015/80,Kullu,Kulang-Manali Road NH-21,32.295,77.1821,Debris          Slide,,,2190.141845703125,30.302210505595255,,
7416,HP/KUL/52H03/2015/79,Kullu,Kulang-Manali Road NH-21,32.2956,77.1825,Debris          Slide,,,2197.467041015625,26.89374202232512,,
7417,HP/KAN/43P15/2020/90,Kangra,Nurpur,32.3,75.89,Debris          Slide,,,588.4155883789062,14.303942281600902,,
7418,HP/CHA/52D03/2020/11,Chamba,Chyur Daintha-Chyur link road,32.3,76.06,Debris,Slide,2015,844.5360107421875,50.753021600875954,,
7419,HP/CHA/52D03/2020/46,Chamba,Pukhru Jangal,32.3,76.15,Debris,Slide,2015,1392.80224609375,34.47236090418583,,
7420,HP/CHA/52D03/2020/47,Chamba,Pukhru Jangal,32.3,76.15,Debris,Slide,2015,1392.80224609375,34.47236090418583,,
7421,HP/CHA/52D03/2020/54,Chamba,Adhawar Adhawar village,32.3,76.07,Debris          Slide,,,706.3636474609375,31.32408830642213,,
7422,HP/CHA/52D03/2020/68,Chamba,Near Chyur Daintha-Chayur link road,32.3,76.06,Debris,Slide,2010,844.5360107421875,50.753021600875954,,
7423,HP/CHA/52D03/2020/71,Chamba,Near Chyur Daintha-Chayur link road,32.3,76.06,Debris,Slide,2017,844.5360107421875,50.753021600875954,,
7424,HP/CHA/52D03/2020/72,Chamba,,32.3,76.06,Debris          Slide,,,844.5360107421875,50.753021600875954,,
7425,HP/CHA/52D03/2020/75,Chamba,Adhwar,32.3,76.07,Debris,Slide,2018,706.3636474609375,31.32408830642213,,
7426,HP/CHA/52D03/2020/83,Chamba,Adhwar,32.3,76.07,Debris          Slide,,,706.3636474609375,31.32408830642213,,
7427,HP/CHA/52D03/2020/105,Chamba,Pukhru Jangal,32.3,76.15,Debris,Slide,2010,1392.80224609375,34.47236090418583,,
7428,HP/KAN/52D03/2020/116,Kangra,Boh Boh,32.3,76.19,Rock,Slide,2014,1600.4993896484375,43.26445118203468,,
7429,HP/CHA/52D11/2020/59,Chamba,Sukra-Holi-Naya Gaon Rd,32.3,76.61,Debris          Slide,,,1875.4521484375,31.950706742333185,,
7430,HP/CHA/52D11/2020/60,Chamba,Sukra-Holi-Naya Gaon Rd,32.3,76.61,Debris          Slide,,,1875.4521484375,31.950706742333185,,
7431,HP/KUL/52H03/2015/120,Kullu,Barheta-Palchan Road,32.3088,77.1727,Debris,Subsidence,2012,2312.77099609375,9.585969566295184,,
7432,HP/KAN/43P15/2020/88,Kangra,Sahhera,32.31,75.89,Debris,Slide,2005,569.890625,2.738860904428923,,
7433,HP/CHA/52D03/2020/12,Chamba,Daintha Daintha-Chyur link road,32.31,76.05,Debris          Slide,,,775.9307861328125,37.68388007489264,,
7434,HP/CHA/52D03/2020/20,Chamba,Kut village,32.31,76.05,Debris,Slide,2017,775.9307861328125,37.68388007489264,,
7435,HP/CHA/52D03/2020/21,Chamba,Chyur Village,32.31,76.05,Debris          Slide,,,775.9307861328125,37.68388007489264,,
7436,HP/CHA/52D03/2020/22,Chamba,Chyur village,32.31,76.06,Debris          Slide,,,809.3152465820312,30.196592488073065,,
7437,HP/CHA/52D03/2020/53,Chamba,Chyur Godra-Siyun link road,32.31,76.05,Debris          Slide,,,775.9307861328125,37.68388007489264,,
7438,HP/CHA/52D03/2020/57,Chamba,Chyur Daintha-Chyur link road,32.31,76.05,Debris,Slide,2015,775.9307861328125,37.68388007489264,,
7439,HP/CHA/52D03/2020/58,Chamba,Chyur Daintha-Chyur link road,32.31,76.06,Debris          Slide,,,809.3152465820312,30.196592488073065,,
7440,HP/CHA/52D03/2020/62,Chamba,Chyur,32.31,76.06,Debris,Slide,2015,809.3152465820312,30.196592488073065,,
7441,HP/CHA/52D03/2020/63,Chamba,Chyur,32.31,76.06,Debris,Slide,2010,809.3152465820312,30.196592488073065,,
7442,HP/CHA/52D03/2020/69,Chamba,Near Chyur Daintha-Chayur link road,32.31,76.06,Debris          Slide,,,809.3152465820312,30.196592488073065,,
7443,HP/CHA/52D03/2020/73,Chamba,Sihunta SH-28,32.31,76.08,Debris,Slide,2014,854.1635131835938,25.203411599438727,,
7444,HP/KAN/52D03/2020/117,Kangra,Near Boh Village,32.31,76.17,Debris,Slide,2017,1527.962646484375,40.611645793405,,
7445,HP/CHA/52D11/2020/61,Chamba,Sukra-Holi-Naya Gaon Rd,32.31,76.58,Debris          Slide,,,1884.4019775390625,26.38053696918217,,
7446,HP/CHA/52D11/2020/121,Chamba,Sukra-Holi-Naya Gaon Rd,32.31,76.57,Debris          Slide,,,2098.514892578125,28.399383297412665,,
7447,HP/KUL/52H03/2015/78,Kullu,Marhi-Palchan Road NH-21,32.3145,77.1829,Debris          Slide,,,2416.569091796875,24.036393585485023,,
7448,HP/KUL/52H03/2015/77,Kullu,Marhi-Palchan Road NH-21,32.3155,77.1837,Debris          Slide,,,2423.58154296875,33.74207641143376,,
7449,HP/KUL/52H03/2015/48,Kullu,Palchan-Rohtang Tunnel,32.3166,77.1547,Debris          Slide,,,2488.384521484375,22.813577518320372,,
7450,HP/KUL/52H03/2015/74,Kullu,Marhi-Palchan Road NH-21,32.3191,77.2034,Debris          Slide,,,2986.490966796875,29.57523699934335,,
7451,HP/KUL/52H03/2015/47,Kullu,Palchan-Rohtang Tunnel,32.3196,77.1526,Debris          Slide,,,2520.407470703125,34.758670084823585,,
7452,HP/CHA/52D03/2020/19,Chamba,Bhajan village Tundi-Bhajan link road,32.32,76.05,Debris,Slide,2017,985.2156372070312,31.178515002339,,
7453,HP/CHA/52D03/2020/61,Chamba,Kut village,32.32,76.05,Debris          Slide,,,985.2156372070312,31.178515002339,,
7454,HP/CHA/52D03/2020/64,Chamba,Bharari village Tundi-Bharari link road,32.32,76.05,Rock,Slide,2017,985.2156372070312,31.178515002339,,
7455,HP/CHA/52D11/2020/123,Chamba,Sukra-Holi-Naya Gaon Rd,32.32,76.56,Debris          Slide,,,2053.123291015625,20.617689486588404,,
7456,HP/CHA/52D11/2020/124,Chamba,Sukra-Holi-Naya Gaon Rd,32.32,76.56,Debris          Slide,,,2053.123291015625,20.617689486588404,,
7457,HP/KUL/52H03/2015/115,Kullu,Solang-Rohtang Tunnel Road,32.3205,77.1514,Debris          Slide,,,2528.029541015625,37.71905696632832,,
7458,HP/KUL/52H03/2015/46,Kullu,Palchan-Rohtang Tunnel,32.3209,77.1507,Rock            Slide,,,2538.27197265625,30.290999116629177,,
7459,HP/KUL/52H03/2015/75,Kullu,Marhi-Palchan Road NH-21,32.3218,77.203,Debris          Slide,,,2954.461181640625,23.715574578409612,,
7460,HP/KUL/52H03/2015/114,Kullu,Solang-Rohtang Tunnel Road,32.3225,77.1495,Debris          Flow,,,2533.19384765625,16.98381465303367,,
7461,HP/KUL/52H03/2015/76,Kullu,Marhi-Palchan Road NH-21,32.3244,77.2043,Debris          Slide,,,2934.115478515625,30.212433834136995,,
7462,HP/KUL/52H03/2015/73,Kullu,Marhi-Palchan Road NH-21,32.3247,77.2073,Debris          Slide,,,3039.68603515625,23.70586464723803,,
7463,HP/KUL/52H03/2015/72,Kullu,Marhi-Palchan Road NH-21,32.3252,77.2077,Debris          Slide,,,3034.94580078125,30.22077757057248,,
7464,HP/KUL/52H03/2015/113,Kullu,Solang-Rohtang Tunnel Road,32.3253,77.1493,Debris          Slide,,,2562.931640625,31.99840039435487,,
7465,HP/KUL/52H03/2015/71,Kullu,Marhi-Palchan Road NH-21,32.3275,77.2105,Debris          Slide,,,3058.71484375,26.68354530294239,,
7466,HP/KAN/43P15/2020/84,Kangra,Maira village,32.33,75.82,Debris,Slide,2010,433.4908447265625,7.577995510192049,,
7467,HP/CHA/52D03/2020/74,Chamba,Samot,32.33,76.08,Debris,Slide,2017,894.482177734375,22.90752289391976,,
7468,HP/CHA/52D11/2020/125,Chamba,Holi Bazar,32.33,76.55,Debris          Slide,,,1886.4981689453125,21.236879150852776,,
7469,HP/CHA/52D11/2020/126,Chamba,Sukra-Holi-Naya Gaon Rd,32.33,76.55,Debris          Slide,,,1886.4981689453125,21.236879150852776,,
7470,HP/CHA/52D11/2020/129,Chamba,Holi,32.33,76.55,Debris          Slide,,,1886.4981689453125,21.236879150852776,,
7471,HP/KUL/52H03/2015/70,Kullu,Marhi-Palchan Road NH-21,32.3312,77.2123,Rock            Topple,,,3050.73193359375,15.901192136536736,,
7472,HP/KUL/52H03/2015/111,Kullu,Solang-Rohtang Tunnel Road,32.3331,77.1457,Debris          Slide,,,2650.377197265625,26.17321759820401,,
7473,HP/KUL/52H03/2015/112,Kullu,Solang-Rohtang Tunnel Road,32.3331,77.1457,Debris          Slide,,,2650.377197265625,26.17321759820401,,
7474,HP/KUL/52H03/2015/69,Kullu,Marhi-Palchan Road NH-21,32.3338,77.2155,Debris          Slide,,,3034.376708984375,31.213277229877377,,
7475,HP/KUL/52H03/2015/109,Kullu,Solang-Rohtang Tunnel Road,32.3341,77.1442,Rock            Slide,,,2652.38134765625,38.52836155003584,,
7476,HP/KUL/52H03/2015/110,Kullu,Solang-Rohtang Tunnel Road,32.3341,77.1442,Debris          Slide,,,2652.38134765625,38.52836155003584,,
7477,HP/KUL/52H03/2015/68,Kullu,Marhi-Palchan Road NH-21,32.3342,77.2165,Debris          Slide,,,3044.056396484375,28.948918020987616,,
7478,HP/KUL/52H03/2015/67,Kullu,Marhi-Palchan Road NH-21,32.3353,77.2174,Debris          Slide,,,3049.534423828125,34.86741366958721,,
7479,HP/KUL/52H03/2015/108,Kullu,Solang-Rohtang Tunnel Road,32.3354,77.1426,Debris          Slide,,,2688.955078125,34.53536749263079,,
7480,HP/KUL/52H03/2015/66,Kullu,Marhi-Palchan Road NH-21,32.3361,77.2181,Rock            Slide,,,3059.66943359375,33.25529887337887,,
7481,HP/KUL/52H03/2015/107,Kullu,Solang-Rohtang Tunnel Road,32.3382,77.1416,Rock            Topple,,,2702.75048828125,28.67074814091974,,
7482,HP/KAN/43P15/2020/89,Kangra,Maira village,32.34,75.83,Debris          Slide,,,520.8607177734375,4.381988063435008,,
7483,HP/CHA/52D03/2020/84,Chamba,Kunjar Mahadev Patka-Kunjar-Mahadev link,32.34,76.03,Debris,Slide,2017,1287.2447509765625,28.81613710471639,,
7484,HP/CHA/52D03/2020/85,Chamba,Kunjar Mahadev Patka-Kunjar-Mahadev link,32.34,76.03,Debris,Slide,2010,1287.2447509765625,28.81613710471639,,
7485,HP/CHA/52D11/2020/119,Chamba,Holi-Naya Gaon Rd,32.34,76.53,Rock            Slide,,,1854.5655517578125,49.06300518562662,,
7486,HP/CHA/52D11/2020/127,Chamba,Sukra-Holi-Naya Gaon Rd,32.34,76.53,Rock            Slide,,,1854.5655517578125,49.06300518562662,,
7487,HP/CHA/52D11/2020/128,Chamba,Sukra-Holi-Naya Gaon Rd,32.34,76.54,Debris          Slide,,,1727.185546875,9.53725163444756,,
7488,HP/KUL/52H03/2015/106,Kullu,Solang-Rohtang Tunnel Road,32.3405,77.1405,Debris          Slide,,,2683.63427734375,36.43319958038915,,
7489,HP/KUL/52H03/2015/95,Kullu,Solang-Rohtang Tunnel Road,32.3408,77.1372,Debris          Slide,,,2824.41943359375,33.166500081259564,,
7490,HP/KUL/52H03/2015/65,Kullu,Marhi-Palchan Road NH-21,32.3415,77.2167,Debris          Slide,,,3158.90185546875,32.60548225345771,,
7491,HP/KUL/52H03/2015/94,Kullu,Solang-Rohtang Tunnel Road,32.3418,77.1403,Debris          Slide,,,2687.678955078125,20.976622893123913,,
7492,HP/KUL/52H03/2015/93,Kullu,Solang-Rohtang Tunnel Road,32.3437,77.1361,Debris          Subsidence,,,2736.3466796875,12.420732553890009,,
7493,HP/KUL/52H03/2015/64,Kullu,Marhi-Palchan Road NH-21,32.3437,77.2175,Debris          Slide,,,3241.6435546875,28.584628303177105,,
7494,HP/KUL/52H03/2015/92,Kullu,Solang-Rohtang Tunnel Road,32.3438,77.1365,Rock            Slide,,,2719.84326171875,17.379128142192933,,
7495,HP/KUL/52H03/2015/91,Kullu,Solang-Rohtang Tunnel Road,32.3459,77.1332,Debris          Slide,,,2777.780517578125,32.41881468291336,,
7496,HP/KUL/52H03/2015/116,Kullu,Solang-Rohtang Tunnel Road,32.3463,77.1382,Debris          Slide,,,2789.350830078125,46.3651887844067,,
7497,HP/KUL/52H03/2015/90,Kullu,Solang-Rohtang Tunnel Road,32.3484,77.1317,Debris          Slide,,,2779.67529296875,37.494836275364456,,
7498,HP/KUL/52H03/2015/63,Kullu,Marhi-Palchan Road NH-21,32.3485,77.2218,Rock            Topple,,,3238.769287109375,14.69925086701426,,
7499,HP/KUL/52H03/2015/89,Kullu,Solang-Rohtang Tunnel Road,32.3489,77.1314,Debris          Slide,,,2778.098388671875,37.503082051293624,,
7500,HP/CHA/52D11/2020/114,Chamba,Holi-Naya Gaon Rd,32.35,76.53,Rock            Slide,,,1702.1400146484375,15.388875074775354,,
7501,HP/CHA/52D11/2020/115,Chamba,Holi-Naya Gaon Rd,32.35,76.53,Rock            Slide,,,1702.1400146484375,15.388875074775354,,
7502,HP/CHA/52D11/2020/116,Chamba,Holi-Naya Gaon Rd,32.35,76.53,Debris          Slide,,,1702.1400146484375,15.388875074775354,,
7503,HP/CHA/52D11/2020/117,Chamba,Holi-Naya Gaon Rd,32.35,76.53,Debris          Slide,,,1702.1400146484375,15.388875074775354,,
7504,HP/KUL/52H03/2015/105,Kullu,Solang-Rohtang Tunnel Road,32.3507,77.1319,Debris          Slide,,,2809.37158203125,48.368653224696715,,
7505,HP/KUL/52H03/2015/88,Kullu,Solang-Rohtang Tunnel Road,32.3512,77.1295,Debris          Slide,,,2794.18994140625,31.848544836812707,,
7506,HP/KUL/52H03/2015/104,Kullu,Solang-Rohtang Tunnel Road,32.3516,77.1312,Debris          Slide,,,2786.70654296875,32.47910081197822,,
7507,HP/KUL/52H03/2015/61,Kullu,Rohtang-Marhi Road NH-21,32.3535,77.2183,Debris          Slide,,,3427.5107421875,33.36699479663426,,
7508,HP/KUL/52H03/2015/62,Kullu,#N/A #N/A,32.3537,77.2168,Debris          Subsidence,,,3418.481201171875,30.72392683754865,,
7509,HP/KUL/52H03/2015/102,Kullu,Solang-Rohtang Tunnel Road,32.3545,77.1303,Debris          Slide,,,2894.021484375,41.22911028798929,,
7510,HP/KUL/52H03/2015/60,Kullu,Rohtang-Marhi Road NH-21,32.3545,77.2199,Debris          Slide,,,3449.5693359375,33.741356769629704,,
7511,HP/KUL/52H03/2015/103,Kullu,Solang-Rohtang Tunnel Road,32.3546,77.1287,Debris          Slide,,,2851.65625,28.40364676789462,,
7512,HP/KUL/52H03/2015/59,Kullu,Rohtang-Marhi Road NH-21,32.3547,77.223,Debris          Slide,,,3462.533203125,30.29537178147272,,
7513,HP/KUL/52H03/2015/101,Kullu,Solang-Rohtang Tunnel Road,32.3549,77.1339,Debris          Slide,,,2971.415283203125,17.21084166820867,,
7514,HP/KUL/52H03/2015/58,Kullu,Rohtang-Marhi Road NH-21,32.3557,77.2261,Rock            Topple,,,3498.18994140625,43.011494048356674,,
7515,HP/KUL/52H03/2015/57,Kullu,Rohtang-Marhi Road NH-21,32.3559,77.2202,Rock            Topple,,,3548.034423828125,37.03987431193309,,
7516,HP/KUL/52H03/2015/56,Kullu,Rohtang-Marhi Road NH-21,32.3563,77.2175,Debris          Slide,,,3559.62060546875,13.361697653954772,,
7517,HP/KUL/52H03/2015/55,Kullu,Rohtang-Marhi Road NH-21,32.3579,77.2162,Rock            Topple,,,3568.333984375,15.195735388041038,,
7518,HP/KUL/52H03/2015/53,Kullu,Rohtang-Marhi Road NH-21,32.3585,77.2266,Debris          Slide,,,3686.1953125,31.80647478081667,,
7519,HP/KUL/52H03/2015/54,Kullu,Rohtang-Marhi Road NH-21,32.3585,77.2266,Debris          Slide,,,3686.1953125,31.80647478081667,,
7520,HP/KUL/52H03/2015/52,Kullu,Rohtang-Marhi Road NH-21,32.3586,77.2277,Debris          Slide,,,3681.877685546875,38.72267036135336,,
7521,HP/KUL/52H03/2015/44,Kullu,Koksar-Rohtang,32.3594,77.2319,Debris          Slide,,,3678.218505859375,33.79526123974036,,
7522,HP/KUL/52H03/2015/45,Kullu,Koksar-Rohtang,32.3598,77.231,Rock            Slide,,,3718.891357421875,52.63737358065996,,
7523,HP/CHA/52D03/2020/5,Chamba,Sahlu village,32.36,76.02,Debris,Slide,2005,997.7907104492188,19.591401542234937,,
7524,HP/CHA/52D03/2020/6,Chamba,Sahlu village,32.36,76.02,Debris          Slide,,,997.7907104492188,19.591401542234937,,
7525,HP/CHA/52D03/2020/82,Chamba,Godra,32.36,76.02,Debris,Slide,2012,997.7907104492188,19.591401542234937,,
7526,HP/CHA/52D03/2020/88,Chamba,Binna village,32.36,76.03,Debris          Slide,,,1159.9288330078125,31.37479258744508,,
7527,HP/CHA/52D03/2020/107,Chamba,Binna,32.36,76.02,Debris,Slide,2015,997.7907104492188,19.591401542234937,,
7528,HP/CHA/52D11/2020/113,Chamba,Holi-Naya Gaon Rd,32.36,76.53,Rock            Slide,,,1955.576171875,43.482745885592145,,
7529,HP/KUL/52H03/2015/99,Kullu,Solang-Rohtang Tunnel Road,32.3617,77.1325,Rock            Slide,,,3057.388916015625,20.16747451309118,,
7530,HP/KUL/52H03/2015/43,Kullu,Koksar-Rohtang,32.3617,77.2361,Rock            Slide,,,3712.79296875,28.85688838152636,,
7531,HP/KUL/52H03/2015/100,Kullu,Solang-Rohtang Tunnel Road,32.3619,77.1327,Debris,Slide,2012,3066.668212890625,21.49304333760919,,
7532,HP/KUL/52H03/2015/42,Kullu,Koksar-Rohtang,32.3642,77.242,Debris          Slide,,,3829.252685546875,23.060738699808347,,
7533,HP/KUL/52H03/2015/41,Kullu,Koksar-Rohtang,32.3654,77.2414,Debris          Slide,,,3861.772216796875,20.30175131302161,,
7534,HP/KUL/52H03/2015/117,Kullu,Solang-Rohtang Tunnel Road,32.3688,77.1346,Debris          Slide,,,3174.517578125,30.138750302504754,,
7535,HP/LAH/52H03/2015/118,Kullu,Solang-Rohtang Tunnel Road,32.3697,77.1335,Debris          Slide,,,3104.942626953125,37.30298454450726,,
7536,HP/KAN/43P15/2020/73,Kangra,near Uprali Haral village Aundi-Chakki link road,32.37,75.85,Debris,Slide,2012,479.0166320800781,9.2397893499383,,
7537,HP/KAN/43P15/2020/74,Kangra,near Uprali Haral village Aundi-Chakki link road,32.37,75.85,Debris,Slide,2012,479.0166320800781,9.2397893499383,,
7538,HP/KAN/43P15/2020/75,Kangra,near Uprali Haral village Aundi-Chakki link road,32.37,75.85,Debris          Slide,,,479.0166320800781,9.2397893499383,,
7539,HP/KAN/43P15/2020/76,Kangra,near Uprali Haral village Aundi-Chakki link road,32.37,75.85,Debris          Slide,,,479.0166320800781,9.2397893499383,,
7540,HP/KAN/43P15/2020/78,Kangra,Haral uprali Chakki-Aundi link road,32.37,75.85,Debris,Slide,2015,479.0166320800781,9.2397893499383,,
7541,HP/KAN/43P15/2020/93,Kangra,Danni Khadater Village,32.37,75.95,Debris,Slide,1987,689.0900268554688,32.92550279613911,,
7542,HP/CHA/52D03/2020/55,Chamba,Gumu Godra-Siun link road,32.37,76.03,Debris          Slide,,,1203.9737548828125,35.60656962159198,,
7543,HP/CHA/52D03/2020/65,Chamba,Gumu Godra-Siun link road,32.37,76.03,Debris          Slide,,,1203.9737548828125,35.60656962159198,,
7544,HP/CHA/52D03/2020/66,Chamba,Guma Siyun Godra-Siun link road,32.37,76.04,Debris,Slide,2005,1109.9716796875,35.93702015597873,,
7545,HP/CHA/52D03/2020/67,Chamba,Gumu Godra-Siun link road,32.37,76.03,Debris,Slide,2005,1203.9737548828125,35.60656962159198,,
7546,HP/CHA/52D03/2020/87,Chamba,Patka SH-28,32.37,76.02,Debris          Slide,,,916.3518676757812,15.411393175990248,,
7547,HP/CHA/52D03/2020/95,Chamba,Godra village,32.37,76.02,Debris,Slide,2018,916.3518676757812,15.411393175990248,,
7548,HP/CHA/52D03/2020/103,Chamba,Sahlu village,32.37,76.01,Debris          Slide,,,1078.2352294921875,34.21554898679388,,
7549,HP/CHA/52D03/2020/104,Chamba,Godra village,32.37,76.02,Debris          Slide,,,916.3518676757812,15.411393175990248,,
7550,HP/KAN/52D03/2020/109,Kangra,Mundi Mundi village,32.37,76.01,Debris,Slide,2000,1078.2352294921875,34.21554898679388,,
7551,HP/CHA/52D11/2020/62,Chamba,Lamu-Sukra Rd,32.37,76.51,Debris          Slide,,,1886.408447265625,27.18471552191073,,
7552,HP/CHA/52D11/2020/106,Chamba,Holi-Naya Gaon Rd,32.37,76.51,Rock            Slide,,,1886.408447265625,27.18471552191073,,
7553,HP/CHA/52D11/2020/107,Chamba,Jina,32.37,76.52,Debris          Slide,,,1854.6854248046875,45.85984591252078,,
7554,HP/CHA/52D11/2020/108,Chamba,Holi-Naya Gaon Rd,32.37,76.52,Debris          Slide,,,1854.6854248046875,45.85984591252078,,
7555,HP/CHA/52D11/2020/109,Chamba,Holi-Naya Gaon Rd,32.37,76.52,Debris          Slide,,,1854.6854248046875,45.85984591252078,,
7556,HP/CHA/52D11/2020/110,Chamba,Holi-Naya Gaon Rd,32.37,76.52,Debris          Slide,,,1854.6854248046875,45.85984591252078,,
7557,HP/CHA/52D11/2020/112,Chamba,Holi-Naya Gaon Rd,32.37,76.52,Debris          Slide,,,1854.6854248046875,45.85984591252078,,
7558,HP/LAH/52H03/2015/119,Kullu,Solang-Rohtang Tunnel Road,32.3711,77.1339,Debris          Slide,,,3110.5712890625,38.39879291232749,,
7559,HP/LSP/52H15/2018/16,Lahaul & Spiti,North of Pangmo,32.37777,77.93786,Debris          Slide,,,3838.423095703125,33.01043932857247,,
7560,HP/LSP/52H15/2018/15,Lahaul & Spiti,North of Pangmo,32.37843,77.93781,Debris          Slide,,,3834.210205078125,35.130092549318675,,
7561,HP/LSP/52H15/2018/14,Lahaul & Spiti,North of Pangmo,32.37889,77.93742,Debris          Slide,,,3815.121826171875,37.05077213896936,,
7563,HP/CHA/52D07/2020/12,Chamba,Downslope of Marhauta village,32.38,76.49,Debris          Slide,,,1924.9005126953125,27.866627250720164,,
7564,HP/CHA/52D07/2020/18,Chamba,Left bank of ravi river,32.38,76.49,Rock            Slide,,,1924.9005126953125,27.866627250720164,,
7565,HP/CHA/52D11/2020/104,Chamba,Holi-Naya Gaon Rd,32.38,76.5,Debris          Slide,,,1745.935546875,33.59154473487539,,
7566,HP/CHA/52D11/2020/105,Chamba,Golai,32.38,76.51,Rock            Slide,,,1944.7396240234375,36.58440200890412,,
7567,HP/LSP/52H15/2018/13,Lahaul & Spiti,North of Pangmo,32.38086,77.93791,Debris          Slide,,,3818.46044921875,42.6560037457548,,
7568,HP/LSP/52H15/2018/12,Lahaul & Spiti,North of Pangmo,32.38124,77.93852,Debris          Slide,,,3844.4814453125,14.654372815668513,,
7569,HP/LSP/52H15/2018/10,Lahaul & Spiti,North of Pangmo,32.38129,77.94021,Debris          Slide,,,3859.8349609375,16.43651931897692,,
7570,HP/LSP/52H15/2018/11,Lahaul & Spiti,North of Pangmo,32.3817,77.93997,Debris          Slide,,,3851.91162109375,20.10216295732617,,
7571,HP/LAH/52H03/2015/38,Lahaul & Spiti,Koksar-Rohtang,32.3818,77.2627,Rock            Slide,,,3515.146240234375,18.776287909475744,,
7572,HP/LAH/52H03/2015/37,Lahaul & Spiti,Koksar-Rohtang,32.383,77.2649,Debris          Slide,,,3358.11083984375,32.5316279484312,,
7573,HP/LSP/52H15/2018/9,Lahaul & Spiti,North of Pangmo,32.38512,77.9422,Debris          Slide,,,3851.916015625,18.23912107452349,,
7574,HP/LSP/52H15/2018/8,Lahaul & Spiti,North of Pangmo,32.38917,77.94922,Debris          Slide,,,4297.4833984375,14.324650231466586,,
7575,HP/LSP/52H15/2018/7,Lahaul & Spiti,North of Pangmo,32.38964,77.94974,Debris          Slide,,,4301.712890625,20.12133181337848,,
7576,HP/CHA/43P15/2020/23,Chamba,Sahla SH-28,32.39,75.99,Debris,Slide,2017,1157.2257080078125,50.312644888137605,,
7577,HP/CHA/43P15/2020/24,Chamba,Along Chakki river,32.39,75.99,Debris,Slide,2018,1157.2257080078125,50.312644888137605,,
7579,HP/CHA/43P15/2020/55,Chamba,Sahlu village,32.39,75.99,Rock            Slide,,,1157.2257080078125,50.312644888137605,,
7580,HP/CHA/43P15/2020/56,Chamba,Sahlu village,32.39,75.99,Debris          Slide,,,1157.2257080078125,50.312644888137605,,
7581,HP/KAN/43P15/2020/72,Kangra,Baduni,32.39,75.94,Debris          Slide,,,758.8038940429688,27.73323195654765,,
7582,HP/KAN/43P15/2020/77,Kangra,Nera Suliali-Dunera link road,32.39,75.89,Debris          Slide,,,581.4216918945312,4.311445702507142,,
7583,HP/KAN/43P15/2020/79,Kangra,Baduni Baduni,32.39,75.95,Debris,Slide,2018,817.0936889648438,24.926029407569892,,
7584,HP/KAN/43P15/2020/80,Kangra,Suliali near Suliali village,32.39,75.89,Debris,Slide,2017,581.4216918945312,4.311445702507142,,
7585,HP/KAN/43P15/2020/82,Kangra,Baduni,32.39,75.94,Debris          Slide,,,758.8038940429688,27.73323195654765,,
7586,HP/KAN/43P15/2020/86,Kangra,Baduni,32.39,75.95,Debris,Slide,2018,817.0936889648438,24.926029407569892,,
7587,HP/CHA/52D03/2020/44,Chamba,Kasba Raipur,32.39,76.01,Debris          Slide,,,1147.4031982421875,28.725141950633056,,
7591,HP/CHA/52D03/2020/52,Chamba,Sahlu village,32.39,76.01,Debris,Slide,2000,1147.4031982421875,28.725141950633056,,
7593,HP/CHA/52D07/2020/19,Chamba,Left bank of ravi river,32.39,76.48,Rock            Fall,,,1976.4432373046875,42.57897967967637,,
7594,HP/CHA/52D07/2020/25,Chamba,Right bank of ravi river,32.39,76.49,Debris          Slide,,,1762.15087890625,43.67365361708668,,
7595,HP/LAH/52H03/2015/39,Lahaul & Spiti,Koksar-Rohtang,32.3923,77.2515,Debris          Slide,,,3637.451904296875,21.685676076480497,,
7596,HP/LAH/52H03/2015/40,Lahaul & Spiti,Koksar-Rohtang,32.3923,77.2515,Debris          Slide,,,3637.451904296875,21.685676076480497,,
7597,HP/LAH/52H03/2015/36,Lahaul & Spiti,Koksar-Rohtang,32.3934,77.2566,Rock            Slide,,,3350.05712890625,13.236854377501214,,
7598,HP/LAH/52H03/2015/35,Lahaul & Spiti,Koksar-Rohtang,32.3942,77.2595,Rock            Subsidence,,,3308.0341796875,20.32366198226592,,
7599,HP/CHA/43P15/2020/36,Chamba,"Barala, Lahru road",32.4,75.95,Debris,Slide,2017,751.5567016601562,25.542906528154408,,
7600,HP/CHA/43P15/2020/46,Chamba,"Barala, Lahru road",32.4,75.95,Debris,Slide,2018,751.5567016601562,25.542906528154408,,
7601,HP/CHA/43P15/2020/54,Chamba,Baduni,32.4,75.95,Debris,Slide,2010,751.5567016601562,25.542906528154408,,
7602,HP/CHA/43P15/2020/57,Chamba,Sahlu village,32.4,75.99,Debris          Slide,,,741.9722290039062,29.063644795268473,,
7603,HP/CHA/43P15/2020/58,Chamba,Lahru,32.4,75.98,Debris          Slide,,,799.844970703125,35.17275542854739,,
7604,HP/CHA/43P15/2020/59,Chamba,Parchor,32.4,75.99,Debris          Slide,,,741.9722290039062,29.063644795268473,,
7605,HP/CHA/43P15/2020/60,Chamba,Sahlu village,32.4,75.99,Debris          Slide,,,741.9722290039062,29.063644795268473,,
7606,HP/KAN/43P15/2020/81,Kangra,Baduni,32.4,75.94,Debris          Slide,,,615.093994140625,10.71911968875397,,
7607,HP/KAN/43P15/2020/85,Kangra,Baduni,32.4,75.95,Debris          Slide,,,751.5567016601562,25.542906528154408,,
7608,HP/KAN/43P15/2020/94,Kangra,Near Phina Singh Dam SH-28,32.4,75.99,Debris,Slide,2018,741.9722290039062,29.063644795268473,,
7609,HP/CHA/52D07/2020/20,Chamba,Right bank of ravi river,32.4,76.5,Rock            Slide,,,2567.620849609375,31.315243184794397,,
7610,HP/LSP/52H15/2018/6,Lahaul & Spiti,Near Pangmo,32.40112,77.95536,Debris          Slide,,,4229.9990234375,34.67797309238947,,
7611,HP/LSP/52H15/2018/5,Lahaul & Spiti,Near Pangmo,32.40271,77.94982,Debris          Slide,,,3960.0537109375,41.63005216440734,,
7612,HP/LSP/52H15/2018/4,Lahaul & Spiti,Near Pangmo,32.40369,77.9499,Debris          Slide,,,3983.9853515625,34.94711995564464,,
7613,HP/LAH/52H03/2015/26,Lahaul & Spiti,Koksar-Rohtang,32.4038,77.2521,Rock            Topple,,,3129.531982421875,26.032451424845853,,
7614,HP/LAH/52H03/2015/34,Lahaul & Spiti,Koksar-Kulti,32.404,77.2405,Debris          Slide,,,3444.0283203125,29.94059409959362,,
7615,HP/LAH/52H03/2015/27,Lahaul & Spiti,Koksar-Rohtang,32.405,77.2508,Debris          Slide,,,3148.219482421875,31.94136729211269,,
7616,HP/LSP/52H15/2018/3,Lahaul & Spiti,Near Pangmo,32.40688,77.94839,Debris          Slide,,,3943.6533203125,34.97033325238174,,
7617,HP/CHA/43P15/2020/4,Chamba,Ghatasani pul Ghatasani pul,32.41,75.97,Debris,Slide,2010,683.4845581054688,24.923540584818536,,
7618,HP/CHA/43P15/2020/5,Chamba,Kalidhar Lahru-Chowari link road,32.41,75.99,Debris,Slide,2000,781.39404296875,16.653707463980624,,
7619,HP/CHA/43P15/2020/10,Chamba,Chinian,32.41,75.97,Debris,Slide,2015,683.4845581054688,24.923540584818536,,
7620,HP/CHA/43P15/2020/16,Chamba,"Barala, Lahru road",32.41,75.96,Debris,Slide,2015,705.3750610351562,32.407723131732894,,
7621,HP/CHA/43P15/2020/31,Chamba,Kalidhar Kalidhar,32.41,75.99,Debris          Slide,,,781.39404296875,16.653707463980624,,
7622,HP/CHA/43P15/2020/42,Chamba,"Barala, Lahru road",32.41,75.96,Debris,Slide,2015,705.3750610351562,32.407723131732894,,
7623,HP/CHA/43P15/2020/43,Chamba,"Barala, Lahru road",32.41,75.96,Rock,Slide,2015,705.3750610351562,32.407723131732894,,
7624,HP/CHA/43P15/2020/45,Chamba,"Barala, Lahru road",32.41,75.96,Debris,Slide,2018,705.3750610351562,32.407723131732894,,
7625,HP/CHA/43P15/2020/50,Chamba,Kalidhar,32.41,75.99,Debris,Slide,2010,781.39404296875,16.653707463980624,,
7626,HP/CHA/43P15/2020/51,Chamba,Kalidhar Kalidhar,32.41,75.98,Debris          Slide,,,814.29345703125,29.541239745516357,,
7627,HP/CHA/43P15/2020/52,Chamba,Lahru Chowk,32.41,75.98,Debris          Slide,,,814.29345703125,29.541239745516357,,
7628,HP/CHA/43P15/2020/70,Chamba,Near Phina Singh Canal,32.41,75.99,Rock            Fall,,,781.39404296875,16.653707463980624,,
7629,HP/CHA/43P15/2020/71,Chamba,Near Phina Singh Canal,32.41,75.99,Rock            Fall,,,781.39404296875,16.653707463980624,,
7630,HP/CHA/52D07/2020/4,Chamba,Left bank of ravi river,32.41,76.49,Rock            Fall,,,1617.45166015625,42.70020145075046,,
7631,HP/CHA/52D07/2020/79,Chamba,Right bank of Balyani Nala,32.41,76.29,Rock            Slide,,,2293.83349609375,36.81630629486667,,
7632,HP/CHA/52D11/2020/29,Chamba,Manimahesh Trekking Route,32.41,76.62,Debris          Slide,,,3668.547607421875,36.157679505416816,,
7633,HP/CHA/52D11/2020/30,Chamba,Manimahesh Trekking Route,32.41,76.63,Debris          Slide,,,3668.7080078125,32.59381396732415,,
7634,HP/CHA/52D11/2020/31,Chamba,Manimahesh Trekking Route,32.41,76.63,Debris          Slide,,,3668.7080078125,32.59381396732415,,
7635,HP/CHA/52D11/2020/32,Chamba,Manimahesh Trekking Route,32.41,76.64,Debris          Slide,,,4328.83349609375,51.94400642548474,,
7636,HP/LAH/52H03/2015/28,Lahaul & Spiti,Koksar-Kulti,32.4105,77.244,Rock            Slide,,,3112.989013671875,25.12362301952231,,
7637,HP/LAH/52H03/2015/29,Lahaul & Spiti,Koksar-Kulti,32.4127,77.2472,Debris          Slide,,,3198.491943359375,41.8066039542304,,
7638,HP/LAH/52H03/2015/30,Lahaul & Spiti,Koksar-Kulti,32.4135,77.2452,Debris          Slide,,,3205.912109375,32.57381326293885,,
7639,HP/LAH/52H03/2015/31,Lahaul & Spiti,Koksar-Kulti,32.414,77.244,Debris          Slide,,,3173.74169921875,36.07403677665511,,
7640,HP/LAH/52H03/2015/32,Lahaul & Spiti,Koksar-Kulti,32.4141,77.2416,Debris          Slide,,,3110.295654296875,31.250480348488548,,
7641,HP/LAH/52H03/2015/2,Lahaul & Spiti,Koksar-Keylong NH21,32.4144,77.2358,Rock            Slide,,,3108.75537109375,17.05016131157239,,
7642,HP/LAH/52H03/2015/33,Lahaul & Spiti,Koksar-Kulti,32.4157,77.2393,Rock            Slide,,,3162.335693359375,53.178419284261366,,
7643,HP/CHA/43P15/2020/2,Chamba,Ghatasani pul Ghatasani pul,32.42,75.97,Debris,Slide,2010,833.071533203125,29.9109330935003,,
7646,HP/CHA/43P15/2020/17,Chamba,Barian bridge SH-28,32.42,75.97,Debris          Slide,,,833.071533203125,29.9109330935003,,
7647,HP/CHA/43P15/2020/18,Chamba,Barian bridge SH-28,32.42,75.96,Debris          Slide,,,786.4441528320312,35.79413139206696,,
7648,HP/CHA/43P15/2020/19,Chamba,Barian SH-28,32.42,75.96,Debris          Slide,,,786.4441528320312,35.79413139206696,,
7649,HP/CHA/43P15/2020/20,Chamba,Kalidhar Lahru-Chowari road,32.42,75.99,Debris          Slide,,,1130.0478515625,23.836428423959013,,
7650,HP/CHA/43P15/2020/27,Chamba,Barian,32.42,75.97,Debris,Slide,2018,833.071533203125,29.9109330935003,,
7651,HP/CHA/43P15/2020/28,Chamba,Barian SH-28,32.42,75.97,Debris,Slide,2018,833.071533203125,29.9109330935003,,
7652,HP/CHA/43P15/2020/30,Chamba,Kalidhar Kalidhar,32.42,75.99,Rock,Slide,2017,1130.0478515625,23.836428423959013,,
7653,HP/CHA/43P15/2020/33,Chamba,#N/A #N/A,32.42,75.97,Rock            Slide,,,833.071533203125,29.9109330935003,,
7654,HP/CHA/43P15/2020/37,Chamba,Taragarh Taragarh,32.42,75.96,Debris,Slide,2017,786.4441528320312,35.79413139206696,,
7655,HP/CHA/43P15/2020/38,Chamba,Taragarh,32.42,75.96,Debris,Slide,2017,786.4441528320312,35.79413139206696,,
7656,HP/CHA/43P15/2020/44,Chamba,Taragarh,32.42,75.96,Debris,Slide,2005,786.4441528320312,35.79413139206696,,
7657,HP/CHA/43P15/2020/49,Chamba,Kalidhar,32.42,75.99,Debris,Slide,2015,1130.0478515625,23.836428423959013,,
7658,HP/CHA/43P15/2020/61,Chamba,Jatroon,32.42,75.99,Debris          Slide,,,1130.0478515625,23.836428423959013,,
7659,HP/CHA/43P15/2020/63,Chamba,Taragarh,32.42,75.95,Debris          Slide,,,985.3468627929688,58.10299783299936,,
7660,HP/CHA/43P15/2020/66,Chamba,Berrian,32.42,75.96,Debris,Slide,2000,786.4441528320312,35.79413139206696,,
7661,HP/CHA/43P15/2020/67,Chamba,Berrian,32.42,75.96,Debris          Slide,,,786.4441528320312,35.79413139206696,,
7662,HP/CHA/43P15/2020/68,Chamba,Berrian,32.42,75.96,Debris,Slide,2005,786.4441528320312,35.79413139206696,,
7663,HP/CHA/43P15/2020/69,Chamba,Berrian,32.42,75.96,Debris,Slide,2012,786.4441528320312,35.79413139206696,,
7664,HP/CHA/52D03/2020/70,Chamba,Chudhana,32.42,76.01,Debris          Slide,,,1143.3114013671875,42.393610922512025,,
7666,HP/CHA/52D07/2020/50,Chamba,Batot link road,32.42,76.36,Rock            Slide,,,2596.875,34.67221753052232,,
7667,HP/CHA/52D07/2020/137,Chamba,Left bank of ravi river,32.42,76.49,Debris          Slide,,,1547.0618896484375,41.30287933206317,,
7668,HP/CHA/52D11/2020/65,Chamba,Manimahesh Trekking Route,32.42,76.61,Rock            Slide,,,3015.795166015625,25.90076219233028,,
7669,HP/LSP/52H15/2018/2,Lahaul & Spiti,Near Pangmo,32.42434,77.93989,Debris          Slide,,,3936.56298828125,34.03450809076658,,
7670,HP/LSP/52H15/2018/1,Lahaul & Spiti,Near Hansa Village,32.42743,77.93735,Debris          Slide,,,3960.424072265625,29.68268375672901,,
7671,HP/LAH/52H03/2015/3,Lahaul & Spiti,Koksar-Keylong NH21,32.4293,77.2144,Rock            Subsidence,,,3189.4609375,63.699981361970536,,
7672,HP/LAH/52H03/2015/4,Lahaul & Spiti,Koksar-Keylong NH21,32.4293,77.2144,Rock            Topple,,,3189.4609375,63.699981361970536,,
7673,HP/CHA/43P15/2020/1,Chamba,Barrian nala,32.43,75.96,Debris          Slide,,,908.7670288085938,28.460256800862343,,
7674,HP/CHA/43P15/2020/3,Chamba,Berian Berian,32.43,75.97,Rock            Slide,,,924.9700317382812,37.093524485323705,,
7675,HP/CHA/43P15/2020/6,Chamba,Barrian nala SH-28,32.43,75.96,Debris,Slide,2000,908.7670288085938,28.460256800862343,,
7676,HP/CHA/43P15/2020/7,Chamba,Taragarh Lahru-Taragarh road,32.43,75.96,Debris          Slide,,,908.7670288085938,28.460256800862343,,
7677,HP/CHA/43P15/2020/13,Chamba,Barian SH-28,32.43,75.96,Debris,Slide,2012,908.7670288085938,28.460256800862343,,
7678,HP/CHA/43P15/2020/14,Chamba,Barian SH-28,32.43,75.96,Debris          Slide,,,908.7670288085938,28.460256800862343,,
7679,HP/CHA/43P15/2020/21,Chamba,Hathola,32.43,75.97,Debris,Slide,2010,924.9700317382812,37.093524485323705,,
7680,HP/CHA/43P15/2020/22,Chamba,Barian SH-28,32.43,75.96,Debris          Slide,,,908.7670288085938,28.460256800862343,,
7681,HP/CHA/43P15/2020/25,Chamba,Barian SH-28,32.43,75.96,Debris,Slide,2018,908.7670288085938,28.460256800862343,,
7682,HP/CHA/43P15/2020/32,Chamba,Barrian Barrian Nala,32.43,75.96,Debris          Slide,,,908.7670288085938,28.460256800862343,,
7683,HP/CHA/43P15/2020/35,Chamba,Berian,32.43,75.96,Debris,Slide,2005,908.7670288085938,28.460256800862343,,
7684,HP/CHA/43P15/2020/39,Chamba,Taragarh,32.43,75.95,Rock,Slide,2015,1121.9600830078125,22.436239674627444,,
7685,HP/CHA/43P15/2020/40,Chamba,Taragarh,32.43,75.95,Rock,Slide,2017,1121.9600830078125,22.436239674627444,,
7686,HP/CHA/43P15/2020/41,Chamba,Taragarh,32.43,75.95,Debris,Slide,2018,1121.9600830078125,22.436239674627444,,
7687,HP/CHA/43P15/2020/62,Chamba,Berrian,32.43,75.96,Debris          Slide,,,908.7670288085938,28.460256800862343,,
7688,HP/CHA/43P15/2020/64,Chamba,Berrian,32.43,75.96,Debris          Slide,,,908.7670288085938,28.460256800862343,,
7689,HP/CHA/43P15/2020/65,Chamba,Berrian,32.43,75.96,Debris,Slide,2010,908.7670288085938,28.460256800862343,,
7690,HP/CHA/52D03/2020/41,Chamba,Utwalu P.F,32.43,76.03,Debris          Slide,,,1085.0177001953125,35.05736669069957,,
7691,HP/CHA/52D03/2020/42,Chamba,north of Kulera,32.43,76.03,Debris          Slide,,,1085.0177001953125,35.05736669069957,,
7692,HP/CHA/52D07/2020/2,Chamba,Luna Kur link road,32.43,76.38,Rock            Fall,,,2196.7607421875,59.39324173045194,,
7693,HP/CHA/52D07/2020/13,Chamba,Luna Kur link road,32.43,76.38,Debris          Fall,,,2196.7607421875,59.39324173045194,,
7694,HP/CHA/52D07/2020/21,Chamba,Left bank of ravi river,32.43,76.49,Rock            Slide,,,1595.6934814453125,58.45435032558181,,
7695,HP/CHA/52D07/2020/24,Chamba,Luna Kur link road,32.43,76.38,Rock            Fall,,,2196.7607421875,59.39324173045194,,
7696,HP/CHA/52D11/2020/8,Chamba,Bharmour-Grima Rd,32.43,76.53,Debris          Slide,,,2609.468017578125,24.393620144169915,,
7697,HP/CHA/52D11/2020/9,Chamba,Bharmour-Grima Rd,32.43,76.53,Debris          Slide,,,2609.468017578125,24.393620144169915,,
7698,HP/CHA/52D11/2020/10,Chamba,Bharmour-Grima Rd,32.43,76.53,Debris          Slide,,,2609.468017578125,24.393620144169915,,
7699,HP/CHA/52D11/2020/11,Chamba,Bharmour-Grima Rd,32.43,76.53,Debris          Slide,,,2609.468017578125,24.393620144169915,,
7700,HP/CHA/52D11/2020/12,Chamba,Bharmour-Grima Rd,32.43,76.53,Debris          Slide,,,2609.468017578125,24.393620144169915,,
7701,HP/CHA/52D11/2020/14,Chamba,Bharmour-Grima Rd,32.43,76.52,Debris          Slide,,,3012.592529296875,29.31990422624201,,
7702,HP/CHA/52D11/2020/15,Chamba,Bharmour-Grima Rd,32.43,76.52,Debris          Slide,,,3012.592529296875,29.31990422624201,,
7703,HP/CHA/52D11/2020/19,Chamba,Bharmour-Grima Rd,32.43,76.52,Rock            Slide,,,3012.592529296875,29.31990422624201,,
7704,HP/CHA/52D11/2020/24,Chamba,Bharmour-Grima Rd,32.43,76.53,Debris          Slide,,,2609.468017578125,24.393620144169915,,
7705,HP/CHA/52D11/2020/35,Chamba,Bharmour-Grima Rd,32.43,76.53,Debris          Slide,,,2609.468017578125,24.393620144169915,,
7706,HP/CHA/52D11/2020/46,Chamba,Bharmour-Grima Rd,32.43,76.53,Debris          Slide,,,2609.468017578125,24.393620144169915,,
7707,HP/CHA/52D11/2020/66,Chamba,Manimahesh Trekking Route,32.43,76.61,Debris          Slide,,,3009.181884765625,42.34163774217431,,
7708,HP/CHA/52D11/2020/68,Chamba,Manimahesh Trekking Route,32.43,76.6,Debris          Slide,,,2968.52734375,39.513626398187135,,
7709,HP/LAH/52H03/2015/25,Lahaul & Spiti,Koksar-Keylong NH21,32.4322,77.205,Rock            Topple,,,3130.832763671875,51.17253764971907,,
7710,HP/LAH/52H03/2015/5,Lahaul & Spiti,#N/A #N/A,32.4362,77.1857,Rock            Slide,,,3107.66162109375,12.822062452566836,,
7711,HP/CHA/43P15/2020/11,Chamba,Bindgi SH-28,32.44,75.94,Debris          Slide,,,1036.67919921875,39.40037253400783,,
7712,HP/CHA/43P15/2020/12,Chamba,SH-28,32.44,75.95,Debris          Slide,,,1034.7408447265625,16.523315894280806,,
7713,HP/CHA/52D03/2020/1,Chamba,Kutehr,32.44,76.03,Debris          Slide,,,1236.46435546875,39.77070764527854,,
7714,HP/CHA/52D03/2020/3,Chamba,south of Gherna,32.44,76.03,Debris          Slide,,,1236.46435546875,39.77070764527854,,
7715,HP/CHA/52D03/2020/43,Chamba,south of Gherna,32.44,76.03,Debris          Slide,,,1236.46435546875,39.77070764527854,,
7716,HP/CHA/52D03/2020/101,Chamba,Kutehr,32.44,76.03,Debris          Slide,,,1236.46435546875,39.77070764527854,,
7717,HP/CHA/52D07/2020/22,Chamba,Pilli village,32.44,76.48,Debris          Slide,,,1595.72412109375,51.62388102274131,,
7718,HP/CHA/52D07/2020/34,Chamba,Luna kur link road,32.44,76.38,Rock            Slide,,,2210.04736328125,16.82062271136612,,
7719,HP/CHA/52D07/2020/36,Chamba,Gehra,32.44,76.34,Rock            Slide,,,1732.7049560546875,39.42574440637616,,
7720,HP/CHA/52D07/2020/41,Chamba,Luna Kur link road,32.44,76.38,Debris          Slide,,,2210.04736328125,16.82062271136612,,
7721,HP/CHA/52D07/2020/44,Chamba,,32.44,76.4,Rock            Slide,,,2140.34765625,48.55071430849434,,
7722,HP/CHA/52D07/2020/96,Chamba,Jawa link road,32.44,76.33,Debris          Slide,,,1541.412109375,11.7042260209277,,
7723,HP/CHA/52D07/2020/97,Chamba,Luna Kur link road,32.44,76.39,Rock            Slide,,,1497.217529296875,22.5882584111387,,
7724,HP/CHA/52D07/2020/103,Chamba,Luna Kur link road,32.44,76.39,Debris          Slide,,,1497.217529296875,22.5882584111387,,
7725,HP/CHA/52D07/2020/113,Chamba,Left bank of prank nala,32.44,76.33,Debris          Slide,,,1541.412109375,11.7042260209277,,
7726,HP/CHA/52D07/2020/116,Chamba,Luna Kur link road,32.44,76.38,Debris          Slide,,,2210.04736328125,16.82062271136612,,
7727,HP/CHA/52D07/2020/119,Chamba,,32.44,76.4,Debris          Slide,,,2140.34765625,48.55071430849434,,
7728,HP/CHA/52D07/2020/120,Chamba,Tur village,32.44,76.29,Rock            Slide,,,2147.76123046875,28.833882276296784,,
7729,HP/CHA/52D07/2020/122,Chamba,Barainka link road,32.44,76.35,Rock            Slide,,,1848.724365234375,28.530528714294125,,
7730,HP/CHA/52D07/2020/123,Chamba,Barainka link road,32.44,76.36,Debris          Subsidence,,,1872.1485595703125,17.294705773190948,,
7731,HP/CHA/52D07/2020/124,Chamba,Jawa link road,32.44,76.33,Rock            Slide,,,1541.412109375,11.7042260209277,,
7732,HP/CHA/52D07/2020/125,Chamba,Jawa link road,32.44,76.33,Debris          Slide,,,1541.412109375,11.7042260209277,,
7733,HP/CHA/52D07/2020/127,Chamba,Barainka link road,32.44,76.34,Rock            Slide,,,1732.7049560546875,39.42574440637616,,
7734,HP/CHA/52D11/2020/5,Chamba,NH-154A/Bharmour-Hadsar Rd,32.44,76.57,Debris          Slide,,,2434.341796875,42.90142269769184,,
7735,HP/CHA/52D11/2020/6,Chamba,NH-154A/Bharmour-Hadsar Rd,32.44,76.57,Debris          Slide,,,2434.341796875,42.90142269769184,,
7736,HP/CHA/52D11/2020/7,Chamba,NH-154A/Bharmour-Hadsar Rd,32.44,76.57,Debris          Slide,,,2434.341796875,42.90142269769184,,
7737,HP/CHA/52D11/2020/16,Chamba,Bharmour-Grima Rd,32.44,76.52,Rock            Slide,,,2666.280517578125,20.7244584506129,,
7738,HP/CHA/52D11/2020/17,Chamba,Bharmour-Grima Rd,32.44,76.52,Debris          Slide,,,2666.280517578125,20.7244584506129,,
7739,HP/CHA/52D11/2020/18,Chamba,Bharmour-Grima Rd,32.44,76.52,Debris          Slide,,,2666.280517578125,20.7244584506129,,
7740,HP/CHA/52D11/2020/20,Chamba,Bharmour-Grima Rd,32.44,76.52,Rock            Slide,,,2666.280517578125,20.7244584506129,,
7741,HP/CHA/52D11/2020/21,Chamba,Bharmour-Grima Rd,32.44,76.52,Debris          Slide,,,2666.280517578125,20.7244584506129,,
7742,HP/CHA/52D11/2020/26,Chamba,NH-154A Bharmour to,32.44,76.53,Debris          Slide,,,2230.939208984375,17.269305847510154,,
7743,HP/CHA/52D11/2020/28,Chamba,Manimahesh Trekking Route,32.44,76.61,Debris          Slide,,,2341.043701171875,28.563263010312237,,
7744,HP/CHA/52D11/2020/38,Chamba,NH-154A/Bharmour-Hadsar Rd,32.44,76.56,Debris          Slide,,,2324.325927734375,33.48465430507275,,
7745,HP/CHA/52D11/2020/39,Chamba,NH-154A/Bharmour-Hadsar Rd,32.44,76.56,Debris          Slide,,,2324.325927734375,33.48465430507275,,
7746,HP/CHA/52D11/2020/40,Chamba,NH-154A/Bharmour-Hadsar Rd,32.44,76.55,Debris          Slide,,,2152.656982421875,54.04945685267205,,
7747,HP/CHA/52D11/2020/41,Chamba,NH-154A/Bharmour-Hadsar Rd,32.44,76.55,Debris          Slide,,,2152.656982421875,54.04945685267205,,
7748,HP/CHA/52D11/2020/42,Chamba,NH-154A/Bharmour-Hadsar Rd,32.44,76.55,Debris          Slide,,,2152.656982421875,54.04945685267205,,
7749,HP/CHA/52D11/2020/43,Chamba,NH-154A/Bharmour-Hadsar Rd,32.44,76.55,Debris          Slide,,,2152.656982421875,54.04945685267205,,
7750,HP/CHA/52D11/2020/44,Chamba,NH-154A/Bharmour-Hadsar Rd,32.44,76.54,Debris          Flow,,,2168.92041015625,26.899269993691544,,
7751,HP/CHA/52D11/2020/57,Chamba,Manimahesh Trekking Route,32.44,76.61,Debris          Slide,,,2341.043701171875,28.563263010312237,,
7752,HP/CHA/52D11/2020/63,Chamba,Manimahesh Trekking Route,32.44,76.61,Debris          Slide,,,2341.043701171875,28.563263010312237,,
7753,HP/CHA/52D11/2020/64,Chamba,Manimahesh Trekking Route,32.44,76.61,Rock            Slide,,,2341.043701171875,28.563263010312237,,
7754,HP/CHA/52D11/2020/71,Chamba,Grima slide,32.44,76.51,Debris          Slide,,,2464.145751953125,33.878340934212645,,
7755,HP/CHA/52D11/2020/81,Chamba,NH-154A Bharmour to,32.44,76.53,Debris          Slide,,,2230.939208984375,17.269305847510154,,
7756,HP/CHA/52D11/2020/82,Chamba,NH-154A Bharmour to,32.44,76.53,Debris          Slide,,,2230.939208984375,17.269305847510154,,
7757,HP/LAH/52H03/2015/6,Lahaul & Spiti,Koksar-Keylong NH21,32.4432,77.164,Debris          Slide,,,3086.038818359375,24.963980343094367,,
7758,HP/LAH/52H03/2015/7,Lahaul & Spiti,Koksar-Keylong NH21,32.4432,77.164,Rock            Slide,,,3086.038818359375,24.963980343094367,,
7759,HP/CHA/43P15/2020/34,Chamba,Kakira Kakira,32.45,75.94,Debris          Slide,,,1204.64599609375,21.70253740029006,,
7760,HP/CHA/43P15/2020/53,Chamba,Kakira,32.45,75.93,Debris,Slide,2018,1011.9608154296876,31.260393794390673,,
7761,HP/CHA/52D03/2020/36,Chamba,Laknad,32.45,76.03,Rock            Slide,,,1445.453857421875,25.461175838138494,,
7762,HP/CHA/52D03/2020/90,Chamba,Launa village,32.45,76.18,Debris          Slide,,,1934.8402099609375,35.06399649410449,,
7763,HP/CHA/52D07/2020/46,Chamba,Luna Chhatrari link road,32.45,76.39,Rock            Slide,,,1353.62060546875,41.001968916285925,,
7764,HP/CHA/52D07/2020/47,Chamba,Right bank of Ravi river,32.45,76.39,Rock            Slide,,,1353.62060546875,41.001968916285925,,
7765,HP/CHA/52D07/2020/48,Chamba,Luna,32.45,76.39,Debris          Slide,,,1353.62060546875,41.001968916285925,,
7766,HP/CHA/52D07/2020/49,Chamba,Chamba Bharmour road,32.45,76.4,Debris          Slide,,,1675.783447265625,37.96450557509693,,
7767,HP/CHA/52D07/2020/77,Chamba,Barainka link road,32.45,76.34,Rock            Slide,,,1476.6048583984375,11.50515852800904,,
7768,HP/CHA/52D07/2020/81,Chamba,Varai link road,32.45,76.31,Rock            Slide,,,1892.4521484375,34.01150208208679,,
7769,HP/CHA/52D07/2020/87,Chamba,Left bank of ravi river,32.45,76.47,Rock            Slide,,,1490.07666015625,19.30778215842253,,
7770,HP/CHA/52D07/2020/95,Chamba,Near Gaihra,32.45,76.34,Debris          Slide,,,1476.6048583984375,11.50515852800904,,
7771,HP/CHA/52D07/2020/98,Chamba,Kharamukh - Bharmour road,32.45,76.5,Rock            Fall,,,1995.4102783203125,38.18078459924811,,
7772,HP/CHA/52D07/2020/108,Chamba,Barainka link road,32.45,76.35,Rock            Slide,,,1339.813232421875,36.84952572649216,,
7773,HP/CHA/52D07/2020/109,Chamba,Barainka link road,32.45,76.35,Rock            Slide,,,1339.813232421875,36.84952572649216,,
7774,HP/CHA/52D07/2020/115,Chamba,Luna,32.45,76.39,Rock            Slide,,,1353.62060546875,41.001968916285925,,
7775,HP/CHA/52D07/2020/117,Chamba,Barainka link road,32.45,76.34,Rock            Slide,,,1476.6048583984375,11.50515852800904,,
7776,HP/CHA/52D07/2020/129,Chamba,Left bank of ravi river,32.45,76.47,Rock            Slide,,,1490.07666015625,19.30778215842253,,
7777,HP/CHA/52D07/2020/131,Chamba,Chamba Bharmour road,32.45,76.35,Debris          Slide,,,1339.813232421875,36.84952572649216,,
7778,HP/CHA/52D07/2020/132,Chamba,Chamba Bharmour road,32.45,76.35,Rock            Slide,,,1339.813232421875,36.84952572649216,,
7779,HP/CHA/52D07/2020/133,Chamba,Chamba Bharmour road,32.45,76.36,Rock            Slide,,,1371.797607421875,44.538844642510846,,
7780,HP/CHA/52D07/2020/134,Chamba,Chamba Bharmour road,32.45,76.36,Rock            Slide,,,1371.797607421875,44.538844642510846,,
7781,HP/CHA/52D07/2020/135,Chamba,Chamba Bharmour road,32.45,76.37,Debris          Slide,,,1601.7623291015625,45.58327217168118,,
7782,HP/CHA/52D07/2020/136,Chamba,Chamba Bharmour road,32.45,76.37,Rock            Slide,,,1601.7623291015625,45.58327217168118,,
7783,HP/CHA/52D11/2020/1,Chamba,NH-154A/Hadsar-Kugti Rd,32.45,76.61,Debris          Slide,,,2489.862060546875,40.360217882339605,,
7784,HP/CHA/52D11/2020/2,Chamba,NH-154A/Bharmour-Hadsar Rd,32.45,76.59,Rock            Slide,,,2208.878173828125,42.25938614983837,,
7785,HP/CHA/52D11/2020/3,Chamba,NH-154A/Bharmour-Hadsar Rd,32.45,76.57,Debris          Slide,,,1909.1162109375,39.46892615113217,,
7786,HP/CHA/52D11/2020/4,Chamba,NH-154A/Bharmour-Hadsar Rd,32.45,76.58,Rock            Slide,,,2000.806396484375,22.56019021408045,,
7787,HP/CHA/52D11/2020/13,Chamba,NH-154A/Bharmour-Hadsar Rd,32.45,76.59,Rock            Slide,,,2208.878173828125,42.25938614983837,,
7788,HP/CHA/52D11/2020/22,Chamba,Bharmour-Grima Rd,32.45,76.52,Rock            Slide,,,2097.688232421875,50.9524150109875,,
7789,HP/CHA/52D11/2020/23,Chamba,Bharmour-Grima Rd,32.45,76.52,Rock            Slide,,,2097.688232421875,50.9524150109875,,
7790,HP/CHA/52D11/2020/25,Chamba,Bharmour-Grima Rd,32.45,76.5,Debris          Slide,,,1995.4102783203125,38.18078459924811,,
7791,HP/CHA/52D11/2020/27,Chamba,Manimahesh Trekking Route,32.45,76.61,Debris          Slide,,,2489.862060546875,40.360217882339605,,
7792,HP/CHA/52D11/2020/33,Chamba,NH-154A/Bharmour-Hadsar Rd,32.45,76.57,Debris          Slide,,,1909.1162109375,39.46892615113217,,
7793,HP/CHA/52D11/2020/34,Chamba,NH-154A/Bharmour-Hadsar Rd,32.45,76.57,Rock            Slide,,,1909.1162109375,39.46892615113217,,
7794,HP/CHA/52D11/2020/36,Chamba,NH-154A/Bharmour-Hadsar Rd,32.45,76.57,Rock            Slide,,,1909.1162109375,39.46892615113217,,
7795,HP/CHA/52D11/2020/37,Chamba,NH-154A/Bharmour-Hadsar Rd,32.45,76.57,Debris          Slide,,,1909.1162109375,39.46892615113217,,
7796,HP/CHA/52D11/2020/45,Chamba,NH-154A/Bharmour-Hadsar Rd,32.45,76.51,Debris          Slide,,,1891.0782470703125,48.43270724682347,,
7797,HP/CHA/52D11/2020/69,Chamba,NH-154A/Bharmour-Hadsar Rd,32.45,76.51,Debris          Slide,,,1891.0782470703125,48.43270724682347,,
7798,HP/CHA/52D11/2020/70,Chamba,NH-154A/Bharmour-Hadsar Rd,32.45,76.51,Debris          Slide,,,1891.0782470703125,48.43270724682347,,
7799,HP/CHA/52D11/2020/72,Chamba,NH-154A/Bharmour-Hadsar Rd,32.45,76.51,Debris          Slide,,,1891.0782470703125,48.43270724682347,,
7800,HP/CHA/52D11/2020/73,Chamba,NH-154A/Bharmour-Hadsar Rd,32.45,76.51,Debris          Slide,,,1891.0782470703125,48.43270724682347,,
7801,HP/CHA/52D11/2020/74,Chamba,NH-154A/Bharmour-Hadsar Rd,32.45,76.52,Debris          Slide,,,2097.688232421875,50.9524150109875,,
7802,HP/CHA/52D11/2020/75,Chamba,NH-154A/Bharmour-Hadsar Rd,32.45,76.52,Debris          Slide,,,2097.688232421875,50.9524150109875,,
7803,HP/CHA/52D11/2020/76,Chamba,NH-154A/Bharmour-Hadsar Rd,32.45,76.52,Rock            Slide,,,2097.688232421875,50.9524150109875,,
7804,HP/CHA/52D11/2020/77,Chamba,NH-154A/Bharmour-Hadsar Rd,32.45,76.52,Debris          Slide,,,2097.688232421875,50.9524150109875,,
7805,HP/CHA/52D11/2020/79,Chamba,NH-154A/Bharmour-Hadsar Rd,32.45,76.52,Rock            Slide,,,2097.688232421875,50.9524150109875,,
7806,HP/CHA/52D11/2020/80,Chamba,NH-154A/Bharmour-Hadsar Rd,32.45,76.52,Debris          Slide,,,2097.688232421875,50.9524150109875,,
7807,HP/CHA/52D11/2020/90,Chamba,Thala-Mando Rd,32.45,76.56,Debris          Slide,,,1794.2362060546875,26.926856695552686,,
7808,HP/CHA/52D11/2020/93,Chamba,Thala-Mando Rd,32.45,76.51,Rock            Slide,,,1891.0782470703125,48.43270724682347,,
7809,HP/CHA/52D11/2020/94,Chamba,Thala- Bangela-Bharmour Rd,32.45,76.52,Debris          Slide,,,2097.688232421875,50.9524150109875,,
7810,HP/CHA/52D11/2020/95,Chamba,Thala- Bangela-Bharmour Rd,32.45,76.52,Debris          Slide,,,2097.688232421875,50.9524150109875,,
7811,HP/CHA/52D11/2020/96,Chamba,Thala- Bangela-Bharmour Rd,32.45,76.52,Rock            Slide,,,2097.688232421875,50.9524150109875,,
7812,HP/CHA/52D11/2020/97,Chamba,Thala- Bangela-Bharmour Rd,32.45,76.52,Debris          Slide,,,2097.688232421875,50.9524150109875,,
7813,HP/CHA/52D11/2020/98,Chamba,Thala- Bangela-Bharmour Rd,32.45,76.52,Debris          Slide,,,2097.688232421875,50.9524150109875,,
7814,HP/CHA/52D11/2020/99,Chamba,Thala- Bangela-Bharmour Rd,32.45,76.51,Rock            Slide,,,1891.0782470703125,48.43270724682347,,
7815,HP/CHA/52D11/2020/101,Chamba,Thala- Bangela-Bharmour Rd,32.45,76.52,Debris          Slide,,,2097.688232421875,50.9524150109875,,
7816,HP/CHA/52D11/2020/102,Chamba,Thala- Bangela-Bharmour Rd,32.45,76.52,Debris          Slide,,,2097.688232421875,50.9524150109875,,
7817,HP/CHA/52D11/2020/133,Chamba,NH-154A/Bharmour-Hadsar Rd,32.45,76.6,Rock            Slide,,,2446.67529296875,36.08179941788763,,
7818,HP/CHA/52D11/2020/144,Chamba,NH-154A/Bharmour-Hadsar Rd,32.45,76.6,Debris          Slide,,,2446.67529296875,36.08179941788763,,
7819,HP/CHA/52D11/2020/148,Chamba,NH-154A/Bharmour-Hadsar Rd,32.45,76.59,Rock            Slide,,,2208.878173828125,42.25938614983837,,
7820,HP/CHA/52D11/2020/149,Chamba,NH-154A/Bharmour-Hadsar Rd,32.45,76.59,Rock            Slide,,,2208.878173828125,42.25938614983837,,
7821,HP/CHA/52D11/2020/150,Chamba,NH-154A/Bharmour-Hadsar Rd,32.45,76.59,Rock            Slide,,,2208.878173828125,42.25938614983837,,
7822,HP/CHA/52D11/2020/151,Chamba,NH-154A/Bharmour-Hadsar Rd,32.45,76.58,Debris          Slide,,,2000.806396484375,22.56019021408045,,
7823,HP/CHA/52D11/2020/152,Chamba,NH-154A/Bharmour-Hadsar Rd,32.45,76.58,Debris          Slide,,,2000.806396484375,22.56019021408045,,
7824,HP/CHA/52D11/2020/153,Chamba,NH-154A/Bharmour-Hadsar Rd,32.45,76.58,Debris          Slide,,,2000.806396484375,22.56019021408045,,
7825,HP/CHA/52D11/2020/154,Chamba,NH-154A/Bharmour-Hadsar Rd,32.45,76.58,Debris          Slide,,,2000.806396484375,22.56019021408045,,
7826,HP/LAH/52H03/2015/8,Lahaul & Spiti,Koksar-Keylong NH21,32.4516,77.1532,Rock            Slide,,,3114.712646484375,29.02453320615982,,
7827,HP/LAH/52H03/2015/12,Lahaul & Spiti,Koksar-Keylong NH21,32.4549,77.1502,Rock            Slide,,,3090.6689453125,17.24230658310506,,
7828,HP/LAH/52H03/2015/13,Lahaul & Spiti,Koksar-Keylong NH21,32.4549,77.1502,Rock            Slide,,,3090.6689453125,17.24230658310506,,
7829,HP/LAH/52H03/2015/14,Lahaul & Spiti,Koksar-Keylong NH21,32.4563,77.1572,Debris          Slide,,,3332.363525390625,26.73636417495048,,
7830,HP/LAH/52H03/2015/11,Lahaul & Spiti,Koksar-Keylong NH21,32.4571,77.1473,Debris          Slide,,,3079.744873046875,12.835019677636524,,
7831,HP/LAH/52H03/2015/9,Lahaul & Spiti,Koksar-Keylong NH21,32.458,77.1425,Debris          Flow,,,3036.6318359375,1.8039394621112477,,
7832,HP/LAH/52H03/2015/10,Lahaul & Spiti,Koksar-Keylong NH21,32.458,77.1425,Rock            Slide,,,3036.6318359375,1.8039394621112477,,
7833,HP/CHA/43P15/2020/9,Chamba,Kakira taxi stand SH-28,32.46,75.93,Debris,Slide,2018,1185.523193359375,27.982344118381462,,
7834,HP/CHA/52D03/2020/2,Chamba,Kut,32.46,76.02,Rock            Slide,,,1704.2880859375,33.90349508897093,,
7835,HP/CHA/52D03/2020/13,Chamba,Pher,32.46,76.03,Rock            Slide,,,2015.8287353515625,35.175387153249204,,
7836,HP/CHA/52D03/2020/23,Chamba,Bankot P.F,32.46,76.04,Debris          Slide,,,1990.018798828125,27.09438109567578,,
7837,HP/CHA/52D03/2020/31,Chamba,South of Kareri village,32.46,76.18,Debris          Slide,,,1832.3055419921875,39.91706646903204,,
7838,HP/CHA/52D03/2020/38,Chamba,Karial P.F,32.46,76.17,Debris          Slide,,,1977.00830078125,35.79574809878099,,
7839,HP/CHA/52D03/2020/39,Chamba,Kareri village,32.46,76.18,Debris          Slide,,,1832.3055419921875,39.91706646903204,,
7840,HP/CHA/52D03/2020/40,Chamba,North of Launa,32.46,76.18,Debris          Slide,,,1832.3055419921875,39.91706646903204,,
7841,HP/CHA/52D03/2020/81,Chamba,North of Launa Village,32.46,76.18,Debris          Slide,,,1832.3055419921875,39.91706646903204,,
7842,HP/CHA/52D07/2020/23,Chamba,Upslope ofChamba bharmour,32.46,76.41,Debris          Slide,,,1498.7503662109375,45.66788026159568,,
7843,HP/CHA/52D07/2020/26,Chamba,Near Kharamukh,32.46,76.46,Rock            Slide,,,1423.2518310546875,18.535617173007154,,
7844,HP/CHA/52D07/2020/27,Chamba,Left bank of ravi river,32.46,76.45,Debris          Slide,,,1682.0687255859375,33.30142849616295,,
7845,HP/CHA/52D07/2020/43,Chamba,Chamba Bharmour road,32.46,76.4,Debris          Slide,,,1877.649658203125,44.470468194893115,,
7846,HP/CHA/52D07/2020/51,Chamba,Left bank of ravi river,32.46,76.46,Debris          Slide,,,1423.2518310546875,18.535617173007154,,
7847,HP/CHA/52D07/2020/61,Chamba,Chamba Bharmour road.,32.46,76.33,Rock            Slide,,,1378.560302734375,37.22382746527039,,
7848,HP/CHA/52D07/2020/66,Chamba,Tur village,32.46,76.3,Rock            Slide,,,1922.617431640625,30.91058280059976,,
7849,HP/CHA/52D07/2020/80,Chamba,Tur village,32.46,76.3,Rock            Slide,,,1922.617431640625,30.91058280059976,,
7850,HP/CHA/52D07/2020/82,Chamba,Varai link road,32.46,76.31,Rock            Slide,,,1481.757568359375,40.27199049463692,,
7851,HP/CHA/52D07/2020/83,Chamba,Varai link road,32.46,76.31,Rock            Slide,,,1481.757568359375,40.27199049463692,,
7852,HP/CHA/52D07/2020/90,Chamba,Chamba bharmour road,32.46,76.4,Debris          Slide,,,1877.649658203125,44.470468194893115,,
7853,HP/CHA/52D07/2020/91,Chamba,Chamba Bharmour road,32.46,76.33,Debris          Slide,,,1378.560302734375,37.22382746527039,,
7854,HP/CHA/52D07/2020/121,Chamba,Tur village,32.46,76.3,Rock            Slide,,,1922.617431640625,30.91058280059976,,
7855,HP/CHA/52D07/2020/130,Chamba,Right bank of Ravi river,32.46,76.46,Rock            Slide,,,1423.2518310546875,18.535617173007154,,
7856,HP/CHA/52D11/2020/83,Chamba,Thala-Sird Rd,32.46,76.52,Debris          Slide,,,1906.4737548828125,36.900063596052945,,
7857,HP/CHA/52D11/2020/84,Chamba,Thala-Sird Rd,32.46,76.52,Debris          Slide,,,1906.4737548828125,36.900063596052945,,
7858,HP/CHA/52D11/2020/85,Chamba,Thala-Sird Rd,32.46,76.52,Debris          Slide,,,1906.4737548828125,36.900063596052945,,
7859,HP/CHA/52D11/2020/86,Chamba,Thala-Sird Rd,32.46,76.52,Debris          Slide,,,1906.4737548828125,36.900063596052945,,
7860,HP/CHA/52D11/2020/87,Chamba,Thala-Sird Rd,32.46,76.52,Rock            Slide,,,1906.4737548828125,36.900063596052945,,
7861,HP/CHA/52D11/2020/88,Chamba,Thala-Sird Rd,32.46,76.51,Debris          Slide,,,1874.8673095703125,52.08620705635089,,
7862,HP/CHA/52D11/2020/91,Chamba,Thala-Mando Rd,32.46,76.57,Debris          Slide,,,2431.161865234375,40.578243106248976,,
7863,HP/CHA/52D11/2020/92,Chamba,Thala-Mando Rd,32.46,76.56,Debris          Slide,,,2707.883056640625,36.3509627557253,,
7864,HP/CHA/52D11/2020/122,Chamba,NH-154A/Bharmour-Hadsar Rd,32.46,76.61,Debris          Slide,,,1996.0341796875,30.52623510267188,,
7865,HP/CHA/52D11/2020/130,Chamba,NH-154A/Hadsar-Kugti Rd,32.46,76.63,Debris          Slide,,,2604.236572265625,47.873868385968095,,
7866,HP/CHA/52D11/2020/142,Chamba,NH-154A/Hadsar-Kugti Rd,32.46,76.65,Debris          Slide,,,2758.967041015625,49.85088267099309,,
7867,HP/CHA/52D11/2020/143,Chamba,NH-154A/Hadsar-Kugti Rd,32.46,76.65,Debris          Slide,,,2758.967041015625,49.85088267099309,,
7868,HP/CHA/52D11/2020/145,Chamba,NH-154A/Hadsar-Kugti Rd,32.46,76.64,Debris          Slide,,,2364.79345703125,30.58734793808428,,
7869,HP/CHA/52D11/2020/146,Chamba,NH-154A/Hadsar-Kugti Rd,32.46,76.64,Debris          Slide,,,2364.79345703125,30.58734793808428,,
7870,HP/CHA/52D11/2020/147,Chamba,NH-154A/Hadsar-Kugti Rd,32.46,76.64,Debris          Slide,,,2364.79345703125,30.58734793808428,,
7871,HP/LAH/52H03/2015/24,Lahaul & Spiti,Koksar-Keylong NH21,32.464,77.1389,Debris          Slide,,,3048.303466796875,25.82412009684283,,
7872,HP/LAH/52H03/2015/21,Lahaul & Spiti,Koksar-Keylong NH21,32.4655,77.137,Debris          Slide,,,3081.126953125,26.733806885652516,,
7873,HP/LAH/52H03/2015/22,Lahaul & Spiti,Koksar-Keylong NH21,32.4655,77.137,Debris          Slide,,,3081.126953125,26.733806885652516,,
7874,HP/LAH/52H03/2015/23,Lahaul & Spiti,Koksar-Keylong NH21,32.4655,77.137,Debris          Slide,,,3081.126953125,26.733806885652516,,
7875,HP/CHA/43P15/2020/29,Chamba,Kumlari SH-28,32.47,75.92,Debris,Slide,2018,1287.1690673828125,26.491615821656527,,
7876,HP/CHA/43P15/2020/47,Chamba,Bakloh Cant,32.47,75.93,Debris,Slide,2017,1272.772216796875,14.559377767200674,,
7877,HP/CHA/52D03/2020/28,Chamba,Chamera,32.47,76.19,Debris          Slide,,,1243.178466796875,32.45181343520111,,
7878,HP/CHA/52D03/2020/29,Chamba,"Cha,mera,NH-154A",32.47,76.2,Rock            Slide,,,1166.0615234375,42.488957269378425,,
7879,HP/CHA/52D03/2020/32,Chamba,"Karsun,NH-154A",32.47,76.22,Debris          Slide,,,1089.6861572265625,2.7501776589034668,,
7880,HP/CHA/52D03/2020/37,Chamba,Weri,32.47,76.17,Rock            Slide,,,1528.044677734375,40.92942585331591,,
7881,HP/CHA/52D03/2020/51,Chamba,"Galold,NH-154A",32.47,76.25,Debris          Slide,,,1185.7001953125,41.79466612134511,,
7882,HP/CHA/52D03/2020/59,Chamba,Rakh,32.47,76.24,Debris          Slide,,,1244.5621337890625,40.780572906625586,,
7883,HP/CHA/52D07/2020/7,Chamba,Sulla link road,32.47,76.43,Rock            Slide,,,1464.1763916015625,43.39427213107445,,
7884,HP/CHA/52D07/2020/8,Chamba,Sulla link road,32.47,76.42,Rock            Slide,,,1925.10205078125,33.23525650268506,,
7885,HP/CHA/52D07/2020/10,Chamba,Near chamera III Dam site,32.47,76.43,Rock            Slide,,,1464.1763916015625,43.39427213107445,,
7886,HP/CHA/52D07/2020/16,Chamba,NH154 A near Kharamukh.,32.47,76.45,Rock            Fall,,,1605.5233154296875,51.37899972418407,,
7887,HP/CHA/52D07/2020/17,Chamba,Chamba-Bharmour road.,32.47,76.45,Rock            Slide,,,1605.5233154296875,51.37899972418407,,
7888,HP/CHA/52D07/2020/33,Chamba,Chamba Bharmour road,32.47,76.31,Debris          Slide,,,1705.9625244140625,32.96758298001049,,
7889,HP/CHA/52D07/2020/35,Chamba,Chamba Bharmour road,32.47,76.31,Debris          Slide,,,1705.9625244140625,32.96758298001049,,
7890,HP/CHA/52D07/2020/37,Chamba,Left bank of chamera II,32.47,76.26,Debris          Slide,,,1337.6434326171875,28.299881074870488,,
7891,HP/CHA/52D07/2020/38,Chamba,Left bank of chamera II,32.47,76.27,Debris          Slide,,,1342.1617431640625,35.282496119193404,,
7892,HP/CHA/52D07/2020/40,Chamba,Sunara link road,32.47,76.29,Rock            Slide,,,1498.2452392578125,29.626927709672007,,
7893,HP/CHA/52D07/2020/52,Chamba,Kharamukh,32.47,76.45,Rock            Slide,,,1605.5233154296875,51.37899972418407,,
7894,HP/CHA/52D07/2020/62,Chamba,Bagga,32.47,76.25,Debris          Slide,,,1185.7001953125,41.79466612134511,,
7895,HP/CHA/52D07/2020/63,Chamba,Kharamukh,32.47,76.45,Rock            Slide,,,1605.5233154296875,51.37899972418407,,
7896,HP/CHA/52D07/2020/67,Chamba,Sunara road,32.47,76.27,Debris          Slide,,,1342.1617431640625,35.282496119193404,,
7897,HP/CHA/52D07/2020/68,Chamba,Sunara link road,32.47,76.27,Debris          Slide,,,1342.1617431640625,35.282496119193404,,
7898,HP/CHA/52D07/2020/70,Chamba,Sunara link road,32.47,76.29,Rock            Slide,,,1498.2452392578125,29.626927709672007,,
7899,HP/CHA/52D07/2020/71,Chamba,Sunara link road,32.47,76.29,Rock            Slide,,,1498.2452392578125,29.626927709672007,,
7900,HP/CHA/52D07/2020/72,Chamba,Sunara link road,32.47,76.29,Rock            Slide,,,1498.2452392578125,29.626927709672007,,
7901,HP/CHA/52D07/2020/73,Chamba,Sunara link road,32.47,76.29,Rock            Slide,,,1498.2452392578125,29.626927709672007,,
7902,HP/CHA/52D07/2020/84,Chamba,Varai link road,32.47,76.32,Rock            Slide,,,1330.7633056640625,53.218136521840655,,
7903,HP/CHA/52D07/2020/89,Chamba,Right bank of ravi river,32.47,76.46,Debris          Slide,,,1798.10498046875,36.62816630631448,,
7904,HP/CHA/52D07/2020/93,Chamba,Chamba bharmour road,32.47,76.43,Rock            Slide,,,1464.1763916015625,43.39427213107445,,
7905,HP/CHA/52D07/2020/99,Chamba,Right bank of Budhil nala,32.47,76.48,Debris          Slide,,,1654.409423828125,27.293604841772652,,
7906,HP/CHA/52D07/2020/100,Chamba,Kharamukh- Bharmour road,32.47,76.46,Debris          Slide,,,1798.10498046875,36.62816630631448,,
7907,HP/CHA/52D07/2020/104,Chamba,Chamba Bharmour road,32.47,76.27,Debris          Slide,,,1342.1617431640625,35.282496119193404,,
7908,HP/CHA/52D07/2020/106,Chamba,Bagga Left bank of Chamera II,32.47,76.26,Rock            Slide,,,1337.6434326171875,28.299881074870488,,
7909,HP/CHA/52D07/2020/107,Chamba,Bagga Upslope of chamera II,32.47,76.25,Rock            Slide,,,1185.7001953125,41.79466612134511,,
7910,HP/CHA/52D07/2020/110,Chamba,Kharamukh-Durgati road,32.47,76.44,Rock            Fall,,,1694.6015625,36.295827627504934,,
7911,HP/CHA/52D07/2020/111,Chamba,Near chamera III dame site,32.47,76.44,Rock            Fall,,,1694.6015625,36.295827627504934,,
7912,HP/CHA/52D07/2020/114,Chamba,Chamba Bharmour road,32.47,76.31,Rock            Slide,,,1705.9625244140625,32.96758298001049,,
7913,HP/CHA/52D07/2020/118,Chamba,Durgati- Kharamukh road,32.47,76.44,Rock            Slide,,,1694.6015625,36.295827627504934,,
7914,HP/CHA/52D07/2020/128,Chamba,Chamba Bharmour road,32.47,76.3,Debris          Slide,,,1374.11474609375,36.59791290772436,,
7915,HP/CHA/52D11/2020/67,Chamba,Kugti,32.47,76.7,Debris          Slide,,,2700.39794921875,33.13426341233417,,
7916,HP/CHA/52D11/2020/78,Chamba,Kugti,32.47,76.69,Debris          Slide,,,2581.848388671875,44.66443867567454,,
7917,HP/CHA/52D11/2020/89,Chamba,NH-154A/Hadsar-Kugti Rd,32.47,76.69,Debris          Slide,,,2581.848388671875,44.66443867567454,,
7918,HP/CHA/52D11/2020/100,Chamba,NH-154A/Hadsar-Kugti Rd,32.47,76.68,Debris          Slide,,,2528.195068359375,33.763523697707434,,
7919,HP/CHA/52D11/2020/103,Chamba,Kugti,32.47,76.7,Debris          Slide,,,2700.39794921875,33.13426341233417,,
7920,HP/CHA/52D11/2020/111,Chamba,NH-154A/Hadsar-Kugti Rd,32.47,76.68,Debris          Slide,,,2528.195068359375,33.763523697707434,,
7921,HP/CHA/52D11/2020/131,Chamba,NH-154A/Hadsar-Kugti Rd,32.47,76.69,Rock            Slide,,,2581.848388671875,44.66443867567454,,
7922,HP/CHA/52D11/2020/132,Chamba,NH-154A/Hadsar-Kugti Rd,32.47,76.69,Debris          Slide,,,2581.848388671875,44.66443867567454,,
7923,HP/CHA/52D11/2020/134,Chamba,NH-154A/Hadsar-Kugti Rd,32.47,76.69,Debris          Slide,,,2581.848388671875,44.66443867567454,,
7924,HP/CHA/52D11/2020/135,Chamba,NH-154A/Hadsar-Kugti Rd,32.47,76.68,Rock            Slide,,,2528.195068359375,33.763523697707434,,
7925,HP/CHA/52D11/2020/136,Chamba,NH-154A/Hadsar-Kugti Rd,32.47,76.68,Debris          Slide,,,2528.195068359375,33.763523697707434,,
7926,HP/CHA/52D11/2020/137,Chamba,NH-154A/Hadsar-Kugti Rd,32.47,76.67,Debris          Slide,,,2450.304931640625,19.686218696435553,,
7927,HP/CHA/52D11/2020/138,Chamba,NH-154A/Hadsar-Kugti Rd,32.47,76.67,Rock            Slide,,,2450.304931640625,19.686218696435553,,
7928,HP/CHA/52D11/2020/139,Chamba,NH-154A/Hadsar-Kugti Rd,32.47,76.67,Rock            Slide,,,2450.304931640625,19.686218696435553,,
7929,HP/CHA/52D11/2020/140,Chamba,NH-154A/Hadsar-Kugti Rd,32.47,76.68,Debris          Slide,,,2528.195068359375,33.763523697707434,,
7930,HP/CHA/52D11/2020/141,Chamba,NH-154A/Hadsar-Kugti Rd,32.47,76.67,Debris          Slide,,,2450.304931640625,19.686218696435553,,
7931,HP/CHA/52D03/2020/26,Chamba,"Jangi,NH-154A",32.48,76.19,Debris          Slide,,,1260.3785400390625,35.77977650469725,,
7932,HP/CHA/52D03/2020/27,Chamba,"Jangi,NH-154A",32.48,76.19,Debris          Slide,,,1260.3785400390625,35.77977650469725,,
7933,HP/CHA/52D03/2020/34,Chamba,"Jangi,NH-154A",32.48,76.19,Debris          Slide,,,1260.3785400390625,35.77977650469725,,
7934,HP/CHA/52D03/2020/35,Chamba,"Jangi,NH-154A",32.48,76.19,Debris          Slide,,,1260.3785400390625,35.77977650469725,,
7935,HP/CHA/52D07/2020/1,Chamba,Near Bagga .,32.48,76.26,Debris          Slide,,,1629.14013671875,47.22762611722486,,
7936,HP/CHA/52D07/2020/9,Chamba,"Right bank of Ravi river,",32.48,76.29,Rock            Slide,,,1174.880859375,27.63091984356415,,
7937,HP/CHA/52D07/2020/11,Chamba,"Bagga, upslope of chamera II",32.48,76.25,Rock            Slide,,,1510.502685546875,13.444100044755388,,
7938,HP/CHA/52D07/2020/15,Chamba,Chamba Bharmour road,32.48,76.31,Debris          Slide,,,1196.290771484375,20.505879021032545,,
7939,HP/CHA/52D07/2020/31,Chamba,Left bank of Dhunali nala,32.48,76.25,Rock            Slide,,,1510.502685546875,13.444100044755388,,
7940,HP/CHA/52D07/2020/32,Chamba,Near Dudain village,32.48,76.26,Rock            Slide,,,1629.14013671875,47.22762611722486,,
7941,HP/CHA/52D07/2020/39,Chamba,Chamba bharmour road,32.48,76.27,Debris          Slide,,,1565.9661865234375,49.20146905894597,,
7942,HP/CHA/52D07/2020/45,Chamba,Right bank of Ravi river.,32.48,76.29,Debris          Slide,,,1174.880859375,27.63091984356415,,
7943,HP/CHA/52D07/2020/53,Chamba,Left bank of Dhaneli nala,32.48,76.25,Rock            Slide,,,1510.502685546875,13.444100044755388,,
7944,HP/CHA/52D07/2020/54,Chamba,Bagga Upslope of Chamera II,32.48,76.25,Debris          Slide,,,1510.502685546875,13.444100044755388,,
7945,HP/CHA/52D07/2020/55,Chamba,Right bank of Braguna nala,32.48,76.28,Debris          Slide,,,1265.123046875,47.68212408015796,,
7946,HP/CHA/52D07/2020/56,Chamba,Dharwala,32.48,76.29,Debris          Slide,,,1174.880859375,27.63091984356415,,
7947,HP/CHA/52D07/2020/57,Chamba,Lothal,32.48,76.29,Debris          Slide,,,1174.880859375,27.63091984356415,,
7948,HP/CHA/52D07/2020/58,Chamba,Batot link road,32.48,76.33,Rock            Slide,,,1761.4339599609375,52.96943722793098,,
7949,HP/CHA/52D07/2020/60,Chamba,Right bank of Ravi river.,32.48,76.32,Debris          Slide,,,1358.7470703125,54.20675870267425,,
7950,HP/CHA/52D07/2020/64,Chamba,Left bank of Dunali nala,32.48,76.25,Rock            Slide,,,1510.502685546875,13.444100044755388,,
7951,HP/CHA/52D07/2020/65,Chamba,Chamba Bharmour road,32.48,76.31,Debris          Slide,,,1196.290771484375,20.505879021032545,,
7952,HP/CHA/52D07/2020/69,Chamba,Sunara link road,32.48,76.29,Debris          Slide,,,1174.880859375,27.63091984356415,,
7953,HP/CHA/52D07/2020/85,Chamba,Dunali,32.48,76.32,Debris          Slide,,,1358.7470703125,54.20675870267425,,
7954,HP/CHA/52D07/2020/86,Chamba,Batwara link road,32.48,76.29,Rock            Slide,,,1174.880859375,27.63091984356415,,
7955,HP/CHA/52D07/2020/92,Chamba,Right bank of Ravi river,32.48,76.29,Debris          Slide,,,1174.880859375,27.63091984356415,,
7956,HP/CHA/52D07/2020/94,Chamba,Sunara link road,32.48,76.29,Debris          Slide,,,1174.880859375,27.63091984356415,,
7957,HP/CHA/52D07/2020/101,Chamba,Dudain village,32.48,76.26,Rock            Slide,,,1629.14013671875,47.22762611722486,,
7958,HP/CHA/52D07/2020/105,Chamba,Dunali,32.48,76.32,Debris          Slide,,,1358.7470703125,54.20675870267425,,
7959,HP/CHA/52D07/2020/112,Chamba,Dharwala,32.48,76.28,Debris          Subsidence,,,1265.123046875,47.68212408015796,,
7960,HP/CHA/52D07/2020/126,Chamba,Chamba Bharmour road,32.48,76.27,Debris          Slide,,,1565.9661865234375,49.20146905894597,,
7961,HP/LAH/52H03/2015/20,Lahaul & Spiti,Koksar-Keylong NH21,32.4813,77.1271,Debris          Slide,,,3067.136962890625,8.709557889607506,,
7962,HP/LAH/52H03/2015/19,Lahaul & Spiti,Koksar-Keylong NH21,32.4827,77.1166,Debris          Slide,,,3119.570068359375,23.9005456387981,,
7963,HP/LAH/52H03/2015/18,Lahaul & Spiti,Koksar-Keylong NH21,32.4861,77.1063,Debris          Slide,,,3115.72802734375,12.7981842656686,,
7964,HP/CHA/52D03/2020/24,Chamba,"Kuran,NH-154A",32.49,76.17,Debris,Slide,2010,1189.7164306640625,35.59020080718827,,
7965,HP/CHA/52D03/2020/25,Chamba,Pukhlara,32.49,76.17,Debris          Slide,,,1189.7164306640625,35.59020080718827,,
7966,HP/CHA/52D03/2020/33,Chamba,"Soana,NH-154A",32.49,76.18,Rock            Slide,,,1329.5108642578125,40.599173073263735,,
7967,HP/CHA/52D07/2020/3,Chamba,Upslope of Tundah nala,32.49,76.44,Rock            Slide,,,2136.870849609375,44.57021462041169,,
7968,HP/CHA/52D07/2020/5,Chamba,Trela village,32.49,76.44,Debris          Slide,,,2136.870849609375,44.57021462041169,,
7969,HP/CHA/52D07/2020/6,Chamba,Trela village,32.49,76.44,Rock            Slide,,,2136.870849609375,44.57021462041169,,
7970,HP/CHA/52D07/2020/14,Chamba,Trela village,32.49,76.44,Debris          Slide,,,2136.870849609375,44.57021462041169,,
7971,HP/CHA/52D07/2020/28,Chamba,Thala village,32.49,76.45,Debris          Slide,,,2023.55419921875,42.86364399830602,,
7972,HP/CHA/52D07/2020/29,Chamba,Thala link road,32.49,76.44,Rock            Slide,,,2136.870849609375,44.57021462041169,,
7973,HP/CHA/52D07/2020/30,Chamba,Sulia link road,32.49,76.44,Rock            Fall,,,2136.870849609375,44.57021462041169,,
7974,HP/CHA/52D07/2020/42,Chamba,Batot link road,32.49,76.35,Rock            Slide,,,1669.625732421875,34.807358251723834,,
7975,HP/CHA/52D07/2020/75,Chamba,Batot link road,32.49,76.35,Rock            Slide,,,1669.625732421875,34.807358251723834,,
7976,HP/CHA/52D07/2020/78,Chamba,Batot link road,32.49,76.35,Rock            Slide,,,1669.625732421875,34.807358251723834,,
7977,HP/CHA/52D07/2020/88,Chamba,Right bank of braguna nala,32.49,76.28,Rock            Slide,,,1277.9267578125,23.908072715787135,,
7978,HP/CHA/52D07/2020/102,Chamba,Left bank of braguna nala,32.49,76.28,Debris          Slide,,,1277.9267578125,23.908072715787135,,
7979,HP/LAH/52H03/2015/16,Lahaul & Spiti,Koksar-Keylong NH21,32.4919,77.0936,Debris          Slide,,,3111.849853515625,25.820170594433147,,
7980,HP/LAH/52H03/2015/17,Lahaul & Spiti,Koksar-Keylong NH21,32.4919,77.0936,Rock            Topple,,,3111.849853515625,25.820170594433147,,
7981,HP/CHA/43P15/2020/48,Chamba,Balera village,32.5,75.94,Debris,Slide,2015,1462.3692626953125,19.078397387570824,,
7982,HP/CHA/52D02/2020/21,Chamba,"Dalghana,NH-154A",32.5,76.17,Rock            Slide,,,1198.041015625,39.407650211478774,,
7983,HP/CHA/52D02/2020/22,Chamba,Dalghana,32.5,76.17,Debris          Slide,,,1198.041015625,39.407650211478774,,
7984,HP/CHA/52D07/2020/59,Chamba,Left bank of ravi river,32.5,76.48,Debris          Slide,,,2044.7244873046875,37.15547224053568,,
7985,HP/CHA/52D07/2020/74,Chamba,Left bank of Beli nala,32.5,76.36,Rock            Slide,,,1857.575439453125,45.91323989149668,,
7986,HP/CHA/52D07/2020/76,Chamba,Left bank of Beli nala,32.5,76.35,Rock            Slide,,,1818.62890625,28.20769927666981,,
7987,HP/LAH/52H03/2015/15,Lahaul & Spiti,Koksar-Keylong NH21,32.5013,77.0621,Debris          Slide,,,3219.105712890625,27.41583072798724,,
7988,HP/CHA/43P14/2017/13,Chamba,,32.501779,75.922098,Debris          Slide,,,894.3889770507812,35.77106012694761,,
7989,HP/CHA/43P14/2017/56,Chamba,,32.503185,75.982304,Rock            Slide,,,1820.04638671875,31.23898403721946,,
7990,HP/CHA/43P14/2017/43,Chamba,,32.5042,75.979277,Rock            Slide,,,1852.34912109375,31.484068831404123,,
7991,HP/CHA/43P14/2017/3,Chamba,,32.504268,75.986248,Rock            Slide,,,1814.6104736328125,39.533884029526625,,
7992,HP/CHA/43P14/2017/10,Chamba,,32.504681,75.985554,Rock            Slide,,,1871.1505126953125,38.90477948301469,,
7993,HP/CHA/43P14/2017/20,Chamba,,32.506146,75.975698,Rock            Slide,,,1824.9635009765625,29.574474324140347,,
7994,HP/CHA/43P14/2017/4,Chamba,,32.507371,75.920011,Rock            Slide,,,981.7494506835938,30.252683880391416,,
7995,HP/CHA/43P14/2017/18,Chamba,,32.507581,75.918692,Rock            Slide,,,908.2451782226562,34.40163708504514,,
7996,HP/CHA/43P14/2017/16,Chamba,,32.508189,75.921616,Debris          Slide,,,992.124755859375,38.380589009355774,,
7997,HP/CHA/43P14/2017/30,Chamba,,32.508361,75.92219,Debris          Slide,,,967.6624755859376,47.69170339028007,,
7998,HP/CHA/43P14/2017/54,Chamba,,32.508655,75.977994,Rock            Slide,,,1932.2645263671875,28.17875946043161,,
7999,HP/CHA/43P14/2017/52,Chamba,,32.508677,75.921207,Debris          Slide,,,957.5161743164062,53.71710602441661,,
8000,HP/CHA/52D02/2020/18,Chamba,South of Karian Village,32.51,76.15,Debris          Slide,,,1347.3765869140625,38.1408419274081,,
8001,HP/CHA/52D02/2020/20,Chamba,"Bandri,NH-154A",32.51,76.18,Debris          Slide,,,1446.3179931640625,36.51200294152454,,
8002,HP/CHA/43P14/2017/40,Chamba,,32.511499,75.924982,Debris          Slide,,,1012.8303833007812,51.16035571170771,,
8003,HP/CHA/52D02/2020/17,Chamba,South of Karian Village,32.52,76.15,Debris          Slide,,,956.8692016601562,38.41692135427751,,
8004,HP/CHA/52D02/2020/19,Chamba,"south of Karian Village,NH-154A",32.52,76.15,Debris          Slide,,,956.8692016601562,38.41692135427751,,
8005,HP/CHA/52D02/2020/125,Chamba,"Get,SH-43",32.52,76.07,Debris          Slide,,,1886.6103515625,29.431605957106942,,
8006,HP/CHA/52D02/2020/135,Chamba,Rakhila,32.52,76.06,Rock            Slide,,,1946.09326171875,38.300873931465986,,
8007,HP/CHA/43P14/2017/17,Chamba,,32.521658,75.927372,Debris          Slide,,,1004.4000244140624,39.18333476010154,,
8008,HP/CHA/43P14/2017/36,Chamba,,32.524066,75.928682,Debris          Slide,,,1048.50830078125,23.945691655673173,,
8009,HP/CHA/43P14/2017/28,Chamba,,32.524745,75.971756,Rock            Slide,,,1608.1395263671875,37.64876799847467,,
8010,HP/CHA/52D02/2020/16,Chamba,"Karian,NH-154A",32.53,76.15,Rock            Slide,,,1166.6314697265625,33.2637435455455,,
8011,HP/CHA/52D02/2020/27,Chamba,Karian,32.53,76.14,Debris          Slide,,,901.5484619140624,6.061063902256371,,
8012,HP/CHA/52D02/2020/92,Chamba,North of Get,32.53,76.08,Rock            Slide,,,1639.0592041015625,30.2371064781947,,
8013,HP/CHA/52D02/2020/99,Chamba,Get,32.53,76.07,Rock            Slide,,,2008.75146484375,30.426378630963164,,
8014,HP/CHA/52D02/2020/102,Chamba,Kuphara P.F,32.53,76.13,Debris          Slide,,,1017.1841430664062,36.74253407765597,,
8015,HP/CHA/52D02/2020/106,Chamba,Karian,32.53,76.14,Debris          Slide,,,901.5484619140624,6.061063902256371,,
8016,HP/CHA/52D02/2020/103,Chamba,"Hather,SH-43",32.54,76.12,Rock            Slide,,,1000.714599609375,35.02504549717177,,
8017,HP/CHA/52D02/2020/114,Chamba,"Kol,SH-43",32.54,76.11,Rock            Slide,,,1359.935791015625,27.833121765762204,,
8018,HP/CHA/52D02/2020/43,Chamba,west of Ludu,32.55,76.14,Debris          Slide,,,1265.1654052734375,32.24464968837206,,
8019,HP/CHA/52D02/2020/44,Chamba,"Mangla slide Near Mangla Nala,Chamba-",32.55,76.11,Debris          Slide,,,1189.333984375,19.25136489507474,,
8020,HP/CHA/52D02/2020/66,Chamba,"Chamba bus stand subsidence Chamba Bus Stand,NH 154A",32.55,76.12,Debris,Subsidence,2019,980.86376953125,2.517438141072405,,
8021,HP/CHA/52D02/2020/75,Chamba,ludu,32.55,76.14,Debris          Slide,,,1265.1654052734375,32.24464968837206,,
8022,HP/CHA/52D02/2020/76,Chamba,south of Chakhla,32.55,76.15,Debris          Slide,,,1452.87353515625,27.190000145474293,,
8023,HP/CHA/52D02/2020/108,Chamba,Chamba bridge subsidence Near Chamba Bus,32.55,76.12,Debris,Slide,2018,980.86376953125,2.517438141072405,,
8024,HP/CHA/52D06/2020/27,Chamba,Left bank of Kiri nala,32.55,76.25,Rock            Slide,,,2174.701904296875,34.95147408317688,,
8025,HP/CHA/52D02/2020/42,Chamba,,32.56,76.14,Debris          Slide,,,1282.6893310546875,38.32891714455828,,
8026,HP/CHA/52D02/2020/78,Chamba,"Chamba, Near suspension",32.56,76.12,Rock,Slide,2008,825.5800170898438,7.965302199235832,,
8027,HP/CHA/52D06/2020/2,Chamba,Neari Kiri village,32.56,76.26,Rock            Slide,,,1763.9788818359375,40.76269314821368,,
8028,HP/CHA/52D06/2020/34,Chamba,Near Kiri village,32.56,76.26,Rock            Slide,,,1763.9788818359375,40.76269314821368,,
8029,HP/CHA/43P14/2017/57,Chamba,,32.563291,75.894672,Rock            Slide,,,805.1072387695312,11.929130710609336,,
8030,HP/CHA/43P14/2017/8,Chamba,,32.565425,75.891553,Rock            Slide,,,667.035888671875,20.834961380384694,,
8031,HP/CHA/43P14/2017/5,Chamba,,32.568546,75.98333,Rock            Slide,,,1275.0860595703125,36.02817841773922,,
8032,HP/CHA/52D02/2020/45,Chamba,Badhala,32.57,76.07,Debris          Slide,,,1530.808837890625,34.88355288043589,,
8033,HP/CHA/52D02/2020/51,Chamba,Pangoda,32.57,76.07,Debris          Slide,,,1530.808837890625,34.88355288043589,,
8034,HP/CHA/52D02/2020/52,Chamba,Pangoda,32.57,76.07,Debris          Slide,,,1530.808837890625,34.88355288043589,,
8035,HP/CHA/52D02/2020/81,Chamba,Ludrera,32.57,76.14,Rock            Slide,,,1051.2642822265625,28.71538705833033,,
8036,HP/CHA/52D02/2020/117,Chamba,"Rathangarh slide Rathangarh, Sultanpur,Sarol",32.57,76.12,Debris,Slide,2013,796.66748046875,5.931269941415092,,
8037,HP/CHA/52D06/2020/25,Chamba,Left bank of Kiri Nala,32.57,76.25,Rock            Slide,,,1495.400390625,12.556790917381486,,
8038,HP/CHA/43P14/2017/47,Chamba,,32.578181,75.90204,Rock            Slide,,,1043.2830810546875,40.1816370130292,,
8039,HP/CHA/43P14/2017/42,Chamba,,32.578919,75.939933,Debris          Slide,,,991.381591796875,51.3584189062147,,
8040,HP/CHA/43P14/2017/14,Chamba,,32.579417,75.938467,Debris          Slide,,,1014.536376953125,42.08726239344349,,
8041,HP/CHA/43P14/2017/29,Chamba,,32.579572,75.90054,Rock            Slide,,,1000.2653198242188,44.45152819819187,,
8042,HP/CHA/43P14/2017/11,Chamba,,32.579987,75.901499,Rock            Slide,,,916.4837646484376,38.95567378752963,,
8043,HP/CHA/52D02/2020/36,Chamba,"Tara,NH-154A",32.58,76.1,Debris          Slide,,,899.8646240234375,35.28957980714071,,
8044,HP/CHA/52D02/2020/37,Chamba,"Near Chambi Village,NH-154A",32.58,76.11,Debris          Slide,,,776.5,10.480897420715726,,
8045,HP/CHA/52D02/2020/38,Chamba,"Chambi slide Chambi,NH-154A",32.58,76.11,Rock,Slide,1990,776.5,10.480897420715726,,
8046,HP/CHA/52D02/2020/39,Chamba,"Chambi subsidence Chambi,NH 154A",32.58,76.11,Debris,Slide,2016,776.5,10.480897420715726,,
8047,HP/CHA/52D02/2020/50,Chamba,Singhi,32.58,76.07,Debris          Slide,,,1227.866943359375,34.220433528802545,,
8048,HP/CHA/52D02/2020/82,Chamba,Ludrera,32.58,76.14,Rock,Slide,2003,1070.9296875,26.20433997291641,,
8049,HP/CHA/52D02/2020/83,Chamba,Ludrera,32.58,76.15,Debris          Slide,,,1017.1407470703124,39.24295925188313,,
8050,HP/CHA/52D02/2020/89,Chamba,Ganji,32.58,76.23,Debris          Slide,,,1356.975341796875,24.913868200444487,,
8051,HP/CHA/52D02/2020/90,Chamba,Ganji,32.58,76.23,Debris          Slide,,,1356.975341796875,24.913868200444487,,
8052,HP/CHA/52D02/2020/91,Chamba,Singhi P.F,32.58,76.06,Rock            Slide,,,1320.345703125,28.934325367329063,,
8053,HP/CHA/52D02/2020/98,Chamba,Sanaul,32.58,76.23,Debris          Slide,,,1356.975341796875,24.913868200444487,,
8054,HP/CHA/52D02/2020/112,Chamba,Sanaul,32.58,76.23,Debris          Slide,,,1356.975341796875,24.913868200444487,,
8055,HP/CHA/52D02/2020/115,Chamba,Singhi P.F,32.58,76.06,Rock            Slide,,,1320.345703125,28.934325367329063,,
8056,HP/CHA/43P14/2017/2,Chamba,,32.580869,75.899736,Rock            Slide,,,886.3963623046875,39.5667486946873,,
8057,HP/CHA/43P14/2017/1,Chamba,,32.580891,75.976923,Debris          Slide,,,1064.1422119140625,43.913721141615035,,
8058,HP/CHA/43P14/2017/51,Chamba,,32.581996,75.974083,Debris          Slide,,,941.3716430664062,48.35006190683535,,
8059,HP/CHA/43P14/2017/6,Chamba,,32.582235,75.899427,Debris          Slide,,,813.0408325195312,29.020814758896964,,
8060,HP/CHA/43P14/2017/39,Chamba,,32.583723,75.971117,Debris          Slide,,,874.7802734375,45.74097164789539,,
8061,HP/CHA/43P14/2017/46,Chamba,,32.587751,75.969603,Debris          Slide,,,883.6997680664062,49.07143327150357,,
8062,HP/CHA/52D02/2020/26,Chamba,Jabkun,32.59,76.12,Rock            Slide,,,1111.9837646484375,35.58010588255005,,
8063,HP/CHA/52D02/2020/41,Chamba,"Drada P.F.,NH 154A",32.59,76.09,Rock            Slide,,,919.3096313476562,28.962425127701096,,
8064,HP/CHA/52D02/2020/48,Chamba,Dula P.F,32.59,76.09,Rock            Slide,,,919.3096313476562,28.962425127701096,,
8065,HP/CHA/52D02/2020/49,Chamba,Chima P.F,32.59,76.09,Debris          Slide,,,919.3096313476562,28.962425127701096,,
8066,HP/CHA/52D02/2020/65,Chamba,Chulla,32.59,76.23,Debris          Slide,,,1393.0848388671875,61.139533800305585,,
8067,HP/CHA/52D02/2020/84,Chamba,Siyundi,32.59,76.18,Debris          Slide,,,1111.206787109375,35.78863827410114,,
8068,HP/CHA/52D02/2020/87,Chamba,Aiasa,32.59,76.21,Debris          Slide,,,1459.6175537109375,13.105595660965694,,
8069,HP/CHA/52D02/2020/88,Chamba,South of Saho,32.59,76.23,Debris          Slide,,,1393.0848388671875,61.139533800305585,,
8070,HP/CHA/52D02/2020/94,Chamba,Binnu,32.59,76.24,Debris          Slide,,,1675.6044921875,32.34702983934537,,
8071,HP/CHA/52D02/2020/95,Chamba,Kothi,32.59,76.24,Debris          Slide,,,1675.6044921875,32.34702983934537,,
8072,HP/CHA/52D02/2020/105,Chamba,Baraur,32.59,76.16,Debris          Slide,,,1094.670654296875,5.785900013552255,,
8073,HP/CHA/43P14/2017/19,Chamba,,32.595971,75.945754,Debris          Slide,,,920.2979736328124,43.56772351985478,,
8074,HP/CHA/43P14/2017/50,Chamba,,32.596153,75.937565,Debris          Slide,,,664.902099609375,41.98834470552588,,
8075,HP/CHA/43P14/2017/21,Chamba,,32.596404,75.944525,Debris          Slide,,,884.8744506835938,41.85010028658502,,
8076,HP/CHA/52D02/2020/25,Chamba,Dharmar P.F,32.6,76.05,Rock            Slide,,,1135.27197265625,35.928413906563726,,
8077,HP/CHA/52D02/2020/34,Chamba,"Khabbar,NH-154A",32.6,76.04,Rock            Slide,,,1323.01806640625,38.27969029347943,,
8078,HP/CHA/52D02/2020/40,Chamba,Ugran,32.6,76.12,Rock            Slide,,,1181.1275634765625,25.102669184419163,,
8079,HP/CHA/52D02/2020/64,Chamba,Gunun P.F,32.6,76.04,Rock            Slide,,,1323.01806640625,38.27969029347943,,
8080,HP/CHA/52D02/2020/85,Chamba,Sangera,32.6,76.21,Debris          Slide,,,1324.753173828125,32.00695157331905,,
8081,HP/CHA/52D02/2020/86,Chamba,Sangera,32.6,76.21,Debris          Slide,,,1324.753173828125,32.00695157331905,,
8082,HP/CHA/52D02/2020/93,Chamba,Dhangraon,32.6,76.24,Rock            Slide,,,1480.68701171875,22.979966483084723,,
8083,HP/CHA/52D02/2020/97,Chamba,Dhangraon,32.6,76.24,Debris          Slide,,,1480.68701171875,22.979966483084723,,
8084,HP/CHA/52D02/2020/107,Chamba,Gunun P.F,32.6,76.04,Rock,Slide,1995,1323.01806640625,38.27969029347943,,
8085,HP/CHA/43P14/2017/15,Chamba,,32.601693,75.956609,Debris          Slide,,,1034.6468505859375,39.0556996685265,,
8086,HP/CHA/52D02/2020/1,Chamba,Sal,32.61,76.05,Rock            Slide,,,757.5,0.0,,
8087,HP/CHA/52D02/2020/35,Chamba,Chamri,32.61,76.04,Rock            Slide,,,757.5,0.0,,
8088,HP/CHA/52D02/2020/46,Chamba,"Cha,mri",32.61,76.03,Rock            Slide,,,840.3717651367188,42.62671958242176,,
8089,HP/CHA/52D02/2020/53,Chamba,Dug,32.61,76.02,Debris          Slide,,,757.5,0.0,,
8090,HP/CHA/52D02/2020/58,Chamba,Charor,32.61,76.04,Debris          Slide,,,757.5,0.0,,
8091,HP/CHA/52D02/2020/63,Chamba,Chimra,32.61,76.04,Rock            Slide,,,757.5,0.0,,
8092,HP/CHA/52D02/2020/69,Chamba,Chimra,32.61,76.04,Rock            Slide,,,757.5,0.0,,
8093,HP/CHA/52D02/2020/96,Chamba,Protha,32.61,76.24,Debris          Slide,,,1810.207275390625,40.63474321332717,,
8094,HP/CHA/52D02/2020/110,Chamba,Chamri,32.61,76.03,Rock            Slide,,,840.3717651367188,42.62671958242176,,
8095,HP/CHA/52D02/2020/111,Chamba,Chamri,32.61,76.03,Rock            Slide,,,840.3717651367188,42.62671958242176,,
8096,HP/CHA/52D02/2020/113,Chamba,Chamri,32.61,76.03,Rock            Slide,,,840.3717651367188,42.62671958242176,,
8097,HP/CHA/52D06/2020/16,Chamba,Rajendu village,32.61,76.26,Rock            Slide,,,1816.4442138671875,34.269760441244145,,
8098,HP/CHA/52D06/2020/21,Chamba,Near Sara village,32.61,76.27,Rock            Slide,,,1634.337158203125,44.43242214630755,,
8099,HP/CHA/52D06/2020/33,Chamba,Kurtha village,32.61,76.26,Rock            Slide,,,1816.4442138671875,34.269760441244145,,
8100,HP/CHA/43P14/2017/9,Chamba,,32.612064,75.944035,Debris          Slide,,,1134.17333984375,42.15952445048609,,
8108,HP/CHA/52D02/2020/62,Chamba,Bairoh,32.62,76.18,Debris          Slide,,,1441.162109375,35.29043278440713,,
8109,HP/CHA/52D02/2020/67,Chamba,Bairoh,32.62,76.18,Debris          Slide,,,1441.162109375,35.29043278440713,,
8110,HP/CHA/52D02/2020/109,Chamba,Thari,32.62,76.05,Rock            Slide,,,1080.7510986328125,39.65434710432296,,
8111,HP/CHA/52D06/2020/1,Chamba,Khundi Mata lake,32.62,76.4,Rock            Slide,,,3898.657470703125,36.60165126531894,,
8112,HP/CHA/52D06/2020/24,Chamba,Sara village,32.62,76.28,Debris          Slide,,,2211.70068359375,44.804626082546065,,
8113,HP/CHA/52D02/2020/100,Chamba,Pukhrolu,32.63,76.18,Debris          Slide,,,1378.9490966796875,35.13365740713943,,
8114,HP/CHA/52D02/2020/138,Chamba,"Sonthli,SH-33",32.63,76.08,Rock            Slide,,,1036.7113037109375,26.173971842253167,,
8115,HP/CHA/52D06/2020/29,Chamba,Right bank of Khad Nala,32.63,76.39,Rock            Slide,,,3769.974609375,49.00037929619749,,
8116,HP/CHA/43P14/2017/60,Chamba,,32.639396,75.956317,Rock            Slide,,,1305.0072021484375,42.29258973143631,,
8117,HP/CHA/52D02/2020/4,Chamba,"Pukhri,SH-33",32.64,76.08,Rock            Slide,,,1015.345703125,7.463955310415688,,
8118,HP/CHA/52D02/2020/5,Chamba,"Pukhri,SH-33",32.64,76.09,Rock            Slide,,,1138.88720703125,54.37799921768705,,
8119,HP/CHA/52D02/2020/68,Chamba,Sheri,32.64,76.11,Debris          Slide,,,1739.27587890625,29.460753219922648,,
8120,HP/CHA/52D02/2020/70,Chamba,Sheri,32.64,76.12,Debris          Slide,,,2114.05908203125,31.51362795102351,,
8121,HP/CHA/52D02/2020/116,Chamba,"Pukhri slide Pukhri,SH-33",32.64,76.08,Debris          Slide,,,1015.345703125,7.463955310415688,,
8122,HP/CHA/52D02/2020/119,Chamba,"Pukhri,SH-33",32.64,76.08,Rock            Slide,,,1015.345703125,7.463955310415688,,
8123,HP/CHA/52D02/2020/121,Chamba,"Pukhri,SH-33",32.64,76.08,Rock,Slide,2017,1015.345703125,7.463955310415688,,
8124,HP/CHA/52D02/2020/122,Chamba,"Pukhri,SH-33",32.64,76.09,Rock,Slide,2018,1138.88720703125,54.37799921768705,,
8125,HP/CHA/52D02/2020/123,Chamba,Pukhri,32.64,76.09,Rock            Slide,,,1138.88720703125,54.37799921768705,,
8126,HP/CHA/52D02/2020/132,Chamba,"Pukhri,SH-33",32.64,76.08,Rock            Slide,,,1015.345703125,7.463955310415688,,
8127,HP/CHA/52D02/2020/133,Chamba,"Pukhri,SH-33",32.64,76.08,Rock            Slide,,,1015.345703125,7.463955310415688,,
8128,HP/CHA/52D02/2020/137,Chamba,"Pukhri,SH-33",32.64,76.08,Rock            Slide,,,1015.345703125,7.463955310415688,,
8129,HP/CHA/52D02/2020/139,Chamba,"Int,SH-33",32.64,76.09,Debris          Slide,,,1138.88720703125,54.37799921768705,,
8130,HP/CHA/52D02/2020/140,Chamba,pathankot-tissa road,32.64,76.08,Debris          Slide,,,1015.345703125,7.463955310415688,,
8131,HP/CHA/52D02/2020/143,Chamba,Pukhri,32.64,76.08,Rock            Slide,,,1015.345703125,7.463955310415688,,
8132,HP/CHA/52D06/2020/5,Chamba,Left bank of Tangair nala,32.64,76.39,Debris          Slide,,,3434.09814453125,28.974634110360967,,
8133,HP/CHA/52D06/2020/8,Chamba,Left bank of Tangair Nala,32.64,76.39,Rock            Slide,,,3434.09814453125,28.974634110360967,,
8134,HP/CHA/52D06/2020/26,Chamba,Dugga Badhurua,32.64,76.35,Rock            Slide,,,3949.27294921875,15.967507818174544,,
8135,HP/CHA/43P14/2017/12,Chamba,,32.647819,75.944299,Rock            Slide,,,1143.360107421875,50.807165856722015,,
8137,HP/CHA/52D02/2020/10,Chamba,"Pukhri,SH-33",32.65,76.08,Rock            Slide,,,1496.2093505859375,22.95959960573652,,
8138,HP/CHA/52D02/2020/118,Chamba,"Pukhri,SH-33",32.65,76.08,Rock            Slide,,,1496.2093505859375,22.95959960573652,,
8139,HP/CHA/52D02/2020/120,Chamba,"Pukhri,SH-33",32.65,76.08,Rock            Slide,,,1496.2093505859375,22.95959960573652,,
8140,HP/CHA/52D06/2020/4,Chamba,Left bank og Tangair nala,32.65,76.38,Debris          Slide,,,3389.502685546875,39.47352209058644,,
8141,HP/CHA/52D06/2020/6,Chamba,Left bank of tangair nala,32.65,76.39,Rock            Slide,,,3362.671142578125,50.92055402435043,,
8142,HP/CHA/52D06/2020/30,Chamba,Left bank of Tangair nala,32.65,76.38,Rock            Slide,,,3389.502685546875,39.47352209058644,,
8143,HP/CHA/52D06/2020/31,Chamba,Right bank of Tangair nala.,32.65,76.39,Rock            Slide,,,3362.671142578125,50.92055402435043,,
8145,HP/CHA/43P14/2017/31,Chamba,,32.655125,75.946986,Rock            Slide,,,1489.390869140625,48.34521405356242,,
8146,HP/CHA/43P14/2017/41,Chamba,,32.65571,75.947206,Rock            Slide,,,1500.2333984375,49.6171930340442,,
8147,HP/CHA/43P14/2017/26,Chamba,,32.656311,75.947771,Rock              Slide,,,1538.633056640625,50.70974132377007,,
8148,HP/CHA/43P14/2017/49,Chamba,,32.657321,75.948034,Rock              Slide,,,1622.1241455078125,54.79984288703212,,
8149,HP/CHA/43P14/2017/22,Chamba,,32.659332,75.938482,Rock              Slide,,,1509.65478515625,32.42017344951468,,
8151,HP/CHA/52D02/2020/54,Chamba,Dhampu Village,32.66,76.02,Rock              Slide,,,922.3446655273438,16.262619257888336,,
8153,HP/CHA/52D02/2020/124,Chamba,Salah,32.66,76.04,Rock              Slide,,,901.5185546875,37.71690309499616,,
8154,HP/CHA/52D02/2020/134,Chamba,Salah,32.66,76.04,Rock              Slide,,,901.5185546875,37.71690309499616,,
8155,HP/CHA/52D06/2020/7,Chamba,Left bank of Tangair Nala,32.66,76.38,Debris            Slide,,,3043.6494140625,24.97239439672882,,
8156,HP/CHA/52D06/2020/19,Chamba,Left bank of Tangair nala,32.66,76.38,Rock              Slide,,,3043.6494140625,24.97239439672882,,
8157,HP/CHA/52D02/2020/56,Chamba,0,32.67,76.03,Rock              Slide,,,981.15869140625,23.171993532893353,,
8158,HP/CHA/52D02/2020/101,Chamba,Sundla,32.67,76.04,Rock              Slide,,,836.6090087890625,44.42118791657363,,
8159,HP/CHA/52D02/2020/131,Chamba,Sundla,32.67,76.02,Rock              Slide,,,1188.7252197265625,28.874826594362933,,
8160,HP/CHA/52D06/2020/17,Chamba,Left bank of Tangair Nala,32.67,76.38,Rock              Slide,,,3115.63134765625,34.9979871096662,,
8161,HP/CHA/52D06/2020/20,Chamba,Left bank of Tangair nala,32.67,76.37,Rock              Slide,,,2877.38818359375,37.79757654882057,,
8162,HP/CHA/43P14/2017/32,Chamba,,32.672246,75.983281,Rock cum debris   Slide,,,1267.148193359375,38.47247355871702,,
8163,HP/CHA/43P14/2017/27,Chamba,,32.67477,75.980441,Rock cum debris   Slide,,,1291.3994140625,37.10031414237812,,
8164,HP/CHA/43P14/2017/7,Chamba,,32.676526,75.937859,Rock cum debris   Slide,,,2108.8935546875,45.81941640015761,,
8165,HP/CHA/52D02/2020/127,Chamba,Kandla,32.68,76.06,Rock              Slide,,,1036.209716796875,33.073554323072536,,
8166,HP/CHA/52D02/2020/136,Chamba,Sundla,32.68,76.05,Rock              Slide,,,757.5,0.0,,
8167,HP/CHA/52D02/2020/141,Chamba,Sundla,32.68,76.05,Rock              Slide,,,757.5,0.0,,
8168,HP/CHA/52D02/2020/142,Chamba,Sundla,32.68,76.05,Rock              Slide,,,757.5,0.0,,
8169,HP/CHA/52D06/2020/3,Chamba,Right bank of Tangair nala,32.68,76.37,Rock              Slide,,,3121.543701171875,40.791130472694434,,
8170,HP/CHA/52D06/2020/18,Chamba,Left bank of Tangair nala,32.68,76.36,Rock              Slide,,,2658.577880859375,38.8059553916688,,
8171,HP/CHA/52D02/2020/6,Chamba,Danun,32.69,76.04,Debris            Slide,,,1133.134765625,28.926198255636248,,
8172,HP/CHA/52D02/2020/79,Chamba,Jarodi,32.69,76.05,Debris            Slide,,,1025.4974365234375,27.491520895746405,,
8173,HP/CHA/52D02/2020/126,Chamba,Kandla,32.69,76.06,Rock              Slide,,,765.5706787109375,2.2966919294237877,,
8174,HP/CHA/52D02/2020/128,Chamba,Kandla,32.69,76.06,Rock              Slide,,,765.5706787109375,2.2966919294237877,,
8175,HP/CHA/52D02/2020/129,Chamba,"Kandla,SH-33",32.69,76.06,Rock              Slide,,,765.5706787109375,2.2966919294237877,,
8176,HP/CHA/52D02/2020/130,Chamba,Danun,32.69,76.04,Debris            Slide,,,1133.134765625,28.926198255636248,,
8177,HP/CHA/52D02/2020/144,Chamba,Kandla,32.69,76.06,Rock              Slide,,,765.5706787109375,2.2966919294237877,,
8178,HP/CHA/43P14/2017/58,Chamba,,32.695303,75.990241,Rock cum debris   Slide,,,1528.7052001953125,38.125984455313855,,
8179,HP/CHA/43P14/2017/59,Chamba,,32.695375,75.990712,Rock cum debris   Slide,,,1541.9503173828125,27.56121622839666,,
8180,HP/CHA/43P14/2017/23,Chamba,,32.69676,75.916372,Rock cum debris   Slide,,,1799.5330810546875,38.835127311025424,,
8181,HP/CHA/52D02/2020/11,Chamba,Rampur,32.7,76.08,Debris            Slide,,,1022.7860717773438,27.155613445688797,,
8182,HP/CHA/52D02/2020/28,Chamba,Akata,32.7,76.05,Debris            Slide,,,1054.406982421875,31.725395364729895,,
8183,HP/CHA/52D02/2020/71,Chamba,Pandtan,32.7,76.05,Debris            Slide,,,1054.406982421875,31.725395364729895,,
8184,HP/CHA/52D02/2020/72,Chamba,Pandtan,32.7,76.05,Debris            Slide,,,1054.406982421875,31.725395364729895,,
8185,HP/CHA/52D02/2020/73,Chamba,Pandtan,32.7,76.05,Rock              Slide,,,1054.406982421875,31.725395364729895,,
8186,HP/CHA/52D02/2020/74,Chamba,Pandtan,32.7,76.05,Rock              Slide,,,1054.406982421875,31.725395364729895,,
8187,HP/CHA/52D02/2020/77,Chamba,Phagulla P.F.,32.7,76.05,Debris            Slide,,,1054.406982421875,31.725395364729895,,
8188,HP/CHA/52D02/2020/80,Chamba,Pandtan,32.7,76.05,Debris            Slide,,,1054.406982421875,31.725395364729895,,
8189,HP/CHA/52D02/2020/3,Chamba,Bhalod,32.71,76.09,Rock,Slide,2017,959.2031860351562,41.107329241212376,,
8190,HP/CHA/52D02/2020/7,Chamba,Bhalod,32.71,76.09,Debris            Slide,,,959.2031860351562,41.107329241212376,,
8191,HP/CHA/52D02/2020/60,Chamba,Jainsn,32.71,76.05,Debris            Slide,,,1168.4403076171875,9.889946118700731,,
8192,HP/CHA/52D02/2020/145,Chamba,Bhalod,32.71,76.09,Rock              Slide,,,959.2031860351562,41.107329241212376,,
8193,HP/CHA/52D06/2020/9,Chamba,Daton,32.71,76.32,Debris            Slide,,,2317.220947265625,26.045628371582954,,
8194,HP/CHA/52D06/2020/11,Chamba,Near Dehra village,32.71,76.3,Rock              Slide,,,1919.5286865234375,37.91872125865499,,
8195,HP/CHA/52D06/2020/12,Chamba,Near Dehra village,32.71,76.3,Rock              Slide,,,1919.5286865234375,37.91872125865499,,
8196,HP/CHA/52D06/2020/28,Chamba,Daton,32.71,76.33,Debris            Slide,,,2259.52734375,20.282670024896596,,
8197,HP/CHA/43P14/2017/45,Chamba,,32.716937,75.99165,Rock cum debris   Slide,,,1919.0572509765625,44.96781001712298,,
8198,HP/CHA/52D02/2020/8,Chamba,Sangodi,32.72,76.1,Rock              Slide,,,917.8234252929688,27.14558192533985,,
8199,HP/CHA/52D02/2020/9,Chamba,Sangodi,32.72,76.1,Debris,Slide,2009,917.8234252929688,27.14558192533985,,
8200,HP/CHA/52D02/2020/12,Chamba,Shali,32.72,76.08,Rock              Slide,,,1015.0151977539062,26.49703227382954,,
8201,HP/CHA/52D02/2020/14,Chamba,Shali,32.72,76.07,Rock              Slide,,,1282.0469970703125,27.015737075166527,,
8202,HP/CHA/52D02/2020/15,Chamba,Bhadoh,32.72,76.11,Rock              Slide,,,1332.7470703125,34.94028419147471,,
8203,HP/CHA/52D02/2020/57,Chamba,Saluni,32.72,76.06,Rock              Slide,,,1561.5330810546875,30.415658314645032,,
8204,HP/CHA/52D02/2020/59,Chamba,Biana,32.72,76.07,Debris            Slide,,,1282.0469970703125,27.015737075166527,,
8205,HP/CHA/52D06/2020/10,Chamba,Near Pariarka village,32.72,76.29,Rock              Slide,,,2084.44140625,30.87345217862278,,
8206,HP/CHA/52D06/2020/15,Chamba,Jhakla village,32.72,76.28,Debris            Slide,,,1960.32470703125,38.147800599601474,,
8207,HP/CHA/43P14/2017/44,Chamba,,32.727672,75.960062,Rock cum debris   Slide,,,2250.40869140625,37.80803720569249,,
8208,HP/CHA/43P14/2017/24,Chamba,,32.728633,75.95987,Rock cum debris   Slide,,,2300.505615234375,42.26819226093741,,
8209,HP/CHA/52D06/2020/13,Chamba,Upslope of pariarka village,32.73,76.29,Debris            Slide,,,2635.47412109375,31.579985187545287,,
8210,HP/CHA/52D06/2020/14,Chamba,Near Jhakla village,32.73,76.26,Debris            Slide,,,1897.0350341796875,38.23292212631635,,
8211,HP/CHA/52D06/2020/22,Chamba,Upslope of Dehra,32.73,76.3,Rock              Slide,,,2854.939208984375,50.43749102838161,,
8212,HP/CHA/52D06/2020/23,Chamba,Near Khalli village,32.73,76.25,Debris            Slide,,,1622.3194580078125,35.442667016444204,,
8213,HP/CHA/52D06/2020/32,Chamba,Near Khalli village,32.73,76.26,Rock              Slide,,,1897.0350341796875,38.23292212631635,,
8214,HP/CHA/43P14/2017/55,Chamba,,32.732059,75.930659,Rock cum debris   Slide,,,2438.4912109375,46.69944877885515,,
8215,HP/CHA/43P14/2017/38,Chamba,,32.732546,75.928798,Rock cum debris   Slide,,,2392.517822265625,55.485140014462,,
8216,HP/CHA/43P14/2017/48,Chamba,,32.734949,75.930799,Rock cum debris   Slide,,,2575.45361328125,43.933592195135475,,
8217,HP/CHA/43P14/2017/25,Chamba,,32.735001,75.93851,Rock cum debris   Slide,,,2450.81884765625,33.4200938185783,,
8218,HP/CHA/43P14/2017/33,Chamba,,32.735454,75.93971,Rock cum debris   Slide,,,2381.3544921875,30.088790424836496,,
8219,HP/CHA/43P14/2017/34,Chamba,,32.736315,75.953336,Rock cum debris   Slide,,,2684.290771484375,46.389354556248314,,
8220,HP/CHA/43P14/2017/35,Chamba,,32.738637,75.929507,Rock cum debris   Slide,,,2678.52734375,38.03740584221654,,
8221,HP/CHA/43P14/2017/37,Chamba,,32.739394,75.929887,Rock cum debris   Slide,,,2708.657958984375,39.43933462826576,,
8222,HP/CHA/52D02/2020/29,Chamba,"Kyani, near Kalhel Nala",32.74,76.12,Rock              Fall,,,1048.92236328125,21.58841983134934,,
8223,HP/CHA/52D02/2020/30,Chamba,"Kyani,SH-33",32.74,76.12,Rock              Slide,,,1048.92236328125,21.58841983134934,,
8224,HP/LAH/52D06/2020/35,Lahaul & Spiti,Right bank of chenab river,32.74,76.49,Rock              Fall,,,2746.119873046875,48.399452466716504,,
8225,HP/LAH/52D06/2020/37,Lahaul & Spiti,Udaipur to Tindi link road,32.74,76.49,Rock              Slide,,,2746.119873046875,48.399452466716504,,
8226,HP/LAH/52D06/2020/38,Lahaul & Spiti,Right bank of Chenab river,32.74,76.48,Rock              Slide,,,2628.527099609375,34.544215105702534,,
8227,HP/LAH/52D06/2020/39,Lahaul & Spiti,Right bank of Chenab river,32.74,76.47,Rock              Slide,,,2916.172607421875,33.60760970572244,,
8228,HP/LAH/52D06/2020/43,Lahaul & Spiti,Udaipur to Tindi road,32.74,76.49,Rock              Slide,,,2746.119873046875,48.399452466716504,,
8229,HP/CHA/43P14/2017/53,Chamba,,32.747628,75.952134,Rock cum debris   Slide,,,2204.881103515625,33.48605105044714,,
8230,HP/CHA/52D01/2020/55,Chamba,Bagai nala,32.75,76.24,Debris            Slide,,,2041.6416015625,37.1707170889516,,
8231,HP/CHA/52D02/2020/31,Chamba,Seri P.F,32.75,76.13,Rock              Slide,,,910.0558471679688,34.171904548154686,,
8232,HP/CHA/52D02/2020/104,Chamba,Seri P.F,32.75,76.13,Rock              Slide,,,910.0558471679688,34.171904548154686,,
8233,HP/LAH/52D06/2020/36,Lahaul & Spiti,Udaipur to Tindi link road,32.75,76.48,Rock              Fall,,,2972.901611328125,43.769779108701776,,
8234,HP/LAH/52D06/2020/40,Lahaul & Spiti,Udaipur to Tindi link road,32.75,76.47,Rock              Fall,,,2498.22265625,28.514536304939988,,
8235,HP/LAH/52D06/2020/41,Lahaul & Spiti,Tindi village,32.75,76.46,Debris            Slide,,,2618.3310546875,38.83127927693747,,
8236,HP/CHA/52D01/2020/40,Chamba,"Naredh rock slide Naredh Village, Nakrol-Gheya",32.76,76.22,Rock,Slide,2002,1840.942138671875,40.79557567063509,,
8237,HP/CHA/52D01/2020/52,Chamba,Nagali P.F,32.76,76.14,Rock              Slide,,,1024.0435791015625,66.9916698238077,,
8238,HP/CHA/43P13/2017/83,Chamba,,32.764634,75.990502,Debris            Slide,,,1811.614013671875,14.572931060619013,,
8239,HP/CHA/52D01/2020/31,Chamba,Ser,32.77,76.15,Debris            Slide,,,1521.2066650390625,24.58115141816577,,
8240,HP/CHA/52D01/2020/56,Chamba,Chataga,32.77,76.17,Rock              Slide,,,1408.2406005859375,26.265604289716176,,
8241,HP/CHA/52D01/2020/57,Chamba,Gadhera,32.77,76.18,Debris            Slide,,,1285.3553466796875,38.55385795299647,,
8242,HP/CHA/52D01/2020/72,Chamba,Airias P.F near Chanju nala,32.77,76.17,Debris            Slide,,,1408.2406005859375,26.265604289716176,,
8243,HP/CHA/52D01/2020/78,Chamba,Manki,32.77,76.15,Rock              Slide,,,1521.2066650390625,24.58115141816577,,
8244,HP/CHA/52D01/2020/79,Chamba,Chataga,32.77,76.17,Rock              Slide,,,1408.2406005859375,26.265604289716176,,
8245,HP/CHA/52D01/2020/85,Chamba,Chataga,32.77,76.17,Rock              Slide,,,1408.2406005859375,26.265604289716176,,
8246,HP/CHA/52D01/2020/38,Chamba,Chatuga,32.78,76.18,Debris            Slide,,,1492.0465087890625,29.61763416843814,,
8247,HP/CHA/52D01/2020/39,Chamba,Tikrigarh,32.78,76.19,Debris            Slide,,,1464.4239501953125,29.86989312477004,,
8248,HP/CHA/52D01/2020/46,Chamba,Tikrigarh,32.78,76.18,Debris            Slide,,,1492.0465087890625,29.61763416843814,,
8249,HP/CHA/52D01/2020/47,Chamba,Tikrigarh,32.78,76.18,Debris            Slide,,,1492.0465087890625,29.61763416843814,,
8250,HP/CHA/52D01/2020/51,Chamba,Chala P.F,32.78,76.14,Rock              Slide,,,1467.1632080078125,29.484571837037052,,
8251,HP/CHA/52D01/2020/62,Chamba,Challa village,32.78,76.15,Debris            Slide,,,1234.1861572265625,29.04503780444832,,
8252,HP/CHA/52D01/2020/63,Chamba,Tikrigarh,32.78,76.18,Debris            Slide,,,1492.0465087890625,29.61763416843814,,
8253,HP/CHA/52D01/2020/81,Chamba,Buthyal,32.78,76.15,Rock              Slide,,,1234.1861572265625,29.04503780444832,,
8254,HP/CHA/52D01/2020/82,Chamba,Challa slide Challa village,32.78,76.15,Rock              Slide,,,1234.1861572265625,29.04503780444832,,
8255,HP/CHA/52D01/2020/84,Chamba,Challa village,32.78,76.15,Rock              Slide,,,1234.1861572265625,29.04503780444832,,
8256,HP/CHA/43P13/2017/2,Chamba,,32.786586,75.94895,Debris            Slide,,,2046.189208984375,36.906840168270385,,
8257,HP/CHA/52D01/2020/58,Chamba,Shial,32.79,76.15,Debris            Slide,,,1151.7685546875,37.4350093544892,,
8258,HP/CHA/52D01/2020/59,Chamba,Shial,32.79,76.15,Debris            Slide,,,1151.7685546875,37.4350093544892,,
8259,HP/CHA/52D01/2020/69,Chamba,Challa Village,32.79,76.14,Debris            Slide,,,1476.4224853515625,21.9771446395083,,
8260,HP/CHA/52D01/2020/6,Chamba,Kaliyas slide Kaliyas Village near Baira Dam,32.8,76.14,Debris            Slide,,,1296.7681884765625,37.61854955087675,,
8261,HP/CHA/52D01/2020/27,Chamba,Kaleg Village,32.8,76.13,Debris            Slide,,,1839.6851806640625,25.09169578127123,,
8262,HP/CHA/52D01/2020/37,Chamba,Padhar,32.8,76.16,Debris            Slide,,,1689.1798095703125,26.539092486516942,,
8263,HP/CHA/52D01/2020/67,Chamba,Padhar,32.8,76.15,Debris            Slide,,,1392.2481689453125,31.387499343727796,,
8264,HP/CHA/52D01/2020/76,Chamba,Padhar,32.8,76.15,Debris            Slide,,,1392.2481689453125,31.387499343727796,,
8265,HP/CHA/43P13/2017/61,Chamba,,32.800854,75.997509,Debris            Slide,,,3044.517578125,43.59181546470521,,
8266,HP/CHA/52D01/2020/24,Chamba,Bairadam reservoir area,32.81,76.14,Rock              Slide,,,1160.830810546875,26.258727853046295,,
8267,HP/CHA/52D01/2020/60,Chamba,Shala,32.81,76.15,Rock              Slide,,,1609.32421875,28.70745825740945,,
8268,HP/CHA/43P13/2017/84,Chamba,,32.816364,75.996342,Debris            Slide,,,3380.60107421875,50.86070638220738,,
8269,HP/CHA/43P13/2017/85,Chamba,,32.818027,75.996029,Debris            Slide,,,3381.9296875,38.901166435911726,,
8270,HP/CHA/52D01/2020/22,Chamba,Tissa,32.82,76.14,Rock              Slide,,,1523.1629638671875,26.866717960580573,,
8271,HP/CHA/52D01/2020/25,Chamba,Buin P.F,32.82,76.13,Rock              Slide,,,1175.26416015625,9.3782777094265,,
8272,HP/CHA/52D01/2020/26,Chamba,Lunsar,32.82,76.13,Debris            Slide,,,1175.26416015625,9.3782777094265,,
8273,HP/CHA/52D01/2020/66,Chamba,Tissa PWD Guest House,32.82,76.14,Rock              Slide,,,1523.1629638671875,26.866717960580573,,
8274,HP/CHA/52D01/2020/80,Chamba,Rundal,32.82,76.15,Debris            Slide,,,1338.3175048828125,30.85426318986744,,
8275,HP/CHA/43P13/2017/94,Chamba,,32.823029,75.99446,Debris            Slide,,,3518.607421875,45.60810262427101,,
8276,HP/CHA/43P13/2017/36,Chamba,,32.826755,75.993822,Debris            Slide,,,3542.950439453125,32.31142590305353,,
8277,HP/CHA/52D01/2020/2,Chamba,Bhutwan,32.83,76.16,Rock              Slide,,,1278.1434326171875,37.71176845277847,,
8278,HP/CHA/52D01/2020/3,Chamba,Bhutwan,32.83,76.16,Rock              Slide,,,1278.1434326171875,37.71176845277847,,
8279,HP/CHA/52D01/2020/4,Chamba,Bhutwan,32.83,76.16,Rock              Slide,,,1278.1434326171875,37.71176845277847,,
8280,HP/CHA/52D01/2020/5,Chamba,Bhutwan,32.83,76.16,Rock              Slide,,,1278.1434326171875,37.71176845277847,,
8281,HP/CHA/52D01/2020/23,Chamba,Shukiani,32.83,76.11,Rock              Slide,,,1424.824951171875,30.67338331473194,,
8282,HP/CHA/52D01/2020/54,Chamba,Kundolu slide Kundolu,32.83,76.09,Debris            Slide,,,1474.3236083984375,38.73206851595354,,
8283,HP/CHA/52D01/2020/65,Chamba,Shalon,32.83,76.05,Debris            Slide,,,1743.25732421875,34.409318586197806,,
8284,HP/CHA/43P13/2017/62,Chamba,,32.831736,75.985515,Debris            Slide,,,3548.773193359375,39.82504009845853,,
8285,HP/CHA/43P13/2017/42,Chamba,,32.837066,75.973106,Debris            Slide,,,3576.265380859375,47.567321170476966,,
8286,HP/CHA/43P13/2017/76,Chamba,,32.837146,75.965263,Debris            Slide,,,3395.5654296875,37.80411938461274,,
8287,HP/CHA/43P13/2017/78,Chamba,,32.83776,75.860549,Rock cum debris   Slide,,,2778.309814453125,43.18879590260879,,
8288,HP/CHA/43P13/2017/77,Chamba,,32.839433,75.972856,Debris            Slide,,,3683.584716796875,36.37346306844154,,
8289,HP/CHA/52D01/2020/12,Chamba,Bagraru,32.84,76.11,Debris            Slide,,,2097.3681640625,37.05905846365553,,
8290,HP/CHA/52D01/2020/30,Chamba,Jawari,32.84,76.13,Rock              Slide,,,1650.117919921875,34.222325552383566,,
8291,HP/CHA/52D01/2020/34,Chamba,Tarroga,32.84,76.07,Debris            Slide,,,2037.03662109375,22.53825983899477,,
8292,HP/CHA/52D01/2020/61,Chamba,Jawari,32.84,76.12,Debris            Slide,,,2018.432861328125,33.262471481343255,,
8293,HP/CHA/52D01/2020/70,Chamba,Jawari,32.84,76.13,Debris            Slide,,,1650.117919921875,34.222325552383566,,
8294,HP/CHA/43P13/2017/29,Chamba,,32.841508,75.969155,Debris            Slide,,,3639.756591796875,40.157017523491625,,
8295,HP/CHA/43P13/2017/80,Chamba,,32.84319,75.839161,Rock cum debris   Slide,,,3417.640625,44.248301971387086,,
8296,HP/CHA/43P13/2017/63,Chamba,,32.843883,75.969087,Debris            Slide,,,3650.482421875,42.761618402526054,,
8297,HP/CHA/43P13/2017/79,Chamba,,32.844014,75.966676,Debris            Slide,,,3443.612548828125,45.49197821160788,,
8298,HP/CHA/43P13/2017/64,Chamba,,32.844858,75.96884,Debris            Slide,,,3602.582763671875,46.88570706398688,,
8299,HP/CHA/43P13/2017/48,Chamba,,32.846052,75.968727,Debris            Slide,,,3580.419921875,42.747678852501394,,
8300,HP/CHA/52D01/2020/18,Chamba,Seru,32.85,76.18,Debris            Slide,,,1994.09716796875,37.73866374617497,,
8301,HP/CHA/52D01/2020/19,Chamba,Seru,32.85,76.18,Debris            Slide,,,1994.09716796875,37.73866374617497,,
8302,HP/CHA/52D01/2020/20,Chamba,Chunwas,32.85,76.18,Debris            Slide,,,1994.09716796875,37.73866374617497,,
8303,HP/CHA/52D01/2020/21,Chamba,Seru,32.85,76.18,Debris            Slide,,,1994.09716796875,37.73866374617497,,
8304,HP/CHA/52D01/2020/45,Chamba,Galain village,32.85,76.05,Debris            Slide,,,2039.1495361328125,26.24605078604119,,
8305,HP/CHA/52D01/2020/48,Chamba,Chinwas,32.85,76.19,Rock              Fall,,,1974.6396484375,29.16503079412057,,
8306,HP/CHA/52D01/2020/64,Chamba,Chinwas,32.85,76.19,Debris            Slide,,,1974.6396484375,29.16503079412057,,
8307,HP/CHA/52D01/2020/71,Chamba,Gudesh,32.85,76.15,Debris            Slide,,,1506.7080078125,37.86194736140038,,
8308,HP/CHA/52D01/2020/83,Chamba,Chinwas,32.85,76.19,Debris            Slide,,,1974.6396484375,29.16503079412057,,
8309,HP/CHA/43P13/2017/4,Chamba,,32.854806,75.962289,Debris            Slide,,,3455.1513671875,32.25915173691535,,
8310,HP/CHA/52D01/2020/1,Chamba,Gudesh nala slide Gudesh Village,32.86,76.17,Debris            Slide,,,2353.22216796875,31.513509267320476,,
8311,HP/CHA/52D01/2020/7,Chamba,Jukwani slide Jukwani,32.86,76.15,Debris            Slide,,,1561.9483642578125,27.187974996689867,,
8312,HP/CHA/52D01/2020/14,Chamba,Jukwani subsidence Jukwani,32.86,76.15,Debris            Subsidence,,,1561.9483642578125,27.187974996689867,,
8313,HP/CHA/52D01/2020/36,Chamba,Gudesh slide Jukwani,32.86,76.15,Debris            Slide,,,1561.9483642578125,27.187974996689867,,
8314,HP/CHA/43P13/2017/24,Chamba,,32.860325,75.8388,Rock cum debris   Slide,,,2911.205078125,38.87720897033087,,
8315,HP/CHA/43P13/2017/49,Chamba,,32.86054,75.952093,Debris            Slide,,,3607.706298828125,30.85831007561016,,
8316,HP/CHA/43P13/2017/65,Chamba,,32.864675,75.948195,Debris            Slide,,,3509.39208984375,43.309534175222936,,
8317,HP/CHA/43P13/2017/90,Chamba,,32.866287,75.946836,Debris            Slide,,,3455.378173828125,35.64124227972752,,
8318,HP/CHA/43P13/2017/6,Chamba,,32.868405,75.953,Debris            Slide,,,3639.596923828125,41.7122045230136,,
8319,HP/CHA/43P13/2017/66,Chamba,,32.868815,75.948224,Debris            Slide,,,3681.376220703125,38.182647876124726,,
8320,HP/CHA/52D01/2020/33,Chamba,Sukriala nala slide Sukriala,32.87,76.16,Debris            Slide,,,2064.936767578125,17.762688651227904,,
8321,HP/CHA/43P13/2017/37,Chamba,,32.871081,75.951573,Debris            Slide,,,3738.71240234375,39.48890795715597,,
8322,HP/CHA/43P13/2017/50,Chamba,,32.87156,75.948783,Debris            Slide,,,3842.447509765625,38.5302377911797,,
8323,HP/CHA/43P13/2017/75,Chamba,,32.872053,75.952071,Debris            Slide,,,3735.07080078125,32.358509410385615,,
8324,HP/CHA/43P13/2017/67,Chamba,,32.872354,75.947795,Debris            Slide,,,3834.74609375,19.636808785659404,,
8325,HP/CHA/43P13/2017/68,Chamba,,32.873668,75.953889,Debris            Slide,,,3680.851318359375,39.35749423670234,,
8326,HP/CHA/43P13/2017/69,Chamba,,32.874046,75.943986,Debris            Slide,,,3688.998779296875,45.14415773064446,,
8327,HP/CHA/43P13/2017/7,Chamba,,32.875218,75.958388,Rock cum debris   Slide,,,3616.756103515625,39.208046412227986,,
8328,HP/CHA/43P13/2017/1,Chamba,,32.875934,75.948789,Debris            Slide,,,3728.953125,28.02049476130779,,
8329,HP/CHA/43P13/2017/87,Chamba,,32.876377,75.986441,Rock cum debris   Slide,,,3124.468505859375,40.54520076843409,,
8330,HP/CHA/43P13/2017/19,Chamba,,32.87658,75.959122,Rock cum debris   Slide,,,3657.2919921875,37.44232899478652,,
8331,HP/CHA/43P13/2017/30,Chamba,,32.876673,75.824719,Rock cum debris   Slide,,,2695.67626953125,39.61244387515163,,
8332,HP/CHA/43P13/2017/35,Chamba,,32.87845,75.947306,Debris            Slide,,,3561.047607421875,41.47891965371981,,
8333,HP/CHA/43P13/2017/31,Chamba,,32.878856,75.827196,Rock cum debris   Slide,,,2478.142578125,36.03253625952743,,
8334,HP/CHA/43P13/2017/81,Chamba,,32.87911,75.968636,Rock cum debris   Slide,,,3531.7734375,33.50926267620097,,
8335,HP/CHA/43P13/2017/12,Chamba,,32.87972,75.955597,Debris            Slide,,,3470.0244140625,39.96485531985283,,
8336,HP/CHA/43P13/2017/43,Chamba,,32.879908,75.941909,Debris            Slide,,,3600.78076171875,35.854794938351795,,
8337,HP/CHA/52D01/2020/32,Chamba,Sukriala,32.88,76.16,Debris            Slide,,,1478.5953369140625,24.860581078487463,,
8338,HP/CHA/43P13/2017/70,Chamba,,32.880274,75.968609,Rock cum debris   Slide,,,3550.8505859375,40.49961332773661,,
8339,HP/CHA/43P13/2017/71,Chamba,,32.880883,75.967458,Rock cum debris   Slide,,,3632.559326171875,36.45015636999769,,
8340,HP/CHA/43P13/2017/56,Chamba,,32.881151,75.935298,Debris            Slide,,,3540.518798828125,29.101720271109155,,
8341,HP/CHA/43P13/2017/13,Chamba,,32.881398,75.941654,Debris            Slide,,,3524.984375,41.87582089840696,,
8342,HP/CHA/43P13/2017/91,Chamba,,32.881518,75.968332,Rock cum debris   Slide,,,3608.341552734375,41.152892346044915,,
8343,HP/CHA/43P13/2017/51,Chamba,,32.882848,75.971185,Rock cum debris   Slide,,,3621.306396484375,43.728838647037726,,
8344,HP/CHA/43P13/2017/25,Chamba,,32.883245,75.964755,Rock cum debris   Slide,,,3600.725341796875,42.29767878418112,,
8345,HP/CHA/43P13/2017/82,Chamba,,32.883812,75.966235,Rock cum debris   Slide,,,3616.58642578125,36.40369308021222,,
8346,HP/CHA/43P13/2017/38,Chamba,,32.884444,75.975404,Rock cum debris   Slide,,,3668.9716796875,42.136123408662286,,
8348,HP/CHA/43P13/2017/58,Chamba,,32.884777,75.974426,Rock cum debris   Slide,,,3648.360107421875,44.975493910971934,,
8349,HP/CHA/43P13/2017/44,Chamba,,32.884855,75.943294,Debris            Slide,,,3330.8154296875,32.7380907698802,,
8350,HP/CHA/43P13/2017/88,Chamba,,32.884902,75.966425,Rock cum debris   Slide,,,3586.923828125,35.58997056387197,,
8351,HP/CHA/43P13/2017/40,Chamba,,32.885091,75.972747,Rock cum debris   Slide,,,3685.289306640625,43.1821546693422,,
8352,HP/CHA/43P13/2017/92,Chamba,,32.885501,75.967482,Rock cum debris   Slide,,,3645.3515625,41.917930788743256,,
8353,HP/CHA/43P13/2017/8,Chamba,,32.886792,75.972082,Rock cum debris   Slide,,,3723.727783203125,40.50021211685457,,
8354,HP/CHA/43P13/2017/57,Chamba,,32.887127,75.913929,Debris            Slide,,,3278.202392578125,45.910255189885746,,
8355,HP/CHA/43P13/2017/32,Chamba,,32.887581,75.976036,Rock cum debris   Slide,,,3775.433349609375,42.248858694632645,,
8356,HP/CHA/43P13/2017/89,Chamba,,32.889069,75.976934,Rock cum debris   Slide,,,3746.983154296875,46.66998932262207,,
8357,HP/CHA/43P13/2017/17,Chamba,,32.889922,75.926098,Debris            Slide,,,3500.267333984375,36.82697192374123,,
8358,HP/CHA/52D01/2020/8,Chamba,Kiora village,32.89,76.14,Debris            Slide,,,1901.6778564453125,19.379430287553586,,
8359,HP/CHA/52D01/2020/9,Chamba,Kiora village,32.89,76.14,Debris            Slide,,,1901.6778564453125,19.379430287553586,,
8360,HP/CHA/52D01/2020/10,Chamba,Kiora village,32.89,76.15,Debris            Slide,,,1569.5361328125,27.772771075234814,,
8361,HP/CHA/52D01/2020/29,Chamba,Kiora Village,32.89,76.15,Debris            Slide,,,1569.5361328125,27.772771075234814,,
8362,HP/CHA/43P13/2017/45,Chamba,,32.891023,75.977702,Rock cum debris   Slide,,,3772.958984375,43.43664171894724,,
8363,HP/CHA/43P13/2017/18,Chamba,,32.893503,75.846912,Debris            Slide,,,3001.654541015625,37.2822022427437,,
8364,HP/CHA/43P13/2017/72,Chamba,,32.894674,75.924937,Debris            Slide,,,3702.531982421875,31.583901888091404,,
8365,HP/CHA/43P13/2017/5,Chamba,,32.894777,75.921563,Debris            Slide,,,3601.29248046875,29.72402979835054,,
8366,HP/CHA/43P13/2017/22,Chamba,,32.89491,75.825338,Debris            Slide,,,2862.722900390625,31.429999349811492,,
8367,HP/CHA/43P13/2017/41,Chamba,,32.897523,75.824973,Debris            Slide,,,2819.1318359375,48.04595427527215,,
8368,HP/CHA/52D01/2020/11,Chamba,Dhamwas,32.9,76.15,Debris            Slide,,,1550.246337890625,21.934082420799257,,
8369,HP/CHA/52D01/2020/13,Chamba,Dilni P.F,32.9,76.19,Rock              Slide,,,1944.6248779296875,53.02674531383599,,
8370,HP/CHA/52D01/2020/68,Chamba,"Bairagarh slide near Bairagarh, Tissa-Sach Pass-",32.9,76.17,Debris            Slide,,,2136.83935546875,33.42843024888109,,
8371,HP/CHA/52D01/2020/74,Chamba,Bairagarh,32.9,76.17,Debris            Slide,,,2136.83935546875,33.42843024888109,,
8372,HP/CHA/43P13/2017/3,Chamba,,32.900325,75.921526,Debris            Slide,,,3730.741943359375,53.692304867162335,,
8373,HP/CHA/43P13/2017/55,Chamba,,32.900998,75.916339,Debris            Slide,,,3491.0234375,18.74049280973281,,
8374,HP/CHA/43P13/2017/54,Chamba,,32.902054,75.917693,Debris            Slide,,,3562.58154296875,26.24007822768401,,
8375,HP/CHA/43P13/2017/15,Chamba,,32.903675,75.917836,Debris            Slide,,,3614.444091796875,25.897684928712593,,
8376,HP/CHA/43P13/2017/33,Chamba,,32.905034,75.922868,Debris            Slide,,,3627.869140625,39.51071105324976,,
8377,HP/CHA/43P13/2017/20,Chamba,,32.905685,75.920686,Debris            Slide,,,3720.0263671875,42.96928670281147,,
8378,HP/CHA/43P13/2017/52,Chamba,,32.905932,75.848834,Debris            Slide,,,3386.079833984375,33.07209062591466,,
8379,HP/CHA/43P13/2017/9,Chamba,,32.906017,75.914551,Debris            Slide,,,3641.30322265625,12.33994200581383,,
8380,HP/CHA/43P13/2017/14,Chamba,,32.906118,75.908971,Debris            Slide,,,3591.600341796875,21.54681982509523,,
8381,HP/CHA/43P13/2017/10,Chamba,,32.906994,75.918593,Debris            Slide,,,3675.7041015625,39.512861530681896,,
8382,HP/CHA/43P13/2017/28,Chamba,,32.907556,75.827418,Debris            Slide,,,2944.841064453125,40.19447731826493,,
8383,HP/CHA/43P13/2017/23,Chamba,,32.907809,75.907323,Debris            Slide,,,3627.24267578125,24.761189660829324,,
8384,HP/CHA/43P13/2017/59,Chamba,,32.90804,75.913012,Debris            Slide,,,3631.78955078125,27.31597626387253,,
8385,HP/CHA/52D01/2020/73,Chamba,Junas P.F,32.91,76.14,Debris            Slide,,,1802.62890625,35.59740228539693,,
8386,HP/CHA/52D01/2020/75,Chamba,kharku,32.91,76.15,Debris            Slide,,,1730.90576171875,31.495144925756993,,
8387,HP/CHA/43P13/2017/60,Chamba,,32.910277,75.880926,Rock cum debris   Slide,,,3090.60205078125,37.439944173132155,,
8388,HP/CHA/43P13/2017/74,Chamba,,32.910956,75.880876,Rock cum debris   Slide,,,3098.802001953125,38.6022750485406,,
8389,HP/CHA/43P13/2017/95,Chamba,,32.911003,75.908917,Debris            Slide,,,3616.461669921875,21.024534470000177,,
8390,HP/CHA/43P13/2017/47,Chamba,,32.911304,75.907181,Debris            Slide,,,3669.257080078125,21.803937596115357,,
8391,HP/CHA/43P13/2017/26,Chamba,,32.911665,75.897202,Debris            Slide,,,3590.546875,38.42462709249595,,
8392,HP/CHA/43P13/2017/73,Chamba,,32.91255,75.901352,Debris            Slide,,,3691.190673828125,42.91596158607414,,
8393,HP/CHA/43P13/2017/34,Chamba,,32.914107,75.904167,Debris            Slide,,,3708.8955078125,34.0271084401104,,
8394,HP/CHA/43P13/2017/21,Chamba,,32.914687,75.90669,Debris            Slide,,,3676.142333984375,35.47163773573014,,
8395,HP/CHA/43P13/2017/11,Chamba,,32.916109,75.904373,Debris            Slide,,,3650.815185546875,31.159844548249247,,
8396,HP/CHA/43P13/2017/93,Chamba,,32.916468,75.879924,Debris            Slide,,,3253.378662109375,47.367087431550566,,
8397,HP/CHA/43P13/2017/46,Chamba,,32.917961,75.876663,Rock cum debris   Slide,,,3408.56298828125,35.134224513812406,,
8398,HP/CHA/43P13/2017/27,Chamba,,32.918856,75.876429,Rock cum debris   Slide,,,3458.91357421875,31.040587171344463,,
8399,HP/CHA/43P13/2017/53,Chamba,,32.919059,75.877266,Rock cum debris   Slide,,,3495.9912109375,44.0469905508549,,
8400,HP/CHA/52D01/2020/77,Chamba,Riwaru,32.92,76.08,Debris            Slide,,,2256.8525390625,39.848896965058955,,
8401,HP/CHA/43P13/2017/86,Chamba,,32.922642,75.832825,Debris            Slide,,,3172.736572265625,34.162970334833275,,
8402,HP/CHA/43P13/2017/16,Chamba,,32.929304,75.834047,Rock cum debris   Slide,,,3160.5908203125,41.43001664326325,,
8403,HP/CHA/52D01/2020/41,Chamba,Shariala,32.93,76.14,Debris            Slide,,,2575.5859375,32.014821499733664,,
8404,HP/CHA/52D01/2020/42,Chamba,Kauli PF,32.93,76.14,Debris            Slide,,,2575.5859375,32.014821499733664,,
8405,HP/CHA/52D01/2020/49,Chamba,Chhitar,32.93,76.07,Debris            Slide,,,3235.868408203125,19.790553902554564,,
8406,HP/CHA/52D01/2020/50,Chamba,Kotlu,32.93,76.07,Debris            Slide,,,3235.868408203125,19.790553902554564,,
8407,HP/CHA/52D01/2020/43,Chamba,Ranikhot PF,32.95,76.19,Rock              Fall,,,2942.303466796875,33.807730496139946,,
8408,HP/CHA/52D01/2020/35,Chamba,Kalaban PF,32.96,76.2,Rock              Slide,,,3189.16748046875,24.040255206655893,,
8409,HP/CHA/52D01/2020/53,Chamba,Kalapan PF,32.97,76.21,Debris            Slide,,,3281.9775390625,36.61622276266184,,
8410,HP/CHA/52D01/2020/15,Chamba,Kalapan P.F,32.98,76.22,Rock              Fall,,,3349.51708984375,32.87318856452226,,
8411,HP/CHA/52D01/2020/44,Chamba,Kalapan PF,32.98,76.22,Rock              Slide,,,3349.51708984375,32.87318856452226,,
8412,HP/CHA/52D01/2020/16,Chamba,Sach nala,32.99,76.22,Rock              Slide,,,3525.5205078125,30.189737647717184,,
8413,HP/CHA/52D01/2020/17,Chamba,Satrundi,32.99,76.22,Debris            Slide,,,3525.5205078125,30.189737647717184,,
8414,HP/CHA/52D01/2020/28,Chamba,near Satrundi Helipad,32.99,76.21,Rock              Fall,,,3468.131591796875,29.982437781572443,,
8415,HP/SIR/53F06/2017/06/_ Upd-,Sirmur,Jangirug landslide NH-907A,30.5859,77.29668056,Rock,Slide,2020,864.8486328125,41.33560377580866,,
8416,HP/SIR/53F6/2024/02,Sirmur,±1km North of Jangirug Landslide NH-907A,30.59269167,77.29814722,Debris,Slide,2023,948.8591918945312,39.61485121243952,,
8417,HP/SIR/53F6/2024/03,Sirmur,Shili Sanari landslide NH-907A,30.60813889,77.28898889,Debris,Slide,2020,1179.766845703125,22.22305342725829,,
8418,HP/SIR/53F6/2024/04,Sirmur,Dhirath Landsldie NH-907A,30.63706111,77.2588,Debris,Slide,2023,1331.9013671875,28.66983070926615,,
8419,HP/SIR/53F6/2024/05,Sirmur,Kuthar Landslide NH-907A,30.81918056,77.10163889,Rock              Slide/fall,,,1391.911376953125,39.0335910694497,,
8420,HP/SIR/53F6/2024/06,Solan,Lohan Ji Landslide NH-907A,30.88252778,77.06023611,Debris            Slide,,,1598.99560546875,41.48990069879609,,
8421,HP/MAN/53E1/2024/02,Mandi,Prashar Lake Landslide --,31.75555556,77.11,Debris,Slide,"2008 , 2023",2501.7841796875,31.27099463673752,,
8422,HP/SHI/53E04/2024/01,Shimla,Boilouganj-Chaura Maidan Debris Near Indian Institute of,31.10223889,77.14373611,Debris,Slide,19 August 2024 (Evening),2038.5888671875,31.458643703051912,,
8423,HP/L&S/52H2/2024/01,Lahaul & Spiti,Piukar Village Ground Cracks --,32.55777778,77.07527778,Debris,Ground Cracks,2024,3125.9365234375,31.51336887062982,,
8424,HP/MAN/53A13/2024/01,Mandi,Kas landslide --,31.9396,76.84066667,Debris,Slide,2023,1441.87255859375,29.487950874492913,,
8425,HP/MAN/53A/13/2017/27_Upd,Mandi,Harabagh Landslide (In proximity to Pathankot-Jogindernagar-,31.99208056,76.819125,Debris,Slide/Subsidenc,2010,1403.638671875,25.812359697346498,,
8426,HP/SHIMLA/53E/04/2025/02,Shimla,"Benmore, Shimla 02 -",31.966644,77.116205,Debris,Slide,17 August 2025,1212.283203125,33.73949539702768,,
8427,HP/SHIMLA/53E/04/2025/01,Shimla,"Krishna Nagar, Shimla 01 -",31.102046,77.172914,Debris,Slump,"27,28 August 2025",2017.7059326171875,38.79371492510362,,
8428,HP/KULLU/53E/01/2025/01,Kullu,Akhara bazar slide 01 -,31.96693889,77.11688056,Debris,Slide,03 September 2025,1211.309326171875,28.202221387931186,,
8429,HP/KULLU/53E/01/2025/02,Kullu,Akhara bazar slide 02 -,31.96662778,77.11621111,Debris,Slide,"04 September 2025, 06.20 am",1212.283203125,33.73949495513546,,
8430,HP/SOLAN/53F/01/2025/01,Solan,Badog debris slide Link road (Johar ji to Malah),30.773496,77.033228,Debris,Slide,"20,21 July2023",861.770263671875,19.629913435121797,,
8431,HP/SOLAN/53F/01/2025/02,Solan,Tadol subsidence Link road,30.853851,77.051418,Debris,Subsidence,"July, 2023",1207.2816162109375,21.65353815316952,,
8432,HP/SOLAN/53B/13/2025/03,Solan,Banoi debris flow & Subsidence Link road,30.90009,76.930137,Debris,Flow/Subsidenc,17 August 2023,1048.209228515625,24.51239731091862,3.278101682662964,2023-08-17
8433,HP/SOLAN/53B/13/2025/04,Solan,Thandu subsidence -,30.904596,76.926817,Debris,Subsidence,"22 August, 2023",1128.8758544921875,19.59586195923548,,
8434,HP/SOLAN/53F/1/2025/05,Solan,Suji Charanja subsidence -,30.886995,77.00456,Debris,Subsidence,"08,09 July 2023",1347.90625,26.137487255953964,98.00447082519531,"2023-07-08, 2023-07-09"
8435,HP/SOLAN/53F/1/2025/06,Solan,Maghoti subsidence -,30.889555,77.000326,Debris,Subsidence,"September, 2019",1365.771728515625,21.729765885905827,,
8436,HP/SOLAN/53F/1/2025/07,Solan,Khoti Khas debris slide NH-5,30.854624,77.001843,Debris,Slide,"09,10 July 2023",1089.768310546875,38.329093353517486,188.42376708984375,"2023-07-09, 2023-07-10"
8437,HP/SOLAN/53B/13/2025/08,Solan,Aarala Subsidence -,30.964006,76.984701,Debris,Subsidence,"09,10 July 2023",1102.2677001953125,25.489700393966174,124.38549041748047,"2023-07-09, 2023-07-10"
8438,HP/SOLAN/53B/13/2025/09,Solan,Chyali Jhajhatti Subsidence -,30.981344,76.977305,Debris,Subsidence,13 August 2023,960.1743774414062,13.993347309383232,32.1153564453125,2023-08-13
8439,HP/SOLAN/53B/13/2025/10,Solan,Chyali Nali Subsidence -,30.976711,76.978138,Debris,Subsidence,"1997, 2023",981.10986328125,27.49129491942205,,
8440,HP/SOLAN/53B/13/2025/11,Solan,Khalatu (falls under debris flow path) -,30.972278,76.985903,Debris,Flow,"August, 2023",1108.65869140625,5.343060948314158,,
8441,HP/SOLAN/53A/16/2025/12,Solan,Shrella debris slide & subsidence -,31.012702,76.873434,Debris,Slide,"August, 2023",1123.4383544921875,30.100135233680476,,
8442,HP/Solan/53A/16/2025/01,Solan,"Katli-1, Debris slide Katli village",31.16436666,76.7617555,Debris,Slide,7 August 2025,1237.7366943359375,44.50654591992581,,
8443,HP/SOLAN/53A/16/2025/02,Solan,"Katli -2, Debris slide Katli village",31.16997222,76.76130555,Debris,Slide,31 August 2025,1070.2960205078125,18.31845395143405,,
8444,HP/SOLAN/53A/12/2025/03,Solan,Baha subsidence NH-105,31.20961944,76.71348333,Debris,Subsidence,"2023, 2025",950.0064697265624,23.136806063888624,,
8445,HP/SOLAN/53A/12/2025/04,Solan,Naal (Ghaniri) and Chamba- NH-105,31.21918611,76.72500833,Debris,Subsidence/Slid,22 August 2025,1048.132568359375,16.420642874184377,,
8446,HP/LAH/52D14/2025/01,Lahaul & Spiti,Lindoor Lindoor village,32.64833333,76.87694444,Debris,Slide/Subsidenc,"2000, August 2023.",3319.445556640625,15.609452633088717,,
8447,HP/LAH/52D14/2025/02,Lahaul & Spiti,Jhalma NH-03,32.62888889,76.86361111,Debris,Flow,2023,2775.226806640625,10.16464940143507,,
8448,HP/LAH/52D14/2025/03,Lahaul & Spiti,Haling NH-03,32.63083333,76.86111111,Debris,Flow,2021,2745.76171875,15.31577099402472,,
8449,HP/LAH/52D14/2025/04,Lahaul & Spiti,Jasrath Jasrath Village located on the,32.63638889,76.85611111,Debris,Flow,2021,2744.919677734375,12.955844151194974,,
8450,HP/LAH/52D14/2025/05,Lahaul & Spiti,Junda Junda Slide situated on the right,32.63833333,76.85222222,Debris          Flow,,,2745.5322265625,19.848364644102148,,
8451,HP/LAH/52D13/2025/06,Lahaul & Spiti,Chaling Chaling Village located in Miyar,32.86027778,76.815,Debris,Flow,2025,3296.9912109375,5.997176447286415,,
8452,HP/LAH/52D14/2025/07,Lahaul & Spiti,Tingret Tingret Village located in Miyar,32.63833333,76.85222222,Debris,Flow,2025,2745.5322265625,19.848364644102148,,
8453,HP/LAH/52D09/2025/08,Lahaul & Spiti,Karpat Debris Flow Karpat village under Udaipur,32.82666667,76.74638889,Debris,Flow,13 August 2025,3086.124755859375,13.223262300662016,,
8454,HP/LAH/52D14/2025/09,Lahaul & Spiti,Chimret NH-03,32.63833333,76.85222222,Debris,Flow,2021,2745.5322265625,19.848364644102148,,
8455,HP/LAH/52L08/2025/10,Lahaul & Spiti,Poh NH-505,32.06916667,78.33222222,Debris,Slide,05 August 2025,3324.031982421875,29.71841097171357,,
8456,HP/LAH/52L04/2025/11,Lahaul & Spiti,Shichiling Debris Flow NH-505,32.06138889,78.21944444,Debris          Flow,,,3406.082275390625,16.568686590838077,,
8457,HP/KINN/53I09/2025/12,Kinnaur,Maling Nala (Left Bank) NH-505,31.90333333,78.63166667,Debris          Slide          Maling,Slide,zone was initially,3782.0380859375,37.93197328788008,,
8458,HP/KINN/53I02/2025/13,Kinnaur,Meeru Slide Meeru village (Approx 5kms,31.53472222,78.14333333,Debris,Slide,2019,2530.464111328125,33.48382891190547,,
8459,HP/KINN/53I03/2025/14,Kinnaur,Ruturang (Kupa) Karcham-Sangla Road,31.435,78.23638889,Debris,Slide,2005,2521.57080078125,58.22788011552019,,
8460,HP/KIN/53E14/2025/15,Kinnaur,Nathpa NH-05,31.5625,77.98194444,Rock,Slide,"27 October 2023, 1, 26 August 2025",1575.3104248046875,41.10135338430276,0.0,2023-10-27
8461,HP/KINN/53E14/2025/16,Kinnaur,Nigulsari (Sector 26) NH-05 (Approx. 1 km from,31.56305556,77.88361111,Debris cum rock,Slide,2010,1635.245849609375,32.76892417741291,,
8462,HP/UNA/53A6/2025/15,Una,Harot/Kud Link Road,31.609099,76.294201,Debris,Slide,25 August 2025,719.7384033203125,22.430387351731056,,
8463,HP/UNA/53A6/2025/16,Una,Porian Kalan Porian Kalan,31.437986,76.42395,Debris,Slide,01 September 2025,631.1028442382812,34.581198028212945,,
8464,HP/UNA/53A7/2025/17,Una,Raipur Raipur,31.474296,76.416896,Debris,Slide,1st week of September 2025,541.193603515625,22.419668132048503,,
8465,HP/UNA/53A7/2025/18,Una,PMGSY L18 Landslide PMGSY,31.49135,76.400659,Debris,Slide,1st week of September 2025,549.4214477539062,26.48990045154396,,
8466,HP/UNA/53A7/2025/19,Una,Gharwasra PMGSY Gharwasra,31.484232,76.388595,Debris,Slide,1 September 2025,857.8661499023438,22.495967085011262,,
8467,HP/UNA/53A7/2025/20,Una,Thara Village Thara,31.511164,76.35416,Debris,Subsidence,"01,02,03 September 2025",686.333984375,20.06736635136992,,
8468,HP/UNA/53A7/2025/21,Una,Bohru landslide Village,31.421993,76.416965,Debris,Flow,03 September 2025,462.9391784667969,5.464740305464745,,
8469,HP/BIL/53A12/2025/01,Bilaspur,Ree-Pulachar NH-21,31.230587,76.677044,,Subsidence,"2024, 2025",853.9376831054688,36.505671033821955,,
8470,HP/BIL/53A12/2025/02,Bilaspur,Dadwal Dadwal village link road,31.230401,76.689474,,Subsidence,"September 1998, 1st week of",856.4700927734375,18.79256872021093,,
8471,HP/BIL/53A15/2025/03,Bilaspur,Malyawar slide Malyawar link road damaged,31.413835,76.793732,Rock cum debris,Slide,August 2023,615.500732421875,35.26564321701681,,
8472,HP/BIL/53A15/2025/04,Bilaspur,Bagi Slide NH-21,31.366877,76.7870719,Debris,Slide,07 August 2025,704.9204711914062,25.63406875852631,,
8473,HP/BIL/53A15/2025/05,Bilaspur,Nog Landslide Link road,31.3704259,76.7702055,Debris,Slide,August 2025,551.9708862304688,28.850183771265563,,
8474,HP/BIL/53A15/2025/06,Bilaspur,Jangal Sungal Nichla landslide NH-21,31.3626538,76.7744273,Debris,Slide,07 September 2025,706.828857421875,27.338591618082948,,
8475,HP/BIL/53A15/2025/07,Bilaspur,Deoli landslide NH-103,31.3593204,76.806473,Debris,Slide,05 August 2025,699.4849853515625,41.785846624231475,,
8476,HP/BIL/53A15/2025/08,Bilaspur,Chadol Land subsidence Chadol village,31.254981,76.774276,,Subsidence,05 August 2025,841.0178833007812,19.95971563687219,,
8477,HP/BIL/53A15/2025/09,Bilaspur,Sai-Bramna Land subsidence Sai-Bramna,31.270428,76.768161,Debris,Subsidence,August 2025,754.9674072265625,30.882832226189223,,
8478,HP/BIL/53A15/2025/10,Bilaspur,Kot Land Subsidence Kot village,31.28191,76.767061,Debris,Subsidence,August 2025,656.8828125,5.9850519492516865,,
8479,HP/BIL/53A15/2025/11,Bilaspur,Talsari Land subsidence Talsari village,31.274281,76.748515,Debris,Subsidence,"2024, August 2025",741.5978393554688,13.54287297897865,,
8480,HP/BIL/53A11/2025/12,Bilaspur,Durghat Land subsidence Durghat village,31.31508,76.631323,Debris,Subsidence,August 2025,823.024658203125,21.416241863439755,,
8481,HP/SIR/53F5/2025/1,Sirmur,Chauras landslide Chauras,30.81025,77.45886111,Debris,Slide,2025,1888.634765625,29.788416881941416,,
8482,HP/SIR/53F6/2025/2,Sirmur,Malganv landslide Malganv,30.61863889,77.36361111,Debris,Slide,"1 July 2025, 18 June 2023",836.754150390625,23.74398280198745,60.12333679199219,"2023-06-25, 2023-06-18"
8483,HP/SIR/53F10/2023/31/1,Sirmur,Ambaun Landlside Ambaun village,30.57513889,77.54955556,Rock,Slide,1980s,639.8186645507812,10.509762427641544,,
8484,HP/SIR/53F5/2025/3,Sirmur,Matahan landslide Matahan,30.71638889,77.22888889,Debris,Slide,3 September 2025,1252.265869140625,14.8360517612117,,
8485,HP/SIR/53F10/2025/4,Sirmur,Kachchi Dang landslide Sirmauri Tal,30.54847222,77.63788889,Debris,Slide,"2023,2025",580.7052001953125,35.57491762804176,,
8486,HP/SIR/53F10/2025/5,Sirmur,Agdiwala subsidence Agdiwala,30.46788889,77.38269444,Debris,Subsidence,2025,388.9324951171875,14.234132701381816,,
8487,HP/HMPR/53A9/2025/13,Hamirpur,Pandwin Pandwin village,31.564298,76.598543,Debris,Slide,"August 2023, 1st week of September",844.7841186523438,24.336677743372675,,
8488,HP/HMPR/53A9/2025/14,Hamirpur,Chabutra Village Chabutra,31.7691009,76.490383,Debris,Subsidence,31 Aug 2025,798.6348876953125,10.96741888902579,,
8489,HP/CHAMBA/43P/14/2025/01,Chamba,Shalla Slide Near Salooni-Tissa SH road,32.62173056,75.99535556,Debris,Slide,"24,25 August 2025",1161.8353271484375,40.48893326492552,,
8490,HP/CHAMBA/52D/01/2025/02,Chamba,Satlog subsidence Tissa-sachkhas SH road,32.93181667,76.15378056,Debris,Subsidence,"24,27 August 2025",2012.6527099609375,32.386816818396824,,
8491,HP/CHAMBA/52D/07/2025/03,Chamba,Lothal slide NH-154A,32.47164722,76.29880556,Debris,Slide,"1995, 2023, 2025",1332.596435546875,12.389417639964282,,
8492,HP/CHAMBA/52D/07/2025/04,Chamba,Muchka Subsidence -----,32.48638056,76.28263056,Debris,Subsidence,"2019, 2021, 2025",1252.528564453125,37.345061021298385,,
8493,HP/CHAMBA/52D/07/2025/05,Chamba,Manoon ghar slide Holi-Bajouli SH road,32.45575833,76.4642,Rock,Slide,"16 April 2024, August 2025",1533.5743408203125,45.66962726526913,,
8494,HP/CHAMBA/52D/11/2025/06,Chamba,Kuleth ghar Slide Holi-Bajouli SH road,32.31983056,76.5655,Debris,Slide,"2023, 2024, 2025",1893.8905029296875,32.0646342187592,,
8495,HP/CHAMBA/43P/15/2025/07,Chamba,Bharamplaha ghar Slide MDR 87,32.41663056,75.99166944,Debris,Slide,"2022, 2023, 2025.",882.8287353515625,36.39621264522586,,
8496,HP/CHAMBA/43P/15/2025/08,Chamba,Narola ghar Slide MDR 83,32.4154,75.96971389,Debris,Slide,"2018, 2022, 2023, 2025",785.3320922851562,11.745605055638528,,
8497,HP/CHAMBA/43P/15/2025/09,Chamba,Chafad Slide MDR 83,32.45266667,75.93528611,Debris,Slide,"2024, September 2025",1184.0003662109375,29.216008703252943,,
8498,HP/CHAMBA/43P/15/2025/10,Chamba,Kamlari Slide MDR 83,32.468125,75.91993611,Debris,Slide,13 September 2025,1240.317138671875,30.036104599752925,,
8499,HP/Kangra/43P/15/2025/01,Kangra,Mohal Swarg Ashram Slide Nurpur Pathankot state,32.30424444,75.88190278,Debris,Slide,"24,25 August 2025",563.3099975585938,20.72030860301343,,
8500,HP/Kangra/43P/11/2025/02,Kangra,Civil Enclave Road slide Near Military Hospital,32.24875,75.64785,Debris,Slide,"2022, 2023,2024, August 2025",327.3749084472656,15.663568360964314,,
8501,HP/Kangra/52D/08/2025/03,Kangra,Bhadrol bridge slide Link road,32.015,76.44056944,Debris,Slide,"August 2023, 01 July 2025",827.0584106445312,38.38400150383011,,
8502,HP/Kangra/53A/05/2025/04,Kangra,Bachhwai village slide Link road,31.92175278,76.44502222,Debris,Subsidence,"2023, September 2025",675.25439453125,10.867784601876306,,
8503,HP/Kangra/53A/05/2025/05,Kangra,Manjha Buhla Challah slide Link road (Thurel to Challah),31.92544444,76.44583611,Debris,Slide,7 July 2025,680.8795166015625,20.788855750059113,,
8504,HP/Kangra/52D/12/2025/06,Kangra,Forest land area slide -,32.07001944,76.69208333,Debris,Slide,September 2025,1429.270263671875,25.265358141165144,,
8505,HP/Kangra/52D/08/2025/07,Kangra,Pillar no 6 slide Link road,32.22763611,76.32045,Debris,Slide,19 September 2025,1539.355712890625,27.765919136946422,,
8507,HP/Kullu/ I43X8/2025/01,Chamba,"Manikaran tree fall incident Kasol- Manikaran-Barsheni,",32.02631389,77.34464722,,,20 March 2025,1690.217041015625,31.457397274800684,,
8508,HP/Kangra/52D/08/2025/08,Kangra,Jogiwada subsidence Khada Danda road - a crucial 4-,32.22934444,76.32632222,Debris,Subsidence,19 August 2025,1603.8709716796875,33.09310765661146,,
8509,HP/Mandi/53E01/2025/01,Mandi,Kalang Kalang,31.76286667,77.1127,Debris,Subsidence/Slid,"2023, 2025",2372.739501953125,26.288646638228865,,
8510,HP/Mandi/53A13/2025/02,Mandi,Reur Reur,31.78527778,76.75444444,Debris,Subsidence,2023,881.492919921875,22.37019513639315,,
8511,HP/Mandi/53A14/2025/03,Mandi,Rissa Rissa,31.725,76.7725,Debris,Slide,5 August 2025,913.8875122070312,25.47221218307371,,
8512,HP/Mandi/53A14/2025/04,Mandi,Patrai Galu Patrai Galu,31.73972222,76.75388889,Debris,Slide,"2023, 6 September 2025",973.1610107421876,26.888555748437604,,
8513,HP/Mandi/53A10/2025/05,Mandi,Sarouri Sarouri,31.71694444,76.73472222,Debris,Subsidence,"2023, 2025",972.9835205078124,24.780346642337193,,
8514,HP/Mandi/53E03/2025/06,Mandi,Kandhi Sapnot Kandhi Sapnot,31.33083333,77.18444444,Debris,Subsidence,"2023, 2025",1670.6571044921875,24.064267129126932,,
8515,HP/Mandi/53E06/2025/07,Mandi,Khunachi Khunachi,31.51194444,77.30166667,Debris,Subsidence,"August, September, 2025",2482.02783203125,35.21287706500139,,
8516,HP/Mandi/53E02/2025/08,Mandi,Deol Deol,31.60555556,77.20027778,Debris,Subsidence,22 July 2025,1972.76171875,21.13810542573803,,
8517,HP/Mandi/53A13/2025/09,Mandi,Kunduni Kunduni,31.96222222,76.80194444,Debris,Subsidence/Slid,"1999, 2023, 2025",1050.11474609375,18.41694802994168,,
8518,HP/Mandi/53A13/2025/10,Mandi,Talghar Talghar,31.93277778,76.87944444,Debris,Flow,"2017, 2025",1506.611083984375,20.29317657641749,,
8519,HP/Mandi/53E06/2025/11,Mandi,Sharash Sharash,31.69194444,77.27805556,Debris,Subsidence,June 2025,1121.1044921875,33.92415175064254,,
8520,HP/Mandi/53E06/2025/12,Mandi,Bhela Bhela,31.68611111,77.2625,Debris,Subsidence/Flo,June 2025,1553.8924560546875,25.408201176130927,,
8521,HP/Kullu/53E01/2025/01,Kullu,Bhela Bhela,31.95333333,77.08583333,Debris,Subsidence,"1994, 2023, 2025",1525.943359375,25.564774698787883,,
8522,HP/Kullu/53E06/2025/02,Kullu,Sojha Sojha,31.56138889,77.36833333,Debris,Subsidence,August 2025,2281.73681640625,28.483295122377168,,
8523,HP/Kullu/52H03/2025/03,Kullu,Solang Solang,32.32277778,77.155,Debris,Slide,"2016, 2023, 2025",2479.23779296875,50.75497285244263,,
8524,HP/Kullu/53E05/2025/04,Kullu,Matla Matla,31.78138889,77.33666667,Debris,Subsidence,25-28 August 2025,1389.4678955078125,21.2818812360704,,
8525,HP/Kullu/53E06/2025/05,Kullu,Maror Maror,31.71194444,77.3125,Debris,Subsidence,"2023, September 2025",2034.8043212890625,14.96403261720683,,
8526,HP/Kullu/53E06/2025/06,Kullu,Dukhan Dukhan,31.665,77.34027778,Debris,Subsidence/Slid,"2023, 15 August 2025",1688.78173828125,24.448469051853937,,
8527,HP/Kullu/53E06/2025/07,Kullu,Daari Daari,31.64027778,77.40055556,Debris,Slide,"2023, 2025",1498.1904296875,24.85252715256988,,
8528,HP/Kullu/53E07/2025/08,Kullu,Jaterh Jaterh,31.4825,77.44805556,Debris,Subsidence,"August 2023, 2025",2176.485107421875,21.397557757000868,,
8529,HP/Kullu/53E07/2025/09,Kullu,Marech Marech,31.46222222,77.35861111,Debris,Subsidence/Slid,"2023, 2025",1603.3878173828125,26.543401856317345,,
8530,HP/Kullu/53E011/2025/10,Kullu,Nauni Nauni,31.47027778,77.5125,Debris,Subsidence,"August 2023,2025",1941.596923828125,34.501606165700814,,
8531,HP/Kullu/53E011/2025/11,Kullu,Bari Lanj Bari Lanj,31.46111111,77.54055556,Debris,Subsidence,"August 2023,2025",1448.1204833984375,24.9436266746418,,
8532,HP/Kullu/53E011/2025/12,Kullu,Lakhi Lanj (Patwar circle Rhanu) Lakhi Lanj (Patwar circle Rhanu),31.46416667,77.52444444,Debris,Subsidence,"August 2023,2025",1584.417724609375,23.177281849559662,,
8533,HP/Kullu/53E011/2025/13,Kullu,Kutli Kutli,31.46472222,77.52916667,Debris,Subsidence,"August 2023,2025",1535.6624755859375,32.52107880216468,,
8534,HP/Kullu/53E011/2025/14,Kullu,Katmori Katmori,31.45833333,77.54416667,Debris,Subsidence,"August 2023,2025",1391.0731201171875,25.05913956877145,,
8535,HP/SIR/53F/10 /2017/01,Sirmur,"27.150 to 27.250 Km. Minor Slope 27.150 to 27.250 Km., Paonta",30.58886389,77.65825833,Rock cum debris   Slide,,,1095.7928466796875,26.703012859006044,,
8536,HP/SIR/53F/10 /2017/02,Sirmur,"26.650 to 26.800 Km. Landslide 26.650 to 26.800 Km., Paonta",30.58992778,77.65168056,Rock cum debris   Slide,,,1117.559326171875,40.21467467501874,,
8537,HP/SIR/53F/10 /2017/03,Sirmur,"24.0 to 24.100 Km. Landslide 24.0 to 24.100 Km., Paonta",30.57501667,77.65348056,Rock cum debris   Fall,,,911.3768920898438,47.9115151419589,,
8538,HP/SIR/53F/10 /2017/04,Sirmur,"19.550 to 19.750 Km. Landslide 19.550 to 19.750 Km., Paonta",30.56023056,77.64343333,Debris            Fall/Slide,,,623.4874267578125,33.279367197055485,,
8539,HP/SIR/53F06/2017/05,Sirmur,"8.000 to 8.100 Km. (Jangirug -1) 8.000 to 8.100 Km., Jangirug",30.58376389,77.2963,Rock cum debris,Slide,2017,844.5278930664062,34.29474639873267,,
8540,HP/SIR/53F06/2017/06,Sirmur,"8.200 to 8.300 Km. (Jangirug -2) 8.200 to 8.300 Km., Jangirug",30.58581111,77.2964,Rock cum debris,Slide,2017,864.9533081054688,38.77016117201592,,
8541,HP/SIR/53F06/2017/07,Sirmur,"13.800 to 14.000 Km. (Renuka Do 13.800 to 14.000 Km.,Renuka",30.59701389,77.29059722,Rock cum debris,Slide,2017,1074.388916015625,38.05020309288754,,
8542,HP/SIR/53F06/2017/08,Sirmur,"15.200 to 15.350 Km. (Ladu Landslide) 15.200 to 15.350 Km., Ladu",30.61211111,77.288475,Rock,Slide,2017,1215.048583984375,34.98456724089924,,
8543,HP/SIR/53F06/2017/09,Sirmur,"61.900 to 62.000 Km. (Gadshaya 61.900 to 62.000 Km.,",30.82098889,77.09651111,Rock cum debris,Slide,2017,1399.6982421875,36.26603274177653,,
8544,HP/KUL/53E06/2017/02,Kullu,"Mashnoo Nala Landslide Near Khanar Village, Dist.",31.5267,77.40256944,Debris            Slide,,,2572.217041015625,23.547391483249875,,
8545,HP/KUL/53E06/2017/03,Kullu,"Kot Nala Landslide Near Khanar Village, Dist. Kullu,",31.51934444,77.41823889,Debris            Slide,,,2351.9306640625,28.197680028685127,,
8546,HP/KUL/53E07/2017/04,Kullu,"Banigad Landslide Near Banigad Village, Dist.",31.46465,77.42683056,Debris,Slide,2016,1467.4468994140625,25.926970226197668,,
8547,HP/SHI/53E11/2017/01,Shimla,"Jhakri (Baroni Nala) Landslide Jhakri Village, Dist. Shimla,",31.48377222,77.69446667,Debris            Slide,,,1175.5655517578125,22.68829289939001,,
8548,HP/KIN/53E14/2017/01,Kinnaur,"Nigulsari Sinking Zone Nigulsari Village, Dist.",31.55016667,77.88252778,Colluvium,Subsidence/,"2016, 2017",1810.6815185546875,15.36259514762199,,
8549,HP/KIN/53E14/2017/02,Kinnaur,"Nigulsari Landslide Nigulsari Village, Dist. Kinnaur,",31.565,77.88508333,Colluvium,Slide,"1st week of August 2015, 2016, 2017",1593.2342529296875,33.17273971126266,,
8551,HP/SIR/53F06 /2018/01,Sirmur,"Badolia Slide Nahan-Dadahu Road, Distt.",30.60783333,77.37825,Rock cum debris,Slide,2017,752.8416137695312,36.12373203555085,,
8552,HP/SIR/53F06 /2018/02,Sirmur,Bhatgarh Slide Bhatgarh Village on Dadahu-,30.62602778,77.50877778,Debris cum rock,Slide,26 July 2018,1458.709716796875,38.32154876327144,,
8554,HP/SOL/53F01/2018/04,Solan,"ITBP Colony, Dharmpur Chandigarh-Shimla NH-22, Distt.",30.89975,77.02602778,Rock,Slide,"2017, 21July 2018",1491.32275390625,25.61003653582377,,
8560,HP/SOL/53F01/2018/10,Solan,"NH-22/RD 99 +020 Chandigarh-Shimla NH-22, Distt.",30.88721667,77.09086667,Rock cum debris   Slide,,,1449.5546875,18.9665520969437,,
8561,HP/SOL/53F01/2018/11,Solan,"NH-22/RD Km92 +960m Chandigarh-Simla Road (NH-22),",30.88131667,77.0793,Rock cum debris   Slide,,,1676.5062255859375,36.71139369847669,,
8567,HP/SOL/53F01 /2018/17,Solan,"Anji Slide Chandigarh-Shimla NH-22, Distt.",30.89001667,77.08665,Rock,Slide,Recent,1473.026123046875,7.154342342888601,,
8568,HP/SOL/53F01/2018/18,Solan,"Barog Slide-2 Chandigarh-Shimla NH-22, Distt.",30.88744444,77.08658333,Debris cum rock     Slide,,,1484.031982421875,16.954968249916554,,
8571,HP/53B13/2019/1,Solan,"Jabli School land slide Near Jabli village, Kalka - Shimla",30.87722222,76.99547778,Colluvium,Slide,March 2019,1160.506591796875,31.43841067408802,,
8572,HP/53F01/2019/2,Solan,"RD Km81+550m Near Sanwara village, Kalka -",30.89656111,77.00436111,Colluvium,Slide,January 2019,1399.9613037109375,32.104922875888676,,
8583,HP/CHAM/43P15/2019/13,Chamba,"Phina Singh Dam slide near Lahru village, Nurpur",32.40133889,75.98525278,Debris,Slide,17 August 2019,740.02392578125,29.416168768519675,,
8584,HP/CHAM/43P/16/2019/14,Chamba,"Phina Singh canal slide, Lahru Near Phina Singh Canal, Lahru",32.40864722,75.98548611,Rock,Fall,Data not available,762.6229858398438,48.24979224265747,,
8585,HP/CHAM/43P15/2019/15,Chamba,"Kalidhar Slide zone Near Kalidhar village, r/b of",32.41269722,75.98649444,Debris,Slide,Data not available.,829.3838500976562,43.7132578457267,,
8586,HP/CHAM/43P/15/2019/16,Chamba,Barrian Nala slide zone SH – 28 (Lahru-Chamba road),32.42897222,75.95915833,Soil cum debris,Slide,Before 2002,826.9225463867188,27.266833176531073,,
8587,HP/KAN/52D/03/2019/17,Kangra,Niangal slide 1 Niangal Village,32.25430556,76.08022222,Debris cum soil,Slide,23 October 2013,756.6098022460938,14.084651923866977,,
8588,HP/KAN/52D/03/2019/18,Kangra,"Niangal slide - 2 Niangal Village,",32.25710556,76.07544444,Debris cum soil,Slide,17 August 2019,739.2368774414062,29.410843162005506,,
8614,HP/KIN/53E14/2022/02,Kinnaur,"Sector-26 slide NH-05, Nigulsari Village",31.563877,77.884119,Rock              Fall,,,1631.15234375,38.0169750726836,,
8616,HP/KIN/53E14/2022/01,Kinnaur,"Nigulsari slide NH-05, Thachh Village",31.56293,77.872847,Rock,Slide,2019,1664.986572265625,48.10341266905337,,
8621,HP/Shimla/53E/14/2023/01,Shimla,"Kache Slide Kache, Link road to NH-05",31.551479,77.918532,Rock,Falls,2003,1751.641357421875,47.68232842108721,,
8622,HP/Kinnaur/53I/02/2023/01,Kinnaur,"Sapni Slide Sapni link road, 2.6 km from",31.482028,78.177578,Debris,Slide,"September 2022, 28 Jan 2023",1948.3619384765625,25.845802991373414,,
8623,HP/SOL/53F/2022/LS_01,Solan,Kasauli-Dharampur road slide NH-05 and Kasauli-Dharampur,30.896535,77.009852,Debris            Slide,,,1495.1551513671875,32.32854527838343,,
8624,HP/SOL/53F/2022/LS_02,Solan,Solan-Shimla flyover slide. NH-05,30.88227,77.0932,Debris            Slide,,,1515.9288330078125,18.12868018669903,,
8625,HP/SOL/53F/2022/LS_03,Solan,Kalka-Shimla Rail track slide. Kalka-Shimla Rail track,30.900587,77.030105,NA                Slide,,,1513.227294921875,26.046702679182573,,
8626,HP/SOL/53F/2022/LS_04,Solan,Siharri-Brahmna Slide NH-05,30.89322,77.046705,Debris            Slide,,,1589.8724365234375,31.746028836151392,,
8627,HP/SOL/53F/2022/LS_05,Solan,Sanwara slide NH-05,30.896963,77.004,Debris            Slide,,,1441.7462158203125,29.547208462438324,,
8629,HP/MAN/53A14/2023/,Mandi,"Tarna Hill debris slide Near Hotel Koyal, Mangwai",31.70522,76.933442,Debris,Slide,14 August 2023 (Morning),791.8806762695312,23.530413742283017,74.67382049560547,2023-08-14
8630,HP/MAN/53A14/2023/,Mandi,"--- Near HPPWD Circuit house,",31.700833,76.927222,Debris,Slide,14 August 2023 (Morning),836.4402465820312,22.57238099045403,74.67382049560547,2023-08-14
8631,HP/MAN/53A10/2023/,Mandi,Juccain Cloudburst Juccain Village,31.66694,76.74722,Debris,Flow,13th August 2023,934.9440307617188,26.905994650635616,104.48836517333984,2023-08-13
8632,HP/MAN/53A13/2023/,Mandi,Tatih debris slide Tatih Village,31.704166,76.723611,Debris,Slide,14th August 2023 (Morning),962.5714111328124,18.013404130975136,140.71214294433594,2023-08-14
8633,HP/MAN/53A/13/2023/,Mandi,Narera Cloudburst Narera Village,31.793055,76.780555,Debris,Flow,14 August 2023 (06:30 hrs),912.4093017578124,9.374675083255095,140.71214294433594,2023-08-14
8634,HP/MAN/53A13/2023/,Mandi,Banal Slide Banal village,31.79333,76.76222,Debris,Slide/Subsidenc,14 August 2023 (Morning),961.4202880859376,33.87264134350353,140.71214294433594,2023-08-14
8635,HP/MAN/53A13/2023/,Mandi,--- Banal village,31.78944,76.75555,Debris,Slide/Subsidenc,13 and 14 August 2023 (Morning),880.8689575195312,28.553140789228344,140.71214294433594,"2023-08-13, 2023-08-14"
8636,HP/MAN/53A13/2023/,Mandi,--- Banal village,31.789722,76.754722,Debris,Slide/Subsidenc,14 August 2023 (Morning),870.5570068359375,25.564398312625805,140.71214294433594,2023-08-14
8637,HP/MAN/53A13/2023/,Mandi,--- Riyur village,31.782631,76.755115,Debris,Slide/Subsidenc,14 August 2023 (Morning),870.50830078125,25.92802490439688,140.71214294433594,2023-08-14
8638,HP/MAN/53A13/2023/,Mandi,"--- Near Kamksha Devi Temple,",31.78222222,76.75055556,Debris,Slide/Subsidenc,14 August 2023,762.7672729492188,10.32718531286819,140.71214294433594,2023-08-14
8639,HP/MAN/53A13/2023/,Mandi,--- Didnu road,31.781418,76.756217,Debris,Slide,14 August 2023,879.9719848632812,28.768820677705985,140.71214294433594,2023-08-14
8640,HP/MAN/53A13/2023/,Mandi,Didnu Debris Slide Didnu road,31.78,76.77055,Debris,Slide,14 August 2023,1005.6246948242188,31.943855270892016,140.71214294433594,2023-08-14
8641,HP/MAN/53A13/2023/,Mandi,"Baral Slide Baral Village, Riyur-Baroti Road",31.78083,76.77722,Debris,Slide/Subsidenc,14 August 2023,999.9217529296876,31.24865717821,140.71214294433594,2023-08-14
8642,HP/MAN/53A13/2023/,Mandi,"--- Near PWD Guest house, Baroti",31.78527778,76.78305556,Debris,Slide,14 August 2023,1090.7904052734375,24.34645497218436,140.71214294433594,2023-08-14
8643,HP/MAN/53A13/2023/,Mandi,"Maloh Slide Maloh Village, NH-03",31.79611,76.785,Debris,Slide/Subsidenc,14 August 2023,1159.8433837890625,23.978875705603,140.71214294433594,2023-08-14
8644,HP/MAN/53A13/2023/,Mandi,"Langerh Slide Langerh Village, Baroti-Langerh",31.783611,76.7825,Debris,Slide,14 August 2023,1066.82177734375,26.761353530530375,140.71214294433594,2023-08-14
8645,HP/MAN/53A13/2023/,Mandi,"Brahma Falad Slide Brahma Falad Village, Mandap",31.756241,76.791823,Debris,Slide/Subsidenc,14 August 2023,1145.468505859375,17.98280307448822,140.71214294433594,2023-08-14
8646,HP/MAN/53A13/2023/,Mandi,Chanauta Slide Chanauta Village,31.75833,76.773055,Debris,Subsidence,14 August 2023,1056.638427734375,29.02778094469393,140.71214294433594,2023-08-14
8647,HP/MAN/53A13/2023/,Mandi,Bhadyar Slide Chhatter Road,31.76694,76.7675,Debris,Slide,14 August 2023,1051.26953125,20.543114358176226,140.71214294433594,2023-08-14
8648,HP/MAN/53A13/2023/,Mandi,--- Bhadyar Road,31.7675,76.76527,Debris,Slide,14 August 2023,1016.9992065429688,26.009463942715584,140.71214294433594,2023-08-14
8649,HP/MAN/53A13/2023/,Mandi,"Brang slide Brang village, Bhadyar Road",31.761944,76.768333,Debris,Slide,14 August 2023,972.3413696289062,27.47291778713956,140.71214294433594,2023-08-14
8650,HP/MAN/53A13/2023/,Mandi,Bhadyar slide Bhadyar village,31.76722,76.77583,Debris,Slide,14 August 2023,960.5562744140624,21.378319160666766,140.71214294433594,2023-08-14
8651,HP/MAN/53A15/2023/,Mandi,"Phagwaon slide Phagwaon village, Kaleru road",31.480833,76.963333,Debris,Slide/Subsidenc,14 August 2023 (Morning),1351.5810546875,11.226570410755288,66.1063232421875,2023-08-14
8652,HP/MAN/53A15/2023/,Mandi,Doldhar slide Doldhar village,31.466111,76.944166,Debris,Slide/Subsidenc,14 August 2023 (Morning),1582.35205078125,26.242763517380123,66.1063232421875,2023-08-14
8653,HP/Solan/53F01/2023/01,Solan,Shamti Slide Along Solan-Rajgarh Link Road,30.88944444,77.10583333,Debris          Subsidence,,,1466.144287109375,20.883287912980503,,
8659,HP/SOL/53B13/2023/,Solan,Subathu Slide Dharampur-Subathu Road,30.970355,76.992139,Debris,Slide,14 August 2023,1358.7171630859375,31.15509382969433,60.84136199951172,2023-08-14
8660,HP/Man-kul/2024/1,Mandi,Kun NH-03,31.45066667,76.85385278,Debris,Slide,"2018, 14 August 2023",663.6614379882812,17.996503951167483,94.25465393066406,"2023-08-18, 2023-08-14"
8661,HP/Man-kul/2024/2,Kullu,Banala NH-03,31.759575,77.20756667,Rock,Fall,"2010, 11 July 2023",968.98681640625,5.279018863397701,90.68878936767578,"2023-07-10, 2023-07-11"
8662,HP/Man-kul/2024/3,Kullu,Panarsa NH-03,31.77500833,77.19483611,Debris,Slide,"2018, 11 July 2023",1008.0213012695312,42.672154075561046,82.0510482788086,"2023-07-18, 2023-07-11"
8663,HP/Man-kul/2024/2,Kullu,Jhiri NH-03,31.8254,77.17297778,Rock,Fall,"2010, 08 July 2023",1035.5,35.45055487269057,90.68878936767578,"2023-07-10, 2023-07-08"
8664,HP/Man-kul/2024/5,Kullu,Rhuadu-Garsa NH-03,31.85661111,77.16758056,Debris,Slide,"2018,11 July 2023",1084.8492431640625,41.185670694063106,82.0510482788086,"2023-07-18, 2023-07-11"
8665,HP/Man-kul/2024/6,Kullu,Seobagh NH-03,31.99953056,77.1265,Debris,Slide,11 July 2023,1244.0,26.43838108895963,79.47103118896484,2023-07-11
8666,HP/Man-kul/2024/6,Kullu,15- Mile NH-03,31.71223611,77.31291389,Debris,Slide,08 July 2023,2031.9254150390625,25.689367296861622,1.1302030086517334,2023-07-08
8667,HP/Man-kul/2024/6,Kullu,Kalath NH-03,32.18584167,77.18534167,Debris,Slide,08 July 2023,1663.6383056640625,17.17879058178619,0.02998308651149273,2023-07-08
8668,HP/Man-kul/2024/6,Kullu,Volvo Bus Stand NH-03,32.23295833,77.1874,Debris,Slide,08 July 2023,1834.522705078125,19.294109826216097,0.02998308651149273,2023-07-08
8669,HP/MAN/53A14/2024/,Mandi,"Glory Church Slide (Chainage NH-03, Garhan",31.50055556,76.87336389,Debris          Slide,,,881.0668334960938,26.14668013032522,,
8670,HP/MAN/53E02/2024/,Mandi,"Garhan Slide (Chainage 204+200) NH-03, Garhan",31.72176667,77.010675,Rock            Slide,,,868.9346923828125,46.89724144455398,,
8671,HP/MAN/53E02/2024/,Mandi,"Jagar Slide (Chainage 208+260) NH-03, Jagar",31.69748889,77.03721944,Debris           Slide,,,845.6498413085938,32.432564533419225,,
8672,HP/MAN/53E02/2024/,Mandi,"Soja Slide (Chainage 209+450) NH-03, Soja",31.68921944,77.04186111,Debris           Slide,,,853.4837646484375,24.154742195475077,,
8673,HP/SOL/53B13/2023/01,Solan,Datyar Slide NH-05,30.84638889,76.99527778,Debris,Slide,08 – 11 July 2023,1030.1259765625,37.86805882451727,188.42376708984375,"2023-07-08, 2023-07-09, 2023-07-10, 2023-07-11"
8674,HP/SOL/53B13/2023/01,Solan,Dimple Dhaba & AAA Slide NH-05,30.88666667,77.00472222,Debris,Slide,"7 July, 2023",1354.0067138671875,27.83215140964159,,
8675,HP/SHI/53E04/2023/,Shimla,"Tutikandi, Bangali Bagicha Landslide in NH-05, Shimla Bye Pass Road",31.09722222,77.15361111,Debris,Slide,04 August,1952.4619140625,17.129355770733433,,
8676,HP/SHI/53E04/2023/,Shimla,"Rajvir Motors Landslide in Shimla NH-05, Shimla Bye Paas Road",31.09527778,77.17027778,Debris,Slide,23 August 2023,1993.041259765625,42.54316697389707,54.07188034057617,2023-08-23
8677,HP/SHI/53E04/2023/,Shimla,Comely Bank NH-05,31.1075,77.16305556,Debris,Subsidence,"July 2020, 14-15 August 2023",2010.57861328125,31.431846244155015,58.731754302978516,"2023-08-14, 2023-08-15"
8678,HP/SOL/53B13/2023/01,Shimla,Indian Institute of Advanced Study Shimla Urban,31.10333333,77.14111111,Debris,Subsidence,14 August 2023,2155.794189453125,12.921178739110973,58.731754302978516,2023-08-14
8679,HP/SOL/53B13/2023/01,Shimla,Vidhan Sabha Shimla Urban,31.1075,77.16305556,Debris,Subsidence,"14,15 August 2023",2010.57861328125,31.431846244155015,58.731754302978516,"2023-08-14, 2023-08-15"
8680,HP/SHI/53E04/2023/,Solan,Mohan Mekin Landslide NH-05,30.92333333,77.11111111,Debris,Slide/Subsidenc,"7 July, 2023",1479.5506591796875,30.04662671629286,,
8681,HP/SHI/53E04/2023/,Solan,Mansar Landslide NH-05,30.9425,77.12916667,Debris,Subsidence,"July, 2023",1446.6624755859375,36.66346514951299,,
8682,HP/SHI/53E04/2023/,Solan,Karibangla NH-05,30.99120833,77.09283333,Rock,Slide,"July, 2020",1625.399169921875,37.55648426000316,,
8683,HP/SHI/53E04/2023/,Shimla,Nangal Devi NH-05,31.11972222,77.33472222,Rock,Slide,2020,2296.86572265625,38.444053765357225,,
8684,HP/SHI/53E04/2023/,Shimla,Himfed Petrol Pump NH-05,31.12694444,77.33944444,Debris,Subsidence,"July, 2020, 14-15 August 2023",2278.493408203125,27.851066972556136,56.34434127807617,"2023-08-14, 2023-08-15"
8685,HP/SHI/53E04/2023/,Shimla,Rahighat-Kiartoo Slide NH-05,31.12833333,77.34888889,Debris,Slide,13 August 2023,2250.141845703125,10.770278901909386,28.165605545043945,2023-08-13
8686,HP/SHI/53E04/2023/,Shimla,Barauni Nala NH-05,31.485,77.69055556,Debris,Subsidence,11 July 2023,1171.7784423828125,32.22750525094416,33.71135711669922,2023-07-11
8687,HP/SHI/53E04/2023/,Kinnaur,Jeori NH-05,31.53866667,77.78386389,Rock,Slide,"July, 2021, 14 August 2023",1534.3514404296875,62.44077941688522,5.898262023925781,"2023-08-21, 2023-08-14"
8688,HP/SHI/53E04/2023/,Kinnaur,Chaura NH-05,31.53866667,77.78386389,Rock,Slide,14 August 2023,1534.3514404296875,62.44077941688522,5.898262023925781,2023-08-14
8689,HP/SHI/53E04/2023/,Nathpa,Nathpa NH-05,31.56230833,77.98207222,Rock,Fall,27 August 2023,1599.8990478515625,45.732730813789715,0.07193142175674438,2023-08-27
8690,HP/SHI/53E04/2023/,Kinnaur,Panvi NH-05,31.53944444,78.01388889,Rock,Slide,11 July 2023,1609.05517578125,40.99094366235629,53.60517883300781,2023-07-11
8691,HP/KINN/53E04/2023/,Kinnaur,Khab Slide NH05,31.81055556,78.63638889,Rock             Slide,,,2611.06396484375,26.274691190163363,,
8692,HP/KUL/53E1/2023/01,Kullu,Devdhar Kharahal landslide NH-03,31.96335556,77.11833611,Debris,Subsidence,2023,1232.4615478515625,24.553334276904987,,
8693,HP/KUL/53E1/2023/02,Kullu,Up slope of Indian oil Petrol Pump NH-03,31.95800278,77.11654722,Debris           Slide,,,1232.8692626953125,27.89881790441671,,
8694,HP/KUL/53E1/2023/03,Kullu,~120 m south of Indian oil Petrol NH-03,31.95682222,77.11633056,Debris,Slide,2023,1217.744140625,27.271171849683835,,
8695,HP/KUL/53E1/2023/04,Kullu,Banontar Kharahal NH-03,31.95561944,77.11650556,Debris,Subsidence,2023,1240.435302734375,23.65974118514995,,
8696,HP/KUL/53E1/2023/05,Kullu,Garsa Slide --,31.82856111,77.25558889,Debris,Subsidence,2023,1658.9656982421875,29.631172396152586,,
8697,HP/KUL/53E1/2023/06,Kullu,Baraiuna landslide NH-03,32.03464722,77.35013889,Debris,Slide,2023,1948.115966796875,22.301028505590644,,
8698,HP/KUL/53E1/2023/07,Kullu,Bandal landslide --,31.63430278,77.42550278,Debris,Slide,2023,1800.13134765625,32.488175068850815,,
8699,HP/KUL/53E1/2023/08,Kullu,Machine Nala slide --,31.77272222,77.29856111,Debris,Slide,2023,1236.7545166015625,38.38552045391372,,
8700,HP/KUL/53E1/2023/09,Kullu,Sainj Landslide --,31.76910278,77.30811667,Debris,Slide,2023,1248.3145751953125,22.846811051346908,,
8701,HP/KUL/53E1/2023/10,Kullu,Mourod subsidence --,31.71223611,77.31291389,Debris,Subsidence,2023,2031.9254150390625,25.689367296861622,,
8702,HP/KUL/53E1/2023/11,Kullu,Daduhar ward No.1 --,31.642,77.3433,Debris,Slide,2023,1354.48974609375,20.28186294533964,,
8703,HP/KUL/53E1/2023/12,Kullu,Kartah subsidence --,31.7798,77.34311111,Debris,Subsidence,2023,1403.0106201171875,27.249128335947592,,
8704,HP/KUL/53E1/2023/13,Kullu,Sharai subsidence --,31.652,77.3324,Debris,Subsidence,2023,1266.9212646484375,31.711036127029516,,
8705,HP/KUL/53E7/2023/14,Kullu,"Rageli, Nigloodhar landslide -",31.46975,77.36669444,Debris,Slide,14 August 2023,1717.001708984375,35.85794228629753,54.37568664550781,2023-08-14
8706,HP/KUL/53E7/2023/15,Kullu,"Dharta, Nigloodhar landslide -",31.473,77.36772222,Debris,Slide,14 August 2023,1748.41455078125,36.25636184790193,54.37568664550781,2023-08-14
8707,HP/KUL/53E7/2023/16,Kullu,Gungi ---,31.40355556,77.4475,Debris,Subsidence,2023,2007.0677490234375,24.92136979870461,,
8708,HP/KUL/53E7/2023/17,Kullu,Chehva ----,31.40355556,77.4475,Debris,Subsidence,2023,2007.0677490234375,24.92136979870461,,
8709,HP/KUL/53E7/2023/18,Kullu,Lehrarali ----,31.41186111,77.42902778,Debris,Subsidence,2023,2109.2216796875,35.9490402018983,,
8710,HP/KUL/53E7/2023/19,Kullu,Mashnoo Nala NH 305,31.52813889,77.40125,Debris,Slide,2018,2594.1748046875,32.04511545430871,,
8711,HP/KUL/53E7/2023/20,Kullu,Kot Nala NH 305,31.51826667,77.41673333,Debris,Slide,2008,2312.980712890625,32.09410488842072,,
8712,HP/KUL/53E7/2023/20,Kullu,Falela Nala NH 305,31.48377778,77.42308333,Debris,Slide,2022,1817.7060546875,35.4922679395189,,
8713,HP/KUL/53E7/2023/21,Kullu,Shailubhan NH 305,31.4865,77.41466667,Debris,Slide,2023,1765.8812255859375,41.104078397556734,,
8714,HP/KUL/53E7/2023/22,Kullu,Shaleen --,32.19863889,77.18497222,Debris,Subsidence,2023,1860.449462890625,30.77752569934223,,
8715,HP/KUL/53E7/2023/23,Kullu,Darsha ---,32.14903056,77.15234444,Debris,Slide,2023,1917.224365234375,40.859436513325726,,
