District,Latitude,Longitude,label,slope_deg,rainfall_mm,soil_moisture_mm
Anjaw,28.28128384,96.27316585,0,14.65,41.57762616,0.380630261
Anjaw,28.31107634,96.70446284,0,29.9,42.98489919,0.437042857
Anjaw,28.25272744,96.67811211,0,23.28,38.18053989,0.452780983
Anjaw,28.04968862,96.71708272,0,0.98,44.47427504,0.404148485
Anjaw,28.11879092,96.60871135,0,31.68,44.05086026,0.423081278
Anjaw,28.29268734,96.67438613,0,17.13,45.37104387,0.403300911
Anjaw,28.3779114,96.40482315,0,11.62,40.94628523,0.416650426
Anjaw,28.30921034,96.36504899,0,23.37,41.53054252,0.421779168
Anjaw,28.2590863,96.33405696,0,7.83,43.60790213,0.453955645
Anjaw,27.96872282,96.46943151,0,4.98,40.21779207,0.446551117
Anjaw,28.06135092,96.38136519,0,12.02,39.18061633,0.44682839
Anjaw,27.89225532,96.6263379,0,0.15,41.21677434,0.45503245
Anjaw,28.28562242,96.34090847,0,14.02,41.70468494,0.45243593
Anjaw,28.24712268,96.43223831,0,26.91,45.16883445,0.43129236
Anjaw,28.33831546,96.27899331,0,20.22,42.82026448,0.407862423
Anjaw,28.07629002,96.71653131,0,5.64,40.12285559,0.38768563
Anjaw,28.21833665,96.46248767,0,36.21,38.02830206,0.405762291
Anjaw,27.90123799,96.55199839,0,16.7,39.43610009,0.397796286
Anjaw,28.03416494,96.30734421,0,11.13,41.50813704,0.434786433
Anjaw,28.22406916,96.4383983,0,11.33,37.58499251,0.41107889
Anjaw,27.93744394,96.50993887,0,4.21,38.93311965,0.407652041
Anjaw,28.28524747,96.70565264,0,22.01,41.80218806,0.400538734
Anjaw,28.31927631,96.32723245,0,29.93,38.98133,0.402470605
Anjaw,28.04697804,96.6065138,0,32.71,42.57627965,0.40356346
Anjaw,28.11793848,96.35763168,0,22.54,39.62571816,0.378660519
Anjaw,27.99910021,96.3047536,0,17.27,44.89482438,0.455796506
Anjaw,28.23413992,96.3388053,0,28.16,42.43934693,0.382626673
Anjaw,28.18828765,96.34420138,0,2.52,40.31148278,0.391555999
Anjaw,28.00233587,96.55933539,0,15.08,38.31089858,0.449051796
Anjaw,28.30136388,96.44033379,0,19.4,38.27565168,0.392649423
Anjaw,28.1665958,96.7260593,0,12.26,40.64323355,0.434396147
Anjaw,28.19617852,96.68677509,0,18.89,44.49682074,0.454601361
Anjaw,28.23797434,96.28418747,0,11.28,43.56458439,0.407520692
Anjaw,28.20999838,96.32990178,0,18.34,42.32429918,0.426097473
Anjaw,28.2608963,96.74880284,0,18.99,38.19704248,0.442274449
Anjaw,27.93083089,96.46173549,0,28.6,38.40039752,0.458109222
Anjaw,28.15604562,96.68735698,0,3.91,39.82592192,0.385687774
Anjaw,28.07321276,96.69010904,0,26.21,43.28708984,0.3787565
Anjaw,28.14031145,96.37829728,0,21.08,40.10934904,0.415181271
Anjaw,28.15175891,96.42412055,0,31,41.27117978,0.455700185
Anjaw,27.91850021,96.25677036,0,3.7,39.99033781,0.424997539
Anjaw,28.02829158,96.64104148,0,32.09,41.12614759,0.427461754
Anjaw,28.26894729,96.40539358,0,26,39.98958213,0.397821414
Anjaw,28.13693598,96.66266144,0,24.87,40.24930088,0.4051741
Anjaw,28.27393025,96.66534753,0,2.88,45.24215217,0.39840539
Anjaw,27.95985153,96.52035915,0,25.96,40.25525182,0.455688053
Anjaw,28.22931414,96.68264107,0,12.17,42.74805917,0.453261395
Anjaw,28.1787282,96.59470599,0,21.97,40.14212127,0.441049399
Anjaw,28.09189163,96.37361872,0,18.34,39.3055449,0.453012136
Anjaw,28.32121189,96.42211121,0,17.45,37.83157325,0.394005166
Bongaigaon,26.15449544,90.70591885,0,0.26,22.92437296,0.389817229
Bongaigaon,26.29693647,90.43678592,0,0.05,23.30791492,0.401375797
Bongaigaon,26.42602971,90.39614993,0,0.31,23.39114559,0.403435513
Bongaigaon,26.59984006,90.41762766,0,0.15,21.84390699,0.435964453
Bongaigaon,26.19346301,90.68848947,0,0.21,23.59153515,0.429917724
Bongaigaon,26.60481781,90.49380095,0,0.1,22.51324818,0.401949599
Bongaigaon,26.29371036,90.48672443,0,2.78,22.01246475,0.410186026
Bongaigaon,26.45108543,90.74444052,0,0.05,22.39507614,0.390254656
Bongaigaon,26.61976662,90.44210721,0,0.1,20.83233581,0.428518977
Bongaigaon,26.445852,90.63652268,0,0.93,22.26829268,0.447730835
Bongaigaon,26.24575536,90.74490015,0,0.1,24.39089273,0.427723236
Bongaigaon,26.35676207,90.3722015,0,0.05,22.96132947,0.445414724
Bongaigaon,26.41138361,90.78312362,0,0.31,24.40579255,0.452395217
Bongaigaon,26.38397085,90.75297424,0,0.36,21.10656993,0.372236222
Bongaigaon,26.24851919,90.45077253,0,0.05,22.23067756,0.380498574
Bongaigaon,26.29847413,90.39072672,0,0.15,20.90423866,0.433082586
Bongaigaon,26.46612996,90.35199549,0,0.26,25.13890385,0.380976985
Bongaigaon,26.27451516,90.32680956,0,0.36,23.83181894,0.452098026
Bongaigaon,26.26259446,90.63773026,0,10.73,23.96840034,0.385326646
Bongaigaon,26.26132252,90.7855792,0,0.31,23.48219814,0.410287813
Bongaigaon,26.45750502,90.69191433,0,0,24.81111224,0.432200847
Bongaigaon,26.49301026,90.75137813,0,0.26,22.94943114,0.451482551
Bongaigaon,26.50090719,90.40210783,0,0.15,22.70459078,0.384937832
Bongaigaon,26.27410307,90.36160852,0,0,24.06146267,0.377913304
Bongaigaon,26.56418452,90.3318445,0,0.21,21.32945338,0.391522812
Bongaigaon,26.58642291,90.5817243,0,0.1,22.35212144,0.38621838
Bongaigaon,26.53851036,90.74092488,0,0.26,21.34467458,0.447743349
Bongaigaon,26.486955,90.46387134,0,0.31,21.77037753,0.42913774
Bongaigaon,26.36720036,90.39892446,0,0.26,24.58814172,0.434251977
Bongaigaon,26.57722753,90.4980823,0,0.05,23.1747203,0.406892813
Bongaigaon,26.54690223,90.44673364,0,0.1,20.77407983,0.409832021
Bongaigaon,26.28817161,90.51700005,0,10.88,24.70845187,0.43053717
Bongaigaon,26.14103771,90.6760728,0,0.1,22.60327095,0.411181226
Bongaigaon,26.20400186,90.76004016,0,0.05,23.66234946,0.415251837
Bongaigaon,26.54996764,90.42227517,0,0.1,23.35094498,0.377596458
Bongaigaon,26.62777921,90.6188938,0,0,22.99052951,0.391989623
Bongaigaon,26.53849409,90.65159353,0,0.26,25.16010565,0.433393787
Bongaigaon,26.60095362,90.46382169,0,0.31,23.57373274,0.38087389
Bongaigaon,26.45937721,90.32660634,0,0.05,23.77600422,0.428864758
Bongaigaon,26.30515358,90.66857112,0,0.15,23.59831566,0.43877117
Bongaigaon,26.15584612,90.46576085,0,0.26,23.88923618,0.409199958
Bongaigaon,26.23768877,90.55724332,0,0.41,24.22643924,0.387425993
Bongaigaon,26.32058252,90.56612318,0,0.05,23.3265456,0.446219057
Bongaigaon,26.1602772,90.7773801,0,0.1,25.00002694,0.385382287
Bongaigaon,26.28962067,90.64133298,0,6.31,24.9532911,0.399495327
Bongaigaon,26.2130408,90.4405352,0,0,23.16230453,0.433288569
Bongaigaon,26.15464905,90.63353548,0,0.05,23.43575742,0.422532533
Bongaigaon,26.21705695,90.46746622,0,0.15,21.99661323,0.450357255
Bongaigaon,26.60797483,90.59755615,0,0.05,21.12001955,0.37661438
Bongaigaon,26.63266312,90.69300155,0,0.1,23.65330225,0.418634757
Cachar,24.78774352,92.63534028,0,0.05,15.99515638,0.493388083
Cachar,24.87417664,92.62561894,0,0.36,14.93918405,0.458878027
Cachar,24.67506802,92.59317314,0,0.15,15.79486607,0.519901511
Cachar,24.7446396,92.56266959,0,0.31,16.36262702,0.525002928
Cachar,24.87674544,92.69310681,0,0.05,16.40610955,0.499183264
Cachar,24.7005976,92.95144107,0,0,16.97813555,0.507976234
Cachar,24.66373083,92.89422557,0,0.15,16.73983163,0.518485481
Cachar,24.7581314,92.74220212,0,0.72,14.94867378,0.441984892
Cachar,24.80858963,92.86864163,0,0.1,18.00345076,0.499608217
Cachar,24.70118263,92.83850847,0,0.15,16.64038499,0.506758031
Cachar,25.0017357,92.89715512,0,1.7,17.61986778,0.519100161
Cachar,25.09212578,92.64219443,0,9.79,15.80440283,0.451749823
Cachar,24.7964936,92.7115067,0,0.41,17.81262848,0.511232487
Cachar,24.89765267,92.98891875,0,0.26,15.83055361,0.502636373
Cachar,24.76026506,92.80547571,0,0.21,15.28708877,0.450351616
Cachar,24.86016196,92.67657848,0,0,17.40418216,0.49213939
Cachar,24.80545571,92.82729586,0,0.51,15.31294144,0.469195519
Cachar,24.83538428,92.99578321,0,0.67,16.70542162,0.464421114
Cachar,24.73028643,92.78127146,0,0.36,16.61248695,0.469337488
Cachar,24.7820394,92.90270185,0,0.41,17.97299159,0.475399709
Cachar,24.84032354,92.86787972,0,0.26,16.40799454,0.481516422
Cachar,25.06652685,92.72066784,0,0.87,15.90280392,0.511084827
Cachar,25.07280392,92.55987017,0,11.38,16.54322948,0.489049669
Cachar,24.87574502,92.81254752,0,0,17.40407495,0.514510863
Cachar,24.80598013,92.98900214,0,0.05,17.17974002,0.446291359
Cachar,24.91194829,92.89444143,0,1.65,17.73688663,0.508193164
Cachar,24.79756263,92.74437674,0,0.1,15.32094993,0.452100176
Cachar,24.67377674,92.69101734,0,0.36,16.90135731,0.461211863
Cachar,24.71441064,92.80968605,0,0.1,17.60490349,0.442658541
Cachar,24.84183851,92.82778448,0,0.1,17.55391947,0.4970078
Cachar,24.74962974,92.95175007,0,0.1,16.19629075,0.498486346
Cachar,24.7064208,92.71911735,0,0.41,17.20120261,0.445088366
Cachar,24.85204397,92.65276617,0,0.41,15.53653664,0.491100856
Cachar,24.75131349,92.59212682,0,0.1,15.18301636,0.474503498
Cachar,24.70260378,93.00729354,0,0.26,17.58930131,0.528562433
Cachar,24.91632633,92.67578013,0,0,17.89222846,0.505114389
Cachar,24.99082127,92.84560983,0,3.55,16.66781087,0.497770869
Cachar,25.03266388,92.68550544,0,10.93,15.21485906,0.488535191
Cachar,25.07658812,92.69741944,0,13.63,17.92827351,0.511451112
Cachar,25.1082025,92.5703246,0,4.21,17.30738362,0.502489364
Cachar,24.74887686,92.98731377,0,0.36,16.23847985,0.494261996
Cachar,24.74289378,92.79900239,0,0.1,17.01022293,0.458044655
Cachar,24.84987921,92.92410588,0,0.98,17.41428746,0.499678985
Cachar,24.91185532,92.61511501,0,0.21,15.81387549,0.470218297
Cachar,25.00268365,92.8672674,0,7.17,15.71181842,0.530878412
Cachar,24.71791493,92.53294949,0,0.72,16.90360414,0.528656254
Cachar,24.90210349,92.91588303,0,0.21,17.14211512,0.516919073
Cachar,25.11982713,92.59998954,0,10.38,16.24342674,0.531357267
Cachar,24.81336611,92.64845733,0,0.15,16.50290345,0.513166802
Cachar,24.66953834,92.79367312,0,0.05,16.38433541,0.442534519
Changlang,27.119336,96.14814036,0,8.38,14.20508949,0.463933999
Changlang,27.37093535,95.71832285,0,1.29,15.34472557,0.476021829
Changlang,27.09750902,96.02636791,0,15.66,14.4678506,0.447393367
Changlang,27.01651918,95.8366228,0,9.69,13.66960392,0.52403057
Changlang,27.44468304,96.15660345,0,0.21,14.78910962,0.514500234
Changlang,27.18242125,95.9855314,0,6.86,13.0819712,0.525813382
Changlang,27.20513565,96.12991381,0,2.57,14.90932725,0.524165208
Changlang,27.01690619,95.86545327,0,3.19,14.81854102,0.463327936
Changlang,27.47479907,96.13412695,0,0.15,15.54117277,0.437360774
Changlang,27.08651341,95.91675711,0,2.01,13.03739825,0.44676393
Changlang,27.42998099,95.85479531,0,0.1,13.99285017,0.508918484
Changlang,27.08279664,96.00870948,0,7.52,13.92776001,0.493288091
Changlang,27.069455,96.12714916,0,10.43,13.12974265,0.502326097
Changlang,27.06077081,96.04909409,0,4.67,14.57598095,0.47115479
Changlang,27.36774454,96.09990714,0,3.24,13.60647923,0.503082412
Changlang,27.3704104,96.13068364,0,1.8,14.31084661,0.474433384
Changlang,27.42997381,95.93888048,0,0.05,13.17747974,0.527608296
Changlang,27.05171794,96.11781876,0,14.41,13.22286731,0.47896446
Changlang,27.22262931,96.19620518,0,1.7,15.30644461,0.505378794
Changlang,27.46460229,95.87865672,0,0.05,14.34861308,0.488422889
Changlang,27.03206129,95.79670773,0,1.13,14.00998442,0.439626453
Changlang,27.03974847,96.04489776,0,3.8,14.02478588,0.482873663
Changlang,27.02918313,95.98663332,0,11.62,14.173968,0.47816201
Changlang,27.29190501,95.81787131,0,0.31,14.50052187,0.482980818
Changlang,27.42535585,96.05542165,0,0.1,15.5280153,0.439692946
Changlang,27.04945035,96.00725829,0,6.15,13.76043138,0.524951163
Changlang,27.44397724,95.97010322,0,0,14.82862118,0.484459491
Changlang,27.08154145,95.8714815,0,4.98,14.9503107,0.44984194
Changlang,27.33073865,95.93105746,0,6.81,15.55186236,0.51947629
Changlang,27.24630671,95.82034577,0,0.57,15.30543721,0.480686214
Changlang,27.17706192,96.11296663,0,0.31,13.26648149,0.459354231
Changlang,27.09134496,96.04629112,0,12.9,15.45934332,0.476436524
Changlang,27.16168099,95.92057335,0,1.65,12.98096346,0.529160772
Changlang,27.48555922,95.82962542,0,0.21,13.97453383,0.517139955
Changlang,27.33779548,95.77158757,0,0.05,13.59770241,0.525344348
Changlang,27.25266112,96.19017729,0,4.16,14.48709367,0.511216087
Changlang,27.12528246,96.20118183,0,7.62,14.93875056,0.439585243
Changlang,27.14851505,96.06783801,0,5.9,14.84688052,0.473095606
Changlang,27.06356291,96.19235678,0,17.03,15.01572099,0.512045906
Changlang,27.07550449,96.16400305,0,8.18,15.14528184,0.495649424
Changlang,27.44989944,96.18655649,0,2.47,13.57889313,0.506995677
Changlang,27.17031487,96.14023677,0,5.59,14.76538758,0.447886311
Changlang,27.02293691,96.11051645,0,12.61,13.32970711,0.533696547
Changlang,27.45525413,95.72301858,0,0.05,14.66083801,0.533437086
Changlang,27.0083418,95.97153525,0,4.57,14.01335352,0.532454131
Changlang,27.44816203,95.99945226,0,0.1,15.47139264,0.518276578
Changlang,27.42393405,95.74078833,0,0.21,14.30275353,0.457064869
Changlang,27.46028356,95.78631752,0,0.1,14.04149001,0.516121315
Changlang,27.42026254,96.17404227,0,3.34,15.43488462,0.523533986
Changlang,27.34967211,96.08067698,0,0.05,15.09985212,0.487062279
Dibang Valley,28.47348886,96.10319981,0,24.87,16.45515953,0.397441696
Dibang Valley,28.58947116,95.74622033,0,22.32,15.52837949,0.37123228
Dibang Valley,28.80948559,96.07825378,0,5.8,15.14875427,0.434979153
Dibang Valley,28.64059535,96.04771562,0,13.1,15.98447656,0.383468966
Dibang Valley,28.43117213,95.78460748,0,14.7,16.9702027,0.426358128
Dibang Valley,28.49611612,95.90620429,0,20.17,14.24607656,0.426259056
Dibang Valley,28.56717312,96.01697872,0,8.13,15.54984337,0.372708942
Dibang Valley,28.70865427,95.69018649,0,7.72,16.92973161,0.427911068
Dibang Valley,28.57606023,95.69830987,0,37.07,15.6677387,0.363282371
Dibang Valley,28.61087367,95.78091946,0,34.43,15.29234489,0.363240394
Dibang Valley,28.61456076,96.00442859,0,31.75,14.09199173,0.388108956
Dibang Valley,28.87042118,95.65072817,0,11.82,14.30510765,0.427640347
Dibang Valley,28.40423276,95.66301352,0,29.19,15.88109208,0.375029734
Dibang Valley,28.88405525,96.05720631,0,14.12,14.04862377,0.408076254
Dibang Valley,28.46945104,95.67872965,0,1.03,16.8439397,0.438199912
Dibang Valley,28.76500011,96.10412953,0,26.58,14.05182311,0.422729933
Dibang Valley,28.66661319,96.0181278,0,31.46,14.02291625,0.411246047
Dibang Valley,28.81245577,95.67158291,0,7.42,15.36598553,0.397228538
Dibang Valley,28.76947933,95.73997691,0,3.85,14.07755063,0.382158478
Dibang Valley,28.72866937,95.80978626,0,19.72,15.55235371,0.412841041
Dibang Valley,28.79435372,96.01736273,0,18.57,16.75308801,0.36632079
Dibang Valley,28.65959558,95.98985727,0,0.15,14.22110267,0.417111689
Dibang Valley,28.66737506,96.09111863,0,25.25,14.05154141,0.412209077
Dibang Valley,28.70303776,96.06849551,0,29.51,14.29019087,0.369669533
Dibang Valley,28.57453486,95.96388303,0,3.14,15.5950341,0.42804544
Dibang Valley,28.74205698,96.10111641,0,7.88,14.35717317,0.40567205
Dibang Valley,28.58339687,96.00486617,0,18.11,16.2843114,0.363311435
Dibang Valley,28.46910853,96.02126404,0,12.31,16.73578718,0.367465016
Dibang Valley,28.8702032,95.75716505,0,10.73,15.36026146,0.379467202
Dibang Valley,28.59111699,96.05555099,0,5.8,14.96930762,0.429925941
Dibang Valley,28.51481367,96.06492414,0,21.52,14.84966465,0.407001993
Dibang Valley,28.49805284,95.9355768,0,26.13,16.27589271,0.424409285
Dibang Valley,28.41030917,96.07838735,0,30.82,14.45140911,0.422530865
Dibang Valley,28.40304482,95.97827714,0,17.36,14.44403993,0.407272903
Dibang Valley,28.58087496,95.92209878,0,8.13,16.70671958,0.371601788
Dibang Valley,28.50054016,95.71079727,0,14.89,17.03330267,0.420150499
Dibang Valley,28.59732908,95.95991614,0,3.24,16.00311839,0.389568816
Dibang Valley,28.56127922,96.06042438,0,7.78,16.80497771,0.437049
Dibang Valley,28.70906616,96.00407947,0,14.65,14.4160044,0.392140235
Dibang Valley,28.57784339,95.64132809,0,9.29,16.79288124,0.431693227
Dibang Valley,28.79081084,96.05929375,0,1.44,16.42896841,0.436085936
Dibang Valley,28.41987703,96.04148814,0,5.08,14.5715238,0.374960442
Dibang Valley,28.79171336,95.69182102,0,5.9,14.86906948,0.381551234
Dibang Valley,28.55270148,95.96124005,0,28.32,15.23146429,0.38429226
Dibang Valley,28.70771848,95.62333062,0,11.72,16.82200689,0.386469344
Dibang Valley,28.80505458,95.7377866,0,7.37,15.08593329,0.371017946
Dibang Valley,28.79893103,95.80292382,0,6.61,16.08000774,0.411980058
Dibang Valley,28.44149476,96.0502229,0,4.57,14.04597335,0.403780668
Dibang Valley,28.55215495,95.87911124,0,26.17,16.73389071,0.371363401
Dibang Valley,28.73139617,95.93556636,0,20.67,15.4969554,0.415490884
Dima Hasao,25.44326926,93.19526661,0,3.29,9.000339663,0.427790771
Dima Hasao,25.06031362,92.87415534,0,7.27,8.867918914,0.440785758
Dima Hasao,25.24352977,92.93986665,0,3.03,9.298390151,0.448159496
Dima Hasao,25.04842208,92.99609619,0,2.16,8.052154443,0.471004617
Dima Hasao,25.07152381,93.14083552,0,9.44,9.654993829,0.466982699
Dima Hasao,25.02748212,92.84733933,0,3.8,9.5075848,0.487865442
Dima Hasao,25.04620201,93.22580748,0,5.34,8.934192381,0.428159886
Dima Hasao,25.0730635,93.11202118,0,9.39,9.579390047,0.48905995
Dima Hasao,25.28543554,92.86794295,0,11.82,8.589300204,0.492886626
Dima Hasao,25.01761819,93.23150496,0,2.11,8.687047824,0.437012947
Dima Hasao,25.0732119,93.22690638,0,15.56,9.215975025,0.473088647
Dima Hasao,25.46439628,93.17569863,0,3.5,9.031246575,0.501143667
Dima Hasao,25.096114,93.17600842,0,3.5,8.02244517,0.432062342
Dima Hasao,25.35722088,92.91197686,0,3.5,8.507266642,0.500047903
Dima Hasao,25.19988257,92.9091452,0,0.72,8.109036853,0.492314194
Dima Hasao,25.46680021,93.04898095,0,1.44,9.524225061,0.497003735
Dima Hasao,25.45835115,93.24864271,0,2.16,8.700908788,0.464561498
Dima Hasao,25.2995656,92.88246144,0,4.98,8.294815562,0.47310938
Dima Hasao,25.31252597,92.92456127,0,2.16,9.276280246,0.444621452
Dima Hasao,25.01454504,93.26200932,0,3.65,8.502634184,0.434114245
Dima Hasao,25.36851519,92.94187977,0,0.1,8.424544413,0.439162363
Dima Hasao,25.38550492,92.9240347,0,2.93,9.394057327,0.465474997
Dima Hasao,24.98881507,93.08668262,0,6,8.409098168,0.424714215
Dima Hasao,25.21557222,92.85898505,0,2.98,9.438352971,0.434545845
Dima Hasao,25.4748708,93.27889997,0,9.24,8.092433803,0.434090056
Dima Hasao,25.06256391,93.03489973,0,9.29,8.280015783,0.427410854
Dima Hasao,25.04429385,92.90313656,0,20.99,7.960816177,0.478709821
Dima Hasao,25.28749387,92.92955185,0,3.85,8.788204713,0.451271234
Dima Hasao,25.07769571,93.2049291,0,17.59,8.481197892,0.446713297
Dima Hasao,25.25500199,92.89847832,0,8.58,9.220026261,0.469758027
Dima Hasao,25.37185536,93.0514698,0,3.55,9.221389327,0.486751047
Dima Hasao,25.02200924,93.33490541,0,8.03,8.455792665,0.443761648
Dima Hasao,25.10092486,93.14646527,0,1.9,9.508187868,0.427083861
Dima Hasao,25.34386056,92.95379092,0,2.21,8.059465868,0.433289219
Dima Hasao,24.98721748,93.21270335,0,6.51,9.313165105,0.433088926
Dima Hasao,24.99079857,93.26979944,0,2.01,9.474581773,0.441885397
Dima Hasao,25.10321513,93.12518379,0,13.73,9.106791994,0.459541368
Dima Hasao,25.1957594,92.8854183,0,2.78,8.603188073,0.471741337
Dima Hasao,25.00350373,93.10643631,0,20.17,8.528716106,0.479418423
Dima Hasao,25.17290828,92.93622611,0,7.78,9.140779191,0.474782982
Dima Hasao,25.08969207,93.09558342,0,1.7,8.629871343,0.440491827
Dima Hasao,25.09417449,93.21456995,0,17.03,9.074765321,0.448139644
Dima Hasao,25.28005432,92.89639023,0,1.96,8.882090012,0.487946748
Dima Hasao,25.48006916,93.23538485,0,8.63,9.432557305,0.434814476
Dima Hasao,25.46329009,93.21079033,0,6.36,9.438091843,0.419143092
Dima Hasao,25.06488031,93.17814101,0,12.17,9.634186269,0.427181784
Dima Hasao,25.36187339,92.89271686,0,2.26,9.570267756,0.447649135
Dima Hasao,25.31757435,92.94688953,0,12.85,8.574772867,0.497449483
Dima Hasao,25.1635548,92.84024816,0,7.62,9.700165737,0.464775289
Dima Hasao,25.02991198,92.98160982,0,10.73,9.206783894,0.481643937
East Kameng,27.40096085,93.11646295,0,1.75,14.31947428,0.425819766
East Kameng,27.43119068,93.0813201,0,18.8,15.70978304,0.420245736
East Kameng,27.53551757,93.22551734,0,22.93,15.94783816,0.386251529
East Kameng,27.60851774,93.05473623,0,7.22,14.53263411,0.371163775
East Kameng,27.19516154,92.94038141,0,24.27,15.40355918,0.441655606
East Kameng,27.40714253,92.90579591,0,9.08,15.98349032,0.43044979
East Kameng,27.42779842,93.23856713,0,1.39,15.35386054,0.377488761
East Kameng,27.41468255,93.18286172,0,8.43,14.81553732,0.413284826
East Kameng,27.4912024,93.20144716,0,18.48,14.34282466,0.40588657
East Kameng,27.43014204,92.93798337,0,2.73,15.975125,0.430186007
East Kameng,27.4470464,93.16290877,0,12.8,14.03289134,0.378086178
East Kameng,27.27200829,93.18791601,0,14.17,14.64204912,0.418560749
East Kameng,27.52210797,93.0836062,0,5.8,14.96887548,0.369667488
East Kameng,27.19733066,92.9155966,0,7.67,15.08285031,0.386534771
East Kameng,27.17175088,93.05391668,0,5.49,13.79555281,0.377037528
East Kameng,27.56974055,93.0867324,0,0.46,15.31607832,0.412811821
East Kameng,27.19791771,92.81472046,0,2.26,15.4981171,0.402266417
East Kameng,27.12160253,93.23519684,0,6.91,14.80836614,0.43697422
East Kameng,27.53148983,92.86971334,0,18.06,15.44885168,0.388047827
East Kameng,27.34384667,93.25434466,0,6.31,14.758287,0.39248987
East Kameng,27.14955371,92.88830436,0,8.68,16.19123617,0.382465729
East Kameng,27.55898596,93.25472266,0,2.93,14.09062441,0.445312138
East Kameng,27.50028862,93.09719207,0,4.83,15.19090864,0.42615534
East Kameng,27.15094688,93.230854,0,19.26,15.81538078,0.388927037
East Kameng,27.42035467,92.84239117,0,12.12,15.91755789,0.389890724
East Kameng,27.22777714,93.20798381,0,1.18,16.47866142,0.423902849
East Kameng,27.53570483,93.25828066,0,24.44,14.15517672,0.436587054
East Kameng,27.20814733,92.88533061,0,18.8,14.50525283,0.383863182
East Kameng,27.4711577,93.09426642,0,12.36,14.33993519,0.383948816
East Kameng,27.16416166,92.84745576,0,16.32,13.96734868,0.369422446
East Kameng,27.60664139,93.09941407,0,14.55,15.67214134,0.447362314
East Kameng,27.2723376,93.28757894,0,19.86,15.14667869,0.435758788
East Kameng,27.14466991,92.91773624,0,14.31,15.93696584,0.435339889
East Kameng,27.15535715,93.25556523,0,13.39,15.11921467,0.415498127
East Kameng,27.58420327,93.06996843,0,2.11,15.50514077,0.428213524
East Kameng,27.21104793,92.84801885,0,2.83,16.00633728,0.436212359
East Kameng,27.35428551,92.89347343,0,32.68,15.51103901,0.382320311
East Kameng,27.33238036,92.96371924,0,7.78,15.4517635,0.413986763
East Kameng,27.25060187,92.95220585,0,12.51,15.68085504,0.441548937
East Kameng,27.42546661,93.21356815,0,10.43,15.9976009,0.372120791
East Kameng,27.23954835,93.01111317,0,7.67,14.15333248,0.389913731
East Kameng,27.28199427,92.88095961,0,23.93,14.22084096,0.415089042
East Kameng,27.24673521,92.8780751,0,30.4,15.76619805,0.376376222
East Kameng,27.43417218,92.86941687,0,0.41,16.53808511,0.377138953
East Kameng,27.4061243,93.14836942,0,24.06,15.89524999,0.388176287
East Kameng,27.56270206,93.28215988,0,22.93,14.89991042,0.400182607
East Kameng,27.21481536,93.27736044,0,14.02,14.61155501,0.441052194
East Kameng,27.18192078,93.19983157,0,10.09,15.01079908,0.437922442
East Kameng,27.3023146,92.84338171,0,13.1,16.51021497,0.417367233
East Kameng,27.29290532,93.2022216,0,17.55,15.21882429,0.392589905
East Siang,28.10014014,95.05305287,0,4.72,21.13121226,0.46998051
East Siang,28.27940157,95.04447948,0,17.78,21.37235308,0.503965291
East Siang,28.07096996,95.34363505,0,0,20.93969344,0.505897073
East Siang,28.40047484,95.16609354,0,11.97,22.46564139,0.521324008
East Siang,28.08554958,95.07349024,0,2.98,21.11984115,0.499884141
East Siang,28.34155031,95.38729203,0,27.72,20.79388442,0.452642448
East Siang,28.36468493,95.49189531,0,3.39,21.60958024,0.521560901
East Siang,28.05044649,95.45337525,0,0.51,20.09043486,0.513587111
East Siang,28.21148451,95.36023143,0,15.66,19.97927727,0.463872457
East Siang,28.01169832,95.52235322,0,0.15,22.69124688,0.512601222
East Siang,28.24996905,95.34104907,0,21.97,20.33460363,0.458806705
East Siang,28.27953763,95.47846044,0,25.16,21.7771897,0.441145461
East Siang,28.08410279,95.45800917,0,0.57,20.43108443,0.446926616
East Siang,28.14001508,95.34478944,0,13.73,20.71676771,0.486503231
East Siang,28.24450173,95.47054047,0,31.49,23.08777187,0.516106605
East Siang,27.96624113,95.39141642,0,0.05,21.14442866,0.514963733
East Siang,28.01471664,95.05485595,0,25.33,24.09105891,0.521703491
East Siang,27.96166547,95.3388944,0,0.26,24.08636425,0.430506504
East Siang,28.39564816,95.13188745,0,10.73,22.95942434,0.510825861
East Siang,28.05248455,95.06615055,0,4.47,21.21519601,0.460399908
East Siang,28.37887149,95.13928234,0,21.39,23.01704443,0.512841965
East Siang,28.28112505,95.29927993,0,17.55,23.73220846,0.464574092
East Siang,28.05291406,95.5093621,0,0.46,21.33255519,0.473548685
East Siang,28.20382653,95.32208758,0,5.34,23.04534574,0.432471018
East Siang,28.04267369,95.47245196,0,0,21.35784055,0.440128263
East Siang,28.28878098,95.49794228,0,22.93,19.94260271,0.477857227
East Siang,28.40531334,95.53669665,0,13.1,23.51636946,0.443399993
East Siang,28.08009414,95.40367857,0,0.82,22.65927567,0.431164012
East Siang,28.3232967,95.27781085,0,14.99,23.50501196,0.433701942
East Siang,28.07048378,95.05466302,0,12.56,24.03429538,0.514873332
East Siang,28.20429348,95.13848731,0,15.7,20.45965878,0.440562391
East Siang,28.09712351,95.5267484,0,0.41,22.79840676,0.454485286
East Siang,28.25226897,95.06051134,0,3.96,23.85079824,0.458814949
East Siang,27.93289041,95.2006522,0,0,22.19744111,0.506682622
East Siang,28.22503124,95.12731183,0,27.28,20.59977955,0.468066739
East Siang,28.06272069,95.36385579,0,0.05,19.88117821,0.504671285
East Siang,27.97584619,95.30702566,0,0,19.79640907,0.463063855
East Siang,28.11654907,95.0438413,0,7.78,22.26061101,0.43262977
East Siang,28.32474227,95.49301258,0,18.85,21.25492119,0.428978063
East Siang,28.34496889,95.0618348,0,12.61,23.97716248,0.435641011
East Siang,27.97473223,95.50597832,0,0.46,22.08448847,0.436835583
East Siang,28.39692703,95.04201821,0,10.24,22.64780455,0.500740368
East Siang,28.18937079,95.34152694,0,8.93,20.98351858,0.508439387
East Siang,27.92499182,95.52745534,0,0.1,20.2016356,0.469003006
East Siang,28.27894537,95.37761709,0,23.84,21.74719075,0.511794938
East Siang,28.12666619,95.39610629,0,1.39,20.33571707,0.477881935
East Siang,28.03899485,95.40787314,0,0.36,19.95209448,0.440153641
East Siang,28.36556103,95.38213619,0,5.75,22.62408803,0.505882814
East Siang,28.35771582,95.41190757,0,33.44,22.49100485,0.494833178
East Siang,28.04010626,95.1183013,0,17.55,23.32184301,0.47816736
Goalpara,25.95508594,90.27043076,0,0.05,18.32960427,0.317017116
Goalpara,25.91501721,90.50145212,0,4.06,16.56655395,0.286872549
Goalpara,26.09489249,90.67484769,0,0.1,15.8218926,0.289559816
Goalpara,26.06581481,90.26658382,0,0.15,18.08953834,0.277154823
Goalpara,26.29732306,90.26953013,0,0.57,17.57506573,0.275784657
Goalpara,26.0200125,90.35199852,0,0.05,15.61329947,0.321521624
Goalpara,25.87294702,90.45618899,0,4.57,16.66953251,0.291944144
Goalpara,26.18101239,90.45198023,0,0,16.98169319,0.33228551
Goalpara,25.94596773,90.41411146,0,0,16.09589173,0.319317975
Goalpara,25.83847418,90.26765517,0,0.51,15.42320575,0.28860527
Goalpara,25.97320613,90.6713383,0,0.1,16.92505973,0.320878474
Goalpara,25.99940756,90.41736347,0,0.31,18.24949978,0.302114919
Goalpara,26.02927206,90.67616535,0,0,17.67739222,0.282476427
Goalpara,26.19643071,90.48577208,0,0,15.5861902,0.290974705
Goalpara,25.9322715,90.65892191,0,0.51,17.86389282,0.286802519
Goalpara,26.27841035,90.44577381,0,0.15,17.55079851,0.32689422
Goalpara,25.976534,90.31458641,0,0.21,17.49376331,0.321629596
Goalpara,26.24881066,90.57927298,0,0.31,17.81158839,0.29474385
Goalpara,26.05067704,90.44873336,0,1.18,15.6297208,0.32528451
Goalpara,26.20992118,90.60042923,0,0.26,15.54199155,0.309135591
Goalpara,25.89733919,90.65174013,0,0.15,16.41321217,0.285140352
Goalpara,26.08521052,90.38959452,0,0,16.29626852,0.281609596
Goalpara,26.33078114,90.31060503,0,4.37,16.38266646,0.29360206
Goalpara,26.10755301,90.5601709,0,0.67,16.4888311,0.323324287
Goalpara,26.11228628,90.66434604,0,0.1,15.18151913,0.29151728
Goalpara,26.17349744,90.66121654,0,0.05,15.79767918,0.289532815
Goalpara,25.92294781,90.53060327,0,0.57,16.39829414,0.329071005
Goalpara,26.12498714,90.60657784,0,0.15,18.52446121,0.278258175
Goalpara,26.16506322,90.36710627,0,0.1,16.12916679,0.331276302
Goalpara,26.17908156,90.54560701,0,1.18,17.12104776,0.292133521
Goalpara,25.98762496,90.43666955,0,0.57,18.47865065,0.330187527
Goalpara,26.24232914,90.61882251,0,0.31,17.85330442,0.314841613
Goalpara,26.06568673,90.70752038,0,0.15,17.08482178,0.290494675
Goalpara,26.09689346,90.29375854,0,0,17.35858141,0.279823409
Goalpara,26.21330081,90.35031756,0,0.05,16.71827386,0.32141451
Goalpara,26.12800086,90.26870711,0,0,17.99253433,0.327078506
Goalpara,26.26375366,90.68790572,0,0.21,17.46055475,0.306966714
Goalpara,26.14387608,90.49663742,0,0.31,16.44442938,0.314676485
Goalpara,26.15225099,90.3260495,0,0,17.63632778,0.296999735
Goalpara,26.21882075,90.25078522,0,0.1,15.59539844,0.279931613
Goalpara,25.86590297,90.5652872,0,6.71,15.29338602,0.273956337
Goalpara,26.25366142,90.38204847,0,0.31,17.49039115,0.288869323
Goalpara,26.04704521,90.36438613,0,0.46,16.36092833,0.316450892
Goalpara,26.31888631,90.25499461,0,0.46,15.80077629,0.296815959
Goalpara,26.05276162,90.34295765,0,0.26,16.12488999,0.331118111
Goalpara,26.27056917,90.40410183,0,0.72,15.20771683,0.302626995
Goalpara,25.95635504,90.37952207,0,1.54,16.21515974,0.29154569
Goalpara,25.89992289,90.53316716,0,0.15,17.810064,0.320780665
Goalpara,26.01696115,90.38406441,0,0.1,16.01476461,0.303560046
Goalpara,26.02594785,90.65105774,0,0.05,17.07732751,0.28915717
Hailakandi,24.65069857,92.37764158,0,0.98,12.02383563,0.398717417
Hailakandi,24.48346371,92.79981055,0,0.15,12.372808,0.428288606
Hailakandi,24.39655255,92.58618792,0,2.73,12.72516775,0.371607218
Hailakandi,24.39387099,92.60649834,0,1.6,11.66831793,0.442760641
Hailakandi,24.37593547,92.7840083,0,1.03,14.02602263,0.414280158
Hailakandi,24.36757006,92.70628836,0,0.26,14.10319561,0.43397753
Hailakandi,24.60509772,92.51846386,0,0.1,13.92098557,0.392775244
Hailakandi,24.42643688,92.783764,0,2.06,14.11527944,0.422440477
Hailakandi,24.31711777,92.44552303,0,1.29,12.49251735,0.369947959
Hailakandi,24.73143963,92.75566162,0,0.1,13.20350606,0.372586412
Hailakandi,24.30836426,92.69902329,0,13.05,13.70564239,0.367283788
Hailakandi,24.44935667,92.4077175,0,0.26,12.96629098,0.38219685
Hailakandi,24.61337321,92.48996274,0,0.36,14.12670213,0.372227051
Hailakandi,24.35129982,92.73901402,0,2.52,13.43574746,0.427698442
Hailakandi,24.740687,92.38624447,0,0,13.91712437,0.403361481
Hailakandi,24.31663338,92.83593359,0,5.34,12.01332937,0.425209381
Hailakandi,24.63416779,92.64463705,0,0.05,14.17685664,0.388846086
Hailakandi,24.69270068,92.54427412,0,0.15,14.03653345,0.386732024
Hailakandi,24.51910097,92.44480592,0,0.31,12.48452664,0.369682746
Hailakandi,24.60189149,92.46650646,0,0.1,12.04325684,0.422421591
Hailakandi,24.42253133,92.41003137,0,0.26,12.13016141,0.403432169
Hailakandi,24.35977967,92.76998351,0,1.7,13.62488992,0.385000045
Hailakandi,24.64539896,92.68487735,0,0.05,12.79737502,0.367073414
Hailakandi,24.32249385,92.779683,0,3.14,13.62753821,0.422455134
Hailakandi,24.38996443,92.84621172,0,1.44,13.93825166,0.369591216
Hailakandi,24.58299504,92.78964186,0,1.8,12.07193995,0.413939865
Hailakandi,24.38483945,92.66620088,0,2.93,13.17442119,0.363723369
Hailakandi,24.28341931,92.7436928,0,2.57,13.75424054,0.424611422
Hailakandi,24.62556468,92.38516507,0,0,13.79313227,0.442169652
Hailakandi,24.28183389,92.44527233,0,0.26,11.68284454,0.382449446
Hailakandi,24.68617489,92.86673072,0,0,13.80566318,0.434992575
Hailakandi,24.60265328,92.41379158,0,0.15,12.21367979,0.39859977
Hailakandi,24.75068,92.53888537,0,0.93,13.71860651,0.377623986
Hailakandi,24.44556431,92.82525239,0,2.06,12.06597113,0.432360417
Hailakandi,24.35114907,92.42373903,0,0.1,14.08677067,0.380108005
Hailakandi,24.3454117,92.62177908,0,0.67,11.84964229,0.417917898
Hailakandi,24.40981099,92.45443854,0,0.62,12.26084926,0.377943446
Hailakandi,24.46760379,92.78199673,0,2.57,12.16381123,0.374227955
Hailakandi,24.73334041,92.43208748,0,0.87,13.27993941,0.42219157
Hailakandi,24.42720374,92.81527387,0,0.98,13.84019367,0.371581401
Hailakandi,24.61327126,92.58145217,0,0.26,13.72252391,0.41408393
Hailakandi,24.57615707,92.42582728,0,0.05,14.06692691,0.384377066
Hailakandi,24.41082293,92.7515665,0,1.39,12.43576755,0.386926713
Hailakandi,24.36353519,92.45436933,0,0.82,13.45990077,0.371730077
Hailakandi,24.52252561,92.40970308,0,0,13.25817947,0.37442172
Hailakandi,24.40226095,92.42487028,0,0.15,13.6617798,0.362697212
Hailakandi,24.54823965,92.44557226,0,0.1,14.13741906,0.417359849
Hailakandi,24.7653528,92.70096889,0,1.6,13.06585109,0.431469827
Hailakandi,24.45634472,92.75198166,0,2.52,13.96164632,0.378764535
Hailakandi,24.55847294,92.3751991,0,0.57,12.90189348,0.374142488
Jorhat,26.51240117,94.29433654,0,1.03,13.03876895,0.448187819
Jorhat,26.44043087,94.6012018,0,4.67,12.06074523,0.481389857
Jorhat,26.76076763,94.1662143,0,0.26,11.03987636,0.507705007
Jorhat,26.66594759,94.23843106,0,0,10.90582437,0.478930214
Jorhat,26.76380697,94.11350346,0,0,11.66740669,0.496368162
Jorhat,26.68410197,94.44085585,0,0.21,12.60387731,0.527578113
Jorhat,26.78186816,94.50801847,0,0.05,12.69102448,0.479939338
Jorhat,26.53753005,94.43701235,0,5.39,11.15391829,0.491945522
Jorhat,26.72844916,94.21719553,0,0.15,12.57697302,0.458693187
Jorhat,26.80371294,94.32579777,0,0.31,12.26318953,0.448258785
Jorhat,26.38308729,94.19209454,0,1.96,12.57192186,0.472028106
Jorhat,26.31681885,94.18949728,0,9.29,12.91602412,0.454416782
Jorhat,26.77353881,94.30729111,0,0.15,11.42506516,0.476812274
Jorhat,26.34166426,94.44163698,0,2.52,12.15550474,0.458114895
Jorhat,26.66106999,94.27381749,0,0,12.01721928,0.467568742
Jorhat,26.51730175,94.4545729,0,5.24,11.5002457,0.505561916
Jorhat,26.79151476,94.44102197,0,0.26,12.97411816,0.437301421
Jorhat,26.63028391,94.19193733,0,0.26,10.99742909,0.513900302
Jorhat,26.31564956,94.45284697,0,6.81,11.56922047,0.464699763
Jorhat,26.70874553,94.21729094,0,0.31,11.27710333,0.532453172
Jorhat,26.32072649,94.37496967,0,4.11,10.7885072,0.490453322
Jorhat,26.44074429,94.13162477,0,0.05,11.76821567,0.503101924
Jorhat,26.32504319,94.53700748,0,8.08,10.82950257,0.464405251
Jorhat,26.42266922,94.18595845,0,2.01,10.92977188,0.517214833
Jorhat,26.38693032,94.58821995,0,12.31,11.91666148,0.463302848
Jorhat,26.6070189,94.21055753,0,0.15,11.29342739,0.491892084
Jorhat,26.69634624,94.39498651,0,0.21,12.60625132,0.49574227
Jorhat,26.44267099,94.32610495,0,12.17,11.39881181,0.474851817
Jorhat,26.51388247,94.1953033,0,0.05,12.86117854,0.464845813
Jorhat,26.77810027,94.15822636,0,0.05,11.55011419,0.43972306
Jorhat,26.38499876,94.26362163,0,0.57,12.79738492,0.445977931
Jorhat,26.40151578,94.39450855,0,6.91,13.00527565,0.500019757
Jorhat,26.40760077,94.22273857,0,0.36,10.75851679,0.492656786
Jorhat,26.4670276,94.13695431,0,0.05,11.58348266,0.494193525
Jorhat,26.75833669,94.35280069,0,0.1,13.07838906,0.531311146
Jorhat,26.45461888,94.34324147,0,2.78,12.0727547,0.451625968
Jorhat,26.78911848,94.28680365,0,0.1,11.82767284,0.531117615
Jorhat,26.53818803,94.5549352,0,0.21,10.85249357,0.519045512
Jorhat,26.36747215,94.31877114,0,5.9,12.36805934,0.476200728
Jorhat,26.63739266,94.58966002,0,3.96,12.48376077,0.502576922
Jorhat,26.81150689,94.39388511,0,0,11.71580048,0.492342385
Jorhat,26.79733482,94.48245667,0,0.67,12.90340603,0.443321335
Jorhat,26.71886607,94.5983623,0,0.98,11.95400611,0.521175455
Jorhat,26.6916093,94.55491032,0,2.78,11.88006133,0.530723175
Jorhat,26.35121986,94.25323061,0,5.59,11.32709564,0.512053231
Jorhat,26.63759952,94.11627115,0,0.1,12.1470315,0.528082014
Jorhat,26.49732214,94.12033125,0,0,12.62836557,0.488994345
Jorhat,26.61256749,94.59461172,0,10.28,11.68131298,0.486397113
Jorhat,26.46815301,94.52037657,0,3.39,11.25181609,0.444751842
Jorhat,26.56782867,94.57605432,0,8.98,11.15976741,0.44117111
Kamle,27.55998078,94.15103018,0,15.8,14.90812806,0.381520883
Kamle,27.87105809,94.19887072,0,8.03,16.04537367,0.397802649
Kamle,27.61676028,94.31436487,0,3.7,15.62198938,0.434697661
Kamle,27.67858363,94.15727704,0,21.12,15.36476927,0.430391967
Kamle,28.02045985,94.32607754,0,9.39,14.04252531,0.372367956
Kamle,27.58399189,93.93310356,0,3.24,14.43015204,0.371360549
Kamle,27.64674892,94.31097536,0,9.99,14.04710801,0.448016198
Kamle,27.89706839,94.00058717,0,9.69,14.23006822,0.409547662
Kamle,27.94697419,94.1227038,0,14.36,14.51788557,0.372678049
Kamle,27.60515394,94.11221505,0,11.13,14.69217558,0.45079433
Kamle,27.58543387,94.23650844,0,3.19,13.7301112,0.39868708
Kamle,27.56657501,94.28293948,0,7.47,14.69450106,0.415278958
Kamle,27.57097638,94.06404932,0,9.24,15.70234413,0.411270849
Kamle,28.00091733,93.97787564,0,27.64,15.84029468,0.449500276
Kamle,28.0302491,94.28300353,0,0.15,14.13120617,0.431171163
Kamle,27.67834677,94.06664482,0,14.89,15.24966937,0.408700113
Kamle,27.91402983,93.84774161,0,17.41,14.2144642,0.396686673
Kamle,27.59907073,94.08634367,0,10.58,16.25478534,0.409079912
Kamle,27.98158715,93.90660573,0,24.27,16.5010192,0.381618352
Kamle,27.55983433,93.95185914,0,6.15,14.07595277,0.407436827
Kamle,27.89095353,94.22012843,0,9.79,15.98317721,0.42520072
Kamle,27.9552256,94.0968238,0,22.14,15.18784228,0.419535011
Kamle,27.66454182,94.13956884,0,8.63,16.30139108,0.372190387
Kamle,27.57902309,94.18285106,0,21.03,14.30883739,0.439588806
Kamle,27.63612446,93.9600681,0,3.39,15.63438836,0.425455916
Kamle,27.63919851,94.27194409,0,5.08,16.29341204,0.448113155
Kamle,27.69781303,94.28519111,0,18.66,15.65823648,0.404146973
Kamle,27.77240314,94.25222972,0,19.54,16.3758678,0.450290776
Kamle,27.89866502,93.92084709,0,4.93,16.26658487,0.371212661
Kamle,27.60160827,94.01784447,0,13.39,14.68151668,0.451677481
Kamle,27.93216571,94.32790313,0,2.42,15.83719971,0.440668204
Kamle,27.91802507,94.27479473,0,5.8,14.25380908,0.446733008
Kamle,27.65991205,94.24877486,0,8.48,13.86863954,0.381165974
Kamle,27.95217457,93.9993405,0,29.97,15.64287414,0.421731673
Kamle,28.03442181,94.11620858,0,17.13,15.44174789,0.431547153
Kamle,27.74548361,94.14684023,0,26.79,13.83655541,0.43409889
Kamle,27.97721922,93.95861583,0,24.32,15.63003184,0.412765096
Kamle,27.77838079,93.90991846,0,0.87,15.75038398,0.404621518
Kamle,27.8142152,94.20977843,0,15.13,13.61323895,0.429864302
Kamle,27.98711205,94.01920873,0,15.99,14.36485814,0.412088349
Kamle,27.63041944,93.99114372,0,2.11,13.75839661,0.382733637
Kamle,27.61799622,94.13749237,0,13.58,16.27419818,0.420926422
Kamle,27.56899441,94.10872876,0,16.94,15.32908564,0.404947605
Kamle,27.76062967,93.84019698,0,15.8,13.76985713,0.435082099
Kamle,27.62329556,94.17172191,0,2.93,14.79260607,0.428492711
Kamle,27.72091134,94.29871178,0,11.08,13.70841434,0.396821947
Kamle,28.00372727,94.11768229,0,14.51,14.4618598,0.437463671
Kamle,27.98275864,94.04973035,0,5.8,15.34202304,0.439571023
Kamle,27.94681484,94.18552417,0,14.17,15.71678135,0.436459839
Kamle,27.59078473,93.91356055,0,6.25,13.71067422,0.449271621
Kamrup,25.92270275,91.77276052,0,1.13,13.10544848,0.520904442
Kamrup,25.91560523,91.64773854,0,7.12,13.9361737,0.465497312
Kamrup,26.35825264,91.70409885,0,0.41,13.78667303,0.453596855
Kamrup,26.37151829,92.03705465,0,0.21,13.25804086,0.514461807
Kamrup,26.03146363,91.67827474,0,2.83,14.20619544,0.435065434
Kamrup,26.19528729,91.63280433,0,0.36,12.17753263,0.451997631
Kamrup,25.9557921,92.01294007,0,0.15,14.47035421,0.522102541
Kamrup,26.03930806,91.80792231,0,0.36,12.71123893,0.475727237
Kamrup,25.98243082,91.80360399,0,1.24,14.24850117,0.458740098
Kamrup,25.88354685,92.01980171,0,0.82,12.85614038,0.44354123
Kamrup,25.95901334,91.79332856,0,0.93,14.39801289,0.498056996
Kamrup,26.29965473,91.84475242,0,0.21,12.73494259,0.513417681
Kamrup,25.94086298,91.77105872,0,1.13,14.71708336,0.519719143
Kamrup,26.3045706,91.76831856,0,0.31,14.19452371,0.459059984
Kamrup,26.27287519,91.81962643,0,1.29,13.23924516,0.488045221
Kamrup,25.96861326,91.7743809,0,6.76,13.23529534,0.449385158
Kamrup,25.9955415,92.01415027,0,9.34,12.47591274,0.492515866
Kamrup,25.93631973,91.59144515,0,0.93,14.84706134,0.507241988
Kamrup,25.92046116,91.92034604,0,10.88,14.53615397,0.440901875
Kamrup,25.95265144,91.64461734,0,14.07,13.25719426,0.468144615
Kamrup,26.31595433,91.66690076,0,0.05,12.38873551,0.498723982
Kamrup,25.92059165,92.01781773,0,3.09,12.38802347,0.496532215
Kamrup,26.25453306,91.82561415,0,0.1,13.72098313,0.470561335
Kamrup,26.34756635,91.79156209,0,0.05,13.47641023,0.462835212
Kamrup,25.99640804,91.75824762,0,1.65,14.55936518,0.48452306
Kamrup,26.01807258,91.6380391,0,0.98,13.4440476,0.489209361
Kamrup,25.95356761,92.06582799,0,0.87,13.72217754,0.524896775
Kamrup,26.29825112,91.972824,0,0,13.65973609,0.498344985
Kamrup,26.01272922,91.81380166,0,5.18,14.83303278,0.518779083
Kamrup,25.98809231,91.87426068,0,0.51,13.06229281,0.453476097
Kamrup,25.92032647,91.96233829,0,8.53,13.92782215,0.44244735
Kamrup,26.29916118,92.08093457,0,0,13.05552278,0.489415068
Kamrup,26.31478501,92.03956849,0,0.1,13.75163781,0.489890224
Kamrup,26.20325555,91.60780743,0,0.26,13.33203713,0.497032878
Kamrup,26.30526045,91.79591914,0,0.15,13.08036169,0.505103623
Kamrup,25.9832684,91.92668995,0,0.15,13.41414473,0.516569313
Kamrup,25.96086544,91.71192675,0,2.57,14.5198021,0.461271853
Kamrup,26.33749228,91.71707819,0,0.15,12.43913234,0.513633976
Kamrup,25.99288261,92.05164461,0,0.98,14.20244323,0.518002176
Kamrup,25.93417224,91.99154701,0,0.98,14.06003168,0.523949631
Kamrup,26.25469281,91.62054852,0,0,13.97730864,0.437071624
Kamrup,25.99877318,91.72743058,0,0.62,12.58660382,0.512993762
Kamrup,26.25721341,91.77586392,0,0.1,13.37847499,0.44262068
Kamrup,26.31950334,91.93101492,0,0.1,13.14330001,0.518656562
Kamrup,25.88526212,91.65027368,0,3.29,13.01321693,0.477770086
Kamrup,26.37038667,91.66395041,0,0.41,12.51192793,0.448681864
Kamrup,26.24221894,92.08716535,0,0.05,14.0660369,0.475171375
Kamrup,26.22000854,92.07566096,0,0,12.83035962,0.444369697
Kamrup,26.34584652,91.94097375,0,0.05,12.4396645,0.459497074
Kamrup,26.08725087,91.66967252,0,1.49,14.07077358,0.492877981
Kamrup (Metro),26.06931926,91.66332101,0,0.1,14.77016222,0.478878279
Kamrup (Metro),26.31998046,91.59799985,0,0.1,14.38294149,0.46431545
Kamrup (Metro),26.35800707,91.73547858,0,0.1,15.54626978,0.526447899
Kamrup (Metro),26.34149914,91.91564517,0,0,13.38561311,0.443083834
Kamrup (Metro),25.94426792,91.9490022,0,1.24,15.06480869,0.527519987
Kamrup (Metro),26.41398459,91.63161446,0,0.15,13.78537029,0.476886437
Kamrup (Metro),26.00902012,91.99584794,0,0.57,13.90991381,0.515857137
Kamrup (Metro),26.38483861,91.59069489,0,0.21,15.50747167,0.51369997
Kamrup (Metro),26.05047544,91.60714851,0,3.8,15.61054674,0.498834206
Kamrup (Metro),26.30399715,91.5394964,0,0,13.34428594,0.501303219
Kamrup (Metro),26.00816523,91.91692122,0,1.96,15.46945641,0.453068542
Kamrup (Metro),26.00604154,91.9759853,0,3.09,14.68345918,0.466246098
Kamrup (Metro),26.29594509,91.68280342,0,0,14.19523801,0.510401901
Kamrup (Metro),25.97139327,91.57064026,0,4.67,15.52609742,0.441802316
Kamrup (Metro),25.95499017,91.87643727,0,10.83,13.86933601,0.457467956
Kamrup (Metro),25.96615188,91.98430717,0,1.13,15.30567618,0.46309632
Kamrup (Metro),26.30115349,91.6443055,0,0.26,16.04928757,0.507748224
Kamrup (Metro),26.38382584,91.73139154,0,0.05,13.57055694,0.530192282
Kamrup (Metro),26.02453364,91.71068486,0,0.26,13.80178538,0.441860509
Kamrup (Metro),26.39818268,91.92436494,0,0.26,14.35968626,0.517762969
Kamrup (Metro),26.10809977,91.56366114,0,0.05,15.64058924,0.529675167
Kamrup (Metro),26.02753939,91.98098988,0,0.77,15.07928088,0.502119614
Kamrup (Metro),26.19883247,91.5484492,0,3.65,15.53493684,0.451983135
Kamrup (Metro),26.32319682,91.76511711,0,0,14.13002351,0.498816977
Kamrup (Metro),26.33142088,91.68163034,0,0.31,13.39986242,0.508970511
Kamrup (Metro),26.37993794,91.92028822,0,0,14.73952954,0.506013498
Kamrup (Metro),25.93223993,91.65624925,0,0.67,15.07601087,0.49293898
Kamrup (Metro),26.05631152,91.58740835,0,0.1,14.88465797,0.522801437
Kamrup (Metro),26.38436807,91.55920509,0,0.26,15.46124079,0.451185677
Kamrup (Metro),25.96465138,91.9180238,0,3.8,14.46681806,0.446556826
Kamrup (Metro),26.30057554,91.61127957,0,0.26,14.26097459,0.435333826
Kamrup (Metro),26.33913069,91.98112854,0,0.31,16.14849432,0.494350921
Kamrup (Metro),26.28461356,91.90969718,0,0.21,13.71120833,0.520072897
Kamrup (Metro),25.97888118,91.674015,0,0.31,13.44081662,0.435136602
Kamrup (Metro),26.39225134,91.94798625,0,0.05,13.79023382,0.495399589
Kamrup (Metro),26.40069152,91.61539064,0,0.26,14.76157137,0.48362316
Kamrup (Metro),26.3942067,91.77724377,0,0.05,14.8829807,0.455373801
Kamrup (Metro),26.28472697,91.7733344,0,0.1,15.47601867,0.469595254
Kamrup (Metro),26.00726516,91.78336252,0,0.26,14.58516248,0.443301744
Kamrup (Metro),26.30478267,92.00679829,0,0,13.31139582,0.509740183
Kamrup (Metro),25.99396068,91.94792974,0,4.83,14.73423207,0.444664744
Kamrup (Metro),26.15086506,91.54794741,0,0.31,13.910552,0.486988313
Kamrup (Metro),26.00117842,91.85768556,0,2.52,13.80699788,0.518388823
Kamrup (Metro),25.97272142,91.64274037,0,0.31,15.12298597,0.496426289
Kamrup (Metro),26.24426642,91.60061983,0,0.21,16.11970802,0.522385071
Kamrup (Metro),26.01421679,91.56637716,0,0.57,14.43868798,0.529883584
Kamrup (Metro),26.39760958,91.69896541,0,0.05,14.19466424,0.515113162
Kamrup (Metro),26.40574274,91.98233368,0,0.15,14.31135258,0.530981745
Kamrup (Metro),26.22648688,92.02162183,0,0.05,15.90032917,0.476974605
Kamrup (Metro),26.32142324,91.74312587,0,1.39,16.04253538,0.45288431
Kamrup (Rural),25.91837643,91.23127154,0,0.51,16.02433522,0.491625858
Kamrup (Rural),25.9398155,91.51149601,0,2.37,15.44264962,0.45969744
Kamrup (Rural),26.01228451,91.10504604,0,0.15,15.81153255,0.474137255
Kamrup (Rural),25.63708788,91.33430256,0,0,15.82530499,0.464193451
Kamrup (Rural),25.63575786,91.16200342,0,0.46,15.34568871,0.479527759
Kamrup (Rural),25.62913403,91.36353293,0,11.97,13.56631594,0.509138456
Kamrup (Rural),25.87918433,91.2738751,0,12.31,14.51640254,0.465898144
Kamrup (Rural),25.9060709,91.48226071,0,4.62,15.30330167,0.523781578
Kamrup (Rural),25.68641766,91.08914151,0,1.49,14.81850933,0.465417717
Kamrup (Rural),25.98986449,91.44557189,0,0.1,13.88047195,0.460335099
Kamrup (Rural),25.67677449,91.43945069,0,6.86,15.04155334,0.482705943
Kamrup (Rural),25.84355247,91.56548985,0,0.1,16.4516195,0.51003308
Kamrup (Rural),25.72288654,91.16585843,0,4.52,15.11661017,0.527010472
Kamrup (Rural),25.85205254,91.08634558,0,0.62,14.09362661,0.48036653
Kamrup (Rural),26.0535805,91.45458801,0,0.21,14.90314922,0.515142015
Kamrup (Rural),25.93641228,91.2070697,0,0.21,15.57129146,0.485354054
Kamrup (Rural),25.6975259,91.4253883,0,10.24,15.30099871,0.500571928
Kamrup (Rural),26.04040475,91.49969355,0,0.21,15.31622643,0.480712343
Kamrup (Rural),25.81190617,91.08673228,0,3.85,13.85676535,0.481920685
Kamrup (Rural),25.99927074,91.22280234,0,0.1,13.93752002,0.456234266
Kamrup (Rural),26.03030542,91.10350751,0,0.05,15.7437695,0.519041773
Kamrup (Rural),25.75319744,91.47036751,0,7.78,15.97229494,0.494918882
Kamrup (Rural),26.05942876,91.29748693,0,0.05,14.08197846,0.508248368
Kamrup (Rural),25.88997001,91.45359481,0,0.31,14.2369053,0.443248674
Kamrup (Rural),25.80519412,91.3096556,0,2.57,13.97723029,0.524944095
Kamrup (Rural),25.98165276,91.52337462,0,0.72,14.90666187,0.444126937
Kamrup (Rural),25.75791981,91.40902039,0,15.08,16.53405316,0.443214965
Kamrup (Rural),25.74126199,91.31608628,0,5.39,13.88441486,0.467979543
Kamrup (Rural),26.03706782,91.31886321,0,2.47,13.57163574,0.504186094
Kamrup (Rural),25.65083799,91.45321725,0,10.14,14.44930803,0.481168544
Kamrup (Rural),25.72822981,91.54943022,0,11.48,13.98749401,0.51148645
Kamrup (Rural),25.8886645,91.10512904,0,0.21,14.05083608,0.519813839
Kamrup (Rural),25.81590648,91.15036705,0,1.85,15.37309493,0.497882747
Kamrup (Rural),25.96351922,91.35449516,0,6.76,14.23688165,0.448922539
Kamrup (Rural),25.67401003,91.38377932,0,5.54,14.98411476,0.491208349
Kamrup (Rural),26.08813939,91.42705261,0,0.31,15.44571001,0.47758326
Kamrup (Rural),26.09375665,91.47311832,0,0.62,14.21624143,0.47269097
Kamrup (Rural),25.6393185,91.48273049,0,9.64,15.1202044,0.479434734
Kamrup (Rural),26.06180601,91.53042089,0,0.1,15.12573322,0.459541769
Kamrup (Rural),25.71575428,91.3667772,0,3.24,15.56283767,0.506624671
Kamrup (Rural),25.64876089,91.09974413,0,1.49,14.08987738,0.528197754
Kamrup (Rural),25.71997174,91.50634243,0,18.01,15.25989064,0.441937547
Kamrup (Rural),25.78345604,91.32490536,0,15.47,15.71750394,0.533263414
Kamrup (Rural),25.92164432,91.07051212,0,0.05,15.69715195,0.459836794
Kamrup (Rural),25.81966398,91.51545203,0,1.44,14.93988601,0.459604772
Kamrup (Rural),25.9514528,91.56063904,0,1.13,15.13311814,0.519837273
Kamrup (Rural),25.70017531,91.37823312,0,0.51,14.1997846,0.506826611
Kamrup (Rural),25.70273535,91.33372891,0,1.08,15.61004266,0.456301777
Kamrup (Rural),25.65484173,91.31851674,0,1.34,15.63028776,0.484520477
Kamrup (Rural),26.01991783,91.49073859,0,0.05,15.32745845,0.461579948
Karbi Anglong,26.13394809,93.29114772,0,4.52,12.82866112,0.534465573
Karbi Anglong,26.16921183,93.5607384,0,1.44,13.51247326,0.537650765
Karbi Anglong,26.29474963,93.70070415,0,2.21,14.12567409,0.536159672
Karbi Anglong,26.4253242,93.58994644,0,4.67,13.51899452,0.471372828
Karbi Anglong,26.00117731,93.67496849,0,0.05,12.73230194,0.527370117
Karbi Anglong,26.17162748,93.64868221,0,6.1,12.70598131,0.454132934
Karbi Anglong,26.21669954,93.22294584,0,5.59,11.79780708,0.469393566
Karbi Anglong,26.14794371,93.25175929,0,0.87,13.88475038,0.525377569
Karbi Anglong,26.23730539,93.41602025,0,1.54,13.27599294,0.473534046
Karbi Anglong,26.14675093,93.33111442,0,0.62,12.89950275,0.457741529
Karbi Anglong,26.1707857,93.36801692,0,1.6,11.91785032,0.495247461
Karbi Anglong,26.33152735,93.53080206,0,4.83,12.72231989,0.520125964
Karbi Anglong,26.37373224,93.47393396,0,4.42,13.36511505,0.457967408
Karbi Anglong,26.21541608,93.59412617,0,3.5,12.98161007,0.482238461
Karbi Anglong,26.0343868,93.47385724,0,2.83,12.28523703,0.498287426
Karbi Anglong,26.44294112,93.62681015,0,1.39,13.12560244,0.512764875
Karbi Anglong,25.99236979,93.36546548,0,1.08,13.06842393,0.510251073
Karbi Anglong,26.01044495,93.34602156,0,5.8,12.04384219,0.453719087
Karbi Anglong,26.07973452,93.59435698,0,3.34,11.93654708,0.516827482
Karbi Anglong,26.40904322,93.22862402,0,3.6,12.31963649,0.479672251
Karbi Anglong,26.23285825,93.64255632,0,4.16,13.10676638,0.507149529
Karbi Anglong,26.00172359,93.24809168,0,0.51,13.56618215,0.534930487
Karbi Anglong,26.43908716,93.40432011,0,7.22,12.7760484,0.47353664
Karbi Anglong,26.2567593,93.55941784,0,2.62,12.33771794,0.479152976
Karbi Anglong,26.10642876,93.72100905,0,0.36,12.64928874,0.469678014
Karbi Anglong,26.07726488,93.70152185,0,0.15,12.75176174,0.44307115
Karbi Anglong,26.43013744,93.42930379,0,3.8,12.88266088,0.481650502
Karbi Anglong,26.09769243,93.45765656,0,7.07,13.2634144,0.48923385
Karbi Anglong,26.25926167,93.32823345,0,3.29,14.19253488,0.500357672
Karbi Anglong,25.99122912,93.56365881,0,3.5,12.53139714,0.451707781
Karbi Anglong,25.96062564,93.31911029,0,0.87,13.48317601,0.467016117
Karbi Anglong,26.08104322,93.65616113,0,0.05,13.00370895,0.540842491
Karbi Anglong,26.34736185,93.37229501,0,0.1,11.81340395,0.456871456
Karbi Anglong,26.31404721,93.36458292,0,9.59,12.87976088,0.452043432
Karbi Anglong,26.09937669,93.69238354,0,0.31,11.83461181,0.482921147
Karbi Anglong,26.02150869,93.53697982,0,5.29,12.36535769,0.512453242
Karbi Anglong,26.01628434,93.37386451,0,2.06,12.82229558,0.526303334
Karbi Anglong,26.33552542,93.59303718,0,5.03,12.6985285,0.539434246
Karbi Anglong,26.28452302,93.52932807,0,5.8,12.9078729,0.534107906
Karbi Anglong,26.19921602,93.48367701,0,6.25,12.55395214,0.487943352
Karbi Anglong,26.01651735,93.58055512,0,4.78,12.91010931,0.541219319
Karbi Anglong,26.39381748,93.43575391,0,4.57,13.29727127,0.501574205
Karbi Anglong,26.13042583,93.66679608,0,1.6,13.13905866,0.503256555
Karbi Anglong,26.03230804,93.69408278,0,0.46,11.90382398,0.518691942
Karbi Anglong,26.04860206,93.29218172,0,6.61,13.88901257,0.462334612
Karbi Anglong,26.16331681,93.52744624,0,5.95,12.67169213,0.465925621
Karbi Anglong,26.10693395,93.25737203,0,0.31,12.31672559,0.449812218
Karbi Anglong,26.40769659,93.54900964,0,2.31,12.76230385,0.500875181
Karbi Anglong,26.12224242,93.43690298,0,0.21,13.44878017,0.519550657
Karbi Anglong,26.06210532,93.33251619,0,2.73,14.12380595,0.540269225
Karimganj,24.65076126,92.18187081,0,0.31,13.83718918,0.52935524
Karimganj,24.84215034,92.36772057,0,0.1,13.9748812,0.472022142
Karimganj,24.63547902,92.55647884,0,0,15.13391707,0.498357433
Karimganj,24.67647984,92.21597697,0,0.1,14.95232293,0.476597145
Karimganj,24.64477278,92.40181484,0,1.24,13.97519374,0.440143276
Karimganj,24.6012968,92.60457511,0,0.05,14.37034065,0.512719116
Karimganj,24.88403241,92.49080526,0,0.36,14.7453256,0.495980718
Karimganj,24.43573692,92.27083662,0,1.18,15.90303633,0.53394368
Karimganj,24.60460495,92.29097983,0,0.31,15.65007415,0.494289155
Karimganj,24.80428137,92.19230066,0,0.05,15.23956781,0.504388217
Karimganj,24.49063956,92.27394645,0,0.26,13.57582204,0.47640112
Karimganj,24.84760981,92.49748538,0,0.15,16.12697841,0.43975854
Karimganj,24.67268532,92.55540757,0,0.1,13.95806695,0.518694974
Karimganj,24.8691971,92.22982093,0,0.21,14.34655854,0.530704443
Karimganj,24.67643225,92.39486412,0,0.41,14.14674955,0.453906979
Karimganj,24.58000292,92.3544193,0,0.67,15.49157127,0.47805883
Karimganj,24.47620831,92.23537326,0,0.15,15.02064501,0.44354292
Karimganj,24.76790955,92.24074137,0,0.41,15.19092156,0.460424688
Karimganj,24.61063198,92.62817143,0,0.26,16.13186734,0.533077536
Karimganj,24.50340235,92.29817322,0,2.16,15.73400995,0.507376022
Karimganj,24.78212591,92.33894663,0,0.46,14.72655251,0.50489298
Karimganj,24.81255059,92.60433606,0,0.1,15.52419418,0.499094443
Karimganj,24.66570337,92.31295849,0,0.05,15.95088938,0.499503016
Karimganj,24.73864415,92.35257411,0,0.26,14.2187804,0.448227376
Karimganj,24.7998568,92.32302757,0,0.26,14.19339269,0.45297255
Karimganj,24.74003317,92.2339594,0,1.75,14.99218439,0.466897068
Karimganj,24.83518244,92.39403066,0,0.46,16.13548241,0.474539396
Karimganj,24.45297532,92.31386073,0,0.36,15.77090295,0.45495421
Karimganj,24.5993624,92.22716314,0,0.67,14.63328412,0.462137883
Karimganj,24.57521569,92.53891194,0,1.6,14.85576038,0.474387564
Karimganj,24.53818209,92.47209164,0,0.21,15.3663303,0.488239289
Karimganj,24.62615919,92.60327546,0,0.26,16.17810579,0.476316553
Karimganj,24.77272933,92.36285086,0,0.21,16.01827242,0.44222893
Karimganj,24.88084851,92.28822472,0,0.1,14.78207972,0.526963445
Karimganj,24.87633002,92.60398418,0,0.36,15.87846266,0.455942219
Karimganj,24.63676065,92.24035618,0,0.57,13.6087217,0.511890662
Karimganj,24.85687912,92.29669353,0,0.15,16.11897941,0.522775685
Karimganj,24.72289797,92.59189076,0,0.51,15.32180383,0.450135691
Karimganj,24.8093353,92.30009953,0,0.67,13.78142345,0.440611963
Karimganj,24.80616612,92.38253795,0,0.1,15.51446553,0.470198999
Karimganj,24.903397,92.35169432,0,0,15.20413916,0.521113438
Karimganj,24.55507412,92.56712255,0,0.05,14.46545967,0.446886535
Karimganj,24.76001644,92.51807593,0,0.21,14.91714619,0.508611381
Karimganj,24.92066284,92.34011895,0,0.05,13.97518588,0.486208635
Karimganj,24.56102068,92.50307013,0,0.46,14.52573287,0.451756676
Karimganj,24.89846704,92.325777,0,0.41,14.89837024,0.473142718
Karimganj,24.54652109,92.26651791,0,0.36,14.74473061,0.533099019
Karimganj,24.5962425,92.43559628,0,0,14.74437457,0.517408545
Karimganj,24.77746745,92.20149114,0,0.1,16.02511425,0.462680717
Karimganj,24.78383052,92.2553479,0,0.05,15.77458933,0.449466079
Kra Daadi,27.57758086,93.72380073,0,8.28,23.30592282,0.40095475
Kra Daadi,27.89964873,93.59183672,0,5.44,22.2472873,0.423027861
Kra Daadi,27.94096755,93.81839991,0,24.74,22.42630226,0.443037207
Kra Daadi,27.55305314,93.78199474,0,4.67,20.47390088,0.397992006
Kra Daadi,27.69043019,93.44489886,0,3.55,19.24745689,0.382225337
Kra Daadi,27.94870105,93.7335287,0,22.89,20.33345686,0.450171423
Kra Daadi,27.95010042,93.51670533,0,3.34,21.79697292,0.448356256
Kra Daadi,27.62552163,93.44266199,0,21.21,23.35068856,0.450689374
Kra Daadi,27.83220331,93.76227863,0,5.69,19.57593797,0.429302936
Kra Daadi,27.68688944,93.81392017,0,12.12,19.19857414,0.425627202
Kra Daadi,27.79369169,93.70476387,0,0.26,22.01293467,0.436733256
Kra Daadi,27.70307326,93.51694248,0,19.31,23.06225591,0.437094034
Kra Daadi,27.49850825,93.34005264,0,6.25,21.70520774,0.41861101
Kra Daadi,27.55940783,93.520605,0,9.54,19.57626557,0.404313323
Kra Daadi,27.55161536,93.67704162,0,16.56,21.83388417,0.421298658
Kra Daadi,27.52765683,93.7533356,0,3.75,20.08132896,0.41945438
Kra Daadi,27.66463754,93.76557245,0,4.11,21.71259895,0.453718161
Kra Daadi,27.97182439,93.79194634,0,14.41,19.60356294,0.413859903
Kra Daadi,27.60752209,93.38610502,0,9.64,23.07791391,0.41432124
Kra Daadi,27.75461879,93.79241825,0,18.62,19.54482243,0.424985701
Kra Daadi,27.49155117,93.43643427,0,19.54,22.96058492,0.375058938
Kra Daadi,27.52459188,93.71050363,0,14.7,21.14497348,0.435836572
Kra Daadi,27.53009832,93.78315903,0,6.25,22.10521414,0.435012349
Kra Daadi,27.96624605,93.55566519,0,16.32,19.96712434,0.386503663
Kra Daadi,27.84695717,93.78596583,0,19.08,20.89839046,0.43576527
Kra Daadi,27.94568932,93.3321716,0,30.32,21.88655563,0.406260953
Kra Daadi,27.78187907,93.66845793,0,6.36,23.1562056,0.385509174
Kra Daadi,27.50188531,93.46060845,0,2.73,21.61211543,0.434079953
Kra Daadi,27.63314399,93.54380486,0,6,19.34311707,0.424163368
Kra Daadi,27.95707272,93.70127202,0,30.74,19.24887944,0.452527898
Kra Daadi,27.5825284,93.41382517,0,10.38,22.45323133,0.430574404
Kra Daadi,27.47950506,93.34804708,0,7.83,22.39233801,0.453977989
Kra Daadi,27.97374283,93.45586179,0,18.94,19.68987572,0.389788923
Kra Daadi,27.86963748,93.58045818,0,17.92,19.6569709,0.419133562
Kra Daadi,27.48870215,93.6245989,0,18.43,21.37861706,0.444185762
Kra Daadi,27.51046643,93.73220344,0,7.37,21.8837225,0.428365061
Kra Daadi,27.6723535,93.50212445,0,6.31,19.74681078,0.410780091
Kra Daadi,27.54890248,93.82160303,0,4.42,21.88873261,0.438988476
Kra Daadi,27.69265172,93.54835581,0,9.99,20.27489826,0.421479916
Kra Daadi,27.71265832,93.47734261,0,11.48,22.16349482,0.425104876
Kra Daadi,27.75327972,93.34327057,0,20.13,20.97095949,0.448893088
Kra Daadi,27.49342951,93.668427,0,0.72,21.42049429,0.414744516
Kra Daadi,27.7736089,93.784458,0,15.99,23.07021601,0.45549976
Kra Daadi,27.57147272,93.32924241,0,8.38,19.71177514,0.446042766
Kra Daadi,27.92439399,93.75246252,0,5.64,20.87730142,0.412670619
Kra Daadi,27.81496259,93.82050513,0,7.02,23.08453586,0.416553955
Kra Daadi,27.9599507,93.42829255,0,18.11,21.47144256,0.392112798
Kra Daadi,27.65820692,93.39560035,0,8.43,19.21823749,0.389214984
Kra Daadi,27.91940772,93.54287754,0,11.92,20.49247934,0.433275784
Kra Daadi,27.61734955,93.75965549,0,5.95,20.95469172,0.425348025
Kurung Kumey,28.02574149,93.56765073,0,8.48,18.64826007,0.420413996
Kurung Kumey,28.07064247,93.46991545,0,4.57,19.57684575,0.436084683
Kurung Kumey,27.89382253,93.7005366,0,10.24,18.42186304,0.398736802
Kurung Kumey,28.01793271,93.41607046,0,3.03,18.36766929,0.412489299
Kurung Kumey,27.97313327,93.31567185,0,24.95,18.72391327,0.444029022
Kurung Kumey,27.97994637,93.36985695,0,2.78,17.69891467,0.441463647
Kurung Kumey,28.08285809,93.36758039,0,3.29,17.25551347,0.371998122
Kurung Kumey,27.76828632,93.32122272,0,2.31,19.76194,0.399862016
Kurung Kumey,27.59878306,93.48768697,0,20.35,17.88056616,0.391636861
Kurung Kumey,27.60705874,93.52581861,0,14.55,20.27228463,0.385812291
Kurung Kumey,28.0209741,93.62907716,0,25.79,17.42605822,0.378161969
Kurung Kumey,27.82609977,93.34595237,0,4.26,17.46549817,0.419799604
Kurung Kumey,28.05787086,93.48852623,0,11.72,19.21337639,0.386904046
Kurung Kumey,28.02235833,93.51384714,0,14.46,20.14865171,0.443187664
Kurung Kumey,28.03783947,93.59845874,0,12.85,20.24563192,0.410883077
Kurung Kumey,27.90713226,93.639623,0,12.56,17.45810224,0.419844025
Kurung Kumey,27.9781344,93.28417106,0,26.99,17.92990265,0.389754064
Kurung Kumey,28.0851502,93.24557202,0,3.85,18.13935635,0.417494305
Kurung Kumey,27.87381118,93.69649079,0,18.34,17.62072649,0.42734677
Kurung Kumey,28.08430938,93.51461722,0,5.34,18.93144634,0.374011098
Kurung Kumey,27.72312326,93.50113752,0,21.34,18.65936543,0.370569081
Kurung Kumey,27.68862229,93.47426402,0,0.26,16.88004872,0.421899721
Kurung Kumey,28.04075485,93.30370532,0,14.22,20.43047455,0.434162868
Kurung Kumey,27.62896729,93.23878594,0,19.95,20.29513655,0.43436077
Kurung Kumey,27.92777522,93.59791678,0,11.72,19.74321544,0.39256068
Kurung Kumey,27.66318088,93.22846114,0,13.1,18.05429872,0.41320109
Kurung Kumey,27.93970049,93.31087833,0,0.26,17.55612531,0.394841572
Kurung Kumey,28.00699873,93.3247931,0,10.38,17.8171351,0.440709557
Kurung Kumey,27.6301426,93.41001032,0,17.45,18.3201398,0.415755407
Kurung Kumey,27.84135025,93.30199807,0,21.12,19.02649601,0.400815934
Kurung Kumey,27.91244294,93.23283711,0,13.83,18.52974655,0.439863404
Kurung Kumey,28.09667463,93.60828255,0,10.98,17.85461378,0.389666003
Kurung Kumey,27.86217943,93.3038007,0,2.67,18.3933228,0.422660061
Kurung Kumey,28.03982144,93.70438654,0,7.22,19.01627859,0.401044849
Kurung Kumey,27.71646772,93.70599184,0,4.62,18.7864894,0.428464766
Kurung Kumey,27.8376775,93.23768585,0,8.03,19.13272871,0.373185884
Kurung Kumey,27.64892141,93.41916909,0,2.16,20.40360883,0.422035258
Kurung Kumey,27.60749507,93.71472359,0,11.28,19.56477235,0.395800492
Kurung Kumey,27.94860228,93.58948026,0,7.67,20.48186042,0.437832251
Kurung Kumey,27.96796039,93.66589446,0,21.61,20.35035306,0.419903271
Kurung Kumey,28.00075241,93.5236528,0,3.09,19.91909615,0.420364741
Kurung Kumey,28.03833406,93.48667767,0,11.77,17.16841136,0.384973244
Kurung Kumey,27.95999502,93.60590512,0,18.29,19.92737736,0.386670605
Kurung Kumey,27.6945887,93.36669722,0,25.84,17.64899013,0.397689148
Kurung Kumey,27.99285711,93.38895659,0,16.46,17.21182523,0.426641906
Kurung Kumey,27.6631903,93.56347075,0,10.68,19.43204753,0.424128585
Kurung Kumey,27.85855936,93.3634845,0,29.97,18.8276663,0.410113975
Kurung Kumey,27.6711665,93.35941534,0,11.72,17.80531652,0.418088061
Kurung Kumey,27.9875085,93.47046895,0,25.88,20.57032349,0.436397847
Kurung Kumey,27.85351193,93.67620537,0,22.54,19.77554317,0.417909358
Lepa Rada,28.16445849,94.52826931,0,3.7,18.46518658,0.423693284
Lepa Rada,27.97518778,94.78964581,0,7.37,20.12746706,0.421307265
Lepa Rada,27.80319248,94.82970166,0,2.37,18.46572189,0.438265024
Lepa Rada,28.14270331,94.42206046,0,25.75,20.79207144,0.373729367
Lepa Rada,27.77884707,94.82147143,0,5.29,20.1250795,0.392064117
Lepa Rada,27.95126144,94.42962184,0,6.31,20.29075649,0.408093069
Lepa Rada,27.86736291,94.54842521,0,2.37,18.25235273,0.437713557
Lepa Rada,27.78092528,94.44312748,0,4.32,20.92138014,0.409692734
Lepa Rada,28.07651781,94.79575459,0,6.51,18.16005039,0.445822084
Lepa Rada,28.17976256,94.45713269,0,0.51,19.02723581,0.378508397
Lepa Rada,27.72229389,94.48724385,0,5.85,18.52998684,0.397443263
Lepa Rada,28.07315623,94.86889356,0,1.03,18.87477533,0.372968479
Lepa Rada,28.21088385,94.76593849,0,15.9,17.83466155,0.420013025
Lepa Rada,27.96639912,94.85745318,0,8.33,18.85970386,0.390217854
Lepa Rada,27.75169807,94.46596158,0,4.06,17.20709036,0.390131742
Lepa Rada,28.03508738,94.45945105,0,21.17,17.94236412,0.389729059
Lepa Rada,27.77142859,94.64896974,0,0.36,18.89966168,0.452885068
Lepa Rada,27.77677781,94.58029726,0,0.51,20.45317795,0.438392425
Lepa Rada,27.82265795,94.90157646,0,7.78,17.65402085,0.406807846
Lepa Rada,28.1523179,94.55533943,0,6.31,17.33072995,0.428718751
Lepa Rada,28.0521199,94.82229512,0,2.73,17.51044534,0.393883772
Lepa Rada,27.80854224,94.85792329,0,13.29,17.53101217,0.412700626
Lepa Rada,28.12093368,94.86842687,0,2.16,18.56680397,0.374699113
Lepa Rada,27.79300342,94.80884798,0,16.51,20.72448478,0.452717394
Lepa Rada,27.98704746,94.85474884,0,18.8,18.82414494,0.375431167
Lepa Rada,28.2058741,94.60092572,0,11.08,17.33799131,0.40856008
Lepa Rada,27.92449664,94.42179482,0,4.83,20.95385809,0.433010207
Lepa Rada,27.78243371,94.54989565,0,4.98,18.08340538,0.378576486
Lepa Rada,27.85449791,94.50041828,0,12.66,20.86780918,0.393825265
Lepa Rada,27.98887009,94.88144043,0,13.1,20.92011405,0.378014652
Lepa Rada,28.03835979,94.43542604,0,15.37,20.41039435,0.452142708
Lepa Rada,27.8295275,94.49453357,0,18.85,17.66933073,0.449859536
Lepa Rada,27.76052621,94.79437524,0,0.62,19.94896653,0.374070965
Lepa Rada,27.94501782,94.86497271,0,11.92,20.5514783,0.396523075
Lepa Rada,28.03043653,94.69124357,0,3.8,19.81452553,0.450658236
Lepa Rada,28.13388109,94.51890215,0,1.03,20.98249321,0.417461975
Lepa Rada,27.90340098,94.42341259,0,17.64,18.3969573,0.403190733
Lepa Rada,27.91810779,94.55591449,0,8.18,18.05443294,0.404567248
Lepa Rada,27.82635533,94.52575059,0,7.17,20.64146664,0.379633225
Lepa Rada,27.88452424,94.47245893,0,27.68,18.51869681,0.423198123
Lepa Rada,28.00255828,94.83931348,0,5.75,17.33228227,0.375315432
Lepa Rada,28.07660407,94.54855827,0,4.06,18.76627979,0.395331148
Lepa Rada,28.16716305,94.41185962,0,5.75,17.20185962,0.421245068
Lepa Rada,27.74341083,94.56267351,0,3.6,17.77542255,0.398802084
Lepa Rada,28.04983116,94.67658931,0,5.95,19.37629998,0.404531548
Lepa Rada,28.11407466,94.49771564,0,6.1,17.97386613,0.41189086
Lepa Rada,27.94687045,94.4839927,0,22.41,18.84748174,0.41919788
Lepa Rada,27.98263294,94.45137763,0,4.47,20.71736468,0.374289521
Lepa Rada,27.75793681,94.51473679,0,12.36,19.47401968,0.414487954
Lepa Rada,28.054897,94.48861871,0,3.65,18.14736164,0.389999901
Lohit,28.14434566,96.21574309,0,3.24,21.008436,0.460369863
Lohit,27.75618181,96.48544282,0,33.76,21.58403674,0.450462387
Lohit,27.94624445,96.54384145,0,18.52,21.57817755,0.448056465
Lohit,27.74503378,96.51885392,0,16.75,21.09266412,0.395662147
Lohit,27.81804171,96.45822322,0,21.88,20.56857211,0.43655713
Lohit,27.95559453,96.60228397,0,21.03,21.44305722,0.439204139
Lohit,27.8709459,96.2596445,0,0.15,20.69706079,0.403059717
Lohit,27.92223781,96.15097478,0,0.57,20.44968667,0.401378007
Lohit,27.81062839,96.12836936,0,0.26,22.69536309,0.423586328
Lohit,28.05754838,96.23226051,0,24.53,20.07891744,0.434321462
Lohit,28.065641,96.27129104,0,5.49,24.30269717,0.404070448
Lohit,27.92689794,96.53645663,0,5.64,21.1554155,0.453937808
Lohit,27.69772305,96.56479738,0,7.72,24.36970799,0.446871883
Lohit,27.83673751,96.29362108,0,0.1,20.17027507,0.419662391
Lohit,27.72537029,96.16953677,0,0.1,22.78117263,0.447792924
Lohit,27.7492443,96.42438391,0,29.58,21.84867727,0.409428428
Lohit,27.88658024,96.4807112,0,15.47,21.75050037,0.439036906
Lohit,27.68904328,96.14200047,0,0.93,22.1772049,0.395112949
Lohit,27.69810384,96.29364772,0,0.21,22.5346653,0.405475901
Lohit,27.71812291,96.46754449,0,12.51,23.32963365,0.414792099
Lohit,27.72106304,96.4112875,0,0.26,20.43999379,0.447041315
Lohit,27.95482248,96.49246944,0,15.37,22.44481101,0.384945045
Lohit,27.69767397,96.1832552,0,0.93,23.32165829,0.403617461
Lohit,27.96789144,96.16366614,0,0.93,24.05243531,0.39126234
Lohit,27.73042415,96.3455472,0,9.39,21.88161523,0.39265722
Lohit,27.78824625,96.18397177,0,0.05,20.15922058,0.413383022
Lohit,28.04449793,96.18724916,0,16.09,21.03580148,0.412630228
Lohit,28.03007671,96.13829057,0,6.81,22.89368965,0.459696065
Lohit,28.08125468,96.1853752,0,14.6,21.52038095,0.390410677
Lohit,27.78297629,96.23063597,0,0.26,21.17356845,0.385585669
Lohit,27.73532784,96.55874068,0,14.89,20.43571816,0.406134126
Lohit,28.04378519,96.58515788,0,16.51,22.30212454,0.451539144
Lohit,27.71006271,96.3696258,0,13.1,24.01580437,0.426095555
Lohit,27.8627915,96.59287894,0,28.16,20.56204194,0.461049855
Lohit,27.92299884,96.19725076,0,0.51,21.16634282,0.418330372
Lohit,27.87789366,96.5323684,0,17.45,22.28895492,0.414368262
Lohit,28.14528316,96.32124525,0,4.72,21.45870981,0.430395389
Lohit,28.18343615,96.16015748,0,10.58,20.17681777,0.386997994
Lohit,28.14431427,96.35563564,0,19.49,23.12058303,0.460276694
Lohit,27.79770053,96.42502855,0,9.54,23.69493769,0.461021277
Lohit,27.81767813,96.55234016,0,23.71,23.90270649,0.459123996
Lohit,28.15146986,96.60814568,0,22.93,20.59024556,0.393909516
Lohit,27.90370442,96.19735,0,0.1,20.93136987,0.415124007
Lohit,27.9861851,96.14570654,0,0.36,22.18996816,0.442693621
Lohit,27.77083517,96.19476464,0,0.1,23.21219592,0.43434013
Lohit,27.81395767,96.52688012,0,17.31,23.78213135,0.402038097
Lohit,27.81201724,96.17323636,0,0.21,22.0085102,0.4535081
Lohit,27.82811749,96.42579569,0,14.99,22.82331004,0.415537872
Lohit,27.77301869,96.16554043,0,0.1,20.66846832,0.433854001
Lohit,27.85995443,96.16886739,0,0.05,21.48333672,0.397187952
Longding,27.04607052,95.20142898,0,0.31,14.64758322,0.535388794
Longding,26.60581804,95.24091881,0,5.59,14.8770713,0.46280983
Longding,27.0329243,95.37285356,0,0.36,14.02112595,0.530915924
Longding,26.839757,95.19986552,0,6.97,15.03410166,0.44736455
Longding,26.79630167,95.45354502,0,12.51,12.74436158,0.494252209
Longding,27.0687429,95.41528238,0,0.57,13.23957418,0.473241936
Longding,26.99466055,95.34303641,0,0.87,12.63558093,0.443058481
Longding,26.68052109,95.47940154,0,4.26,12.44445789,0.475222494
Longding,27.01925451,95.2322247,0,6,14.94259473,0.530527022
Longding,26.98297144,95.36013572,0,6.86,13.98629951,0.492610313
Longding,26.97926032,95.12338073,0,0.36,14.48502371,0.493403789
Longding,26.78641418,95.19263837,0,4.52,14.64033664,0.448033735
Longding,26.70703266,95.44976098,0,15.32,13.81149192,0.440330088
Longding,26.75319452,95.41730405,0,11.53,13.82306579,0.533738879
Longding,26.86374704,95.16990508,0,14.31,14.15031171,0.478166727
Longding,27.02673952,95.1808177,0,0.51,13.18588298,0.479866992
Longding,26.64522624,95.56475462,0,11.08,12.61674802,0.465018683
Longding,26.88318643,95.13911455,0,1.7,12.41092396,0.448427542
Longding,27.05743348,95.23541468,0,0.46,12.76118384,0.531843623
Longding,26.62393469,95.41168185,0,10.93,13.55412357,0.498619552
Longding,26.89299915,95.17868165,0,5.18,13.68899044,0.536265793
Longding,27.01626099,95.39226622,0,3.29,14.90711112,0.442357866
Longding,26.60757035,95.43992139,0,7.88,14.35068568,0.44126917
Longding,26.69693513,95.49592086,0,12.31,12.5207765,0.442548102
Longding,27.06275756,95.30758711,0,0.82,13.07517037,0.527668962
Longding,26.77112604,95.47791148,0,5.44,13.08401138,0.46647768
Longding,26.94216395,95.23037555,0,1.03,14.08393895,0.461411192
Longding,26.61687745,95.36640745,0,5.39,12.83282349,0.508845171
Longding,26.70592724,95.30577207,0,2.42,14.90157382,0.444858065
Longding,27.08901999,95.32818316,0,5.03,14.15056885,0.467983557
Longding,27.00504078,95.15788506,0,0.31,14.70160611,0.504297739
Longding,26.65456332,95.20782206,0,4.88,14.66919828,0.509665018
Longding,26.96070975,95.29500151,0,1.85,13.49571942,0.447163773
Longding,26.60952703,95.57347741,0,2.31,13.39336039,0.453330104
Longding,26.80806791,95.49054841,0,2.93,14.31177388,0.536408787
Longding,27.06959851,95.20484097,0,0.31,14.50000175,0.518944472
Longding,26.77324785,95.42669364,0,13.58,14.36327214,0.47220652
Longding,26.72691314,95.54864036,0,0.51,14.40958937,0.519458898
Longding,26.65320018,95.47274706,0,19.44,12.4031651,0.45922778
Longding,26.72562224,95.38601411,0,21.34,13.75637214,0.473096589
Longding,26.96518092,95.27035381,0,2.78,13.05288993,0.505648717
Longding,26.94272456,95.17543284,0,11.62,14.14121203,0.443003542
Longding,27.02369475,95.29862363,0,7.22,12.39645941,0.523249337
Longding,26.88945028,95.11700473,0,6.25,13.61813445,0.532043642
Longding,27.08394283,95.17736761,0,0.05,13.80471536,0.477880756
Longding,26.75456986,95.53645267,0,11.13,14.56333028,0.470046074
Longding,27.02873469,95.42474291,0,3.75,13.58735413,0.501233178
Longding,26.67663158,95.15763576,0,1.49,12.45467673,0.477337014
Longding,26.67376633,95.53958708,0,22.19,14.61522565,0.518197617
Longding,27.06946539,95.52637579,0,1.13,12.8719184,0.479324668
Lower Dibang Valley,28.1937006,95.74189663,0,0.21,20.09489531,0.507105697
Lower Dibang Valley,28.43127068,95.73307181,0,20.99,19.536954,0.504722404
Lower Dibang Valley,28.45694383,95.62513912,0,11.28,18.08930034,0.52299094
Lower Dibang Valley,28.43552877,95.663221,0,16.89,17.74423098,0.496421151
Lower Dibang Valley,28.03298428,95.63161749,0,0.1,19.40616282,0.524402229
Lower Dibang Valley,28.30587464,95.85502971,0,14.6,16.89826001,0.435915265
Lower Dibang Valley,28.09817441,95.84184793,0,1.08,18.77348776,0.511724745
Lower Dibang Valley,28.47597573,95.6260746,0,23.19,20.11457121,0.49460242
Lower Dibang Valley,28.47118134,95.98902825,0,9.29,20.20983565,0.443659552
Lower Dibang Valley,28.06556609,95.64450534,0,0.51,18.05670004,0.481775792
Lower Dibang Valley,28.07055235,95.69746537,0,0.21,18.04950562,0.487845173
Lower Dibang Valley,28.49760335,95.64731276,0,0.87,17.6761479,0.453343854
Lower Dibang Valley,28.04626064,95.55290908,0,0.15,17.28864519,0.432428106
Lower Dibang Valley,28.11469824,95.669386,0,0.15,18.09510776,0.455100219
Lower Dibang Valley,28.00548683,95.60339447,0,0.36,17.73175976,0.496007654
Lower Dibang Valley,28.03213503,95.81667741,0,0.51,20.13301703,0.492321759
Lower Dibang Valley,28.01685486,95.98237972,0,0.51,17.86243184,0.486579056
Lower Dibang Valley,28.38783731,95.77311577,0,17.92,18.48498739,0.453877139
Lower Dibang Valley,28.11025628,95.80740656,0,0.98,19.80313403,0.454637712
Lower Dibang Valley,28.33859862,95.68796408,0,16.46,16.81014507,0.482593061
Lower Dibang Valley,28.47901357,95.91294981,0,13.34,20.03561261,0.520614712
Lower Dibang Valley,28.07578608,95.83387068,0,0.67,20.07913012,0.473637795
Lower Dibang Valley,28.45559618,95.52813692,0,34.57,18.66669735,0.439759857
Lower Dibang Valley,28.03796129,95.60649369,0,0.1,17.0550624,0.492855579
Lower Dibang Valley,28.32817061,95.85592164,0,22.85,17.04619117,0.506710625
Lower Dibang Valley,28.39074086,95.74175835,0,21.61,19.33381878,0.518134322
Lower Dibang Valley,28.41119201,95.72332262,0,30.47,19.01582446,0.492975102
Lower Dibang Valley,28.38774345,95.85792273,0,11.13,18.5199614,0.478933245
Lower Dibang Valley,28.14864865,95.97248616,0,14.75,18.29758905,0.444046768
Lower Dibang Valley,28.49307183,95.75782438,0,16.13,18.40311714,0.4440389
Lower Dibang Valley,28.49033415,95.95460422,0,7.67,19.18191671,0.439284043
Lower Dibang Valley,28.22509205,95.67152935,0,0.51,17.46887577,0.475628237
Lower Dibang Valley,28.44705215,95.71761583,0,26.13,18.30845544,0.50800119
Lower Dibang Valley,28.34883474,95.59948816,0,3.96,16.90354372,0.501517353
Lower Dibang Valley,28.19619772,95.97592028,0,2.42,18.48513548,0.521429154
Lower Dibang Valley,28.16978493,95.90159879,0,24.06,18.14167464,0.518718007
Lower Dibang Valley,28.18075934,95.57638836,0,0.51,20.19094113,0.509628621
Lower Dibang Valley,28.47086394,95.6496156,0,1.18,20.24938891,0.500713511
Lower Dibang Valley,28.04277632,95.98087539,0,1.18,19.06683445,0.491845741
Lower Dibang Valley,28.09260305,95.55492406,0,0.46,19.00024777,0.483010746
Lower Dibang Valley,28.32806036,95.65633942,0,23.46,18.41202318,0.478478097
Lower Dibang Valley,28.20204238,95.71206327,0,0.21,18.23622861,0.507976052
Lower Dibang Valley,28.05820099,95.79347146,0,0.51,20.21702496,0.437635348
Lower Dibang Valley,28.03009877,95.9279879,0,0.41,19.75862224,0.450495928
Lower Dibang Valley,28.12673062,95.63141684,0,0.31,18.38313386,0.431925858
Lower Dibang Valley,28.05171298,95.58115676,0,0.67,18.4241018,0.486582371
Lower Dibang Valley,28.18234353,95.94720173,0,14.36,16.90796217,0.467608176
Lower Dibang Valley,28.44167825,95.98190894,0,22.1,16.69546032,0.479037379
Lower Dibang Valley,28.32915049,95.54050885,0,8.23,17.1668788,0.525284792
Lower Dibang Valley,28.44740874,95.59026551,0,7.12,17.13823577,0.438698123
Lower Siang,27.53489292,95.00900447,0,0.1,19.18507525,0.439315987
Lower Siang,27.91591272,95.03247301,0,1.85,16.9346556,0.442305332
Lower Siang,27.87385733,94.57795883,0,9.24,19.26097052,0.373622555
Lower Siang,27.95967633,94.76549078,0,15.13,18.82295245,0.366641102
Lower Siang,27.88048836,94.65803183,0,20.49,17.43223151,0.379250021
Lower Siang,27.64538228,94.59516599,0,4.11,18.56576483,0.43450118
Lower Siang,27.75676691,95.05556348,0,0.05,19.71865964,0.435320799
Lower Siang,27.64431328,94.95493564,0,0.1,19.75868715,0.442214271
Lower Siang,27.57571093,94.98071415,0,0.1,17.42543242,0.3979006
Lower Siang,27.77542637,94.87509464,0,3.09,19.4536009,0.407681166
Lower Siang,27.63300893,94.78774562,0,0.1,18.11202204,0.441330316
Lower Siang,27.71784099,94.92881607,0,0.1,17.08320062,0.405145599
Lower Siang,27.78790781,94.89992843,0,11.72,18.76350289,0.371306976
Lower Siang,27.87652887,94.91801701,0,7.32,18.07296485,0.429964015
Lower Siang,27.51044158,94.73469988,0,0,18.82287845,0.366279375
Lower Siang,27.69515107,95.06760268,0,0.05,18.54397612,0.399798727
Lower Siang,27.53501258,94.73985714,0,0.46,17.82891161,0.402330132
Lower Siang,27.51895949,94.9370387,0,0,17.63464301,0.367010012
Lower Siang,27.5631721,94.61885375,0,0.05,18.65368868,0.38261808
Lower Siang,27.90880288,94.58777208,0,11.03,19.40482943,0.424599949
Lower Siang,27.9699027,94.63276371,0,8.28,19.65641587,0.412206724
Lower Siang,27.92827757,94.90519991,0,5.24,18.47074346,0.408476642
Lower Siang,27.59624226,94.62080319,0,0.41,19.2689658,0.379391895
Lower Siang,27.70976991,94.99003341,0,0.1,18.14183473,0.385729167
Lower Siang,27.85324947,94.94001232,0,1.49,19.00878667,0.427336503
Lower Siang,27.56637516,94.74037547,0,0,16.91971292,0.399642608
Lower Siang,27.58222829,94.77138784,0,0.05,19.35652209,0.403411698
Lower Siang,27.76066166,94.84672798,0,10.53,18.67481076,0.376963726
Lower Siang,27.55645807,95.06050123,0,0,19.16881492,0.439939742
Lower Siang,27.5079517,94.83307911,0,0,17.18050748,0.381402099
Lower Siang,27.93726862,94.7876973,0,24.19,18.83092472,0.380805034
Lower Siang,27.63837105,94.89392685,0,0,18.73574125,0.374483468
Lower Siang,27.61199992,94.59406117,0,0.93,18.38427755,0.443982906
Lower Siang,27.72199083,94.60901714,0,1.7,17.95916368,0.365537475
Lower Siang,27.66031534,94.62638667,0,17.92,19.81851208,0.409283357
Lower Siang,27.69894134,95.0438358,0,0.1,17.35839484,0.438589499
Lower Siang,27.98546482,94.75651418,0,13.92,18.73311116,0.441332601
Lower Siang,27.89405802,94.95751858,0,2.78,19.49930685,0.439911373
Lower Siang,27.71638893,95.02537598,0,0,17.84726924,0.380564692
Lower Siang,27.93261508,94.99138173,0,3.39,17.55531559,0.3728021
Lower Siang,27.69474269,94.86050761,0,0.1,17.01342757,0.381772265
Lower Siang,27.54259086,94.81141541,0,0.05,19.24569125,0.37081901
Lower Siang,27.87094943,94.99173225,0,2.83,19.4615579,0.381368179
Lower Siang,27.56601419,94.68814141,0,0.21,18.90381346,0.374025644
Lower Siang,27.87248601,94.63194483,0,3.03,16.70667565,0.418000616
Lower Siang,27.65852286,94.98096596,0,0,19.46197818,0.382804152
Lower Siang,27.63050975,94.63620521,0,4.37,19.40655175,0.422768549
Lower Siang,27.59572553,94.84349791,0,0.05,19.46735187,0.413531513
Lower Siang,27.80363332,94.59311597,0,6.05,19.92645748,0.419056077
Lower Siang,27.54336721,94.62886676,0,0.1,18.4614515,0.378497743
Lower Subansiri,27.47317078,93.72925164,0,10.33,15.50044768,0.390996893
Lower Subansiri,27.496957,93.94572579,0,5.34,15.15591068,0.423572222
Lower Subansiri,27.41072125,93.74805537,0,7.93,16.14943342,0.436240625
Lower Subansiri,27.38176133,94.07334605,0,1.39,16.62121035,0.381339553
Lower Subansiri,27.37101859,93.75817196,0,0.62,15.82178631,0.401655272
Lower Subansiri,27.86612036,94.08430938,0,12.56,15.50650772,0.413891707
Lower Subansiri,27.4761549,93.64229919,0,7.72,15.85450047,0.447843478
Lower Subansiri,27.43597099,93.67635167,0,1.75,17.13133782,0.404193246
Lower Subansiri,27.60904177,93.93560607,0,12.56,15.46761221,0.396233091
Lower Subansiri,27.87050722,93.76931031,0,21.74,16.31460249,0.431295459
Lower Subansiri,27.53791346,94.04752548,0,19.35,15.47699911,0.412383133
Lower Subansiri,27.47666101,94.04684733,0,13.83,15.13852072,0.438528466
Lower Subansiri,27.7129927,93.77715822,0,2.57,16.54398006,0.415490414
Lower Subansiri,27.48808071,93.83915129,0,9.19,15.24522033,0.408482029
Lower Subansiri,27.59363479,93.98363596,0,22.5,15.43978093,0.380503168
Lower Subansiri,27.40918364,93.88894553,0,0.51,15.92772239,0.444211341
Lower Subansiri,27.83990004,93.82357991,0,18.85,17.39050964,0.403173826
Lower Subansiri,27.78195395,93.88187022,0,18.29,16.12996873,0.418175183
Lower Subansiri,27.37844654,93.65852484,0,16.51,15.28426604,0.45314112
Lower Subansiri,27.52081948,94.10352671,0,2.21,15.92802388,0.43250154
Lower Subansiri,27.46457366,94.00172621,0,23.02,15.52940301,0.417650222
Lower Subansiri,27.71099885,93.8402303,0,16.23,16.67662383,0.400432967
Lower Subansiri,27.51092311,93.65708968,0,0.62,16.73525673,0.439781435
Lower Subansiri,27.60535682,93.7789537,0,7.83,16.68525974,0.423316207
Lower Subansiri,27.5054636,94.08428002,0,11.62,15.17354768,0.406559749
Lower Subansiri,27.7446026,93.86455723,0,26.33,14.90291378,0.436054408
Lower Subansiri,27.65898591,94.10019267,0,18.94,16.31829318,0.39106852
Lower Subansiri,27.57281643,93.768053,0,4.01,17.0942078,0.41041119
Lower Subansiri,27.73024718,93.72524406,0,5.18,15.74358927,0.408734575
Lower Subansiri,27.43761664,93.89482823,0,9.34,17.9029658,0.450819688
Lower Subansiri,27.66674512,93.70987441,0,0.1,17.7102518,0.458365601
Lower Subansiri,27.38067389,93.92616213,0,0.93,16.50250596,0.429250664
Lower Subansiri,27.40225706,94.03759705,0,18.66,17.44504778,0.429407237
Lower Subansiri,27.6831889,93.99769513,0,10.83,15.14499133,0.420494944
Lower Subansiri,27.73278715,93.89543462,0,4.16,15.30372124,0.409756804
Lower Subansiri,27.56355401,93.889757,0,9.69,17.35282921,0.449780121
Lower Subansiri,27.69961344,93.74662724,0,12.9,17.78701221,0.399019017
Lower Subansiri,27.44437309,93.97678326,0,15.08,17.56621888,0.423119042
Lower Subansiri,27.64830857,93.71224859,0,7.22,15.37989342,0.391770763
Lower Subansiri,27.41340582,93.77256674,0,5.85,15.09633947,0.384924776
Lower Subansiri,27.57847361,93.81641575,0,4.11,17.37404517,0.447726989
Lower Subansiri,27.63979591,94.07228102,0,1.49,15.44588195,0.449370002
Lower Subansiri,27.37733011,93.95363217,0,5.24,17.15871307,0.40664037
Lower Subansiri,27.84361882,93.64268754,0,5.69,18.07273998,0.384977839
Lower Subansiri,27.51859375,93.84926068,0,1.54,15.05660169,0.424071235
Lower Subansiri,27.39670992,93.66718162,0,5.08,16.76492876,0.388405591
Lower Subansiri,27.51855813,93.92908093,0,1.65,16.67090541,0.423219284
Lower Subansiri,27.58195531,93.70256923,0,0.26,15.59447871,0.44666156
Lower Subansiri,27.59843614,93.74043739,0,16.75,17.24719459,0.41728878
Lower Subansiri,27.53794044,93.8447631,0,1.85,16.69948787,0.391796791
Morigaon,26.2423728,92.22595159,0,0.05,16.87265929,0.450299925
Morigaon,26.42846142,92.08529562,0,0,15.29221388,0.531745718
Morigaon,26.42437237,91.85080154,0,0.1,15.22473787,0.526422493
Morigaon,26.49080969,91.87770934,0,0.31,14.11551433,0.494157594
Morigaon,26.33595128,91.89066945,0,0.1,15.39771539,0.497691379
Morigaon,26.27911742,91.88732689,0,0,14.38617872,0.460751456
Morigaon,26.16910811,92.15700507,0,0.15,13.96773454,0.533303356
Morigaon,26.45440988,91.8649733,0,0.15,15.32267975,0.516987155
Morigaon,26.24684698,92.15778492,0,0.05,14.21619091,0.440735024
Morigaon,26.40583208,92.00494914,0,0.05,14.77938045,0.528180373
Morigaon,26.43514899,92.21053004,0,0,15.16569463,0.513706409
Morigaon,26.43857385,91.89210766,0,0.1,14.85861283,0.523004025
Morigaon,26.47924179,92.07171873,0,0,16.92811242,0.503374844
Morigaon,26.48317014,91.99591232,0,0,15.36382521,0.468017374
Morigaon,26.41806075,91.94855799,0,0.41,16.96419689,0.471368628
Morigaon,26.46451339,91.82390245,0,0.05,15.45889675,0.505307482
Morigaon,26.38570433,92.1152331,0,0.05,15.70039972,0.482873837
Morigaon,26.37370408,91.96974862,0,0,14.66388744,0.524996636
Morigaon,26.32199936,92.19094526,0,0,16.30428242,0.515862042
Morigaon,26.3827199,92.22010722,0,0,15.00057919,0.464547918
Morigaon,26.33372212,92.14019889,0,0.15,16.20611854,0.500330911
Morigaon,26.49517482,92.13206629,0,0.26,14.55654572,0.486593186
Morigaon,26.48073096,92.21633659,0,0.05,15.49034981,0.452832297
Morigaon,26.47640666,91.73962723,0,0.1,14.43023006,0.501189649
Morigaon,26.21285723,92.21449438,0,0,15.39956715,0.50260993
Morigaon,26.17670713,92.19097877,0,0.05,16.20455456,0.511501651
Morigaon,26.46271077,92.03677633,0,0,16.42404933,0.52798631
Morigaon,26.23560904,91.82003364,0,0.46,14.64373878,0.505550457
Morigaon,26.49700171,92.05014718,0,0.26,16.58534854,0.511382189
Morigaon,26.04573335,91.93689722,0,2.83,16.89005145,0.470170013
Morigaon,26.33674152,92.1140062,0,0,14.85400405,0.44268739
Morigaon,26.11410046,92.2252461,0,9.29,14.25726383,0.529312377
Morigaon,26.45928667,92.19080459,0,0.05,15.98300088,0.484222998
Morigaon,26.29348196,92.02715539,0,0,15.99926501,0.482067036
Morigaon,26.25645408,91.87487105,0,0,14.83942834,0.516694784
Morigaon,26.49670815,91.91319747,0,0.05,13.90173651,0.44791339
Morigaon,26.00929745,92.14515192,0,1.13,15.52966847,0.506023079
Morigaon,26.00865521,92.10946516,0,4.88,16.97496248,0.51644749
Morigaon,26.47701061,91.80209216,0,0,14.09925858,0.472328073
Morigaon,26.33463127,92.17279013,0,0,15.18262134,0.461447744
Morigaon,26.47273052,92.10201233,0,0.26,16.57840469,0.474304765
Morigaon,26.1964095,92.19929578,0,0.26,14.5230646,0.487979376
Morigaon,26.41889551,91.76584522,0,0.21,15.93031299,0.453540617
Morigaon,26.39176947,92.16695511,0,0,15.17524538,0.481330711
Morigaon,26.41621954,92.05015519,0,0.05,13.95739848,0.500278243
Morigaon,26.49431759,91.97788094,0,0.05,14.3949878,0.47968314
Morigaon,26.21062456,92.04651725,0,0.05,15.41992946,0.466005128
Morigaon,26.31014023,92.14866258,0,0.1,15.25327462,0.437858439
Morigaon,26.37014693,91.76199214,0,0,16.52289864,0.445445498
Morigaon,26.35606337,92.02524049,0,0.21,16.35154365,0.438180194
Nagaon,26.34796205,92.71861,0,0.1,14.00772435,0.469583002
Nagaon,26.2105029,92.50860256,0,0.05,15.30485005,0.482653059
Nagaon,26.09936791,92.5206732,0,1.75,13.30656898,0.451973476
Nagaon,26.13991092,92.4884624,0,1.7,14.98916336,0.487149737
Nagaon,26.3237569,92.71438981,0,0.05,13.77776373,0.465738286
Nagaon,26.26503257,92.39872559,0,0.05,13.55181203,0.525343728
Nagaon,25.98937261,92.42797898,0,1.65,13.96035874,0.481832075
Nagaon,26.22075624,92.78629715,0,0.1,15.11198567,0.444880756
Nagaon,26.04138582,92.56285256,0,2.31,14.56846969,0.493670868
Nagaon,26.46737899,92.42674044,0,0.05,14.282315,0.491340425
Nagaon,26.39090223,92.74207134,0,0.41,14.89271467,0.497313215
Nagaon,26.26014882,92.48123721,0,0.36,13.66685883,0.454044597
Nagaon,26.05724183,92.51909067,0,2.01,13.33085466,0.510422637
Nagaon,26.32189957,92.57183307,0,0.57,13.19773936,0.443323045
Nagaon,26.0110265,92.70861554,0,0,13.73847518,0.509595515
Nagaon,26.06934921,92.81257534,0,0.26,13.06336536,0.499975239
Nagaon,26.29596799,92.47297418,0,0.41,13.29239032,0.531392613
Nagaon,26.33782002,92.6470578,0,0,12.75628974,0.501759709
Nagaon,26.15688696,92.58603931,0,0.05,12.65233222,0.487718716
Nagaon,26.41404107,92.57598992,0,0.15,14.07346108,0.484722331
Nagaon,26.22948144,92.50239728,0,0.05,14.78947496,0.479342433
Nagaon,26.36095754,92.59555955,0,0.05,14.38950346,0.511916394
Nagaon,25.98922004,92.8189978,0,0.36,13.00499353,0.507207842
Nagaon,26.1081875,92.75008446,0,0.26,14.92581638,0.444882479
Nagaon,26.010007,92.66100078,0,0.05,15.00451246,0.492945916
Nagaon,26.29083815,92.40334597,0,0.21,14.93190155,0.512896886
Nagaon,26.19714162,92.56973495,0,0.15,12.86545174,0.487090587
Nagaon,26.45195717,92.81419784,0,0.1,12.86879738,0.484902207
Nagaon,26.27004636,92.73523543,0,0.46,15.21940435,0.518759551
Nagaon,26.12351705,92.53501448,0,0.05,13.89512858,0.528586492
Nagaon,26.34857095,92.43623751,0,0.05,15.18609063,0.528601517
Nagaon,25.97153619,92.43667902,0,9.54,13.8880694,0.519080087
Nagaon,25.99938369,92.88342472,0,0,12.9808902,0.445282779
Nagaon,26.45351189,92.4561713,0,0.21,14.9014956,0.530877933
Nagaon,26.14542045,92.61367111,0,0.05,14.6227255,0.51240278
Nagaon,26.18989174,92.42401982,0,0,13.180922,0.479220798
Nagaon,26.28767786,92.65471066,0,0.36,15.11931064,0.525294904
Nagaon,26.22854063,92.67605229,0,0.31,13.50732027,0.483383254
Nagaon,26.13203291,92.5866691,0,0,12.62674257,0.504143011
Nagaon,26.03672897,92.81756867,0,0.05,13.95814347,0.468505791
Nagaon,26.29863682,92.81155443,0,0.26,14.04897357,0.459972249
Nagaon,26.07164281,92.78202118,0,0.1,12.81407016,0.479857092
Nagaon,26.44386123,92.86566915,0,0,14.57630687,0.509589813
Nagaon,26.44163075,92.66898954,0,0.21,13.40171372,0.509454999
Nagaon,26.0563037,92.70682217,0,0.15,14.91808295,0.520823462
Nagaon,26.21276622,92.43628508,0,0.05,13.38124396,0.461956777
Nagaon,26.34222937,92.86153543,0,0.1,12.67779752,0.483825047
Nagaon,26.36040983,92.41076414,0,0,13.73086674,0.439659918
Nagaon,26.03990835,92.85784142,0,0,12.66376247,0.452925319
Nagaon,26.1927676,92.47543905,0,0.41,15.06987114,0.510059996
Pakke Kessang,27.45931734,93.14238339,0,5.8,14.19575896,0.382905152
Pakke Kessang,27.0685684,93.20287833,0,26.09,15.06629768,0.446856514
Pakke Kessang,27.24951786,92.97812875,0,4.98,14.3958371,0.43144724
Pakke Kessang,27.38412244,93.29231056,0,11.13,14.47111745,0.405100791
Pakke Kessang,27.07990972,93.18015383,0,10.88,14.68945186,0.393590596
Pakke Kessang,27.24003065,93.24134156,0,0.1,13.58386843,0.418095566
Pakke Kessang,27.45162841,93.26198036,0,8.33,13.18477689,0.42774444
Pakke Kessang,27.18897272,93.30196477,0,5.85,13.39804457,0.396986517
Pakke Kessang,27.12175577,93.19782383,0,6.31,12.76339283,0.429793067
Pakke Kessang,27.1566083,93.28517452,0,7.78,14.55345459,0.418888205
Pakke Kessang,27.21567982,92.95491152,0,20.13,13.66768116,0.414663672
Pakke Kessang,27.16014268,93.20817302,0,8.53,13.17809855,0.372049459
Pakke Kessang,27.18837227,92.87947343,0,26,14.14511107,0.372792426
Pakke Kessang,27.33484355,93.20278148,0,7.02,12.90807312,0.422156029
Pakke Kessang,27.03922126,92.99425748,0,2.83,14.97129572,0.442721922
Pakke Kessang,27.17779489,93.25124398,0,8.53,14.14685621,0.396929151
Pakke Kessang,27.35839013,93.17410668,0,8.13,14.51192131,0.409211342
Pakke Kessang,26.98711465,93.23117219,0,0.46,15.31152381,0.41614959
Pakke Kessang,26.97234241,92.95735681,0,2.98,13.09043361,0.390338759
Pakke Kessang,27.3462064,92.84329497,0,20.72,12.87430852,0.428514907
Pakke Kessang,27.10815351,93.10579227,0,16.89,12.86795746,0.41509328
Pakke Kessang,26.96541833,92.84816743,0,2.78,13.33275902,0.435478509
Pakke Kessang,27.36006701,93.13372574,0,2.16,14.96643596,0.409477985
Pakke Kessang,26.96944764,92.9174547,0,2.47,14.92516401,0.370444266
Pakke Kessang,27.06275419,92.98490426,0,4.67,14.23985451,0.389505038
Pakke Kessang,27.0074225,93.1798961,0,3.55,14.43325318,0.403186084
Pakke Kessang,27.25322297,93.1971931,0,7.42,13.10914349,0.420191845
Pakke Kessang,27.40943312,93.30318115,0,5.85,13.2508767,0.43344735
Pakke Kessang,27.01235169,93.25967994,0,3.65,14.82119279,0.418108473
Pakke Kessang,27.31236787,93.32917892,0,4.37,13.63718339,0.429593702
Pakke Kessang,27.0313759,93.33700762,0,1.65,14.37859024,0.403350103
Pakke Kessang,27.10502108,92.9987726,0,6.1,15.17937195,0.441730424
Pakke Kessang,27.07179597,93.0552794,0,18.57,14.74141888,0.403824543
Pakke Kessang,27.01900116,92.85147876,0,1.24,14.68817501,0.408657974
Pakke Kessang,27.33449238,92.89215877,0,4.93,13.90715005,0.395681133
Pakke Kessang,27.0795602,92.84476588,0,14.22,14.00340462,0.434683442
Pakke Kessang,27.16261745,92.97049317,0,16.61,14.057286,0.452218062
Pakke Kessang,26.9789156,93.3288691,0,10.83,14.79854669,0.396178978
Pakke Kessang,27.08112212,93.3025483,0,17.97,13.76760755,0.41693424
Pakke Kessang,27.37821774,93.10671995,0,7.07,14.87448242,0.386382985
Pakke Kessang,27.17615699,92.93640772,0,24.53,13.81532474,0.405820327
Pakke Kessang,27.44550949,93.22146748,0,21.57,15.18795157,0.417815331
Pakke Kessang,27.455276,93.30531893,0,14.31,14.29982454,0.398163631
Pakke Kessang,26.96688282,93.17733589,0,0.1,13.25966091,0.384995936
Pakke Kessang,27.06605298,93.27251638,0,22.45,12.66247998,0.371530022
Pakke Kessang,27.13141692,93.06178456,0,14.55,14.93402865,0.440444176
Pakke Kessang,27.29359547,93.31189285,0,10.73,14.58469439,0.382974333
Pakke Kessang,27.24962473,93.26398953,0,23.5,15.2342068,0.408092019
Pakke Kessang,26.98532381,93.05733716,0,1.34,14.57433793,0.436985763
Pakke Kessang,27.29398244,92.86170876,0,21.88,13.14433707,0.386200546
Papum Pare,27.33535288,93.59402172,0,11.38,14.7389859,0.503872465
Papum Pare,27.34869748,93.72961224,0,14.02,15.14533928,0.477985734
Papum Pare,27.35812679,93.93673636,0,16.42,13.85052602,0.480645059
Papum Pare,27.34547519,93.55318586,0,5.85,15.40627768,0.491897654
Papum Pare,27.25045465,93.93464093,0,2.62,14.86912104,0.474846688
Papum Pare,27.42589947,93.55932601,0,4.78,16.3991191,0.460358688
Papum Pare,27.43305563,93.63629512,0,9.69,15.37089003,0.452004681
Papum Pare,26.99648742,93.59020975,0,4.01,15.85971024,0.47485135
Papum Pare,27.00699379,93.93558275,0,0.26,15.5160222,0.474527472
Papum Pare,27.37700499,93.87889208,0,26,15.21292944,0.479470824
Papum Pare,27.10974694,93.94471115,0,0,13.82541089,0.500705542
Papum Pare,27.21321079,93.85251564,0,0.67,14.51284677,0.529803074
Papum Pare,27.41871959,93.86525913,0,32.89,16.30867648,0.445868646
Papum Pare,27.30533024,93.93495613,0,1.44,14.71421483,0.514429655
Papum Pare,27.40615575,93.54365456,0,17.17,14.24496754,0.49951655
Papum Pare,27.11237692,93.48274779,0,15.94,13.9158578,0.519696942
Papum Pare,27.03319473,93.87571353,0,0.31,15.57455116,0.513798111
Papum Pare,27.15928066,93.59499943,0,14.99,15.8520122,0.506921545
Papum Pare,27.37263059,93.58374777,0,6.05,14.08347754,0.462079082
Papum Pare,27.01367314,93.45130713,0,7.78,16.83601573,0.480029852
Papum Pare,27.39783911,93.78724098,0,6.66,16.33027714,0.517149479
Papum Pare,27.41768559,93.51174944,0,9.03,15.17654584,0.478467235
Papum Pare,27.15603319,93.57387516,0,9.03,15.31103873,0.488608517
Papum Pare,27.13920721,93.53321162,0,10.63,16.15809294,0.526166569
Papum Pare,26.97883429,93.61749423,0,0.46,14.65133993,0.44751546
Papum Pare,27.1634482,93.51478598,0,2.31,16.18064729,0.501773209
Papum Pare,26.95450981,93.84220436,0,0.05,15.68526105,0.526035139
Papum Pare,27.04294052,93.70389077,0,4.83,14.45863462,0.488232086
Papum Pare,27.32852627,93.63499773,0,6.2,15.67622647,0.513884554
Papum Pare,27.32486103,93.73437249,0,22.76,15.0645052,0.488756993
Papum Pare,27.29728219,93.59005415,0,1.39,15.88814695,0.537415179
Papum Pare,27.33699674,93.65292381,0,15.23,16.01388569,0.472256994
Papum Pare,27.16375829,93.91566556,0,0.21,13.89058008,0.452000802
Papum Pare,26.99198704,93.85000534,0,0,15.7949522,0.47979927
Papum Pare,27.13559275,93.46419197,0,4.42,14.97963212,0.513316287
Papum Pare,27.41321841,93.64405179,0,11.33,15.34830371,0.481931096
Papum Pare,27.20853757,93.88725034,0,1.9,16.261304,0.530236514
Papum Pare,27.27833083,93.86547433,0,4.67,15.29411737,0.497934679
Papum Pare,27.13550495,93.87508605,0,0.57,16.03946379,0.533939676
Papum Pare,27.40730757,93.82856536,0,6.05,15.58086839,0.478503489
Papum Pare,27.38364931,93.82561971,0,29.04,15.26543349,0.449062383
Papum Pare,27.21069306,93.94285687,0,0,14.38741056,0.458258397
Papum Pare,27.17834537,93.5567059,0,17.41,16.12520475,0.449004172
Papum Pare,27.05373088,93.87254001,0,0.26,14.9533692,0.450589701
Papum Pare,27.13378392,93.55894381,0,3.65,16.23870487,0.516420919
Papum Pare,27.40275506,93.58219291,0,5.64,15.6793003,0.475908465
Papum Pare,27.10427519,93.507686,0,14.94,15.53031564,0.500831845
Papum Pare,27.03451576,93.74048056,0,1.44,16.50783188,0.471567106
Papum Pare,27.0875033,93.90454739,0,0.1,16.20377045,0.536200408
Papum Pare,27.28129732,93.67717523,0,10.38,15.48240533,0.497390224
Shi-Yomi,28.4479924,94.21349271,0,12.71,23.51830555,0.402446343
Shi-Yomi,28.21939988,94.09484265,0,7.52,20.63815175,0.425918246
Shi-Yomi,28.43749273,94.17154863,0,15.37,21.0254019,0.400480536
Shi-Yomi,28.10193056,94.07470329,0,25.75,22.68834162,0.379274685
Shi-Yomi,28.35797239,94.16240297,0,24.87,23.10636884,0.393335414
Shi-Yomi,28.16645321,94.30025405,0,17.08,23.75492455,0.428289019
Shi-Yomi,28.24046533,94.07725178,0,28.2,20.77638945,0.386058593
Shi-Yomi,28.03215903,94.35721744,0,9.74,20.84601589,0.377663966
Shi-Yomi,28.27294577,94.32875932,0,15.8,23.11521908,0.384517804
Shi-Yomi,28.057148,94.43932268,0,18.76,21.65185234,0.417976032
Shi-Yomi,28.30401422,94.38698414,0,12.12,21.7973148,0.402894832
Shi-Yomi,28.42110667,94.23899421,0,5.29,22.87257953,0.405918649
Shi-Yomi,28.39475086,94.14504464,0,17.36,22.2189201,0.451113012
Shi-Yomi,28.50143367,94.20390899,0,16.94,21.19319228,0.43938509
Shi-Yomi,28.13664183,94.13856549,0,2.37,21.37005151,0.377811152
Shi-Yomi,28.2760788,94.4622741,0,18.39,22.68101408,0.44802526
Shi-Yomi,28.23127929,94.12644372,0,8.08,22.98464932,0.420873915
Shi-Yomi,28.35594594,94.13698315,0,24.91,24.23537479,0.396321694
Shi-Yomi,28.24451942,94.28488926,0,15.23,24.34743475,0.398757188
Shi-Yomi,28.00926416,94.35451925,0,21.88,23.90305675,0.414010003
Shi-Yomi,28.46244388,94.24777118,0,0.57,20.61658032,0.398065075
Shi-Yomi,28.16581955,94.2796657,0,14.31,22.73660805,0.384452301
Shi-Yomi,28.44711034,94.51603186,0,3.34,24.60029612,0.432859176
Shi-Yomi,28.06596592,94.12178007,0,0.36,22.96015542,0.436978823
Shi-Yomi,28.38428959,94.33210671,0,19.67,24.71561325,0.40933705
Shi-Yomi,28.47157453,94.41054918,0,13.2,24.2632767,0.409486365
Shi-Yomi,28.40687417,94.05833431,0,8.93,24.87586997,0.406702162
Shi-Yomi,28.41843259,94.40699927,0,14.6,22.0237564,0.452174004
Shi-Yomi,28.35369898,94.30755951,0,22.89,24.91321222,0.457900866
Shi-Yomi,28.11797099,94.12907535,0,6.2,23.93135423,0.378309537
Shi-Yomi,28.12159829,94.39053815,0,3.09,21.13671728,0.398398729
Shi-Yomi,28.05238937,94.28832362,0,9.08,23.97255516,0.405979567
Shi-Yomi,28.49705247,94.49352453,0,17.97,20.91270602,0.418571991
Shi-Yomi,28.22519549,94.03696309,0,34.22,21.73411548,0.398088354
Shi-Yomi,28.3013547,94.49258397,0,24.4,23.03615752,0.440587285
Shi-Yomi,28.01811714,94.14453333,0,4.78,22.93731481,0.376513123
Shi-Yomi,28.38501279,94.42567941,0,19.17,21.96052003,0.390924993
Shi-Yomi,28.44037625,94.45146022,0,9.49,22.5915367,0.398354702
Shi-Yomi,28.1758013,94.16191653,0,2.37,21.08071096,0.403385822
Shi-Yomi,28.42487985,94.10327999,0,21.74,20.89217635,0.391536526
Shi-Yomi,28.33507221,94.31579742,0,3.6,22.95717244,0.418406477
Shi-Yomi,28.12093166,94.20951637,0,16.09,24.87134546,0.443545634
Shi-Yomi,28.3601617,94.22909015,0,4.62,23.867152,0.377101346
Shi-Yomi,28.12554013,94.33263259,0,14.6,24.18991026,0.409622765
Shi-Yomi,28.07683422,94.40383247,0,2.78,22.8573246,0.408236248
Shi-Yomi,28.29099679,94.22405428,0,3.29,22.29998315,0.404531786
Shi-Yomi,28.33396656,94.40190007,0,3.29,22.67872563,0.456362941
Shi-Yomi,28.12470817,94.41448026,0,19.44,22.33492234,0.451267708
Shi-Yomi,28.19292472,94.09710243,0,14.17,22.99536416,0.414322097
Shi-Yomi,28.20615065,94.46261634,0,2.21,24.66936738,0.435920083
Siang,28.38462054,95.0060131,0,9.54,20.83040748,0.374061267
Siang,28.38957296,94.78862664,0,18.01,23.5257202,0.435834821
Siang,27.97875212,94.94372756,0,11.43,22.49699613,0.412693584
Siang,28.3550535,94.88761939,0,8.68,21.58835871,0.412740614
Siang,28.02423455,94.97925058,0,23.84,24.44921851,0.390097307
Siang,28.32242483,94.75877865,0,9.29,21.6663306,0.379762984
Siang,28.36547199,94.73373571,0,17.08,20.79845275,0.427715087
Siang,28.04194855,94.73617308,0,7.72,22.22778839,0.37728263
Siang,28.33659777,94.79019123,0,23.76,22.42777953,0.448615482
Siang,28.41757354,95.00427765,0,7.62,23.43811279,0.451678394
Siang,28.04922579,94.71623958,0,14.12,23.79328078,0.447244735
Siang,28.39495169,94.81301596,0,9.54,24.07012703,0.437019845
Siang,28.28582027,94.59442422,0,8.63,22.23249072,0.434429429
Siang,28.40825765,94.76566928,0,11.53,22.73337175,0.383356236
Siang,28.18503221,94.6210106,0,5.8,22.52305827,0.394903332
Siang,28.26871161,94.63663953,0,4.62,23.74399284,0.384936025
Siang,28.10704412,94.99829024,0,6.41,23.80316874,0.372576076
Siang,28.43177567,94.91967684,0,26.29,20.76755862,0.372875077
Siang,28.04713042,94.79099338,0,6.56,21.7115776,0.374041072
Siang,28.0009283,94.98797666,0,2.37,24.00651647,0.393602429
Siang,28.37261694,94.76829747,0,6.86,23.24567489,0.448874367
Siang,28.40870905,94.84198552,0,13.15,23.69734795,0.419056817
Siang,28.25996887,94.67887486,0,1.7,22.92587753,0.420539194
Siang,28.07319752,94.70507341,0,7.72,22.61442444,0.411944027
Siang,28.0486003,95.02923826,0,12.76,23.83275733,0.431142713
Siang,28.00570357,94.96400974,0,25.71,21.47243317,0.452856028
Siang,28.27749079,95.06572156,0,1.18,23.80836996,0.400667949
Siang,28.21860039,94.63854192,0,1.49,21.52104484,0.437981938
Siang,28.420407,95.04844101,0,15.37,21.52524253,0.421926074
Siang,28.3906322,94.59069659,0,23.11,24.74719528,0.384988586
Siang,28.2546439,94.79724609,0,24.61,23.90349472,0.423802983
Siang,28.23205129,95.05374077,0,19.81,23.7797352,0.380260124
Siang,28.24691751,94.75948977,0,22.8,24.27814415,0.443652649
Siang,28.42042414,95.08413352,0,0.67,21.18587451,0.414779463
Siang,28.32956217,95.04989163,0,11.33,24.71171798,0.38933116
Siang,28.39276404,94.90004699,0,16.75,24.84003862,0.426415902
Siang,28.09456177,94.89309364,0,19.26,24.00838126,0.380096007
Siang,28.37598193,94.62166885,0,9.79,20.95996352,0.408483926
Siang,28.07398398,94.97720675,0,8.28,23.0002317,0.40133908
Siang,28.10295582,94.94032601,0,14.94,23.14093935,0.434240176
Siang,27.94955091,94.84031114,0,5.64,23.00799967,0.377049072
Siang,28.41135796,94.7400213,0,19.26,24.22682468,0.417663734
Siang,28.08467203,94.82702769,0,2.16,23.82109823,0.388071647
Siang,28.32427611,94.83296561,0,3.34,21.93313697,0.394818875
Siang,28.30837632,94.59655108,0,9.99,22.65086584,0.37830129
Siang,28.31006529,94.80182889,0,15.27,20.58731241,0.445000469
Siang,28.28057234,94.76395093,0,2.16,24.13437093,0.426888319
Siang,28.17033838,94.89036529,0,8.68,22.48262342,0.394523387
Siang,28.43038929,94.84098064,0,25.63,24.08624785,0.400658179
Siang,28.40105263,94.94815007,0,9.64,24.16816865,0.422975485
Sonitpur,27.11979046,92.93429096,0,4.57,14.91491067,0.382044651
Sonitpur,26.81278977,92.73848409,0,0.1,14.22097557,0.400745918
Sonitpur,26.70187006,93.04356826,0,0.21,15.19696811,0.437245933
Sonitpur,26.8540187,92.75599248,0,0.21,14.75105264,0.414528228
Sonitpur,27.0204337,93.0817358,0,5.54,16.62249235,0.407430583
Sonitpur,27.08110972,92.95504103,0,2.01,14.66682515,0.365908474
Sonitpur,26.8992962,93.0368929,0,1.6,15.60096637,0.419919281
Sonitpur,27.11686504,92.97503288,0,15.51,16.1317129,0.433659896
Sonitpur,26.8280554,92.64760083,0,0.1,15.11188731,0.392226548
Sonitpur,27.15546841,92.80815517,0,11.48,15.51640719,0.415285744
Sonitpur,27.0436798,92.93345174,0,10.58,14.16682898,0.418584259
Sonitpur,26.87211787,93.00022517,0,0.21,14.48903412,0.443743947
Sonitpur,26.78090317,92.68154958,0,0.05,16.91515159,0.412406425
Sonitpur,27.03939856,92.70363407,0,1.8,16.7037975,0.39002234
Sonitpur,26.71089931,92.70864841,0,0.21,15.54776655,0.423941155
Sonitpur,26.71942288,92.63995051,0,0.05,14.55724912,0.383677286
Sonitpur,26.78956531,92.94358305,0,0.46,14.6360684,0.397856165
Sonitpur,26.82239561,92.87048338,0,0.15,14.79871153,0.414145441
Sonitpur,26.91450883,92.92917236,0,0.1,16.84201626,0.369975983
Sonitpur,26.99164977,92.72516794,0,0.57,17.04800875,0.379466033
Sonitpur,26.91582302,92.65217373,0,0,15.74851482,0.370795097
Sonitpur,26.82145487,93.00208578,0,0.15,16.48515306,0.440714897
Sonitpur,26.96112228,92.93559872,0,1.75,14.59303363,0.366442592
Sonitpur,26.72115848,92.80233294,0,0.05,16.39222702,0.371940291
Sonitpur,26.86626956,92.70148529,0,0.05,16.89168511,0.392999481
Sonitpur,26.91152759,92.96906362,0,0.1,16.08025321,0.408448322
Sonitpur,26.7627519,92.5879748,0,0.05,17.13924957,0.423380289
Sonitpur,26.77301979,92.84690148,0,0.05,15.93560923,0.420013041
Sonitpur,26.96607909,92.78801869,0,0.36,17.00386114,0.379080364
Sonitpur,26.89208859,92.96314688,0,0.26,15.08570843,0.389531954
Sonitpur,26.72470792,92.93847981,0,0.41,15.92398101,0.42673188
Sonitpur,27.00881694,92.69592143,0,0.1,14.48767548,0.426785362
Sonitpur,27.11265233,92.90025751,0,6.81,15.49143231,0.401504648
Sonitpur,26.84574598,92.95845583,0,0.1,16.3269822,0.37072319
Sonitpur,27.16942444,92.77809286,0,2.16,16.50967179,0.404235358
Sonitpur,26.98485532,92.89323066,0,0.67,15.28828832,0.403247858
Sonitpur,26.69374445,92.8635843,0,0.05,14.68830186,0.40949331
Sonitpur,27.05777058,92.7420627,0,1.13,15.9826512,0.383810261
Sonitpur,26.72711509,93.02158223,0,0,15.54667341,0.410229258
Sonitpur,27.0380576,93.07072655,0,6.15,17.22245245,0.427819579
Sonitpur,26.75357748,92.75622798,0,0.67,15.55847899,0.425858205
Sonitpur,26.91758249,93.03268767,0,4.88,17.06087364,0.389434006
Sonitpur,26.70208464,92.74309679,0,0.21,16.57296814,0.371677319
Sonitpur,26.81537584,92.71178578,0,0,16.09044736,0.436945907
Sonitpur,26.77369955,92.64603524,0,0.05,14.56771869,0.410777651
Sonitpur,26.78565784,92.75373505,0,0.51,15.49420017,0.431616893
Sonitpur,27.06264019,92.9054701,0,9.03,15.43729664,0.391930123
Sonitpur,26.7929255,92.7779853,0,0.05,16.82945659,0.430686156
Sonitpur,26.86842427,92.93828042,0,0.21,14.7854385,0.378266822
Sonitpur,27.17670935,92.90708656,0,15.37,16.49077913,0.419701277
Tawang,27.45258081,91.67275946,0,26.42,11.37329898,0.401466705
Tawang,27.68140761,91.7032022,0,28.04,10.40981571,0.416146869
Tawang,27.66354929,91.78624572,0,16.42,9.582710084,0.412667369
Tawang,27.67771201,92.07774033,0,19.81,10.2279083,0.380676699
Tawang,27.67004361,91.92555719,0,9.99,10.91318948,0.375518397
Tawang,27.65795812,92.12916477,0,27.28,10.03301048,0.375963426
Tawang,27.83214343,92.12188528,0,2.11,9.980224247,0.376034932
Tawang,27.33881732,91.97120865,0,0.72,9.978043052,0.380763841
Tawang,27.38876568,91.97952281,0,17.64,10.90854296,0.378397129
Tawang,27.39918298,91.79264287,0,19.31,9.853492333,0.43462504
Tawang,27.7866721,91.72021631,0,29.78,11.07717438,0.379490957
Tawang,27.46346939,91.79237308,0,10.33,10.81272763,0.443897018
Tawang,27.72682,91.8612938,0,13.15,9.681913217,0.379847119
Tawang,27.59932321,91.66693509,0,15.66,9.470193185,0.441106975
Tawang,27.66728762,91.6377448,0,2.93,10.22910571,0.375754114
Tawang,27.44319659,91.99649893,0,25.25,10.21884912,0.387497816
Tawang,27.68292521,91.6529071,0,17.03,11.11924034,0.418310977
Tawang,27.50161834,91.75039074,0,8.03,10.00159898,0.392649865
Tawang,27.73167354,91.96155328,0,4.67,9.437012842,0.389033
Tawang,27.43508177,91.75229524,0,20.49,10.25740502,0.396222459
Tawang,27.63531441,91.69816994,0,12.07,10.61519129,0.427904437
Tawang,27.555344,91.69907525,0,2.93,11.23714621,0.383884571
Tawang,27.61893632,92.11037377,0,18.34,10.47252757,0.37182688
Tawang,27.83658499,91.86218915,0,1.44,10.6534865,0.392288224
Tawang,27.37824092,91.80028014,0,4.37,10.21872252,0.408803082
Tawang,27.46951345,91.93221397,0,11.53,11.35540594,0.403588164
Tawang,27.60776089,91.64230007,0,4.88,10.7513479,0.442225609
Tawang,27.58085987,91.73682283,0,20.17,10.6106922,0.439740155
Tawang,27.40699954,91.83304123,0,28.4,9.926989851,0.439139275
Tawang,27.6948683,92.03511147,0,4.98,10.69677344,0.405304122
Tawang,27.73394024,92.10930335,0,21.03,9.893113585,0.416893566
Tawang,27.41539884,91.74558505,0,19.31,9.9910667,0.388685055
Tawang,27.47772817,91.74362904,0,15.75,10.2873364,0.434912449
Tawang,27.36486442,92.08329634,0,12.36,10.7287323,0.373196149
Tawang,27.52025856,92.01574382,0,10.83,9.39603284,0.433040317
Tawang,27.78744904,92.04790409,0,12.41,10.7663562,0.389074988
Tawang,27.60506044,91.73000249,0,5.34,10.72341497,0.377687701
Tawang,27.75129845,91.96017545,0,16.7,11.01907341,0.385125856
Tawang,27.70942846,92.01243775,0,20.99,10.94014566,0.444806315
Tawang,27.36591837,91.84792203,0,10.28,11.33755541,0.41985323
Tawang,27.66540371,92.04985345,0,5.18,10.09749822,0.414437902
Tawang,27.44364791,91.80900118,0,9.29,10.22911836,0.431198782
Tawang,27.71382032,91.93882542,0,9.64,11.28947996,0.397814055
Tawang,27.62581055,91.71953617,0,12.31,9.62448842,0.442167836
Tawang,27.39534969,91.71385889,0,10.24,10.17350801,0.446673908
Tawang,27.76076294,91.72269609,0,16.75,9.705836719,0.423143982
Tawang,27.38360311,91.75662849,0,2.16,10.18027847,0.415611966
Tawang,27.38007399,92.02096227,0,0.1,10.2074841,0.443077645
Tawang,27.75142347,91.92684376,0,4.62,10.44794593,0.414570813
Tawang,27.53704206,91.75497174,0,14.84,11.26754401,0.431158159
Tirap,26.99140284,95.60950912,0,11.33,13.1741845,0.526070478
Tirap,27.08627554,95.43161309,0,1.75,12.55923305,0.457003812
Tirap,26.87679139,95.46755082,0,18.57,14.46443753,0.46140466
Tirap,26.81019201,95.7403338,0,5.24,12.79162792,0.453748414
Tirap,26.77524165,95.38249218,0,13.73,14.30050604,0.504091059
Tirap,27.13985823,95.3098639,0,0.1,13.45989113,0.529066698
Tirap,27.2108994,95.54896782,0,17.13,12.86239472,0.443822744
Tirap,26.85641011,95.73372429,0,10.98,13.58062928,0.501732038
Tirap,26.98780054,95.63966024,0,25.79,14.00626378,0.484509707
Tirap,27.23666975,95.3641839,0,0.15,14.3048968,0.532167586
Tirap,27.00688454,95.3205048,0,10.93,12.39527532,0.514430388
Tirap,26.78550846,95.78027179,0,3.96,13.56817845,0.4681534
Tirap,26.80319628,95.5987072,0,2.78,14.76891156,0.468590778
Tirap,26.82553323,95.42433882,0,0.36,13.73076091,0.528376431
Tirap,26.83981576,95.55801367,0,9.34,12.92552172,0.472001366
Tirap,27.1079283,95.33284314,0,1.8,12.45967913,0.47215831
Tirap,26.84755076,95.46884807,0,19.12,12.62359516,0.495111889
Tirap,26.85886833,95.67631419,0,0.21,14.55785842,0.508608324
Tirap,26.89371875,95.65366275,0,19.44,14.10515741,0.495966524
Tirap,26.96311502,95.67865217,0,10.33,13.79631657,0.444334525
Tirap,27.24554376,95.6350705,0,6.05,14.08309239,0.50959051
Tirap,27.18342361,95.45294405,0,0.05,12.79116526,0.517444175
Tirap,26.76368046,95.71001155,0,13.54,13.32197148,0.470615908
Tirap,27.21339335,95.42377516,0,1.39,14.97925544,0.487245379
Tirap,26.79272438,95.72805593,0,7.32,14.97025287,0.448438665
Tirap,27.13188405,95.5010334,0,9.39,13.43611168,0.476412255
Tirap,27.24238196,95.4850463,0,2.11,14.3520071,0.507262301
Tirap,27.25461893,95.44002264,0,1.08,13.08872648,0.522597139
Tirap,26.77379328,95.49792834,0,5.18,14.75793501,0.444826711
Tirap,26.79349707,95.68975268,0,9.39,12.58837532,0.529228034
Tirap,27.14088763,95.41196372,0,0.87,12.98291354,0.512314292
Tirap,26.93639739,95.79526494,0,0.05,13.42137608,0.485858668
Tirap,27.22983865,95.45984303,0,1.44,13.62029771,0.503180472
Tirap,27.14799731,95.56595127,0,7.37,13.50407409,0.508671948
Tirap,27.17271042,95.32057244,0,0.51,13.90060257,0.516362126
Tirap,27.22725078,95.30996906,0,0.21,14.20294975,0.523378971
Tirap,27.01346626,95.67347403,0,0.15,12.62863502,0.489725175
Tirap,27.19368464,95.38357081,0,0.15,13.19194954,0.509336827
Tirap,27.16318259,95.47788318,0,1.49,12.64484121,0.454842681
Tirap,27.15636893,95.61182337,0,19.58,13.52828772,0.518810925
Tirap,27.25243535,95.76421318,0,6.91,13.6693337,0.446688624
Tirap,27.22875974,95.76980658,0,6,13.70806295,0.534826609
Tirap,26.82510249,95.61534256,0,12.12,12.3098196,0.458947032
Tirap,26.8009343,95.36943069,0,4.06,12.3411164,0.467827489
Tirap,27.20797541,95.57862799,0,1.54,13.99687922,0.514308712
Tirap,26.88215617,95.61855999,0,17.13,13.14866729,0.498711042
Tirap,27.18827786,95.34146585,0,0.15,14.99438973,0.463497673
Tirap,27.09887399,95.37022798,0,0.82,13.55228768,0.501762544
Tirap,26.89575214,95.72187491,0,16.84,12.79536503,0.534621296
Tirap,26.9570429,95.74060134,0,17.31,13.8552507,0.513118312
Udalguri,27.0527633,92.19482671,0,13.44,14.95060096,0.3089203
Udalguri,26.95488681,92.18515502,0,11.18,14.62734141,0.268915476
Udalguri,26.69262916,92.33039515,0,0.26,16.7273942,0.310584505
Udalguri,26.66034028,91.87404982,0,0.31,16.22793441,0.30385316
Udalguri,26.64277881,92.29770151,0,0.05,17.17162918,0.296035768
Udalguri,26.73563091,92.28634533,0,0.21,15.32077203,0.273414431
Udalguri,26.74280662,92.21479265,0,0.15,15.37210411,0.271521203
Udalguri,26.67099727,92.01065223,0,0.1,15.10239742,0.324117185
Udalguri,26.93000995,92.32472696,0,5.29,16.55231146,0.313957306
Udalguri,26.87807342,92.03651131,0,4.32,14.68536834,0.292898542
Udalguri,27.13170392,92.14679281,0,7.12,16.7129743,0.272077119
Udalguri,26.80165376,91.90085242,0,0.72,17.02915025,0.303358724
Udalguri,26.96496659,92.31676761,0,17.08,16.43289701,0.316616505
Udalguri,26.8426337,92.19924287,0,0.57,16.14666329,0.270654797
Udalguri,26.86515029,92.2444994,0,0.77,16.58035185,0.304987776
Udalguri,26.7528587,92.11463019,0,0.41,15.7669183,0.276084998
Udalguri,27.10090245,92.08034012,0,0.98,17.07879238,0.268105999
Udalguri,26.7612406,91.89771406,0,0.46,17.8202616,0.280557047
Udalguri,26.96603719,91.91872066,0,5.9,17.46331435,0.287053465
Udalguri,26.90475992,91.88981142,0,4.21,17.6635878,0.31515813
Udalguri,26.94601171,91.98255638,0,7.83,14.87145083,0.326387717
Udalguri,26.94824507,91.88765507,0,3.24,15.11451589,0.299710597
Udalguri,26.80655772,92.16288988,0,0.15,14.85134528,0.317676094
Udalguri,26.93865468,92.15940643,0,6.46,16.25165284,0.322763567
Udalguri,26.89980224,91.96286161,0,9.03,15.13529477,0.294800801
Udalguri,26.74965797,91.99361586,0,0.31,15.11732983,0.324572237
Udalguri,26.70003501,92.06568635,0,0.57,15.15700068,0.271253118
Udalguri,26.70122135,92.26965314,0,0.15,16.37534572,0.314082896
Udalguri,26.9163196,91.98603651,0,13.92,16.42269414,0.292556215
Udalguri,27.11747321,92.35085151,0,1.6,17.70236012,0.299023443
Udalguri,26.66213328,92.32535466,0,0.21,16.01689328,0.326350683
Udalguri,26.66900887,92.21070127,0,0.36,16.03632774,0.31763331
Udalguri,26.65693741,92.35995626,0,0.05,15.92684686,0.292822548
Udalguri,27.0352714,92.33630315,0,2.26,15.57957243,0.288597663
Udalguri,26.6629869,92.06346286,0,0.26,15.82429346,0.324276442
Udalguri,26.79237486,92.34727872,0,0.05,16.05054784,0.298198674
Udalguri,27.11632482,91.9426663,0,21.08,14.64433942,0.273643782
Udalguri,26.9741782,92.27446094,0,18.06,17.82683032,0.298614364
Udalguri,26.86017734,92.01528851,0,2.21,17.51830167,0.295910699
Udalguri,26.87077693,91.95174098,0,0.51,15.59306564,0.26905057
Udalguri,27.09091841,92.35679,0,6.46,16.68607423,0.306365786
Udalguri,27.091357,92.28240331,0,19.31,14.66656989,0.301116804
Udalguri,26.84336884,92.35166525,0,0.26,16.57122917,0.279421089
Udalguri,26.89142748,92.26234574,0,0.87,16.30423607,0.28696992
Udalguri,26.88300065,92.22141462,0,0.93,16.07778695,0.325722794
Udalguri,26.70491619,92.17074512,0,0.1,16.49782666,0.310867303
Udalguri,26.98792682,92.34326974,0,8.13,16.01236283,0.303025628
Udalguri,26.97893949,91.96926407,0,1.18,17.25573591,0.326552275
Udalguri,27.09082187,91.97282066,0,13.58,15.20422115,0.285051775
Udalguri,26.74705045,92.30286252,0,0.15,16.49658762,0.299800474
Upper Siang,28.38164104,95.16899113,0,1.54,16.01591355,0.414962126
Upper Siang,28.43921072,95.06971326,0,9.74,15.86761188,0.37800952
Upper Siang,28.36343157,94.85124174,0,22.1,17.89074516,0.37220404
Upper Siang,28.37126182,94.89891122,0,20.4,18.3218067,0.435271199
Upper Siang,28.40160594,94.97472275,0,10.73,18.06265786,0.414535713
Upper Siang,28.3048863,95.26239388,0,16.84,18.52317013,0.408862456
Upper Siang,28.64369346,95.26954206,0,4.37,16.49843304,0.446878028
Upper Siang,28.66719366,95.14153497,0,15.32,17.53221439,0.429595656
Upper Siang,28.7248921,95.2543152,0,22.23,17.17080495,0.432468507
Upper Siang,28.67985843,95.16415795,0,17.64,15.94249576,0.39273522
Upper Siang,28.6172154,95.3052372,0,6.15,16.52072016,0.414086931
Upper Siang,28.35062588,95.30061568,0,4.01,18.82662002,0.442928638
Upper Siang,28.41646517,94.86206306,0,9.94,17.82921157,0.369095395
Upper Siang,28.37524828,95.09406067,0,7.12,18.00404783,0.376576111
Upper Siang,28.69021101,95.11736048,0,4.98,18.68809046,0.414355803
Upper Siang,28.74359323,95.04564433,0,20.35,19.0835224,0.443687566
Upper Siang,28.74220674,95.20189937,0,0.82,18.3819992,0.417859019
Upper Siang,28.75030203,95.08212022,0,16.7,18.29976324,0.376798574
Upper Siang,28.54377866,95.22624843,0,18.89,19.23751201,0.40282134
Upper Siang,28.42963284,95.30481309,0,0.21,16.9722289,0.419487874
Upper Siang,28.33687209,94.87938525,0,13.44,18.85439256,0.444517882
Upper Siang,28.38450277,94.85285437,0,9.64,19.01920626,0.384084181
Upper Siang,28.64342299,95.21969921,0,5.69,18.62447001,0.4113774
Upper Siang,28.55022897,94.95449408,0,5.44,17.32023881,0.426947967
Upper Siang,28.5156904,95.30549326,0,10.48,16.47043413,0.439377229
Upper Siang,28.418321,94.93525936,0,6.66,17.98835345,0.390681082
Upper Siang,28.49835002,95.12377641,0,16.89,18.51625637,0.437325106
Upper Siang,28.63621368,95.17821953,0,27.4,18.48106053,0.420680156
Upper Siang,28.70904882,95.15198696,0,9.49,18.50926984,0.408335437
Upper Siang,28.72172663,95.21557111,0,19.08,17.22777112,0.412968709
Upper Siang,28.55938747,94.88283075,0,8.23,16.35055888,0.445209661
Upper Siang,28.5603434,94.91553249,0,20.94,16.27556955,0.422661617
Upper Siang,28.27792688,95.13074085,0,20.76,16.6046045,0.443067544
Upper Siang,28.46018265,95.01702967,0,1.39,16.4759891,0.367531881
Upper Siang,28.61105904,95.17884561,0,3.19,18.3486658,0.368899523
Upper Siang,28.72023458,95.28839758,0,2.93,16.54896142,0.447427744
Upper Siang,28.51496603,94.98449312,0,11.92,16.47430952,0.37768789
Upper Siang,28.46096781,95.07778462,0,3.7,17.6818867,0.369921778
Upper Siang,28.63950257,94.95933189,0,17.87,18.96870046,0.433106787
Upper Siang,28.51680761,95.10182452,0,18.85,18.34595851,0.395812724
Upper Siang,28.33471403,95.11931915,0,9.34,18.01371986,0.443578848
Upper Siang,28.26232798,95.10654505,0,28.4,15.99199989,0.36813763
Upper Siang,28.63724552,94.83803013,0,9.08,18.18514697,0.394661693
Upper Siang,28.46945968,94.97041619,0,3.65,18.45723156,0.39404252
Upper Siang,28.66013506,95.27809366,0,22.1,17.34921962,0.370335885
Upper Siang,28.30325801,95.06727476,0,6.91,17.51111126,0.373030549
Upper Siang,28.75194478,95.12583871,0,24.87,15.9114698,0.402883238
Upper Siang,28.54591459,95.32545248,0,26.95,19.19250448,0.429824123
Upper Siang,28.67786461,94.84720141,0,27.52,18.01954259,0.423073144
Upper Siang,28.66175259,94.83474881,0,6.76,17.07282221,0.435612061
Upper Subansiri,28.11892534,93.80833933,0,27.07,16.5659867,0.398750623
Upper Subansiri,27.91226493,94.10731054,0,9.34,15.81903736,0.447185088
Upper Subansiri,28.08153718,94.05126729,0,16.37,16.37721106,0.412477791
Upper Subansiri,27.62194546,94.06770299,0,7.93,14.73005926,0.38537679
Upper Subansiri,27.8260311,94.23331767,0,20.76,15.04706455,0.405979238
Upper Subansiri,27.88520324,94.09611251,0,16.98,14.22202582,0.384105275
Upper Subansiri,28.09529968,94.0245556,0,6.71,15.38465976,0.409111852
Upper Subansiri,28.01763502,93.86098997,0,16.51,17.23424723,0.383970223
Upper Subansiri,28.06386425,94.00953805,0,6.36,15.53100786,0.399262537
Upper Subansiri,27.80507865,94.23877478,0,1.65,15.11341039,0.433260534
Upper Subansiri,27.87230276,94.11721237,0,8.53,14.25096957,0.439905628
Upper Subansiri,28.10559381,94.17497051,0,2.11,16.62945985,0.382012872
Upper Subansiri,28.06192782,93.94440655,0,9.84,16.47599694,0.383715425
Upper Subansiri,28.09921536,94.12274141,0,0.57,15.33019297,0.40118204
Upper Subansiri,27.90602477,94.17879789,0,9.99,14.94112716,0.419171152
Upper Subansiri,28.07750213,93.9111031,0,4.47,14.83929726,0.42469671
Upper Subansiri,28.00404127,93.82036405,0,17.97,16.60513533,0.43990335
Upper Subansiri,28.11449604,93.87615957,0,3.96,14.68619415,0.436893478
Upper Subansiri,27.97018873,94.12951294,0,12.66,16.06971074,0.418452178
Upper Subansiri,27.63154237,94.02560776,0,6.97,14.39190504,0.409949167
Upper Subansiri,28.07720784,93.86951155,0,2.01,16.66738704,0.42462824
Upper Subansiri,27.68482852,94.25737891,0,21.34,15.06200822,0.433580421
Upper Subansiri,27.90222919,93.86461636,0,23.93,15.1160664,0.377099037
Upper Subansiri,28.04490633,94.09216904,0,18.76,15.23562653,0.41478088
Upper Subansiri,27.77875374,94.18480052,0,32.6,14.16750279,0.445155304
Upper Subansiri,27.6700203,93.96743755,0,3.29,14.92993656,0.450121791
Upper Subansiri,28.05778315,94.03136662,0,10.19,16.47098375,0.447650089
Upper Subansiri,27.68854732,93.79291874,0,11.87,16.70918704,0.444453537
Upper Subansiri,28.04773045,93.9106803,0,11.92,16.52291549,0.409001362
Upper Subansiri,28.11623769,93.9652739,0,35.46,17.15824299,0.414339511
Upper Subansiri,27.96231554,93.89677719,0,6.81,16.10030599,0.448242234
Upper Subansiri,28.03959189,93.83007572,0,16.37,16.93359665,0.433803118
Upper Subansiri,27.9557396,93.84873904,0,1.85,16.32592707,0.438582738
Upper Subansiri,27.79435363,94.21440601,0,0.46,16.32836235,0.375275739
Upper Subansiri,27.92560137,93.88106814,0,3.29,15.06284817,0.445268229
Upper Subansiri,27.68511354,94.10953986,0,2.88,15.59272622,0.384631842
Upper Subansiri,27.76713987,94.11519664,0,0.87,15.50707572,0.451795124
Upper Subansiri,27.85846452,94.04170197,0,8.88,15.69133954,0.443900946
Upper Subansiri,27.95869267,93.96478907,0,10.43,14.78496465,0.410126101
Upper Subansiri,27.80526729,94.27474405,0,7.88,14.80518134,0.374758947
Upper Subansiri,27.86575043,94.22672986,0,7.62,14.43057794,0.399279933
Upper Subansiri,27.97872737,93.99299091,0,17.13,15.9631997,0.417067116
Upper Subansiri,28.11977866,94.07951246,0,17.87,15.92436842,0.4132962
Upper Subansiri,28.09332736,94.14663796,0,7.47,16.02787253,0.38954986
Upper Subansiri,27.94416972,93.79810041,0,0.31,15.83998262,0.379719515
Upper Subansiri,28.05213913,93.79762553,0,30.47,16.45761891,0.455249435
Upper Subansiri,28.05780093,94.06674587,0,15.27,16.22825078,0.375156541
Upper Subansiri,28.07969206,94.10493204,0,2.62,14.57424191,0.380866244
Upper Subansiri,27.64694664,94.19908307,0,16.7,15.94599241,0.382209028
Upper Subansiri,28.03293443,94.00099777,0,22.28,14.82175558,0.434680093
West Kameng,27.46740134,92.63244053,0,24.32,20.33695665,0.447796386
West Kameng,27.38459657,92.52796345,0,14.75,18.49427426,0.394977899
West Kameng,27.32584516,92.52123968,0,0.62,18.53049655,0.401692272
West Kameng,27.35734421,92.47366756,0,0.62,20.12462684,0.444152882
West Kameng,27.30935304,92.6981642,0,2.88,17.37607798,0.401422915
West Kameng,27.34372043,92.5748559,0,1.8,17.84867466,0.410932272
West Kameng,27.47690255,92.4562537,0,32.05,20.66412128,0.395211134
West Kameng,27.43796247,92.28910442,0,3.39,18.71421653,0.434191271
West Kameng,27.20613458,92.47871154,0,21.97,20.63264616,0.40951219
West Kameng,27.05410684,92.39340851,0,17.64,18.54561907,0.430593506
West Kameng,27.09740097,92.40429437,0,7.42,20.51823196,0.376780482
West Kameng,27.16475068,92.39805032,0,7.72,19.97491615,0.456500694
West Kameng,27.2708413,92.2709821,0,12.07,20.11068374,0.44194585
West Kameng,27.28764072,92.49602476,0,7.42,19.18580516,0.446009123
West Kameng,27.4192618,92.35682474,0,24.36,17.47420907,0.451311404
West Kameng,27.19349163,92.41846312,0,15.56,17.36012354,0.403868016
West Kameng,27.13089073,92.23059183,0,5.29,19.1602954,0.434897027
West Kameng,27.4082645,92.57719284,0,19.49,19.38951478,0.37714201
West Kameng,27.4874594,92.22191434,0,2.21,19.07742686,0.401883571
West Kameng,27.18404795,92.30555558,0,27.11,19.28403637,0.404578946
West Kameng,27.04715493,92.50171508,0,5.44,19.78698715,0.39194734
West Kameng,27.09170939,92.22835224,0,0.15,19.76095126,0.42045574
West Kameng,27.27967082,92.68889918,0,8.98,17.68079812,0.448801575
West Kameng,27.02847656,92.25921278,0,19.58,20.20717938,0.37755475
West Kameng,27.1365994,92.69782149,0,1.24,18.26083333,0.435064701
West Kameng,27.36889844,92.43284822,0,23.33,19.17552286,0.445193851
West Kameng,27.14101143,92.35442167,0,0.1,17.91007562,0.450969534
West Kameng,27.36318238,92.58305597,0,15.13,19.90448151,0.422370558
West Kameng,27.43907955,92.23238711,0,14.99,19.32893473,0.407376486
West Kameng,27.31800173,92.55323238,0,16.37,18.70731098,0.385686702
West Kameng,27.3622503,92.65075994,0,8.58,19.38067283,0.390070534
West Kameng,26.98956888,92.6832774,0,0.51,19.50984635,0.393061877
West Kameng,27.41313134,92.42340001,0,1.18,18.76943226,0.4354289
West Kameng,27.44549675,92.35821923,0,3.14,18.11555519,0.428359474
West Kameng,27.19209007,92.44509912,0,12.71,19.37419123,0.433616962
West Kameng,27.07734585,92.45417123,0,12.95,19.17380743,0.444513104
West Kameng,27.13517754,92.30024401,0,18.2,17.68718077,0.406906742
West Kameng,27.24260186,92.3560145,0,4.11,20.3301671,0.431463729
West Kameng,27.26786601,92.29454297,0,0.1,17.67336446,0.375601461
West Kameng,27.03773209,92.52150619,0,16.28,18.33961341,0.405132026
West Kameng,27.11163178,92.41892935,0,21.25,19.10432883,0.411799719
West Kameng,27.48269083,92.34542811,0,25.67,20.38553621,0.381942199
West Kameng,27.17383227,92.27433639,0,11.43,20.57414371,0.384425386
West Kameng,27.34432626,92.51888589,0,21.43,20.0090353,0.443242667
West Kameng,27.00548431,92.36752105,0,4.06,19.62801757,0.392623522
West Kameng,27.27238225,92.58097056,0,17.31,19.27183082,0.438705169
West Kameng,27.28695948,92.52910957,0,29.55,19.1580767,0.388523431
West Kameng,27.05427378,92.26534805,0,2.83,17.74538736,0.430888273
West Kameng,27.4401619,92.63664027,0,14.7,18.74323056,0.393514761
West Kameng,27.34315301,92.43238949,0,2.93,20.68525395,0.406462893
West Karbi Anglong,26.11696743,92.29118723,0,0.05,15.17833549,0.492957166
West Karbi Anglong,25.68883852,92.37498052,0,2.37,13.79105471,0.487150026
West Karbi Anglong,26.0952494,92.70388874,0,0,14.24487288,0.488293943
West Karbi Anglong,26.03892671,92.34661768,0,6.56,14.79587064,0.480472015
West Karbi Anglong,25.86335163,92.41848018,0,4.01,16.35802877,0.451136284
West Karbi Anglong,26.04725071,92.36478926,0,8.88,15.60492759,0.442101269
West Karbi Anglong,25.72165955,92.4249718,0,1.39,15.5049335,0.490405588
West Karbi Anglong,26.10406019,92.32201526,0,0.36,14.94435086,0.501848651
West Karbi Anglong,25.78276473,92.68069796,0,2.67,16.16994206,0.439429313
West Karbi Anglong,25.75081437,92.36563633,0,2.26,15.11899347,0.479902239
West Karbi Anglong,26.06401637,92.38317982,0,7.78,14.078069,0.504424857
West Karbi Anglong,25.90074891,92.3115927,0,3.44,14.81228077,0.439798552
West Karbi Anglong,25.75967792,92.73382669,0,0.82,14.8526193,0.513507442
West Karbi Anglong,25.99128291,92.66619142,0,0.77,14.77370286,0.470850196
West Karbi Anglong,26.10722218,92.65689819,0,0.21,14.01673284,0.534641264
West Karbi Anglong,26.14380125,92.55253926,0,0.15,14.48542309,0.440699995
West Karbi Anglong,26.13504843,92.66465236,0,0.1,14.2297858,0.509411177
West Karbi Anglong,26.11373377,92.7215396,0,0.46,15.31130412,0.491317964
West Karbi Anglong,25.96022348,92.73079426,0,0.05,16.02680933,0.439829108
West Karbi Anglong,25.71196711,92.46289235,0,0.41,13.92282402,0.444775947
West Karbi Anglong,25.73707501,92.73807655,0,6.51,15.67604544,0.503102912
West Karbi Anglong,26.08695714,92.27012684,0,0.31,13.75540972,0.481714742
West Karbi Anglong,25.92911471,92.56040563,0,4.32,16.18253749,0.4505659
West Karbi Anglong,26.16914842,92.51380988,0,0.1,16.07353188,0.524973369
West Karbi Anglong,25.80201065,92.27533924,0,6.05,14.97996207,0.508676681
West Karbi Anglong,25.89086132,92.43745626,0,1.08,16.29638089,0.460740388
West Karbi Anglong,26.02533077,92.57428106,0,2.42,15.5720173,0.451095074
West Karbi Anglong,26.09774899,92.54296398,0,1.7,16.39555726,0.492343195
West Karbi Anglong,25.71253636,92.75044129,0,0.72,15.68451822,0.454693272
West Karbi Anglong,25.87806971,92.45421983,0,9.39,15.11106284,0.51543314
West Karbi Anglong,25.74816476,92.57098,0,4.83,13.77419372,0.500329161
West Karbi Anglong,26.12319019,92.50500447,0,2.42,15.99665446,0.524042981
West Karbi Anglong,25.7479109,92.28518663,0,4.47,14.27853701,0.481648884
West Karbi Anglong,25.81595505,92.35699651,0,0.98,14.87245802,0.478909261
West Karbi Anglong,26.14873148,92.64247573,0,0.26,14.36672633,0.505759699
West Karbi Anglong,26.11067752,92.37263551,0,14.41,14.8261242,0.478083734
West Karbi Anglong,25.74370446,92.3335779,0,4.72,13.52601212,0.465922116
West Karbi Anglong,25.79950816,92.60488672,0,2.47,16.08342639,0.464931115
West Karbi Anglong,25.71270009,92.27650004,0,0.51,14.20078399,0.522073283
West Karbi Anglong,26.16467334,92.28629294,0,0,14.1108364,0.503588518
West Karbi Anglong,25.90929955,92.43014762,0,3.34,14.42207132,0.503808017
West Karbi Anglong,25.75765115,92.26757547,0,3.75,14.33207434,0.527864371
West Karbi Anglong,25.80156511,92.328937,0,4.06,14.74658942,0.457030825
West Karbi Anglong,25.77533904,92.36802721,0,2.11,13.93013633,0.509376964
West Karbi Anglong,25.94358654,92.4584568,0,1.24,14.60266281,0.492470913
West Karbi Anglong,25.93946585,92.71707517,0,0.41,14.29280237,0.497596165
West Karbi Anglong,25.74066533,92.69246307,0,1.08,14.53149067,0.503234389
West Karbi Anglong,26.11989721,92.55911233,0,0,15.15671907,0.497114584
West Karbi Anglong,25.68990322,92.7403187,0,1.39,15.09321459,0.474741933
West Karbi Anglong,25.75496399,92.71224442,0,8.23,15.67631179,0.46870969
West Khasi Hills,25.70453081,91.25481572,0,2.01,14.81732195,0.515018708
West Khasi Hills,25.62193207,91.28503039,0,3.75,16.64584043,0.461909075
West Khasi Hills,25.52955669,91.06424456,0,1.96,16.95003444,0.536208749
West Khasi Hills,25.49179869,91.06499081,0,2.57,16.61023841,0.521997469
West Khasi Hills,25.9374975,91.34515887,0,1.34,17.84346348,0.532962072
West Khasi Hills,25.94803486,90.99816893,0,0.1,17.62000755,0.479873983
West Khasi Hills,25.70072411,91.1985817,0,0.21,14.92946023,0.517667968
West Khasi Hills,25.7395816,91.1303579,0,8.63,17.16845408,0.445948262
West Khasi Hills,25.96805706,91.00336363,0,0.21,16.82791651,0.463090123
West Khasi Hills,25.55994723,91.45503673,0,0.15,16.66061863,0.536289365
West Khasi Hills,25.75320796,91.43304864,0,7.27,15.99962161,0.500588513
West Khasi Hills,25.97343104,91.42635419,0,0.46,15.93995781,0.514307715
West Khasi Hills,25.77867135,90.97703396,0,1.9,16.50454902,0.536544612
West Khasi Hills,25.65833485,91.29764356,0,3.65,15.57067713,0.453834498
West Khasi Hills,25.90252049,91.13356101,0,4.01,14.84545709,0.521339988
West Khasi Hills,25.89733375,91.16702352,0,0.1,16.31942504,0.525544532
West Khasi Hills,25.6818378,91.36039582,0,7.02,15.30414241,0.531202633
West Khasi Hills,25.54782185,91.39939397,0,1.18,16.55982582,0.510848016
West Khasi Hills,25.7172952,91.03447945,0,4.52,17.46093511,0.492698095
West Khasi Hills,25.87186972,91.1255897,0,4.83,15.41959635,0.532353403
West Khasi Hills,25.61018883,90.99712829,0,1.85,16.29629517,0.53576144
West Khasi Hills,25.91774525,91.19493785,0,0.41,16.48533403,0.466930574
West Khasi Hills,25.91619763,91.04355609,0,0.05,15.59047806,0.507531525
West Khasi Hills,25.51532014,91.44851349,0,2.37,17.08078068,0.490218331
West Khasi Hills,25.58430405,91.23591267,0,0.36,17.60274001,0.525815507
West Khasi Hills,25.76952641,91.3435074,0,6.1,16.57395002,0.455507926
West Khasi Hills,25.85223465,91.44537218,0,4.57,15.19614951,0.455589298
West Khasi Hills,25.71992913,91.45346965,0,10.28,15.56528985,0.510408618
West Khasi Hills,25.85504975,91.03427043,0,4.01,16.08821257,0.50951908
West Khasi Hills,25.63922054,91.4242548,0,6.97,17.30921909,0.455439782
West Khasi Hills,25.81247321,91.47157731,0,3.75,14.76089638,0.445857288
West Khasi Hills,25.50167549,91.08416922,0,4.06,16.59091244,0.458857835
West Khasi Hills,25.61039252,91.07206477,0,2.62,15.57664038,0.502182316
West Khasi Hills,25.50941361,91.29553144,0,1.9,16.98150545,0.489830844
West Khasi Hills,25.73182786,90.98047663,0,4.93,15.50324251,0.49562658
West Khasi Hills,25.67782099,91.12104615,0,1.9,15.24154795,0.522302443
West Khasi Hills,25.55287831,91.43661003,0,6.2,14.70256108,0.470646261
West Khasi Hills,25.91610954,90.99442235,0,0.36,16.91500954,0.480268728
West Khasi Hills,25.49179315,91.26858363,0,11.43,17.88675106,0.509173945
West Khasi Hills,25.9855427,91.15752246,0,0,17.52338076,0.456602227
West Khasi Hills,25.66946155,91.01725624,0,1.29,16.47418486,0.452273767
West Khasi Hills,25.49717754,91.38247134,0,0.31,14.95350047,0.453192111
West Khasi Hills,25.73697237,91.39826022,0,12.85,16.86556648,0.478154932
West Khasi Hills,25.96110419,91.12555159,0,0.05,15.66997307,0.520264564
West Khasi Hills,25.57032684,91.33278486,0,0.15,16.77654234,0.522634007
West Khasi Hills,25.57063537,91.0629252,0,2.57,16.98537514,0.497473275
West Khasi Hills,25.54732213,91.32852872,0,2.31,17.89984789,0.527626988
West Khasi Hills,25.97503936,91.23259878,0,0.36,15.28823456,0.506359575
West Khasi Hills,25.55566133,91.23299489,0,2.11,17.49871779,0.474325624
West Khasi Hills,25.50817916,91.16573163,0,0.82,17.32678352,0.474202445
West Siang,27.91525488,94.49992685,0,12.02,18.27261314,0.425313079
West Siang,27.91541326,94.61786962,0,0.31,19.80335881,0.397015546
West Siang,28.09620472,94.67712664,0,7.22,20.01609428,0.369650509
West Siang,27.80969016,94.55679558,0,2.78,20.18431567,0.439728981
West Siang,28.19580429,94.50429403,0,13.49,17.70229236,0.40964745
West Siang,27.80891273,94.62320974,0,4.16,19.81097815,0.378611887
West Siang,28.11688163,94.52663317,0,0.62,18.05257045,0.372543428
West Siang,28.27132947,94.80871188,0,20.76,20.74822512,0.442980099
West Siang,28.07928839,94.58612704,0,3.34,18.56355156,0.376048321
West Siang,27.96735548,94.74149293,0,5.08,17.56541924,0.410896647
West Siang,28.08120361,94.52210323,0,0.15,19.49911269,0.435915469
West Siang,28.19900946,94.6595724,0,2.42,17.64018035,0.413969772
West Siang,27.83012251,94.59856291,0,1.03,20.43356656,0.445005925
West Siang,28.096856,94.85732661,0,2.47,20.31107107,0.411113505
West Siang,27.92208103,94.5240617,0,22.14,20.4159392,0.384744265
West Siang,28.23305258,94.51923577,0,11.97,19.04448452,0.368739247
West Siang,27.96428591,94.98187144,0,6.46,19.25328403,0.415740973
West Siang,28.03909888,94.88933844,0,23.15,20.2817095,0.381349149
West Siang,27.95036117,94.94499908,0,6.15,18.97745587,0.442471248
West Siang,28.1466749,94.97584415,0,26.83,20.54814651,0.404074734
West Siang,28.02176299,94.75459907,0,17.55,20.52559149,0.429160446
West Siang,28.18001066,94.51492457,0,21.39,18.7141234,0.40296875
West Siang,27.84028944,94.9627447,0,3.8,19.94213196,0.379551709
West Siang,27.87702788,94.52029292,0,11.03,19.77535074,0.372706869
West Siang,28.19827764,94.57496605,0,0.46,20.64543728,0.385555257
West Siang,28.23427446,94.59220383,0,8.33,18.60910405,0.402326668
West Siang,28.00262643,94.81474924,0,9.64,20.44950203,0.423275679
West Siang,28.23694299,94.66271843,0,3.96,20.69712039,0.369609635
West Siang,28.24372774,94.54912981,0,17.27,19.6315018,0.432434853
West Siang,27.86197232,94.8910633,0,0.1,18.84300383,0.384448884
West Siang,27.92585413,94.59620388,0,1.39,17.86394636,0.376191598
West Siang,28.15486717,94.49956865,0,4.93,20.22051479,0.392760865
West Siang,27.91200195,94.96982586,0,7.52,17.70078966,0.388516912
West Siang,27.87863666,94.96974328,0,3.7,18.30114144,0.444808754
West Siang,27.98288454,94.60860851,0,13.15,20.48734818,0.415934524
West Siang,28.13068323,94.95188829,0,8.98,18.15907997,0.423261059
West Siang,27.89974167,94.65437485,0,9.79,20.10861576,0.374341296
West Siang,27.97506082,94.81884223,0,4.37,18.17122141,0.370508798
West Siang,27.79487457,94.5209898,0,6.56,17.41022132,0.381673133
West Siang,28.07518764,94.90740236,0,2.57,20.36806078,0.396583602
West Siang,28.15869465,94.95023616,0,6.91,18.43945367,0.378153217
West Siang,28.26409827,94.55532577,0,8.93,18.0068007,0.439010118
West Siang,28.03398688,94.91523248,0,2.31,17.33040354,0.397122198
West Siang,28.00723956,94.71926679,0,6.71,18.78784781,0.411715895
West Siang,28.11910198,94.72081029,0,5.69,17.27775709,0.419547353
West Siang,28.13135337,94.84616511,0,7.12,19.48749845,0.446010342
West Siang,28.26474792,94.73150681,0,6.05,19.27319102,0.432874068
West Siang,28.13891481,94.88511263,0,14.12,19.34571675,0.385068189
West Siang,28.28478948,94.5492905,0,3.5,20.5013318,0.422852196
West Siang,28.02503284,94.85207054,0,9.94,17.11176186,0.388485643
