Sl.No.,Slide_No,State,District,Slide_Name,NH_SH_Location,Latitude,Longitude,Material_Involved,Movement_Type,Material_Involved_Clean,Movement_Type_Clean,has_history_date,event_year,slope_deg,rainfall_mm,soil_moisture_mm,label
15,ASM/HLKD/83D10/2016/60,Assam,Hailakandi,Ramchandi (Koyabasti),Ramchandi area,24.515944,92.540889,Earth,Slide,Earth,Slide,1,2016,0.26,12.18360656,0.411990437,1
14,ASM/HLKD/83D10/2016/59,Assam,Hailakandi,Lalcherra Slide (Rabinala),"Near Patakhouri Durga Mandir
Under Bilaipur Forest Village;
Lala Police Station",24.511306,92.693028,Debris,Slide,Debris,Slide,1,2016,1.65,14.15409836,0.411174863,1
32,ASM/HLK/83D10/2020/003,Assam,Hailakandi,Mohanpur Grant Slide 1,"Mohanpur Grant, Hailakandi
Circle.",24.70364,92.64681,Debris,Slide,Debris,Slide,1,2020,1.03,11.86147541,0.492546107,1
34,ASM/HLK/83D10/2020/004,Assam,Hailakandi,Mohanpur Grant Slide 2,"Mohanpur Grant, Hailakandi
Circle.",24.70656,92.65008,Debris,Slide,Debris,Slide,1,2020,0.93,11.86147541,0.492546107,1
35,AS/KAR/83D06/2009-10/AS-2,Assam,Karimganj,Rongpur slide,Rongpur Village,24.710833,92.481167,Debris,Slide,Debris,Slide,1,2010,0.67,14.93196721,0.484774932,1
36,ASM/CHR/83D14/2020/0002,Assam,Cachar,Govindnagar Slide,"Govindnagar Pt. II, Sonai",24.72192,92.90381,Debris,Slide,Debris,Slide,1,2020,0.67,10.32540984,0.402083675,1
25,AS/CAC/83D10/2009-10/AS-1,Assam,Cachar,Palgana slide,"Paglagaon (near Mursabarti)
under Baghbahar GP part 3",24.57025,92.685,Debris,Slide,Debris,Slide,1,2010,1.18,12.51229508,0.412962773,1
1746,AR/ANJ/91D11/2014/34,Arunachal Pradesh,Anjaw,Chaglogamnala slide,Village road,28.31211,96.61719,Debris,Topple,Debris,Topple,1,2013,0.41,15.3352459,0.414460383,1
1752,AR/ANJ/91D11/2014/33,Arunachal Pradesh,Anjaw,Toflagam slide,H.M.C. Road,28.31658,96.61508,Debris,Slide,Debris,Slide,1,2013,22.67,15.3352459,0.414460383,1
1709,AR/ANJ/91D11/2014/29,Arunachal Pradesh,Anjaw,Chipru slide,HMC road,28.26786,96.55781,Rock,Flow,Rock,Flow,1,2013,27.64,15.3352459,0.414308402,1
1674,AR/ANJ/91D11/2014/32,Arunachal Pradesh,Anjaw,Metumna slide,H.M.C. Road,28.25897,96.54433,Rock,Topple,Rock,Topple,1,2013,29.78,19.67540984,0.414308402,1
1630,AR/ANJ/91D12/2014/39,Arunachal Pradesh,Anjaw,37.6 km rockslide,H. M. C. Road,28.23969,96.52778,Rock,Topple,Rock,Topple,1,2013,30.66,19.67540984,0.417912227,1
1604,AR/ANJ/91D12/2014/14,Arunachal Pradesh,Anjaw,32.4 km Slide,HMC road,28.22328,96.55303,Rock,Slide,Rock,Slide,1,2013,17.73,19.67540984,0.414308402,1
1605,AR/ANJ/91D12/2014/28,Arunachal Pradesh,Anjaw,29.9 km Slide,HMC road,28.22381,96.53644,Rock,Slide,Rock,Slide,1,2013,10.53,19.67540984,0.417912227,1
1607,AR/ANJ/91D12/2014/09,Arunachal Pradesh,Anjaw,33.3 km slide,HMC road,28.22408,96.55872,Rock,Slide,Rock,Slide,1,2013,30.7,19.67540984,0.414308402,1
1591,AR/ANJ/91D12/2014/27,Arunachal Pradesh,Anjaw,Bamlan Slide,HMC road,28.21483,96.53911,Debris,Slide,Debris,Slide,1,2013,15.13,19.67540984,0.417912227,1
1572,AR/ANJ/91D12/2014/04,Arunachal Pradesh,Anjaw,Metenliang 2.5 km slide,HMC road,28.19597,96.53733,Debris,Slide,Debris,Slide,1,2013,7.27,19.67540984,0.414677937,1
1584,AR/ANJ/91D12/2014/42,Arunachal Pradesh,Anjaw,Metengliang slide,H. M. C. Road,28.20867,96.53222,Debris,Slide,Debris,Slide,1,2013,3.29,19.67540984,0.414677937,1
79,AS/CHR/83C12/2020/1,Assam,Cachar,Bhamai slide-1,Karbi houses(Bhamai river side),25.02,92.52,Debris,Slide,Debris,Slide,1,2019,4.62,18.22295082,0.493301913,1
57,AS/CHR/83D09/2020/7,Assam,Cachar,Naraichhora slide-2,Narainchora,24.97,92.72,Debris,Slide,Debris,Slide,1,2017,1.08,33.68196721,0.501383538,1
1523,AR/ANJ/91D11/2014/26,Arunachal Pradesh,Anjaw,9 km Slide,HMC road,28.14531,96.54897,Rock,Slide,Rock,Slide,1,2013,27.48,19.67540984,0.414677937,1
1531,AR/ANJ/92D12/2014/45,Arunachal Pradesh,Anjaw,Chipru slide,HMC road,28.15292,96.53858,Rock,Slide,Rock,Slide,1,2013,11.28,17.96967213,0.414677937,1
1536,AR/ANJ/92D12/2014/44,Arunachal Pradesh,Anjaw,Teapani river slide,H. M. C. Road,28.16206,96.53061,Debris,Topple,Debris,Topple,1,2013,25.84,17.96967213,0.414677937,1
1492,AR/ANJ/91D12/2014/03,Arunachal Pradesh,Anjaw,3.5 km slide,HMC road,28.10714,96.54489,Rock,Fall,Rock,Fall,1,2013,8.13,19.67540984,0.414677937,1
1501,AR/ANJ/91D12/2014/07,Arunachal Pradesh,Anjaw,5.4 km HMC slide,HMC road,28.11781,96.54906,Debris,Flow,Debris,Flow,1,2013,1.75,19.67540984,0.414677937,1
1443,AR/ANJ/91D08/2014/15,Arunachal Pradesh,Anjaw,78 km slide,Tezu-Hayuliang road,28.05939,96.48397,Debris,Slide,Debris,Slide,1,2014,7.78,21.38196721,0.419771516,1
1444,AR/LOH/91D08/2014/01,Arunachal Pradesh,Lohit,88 km Slide,HMC road,28.05989,96.46281,Debris,Slide,Debris,Slide,1,2013,31.08,19.67540984,0.414677937,1
1445,AP/LOH/91D08/2014/01,Arunachal Pradesh,Lohit,88 km Slide,HMC road,28.05989,96.46281,Debris,Slide,Debris,Slide,1,2013,31.08,19.67540984,0.414677937,1
1451,AR/ANJ/91D12/2014/53,Arunachal Pradesh,Anjaw,Khupapolice check gate,Tezu-Hayuliang road,28.06356,96.50075,Debris,Slide,Debris,Slide,1,2012,2.73,26.44672131,0.421227117,1
1454,AR/ANJ/91D12/2014/02,Arunachal Pradesh,Anjaw,Hayuliang Slide,HMC road,28.08014,96.52356,Debris,Topple,Debris,Topple,1,2013,27.24,19.67540984,0.414677937,1
1456,AR/ANJ/91D12/2014/10,Arunachal Pradesh,Anjaw,9 JAK Camp slide,Hayuliang-Wallong road,28.08019,96.54483,Debris,Flow,Debris,Flow,1,2013,21.25,19.67540984,0.414677937,1
1415,AR/LOH/92A05/2014/11,Arunachal Pradesh,Lohit,Arrowa-Tidding Bridge,Tezu-Hayuliang road,27.96756,96.40214,Rock cum Debris,Slide,Debris cum Rock,Slide,1,2013,6.66,12.98114754,0.474393784,1
1401,AR/LOH/92A05/2014/13,Arunachal Pradesh,Lohit,Lalpani slide,Tezu-Hayuliang road,27.94083,96.38161,Rock cum Debris,Subsidence,Debris cum Rock,Subsidence,1,2013,24.23,19.67540984,0.480450137,1
1406,AR/LOH/92A05/2014/12,Arunachal Pradesh,Lohit,52 km slide,Tezu-Hayuliang road,27.94903,96.39158,Rock,Slide and topple,Rock,Topple,1,2013,13.39,17.96967213,0.480450137,1
65,AS/CHR/83D05/2020/2,Assam,Cachar,Tarapur slide,Tarapur,24.99,92.45,Debris,Slide,Debris,Slide,1,2016,0.46,12.9852459,0.480949454,1
71,AS/DIM/83G4/2015/33,Assam,Dima Hasao,Nutan Leikul-6,Nutan Leikul.NH-54,25.008,93.04,Earth,Slide,Earth,Slide,1,2014,9.34,8.962295082,0.40303791,1
1284,ARN/KRA/83E10/2017,Arunachal Pradesh,Kra Daadi,Palin landslide,Palin village,27.690111,93.632556,Debris,Slide,Debris,Slide,1,2017,3.91,16.80819672,0.41796209,1
1266,ARN/TWG/78M14/2016/0026,Arunachal Pradesh,Tawang,SSB Workshop (South),Locality,27.599,91.876528,Debris,Slide,Debris,Slide,1,2016,5.39,12.47786885,0.414468238,1
1267,ARN/TWG/78M14/2016/0027,Arunachal Pradesh,Tawang,SSB Workshop (North),Locality,27.599806,91.876111,Debris,Slide,Debris,Slide,1,2016,4.93,12.47786885,0.417831626,1
1249,ARN/TWG/78M14/2016/0030,Arunachal Pradesh,Tawang,WRD Slide (North),Locality,27.590639,91.876806,Earth,Slide,Earth,Slide,1,2016,1.85,12.47786885,0.417831626,1
1250,ARN/TWG/78M14/2016/0031,Arunachal Pradesh,Tawang,WRD Slide (South),Locality,27.590639,91.876806,Debris,Slide,Debris,Slide,1,2016,1.85,12.47786885,0.417831626,1
1244,ARN/TWG/78M14/2016/0028,Arunachal Pradesh,Tawang,Govt. Girl Hr. Sec. School Slide,Locality,27.589,91.873194,Earth,Slide,Earth,Slide,1,2016,9.84,15.75081967,0.417831626,1
1248,ARN/TWG/78M14/2016/0029,Arunachal Pradesh,Tawang,New Market Sinking zone,Locality,27.590556,91.867667,Debris,Subsidence,Debris,Subsidence,1,2016,10.09,15.75081967,0.417831626,1
1223,ARN/TWNG/78M14/2016/0015,Arunachal Pradesh,Tawang,Khardung slide,2016,27.561083,91.911528,Debris,Slide,Debris,Slide,1,2016,21.48,12.47786885,0.419771175,1
1209,"ARN/Papumpare/83E12/2020/0
1",Arunachal Pradesh,Papum Pare,Donyi Slide,"Near Jollang Road, 2.5 km east
of Itanagar City",27.08130556,93.61283333,Unconsolidated rock debris and sandy soil.,Translation (Debris flow),Debris cum Rock cum Soil,Flow,1,2020,3.55,12.30901639,0.407515027,1
1210,AR/ES/82P/8/2021/01,Arunachal Pradesh,East Siang,Renging,National Highway 229,28.14116,95.27472,Debris/unconsolidat ed material,Debris slide and subsidence,Debris,Subsidence,1,1950,9.03,19.45327869,0.482266052,1
1211,AR/ES/82P/8/2021/02,Arunachal Pradesh,East Siang,Renging,National Highway 229,28.14251,95.27439,Debris/unconsolidat ed material,Debris slide and subsidence,Debris,Subsidence,1,1950,1.6,19.45327869,0.482266052,1
1212,AR/PP/83E/12/2021/01,Arunachal Pradesh,Papum Pare,Chimpu-Hollongi Road,National Highway 415,27.03106,93.62292,Debris/unconsolidat ed material,Debris slide and subsidence,Debris,Subsidence,1,2020,0.98,12.30901639,0.407515027,1
1120,ARN/LS/83E15/2016/02,Arunachal Pradesh,Lower Subansiri,Possa-Potin slide,National Highway 713-A,27.339267,93.802581,Debris,Slide,Debris,Slide,1,2016,3.34,10.62131148,0.472007172,1
80,AS/CHR/83C12/2020/2,Assam,Cachar,Bhamai slide-2,Karbi Houses (Bhamai river side),25.02,92.52,Debris,Slide,Debris,Slide,1,2019,4.62,18.22295082,0.493301913,1
81,AS/CAC/83C4/2016/73,Assam,Cachar,0.21 km N of Malidhar,NH44,25.029708,92.463967,Debris,Slide,Debris,Slide,1,2015,0.21,19.97622951,0.479297814,1
82,AS/CAC/83C4/2016/74,Assam,Cachar,0.39 km N of Malidhar,NH44,25.031431,92.463231,Debris,Slide,Debris,Slide,1,2015,3.85,19.97622951,0.479297814,1
83,AS/CAC/83C4/2016/75,Assam,Cachar,0.48 km N of Malidhar,NH44,25.032119,92.462636,Debris,Slide,Debris,Slide,1,2015,2.78,19.97622951,0.479297814,1
84,AS/CAC/83C4/2016/76,Assam,Cachar,0.58 km NW of Malidhar,NH44,25.032989,92.462214,Debris,Slide,Debris,Slide,1,2015,6.15,19.97622951,0.479297814,1
87,MEG/WJH/83C4/2016/45,Assam,Cachar,2 km E of Rathacherra,NH44 (near to weight bridge),25.037203,92.450339,Debris,Slide,Debris,Slide,1,2015,3.03,19.97622951,0.479297814,1
1103,ARN/LS/83E15/2016/03,Arunachal Pradesh,Lower Subansiri,Possa-Potin slide,National Highway 713-A,27.307072,93.806008,Debris,Slide,Debris,Slide,1,2016,24.83,10.62131148,0.472007172,1
1082,ARN/LS/83E15/2016/05,Arunachal Pradesh,Lower Subansiri,Hoj-Potin slide,National Highway 713-A,27.294886,93.803328,Debris,Slide,Debris,Slide,1,2016,6.76,10.62131148,0.472007172,1
1042,ARN/LS/83E15/2016/07,Arunachal Pradesh,Lower Subansiri,Hoj-Potin slide,National Highway 713-A,27.246131,93.804711,Debris,Slide,Debris,Slide,1,2016,0.1,10.62131148,0.414533128,1
1049,ARN/LS/83E15/2016/06,Arunachal Pradesh,Lower Subansiri,Hoj-Potin slide,National Highway 713-A,27.254756,93.801303,Debris,Slide,Debris,Slide,1,2016,3.55,10.62131148,0.414533128,1
1033,ARN/LS/83E15/2016/08,Arunachal Pradesh,Lower Subansiri,Hoj-Potin slide,National Highway 713-A,27.23995,93.806589,Debris,Slide,Debris,Slide,1,2016,1.44,10.62131148,0.414533128,1
999,ARN/LS/83E15/2016/04,Arunachal Pradesh,Lower Subansiri,Hoj-Potin slide,National Highway 713-A,27.193425,93.780983,Debris,Slide,Debris,Slide,1,2016,9.99,10.62131148,0.414533128,1
1006,ARN/PAP/83E12/2017/01,Arunachal Pradesh,Papum Pare,Laptap Landslide,"Trans Arunachal Highway,
about 40 km south of the state
capital Itanagar",27.207659,93.615842,Debris,Slide,Debris,Slide,1,2017,16.94,16.11803279,0.496521516,1
952,ARN/PAP/83E11/2017/02,Arunachal Pradesh,Papum Pare,Nirjuli,NH- 415,27.1275,93.73164,Debris,Slide,Debris,Slide,1,2017,0.31,14.37295082,0.405471653,1
953,ARN/PAP/83E11/2017/04,Arunachal Pradesh,Papum Pare,2 kilo,NH- 415,27.1275,93.73164,Debris,Slide,Debris,Slide,1,2017,0.31,14.37295082,0.405471653,1
935,ARN/PAP/83E11/2017/03,Arunachal Pradesh,Papum Pare,6 kilo,NH- 415,27.10736,93.64975,Debris,Slide,Debris,Slide,1,2017,0.87,14.37295082,0.405471653,1
878,ARN/WK/83A12/2016/01,Arunachal Pradesh,West Kameng,Bhalukpong Circuit House slide,NE of Bhalukpong Helipad,27.018342,92.6356,Debris,Slide,Debris,Slide,1,2016,7.02,12.73196721,0.453045082,1
835,LS_ASM_DH_0412/2024,Assam,Dima Hasao,Lungkhok-Sampardisa road slide 1,"Lungkhok-Sampardisa road
section",25.211625,93.00113,Debris,Slide,Debris,Slide,1,2024,8.58,10.35819672,0.460121585,1
836,LS_ASM_DH_0411/2024,Assam,Dima Hasao,Lungkhok-Sampardisa road slide 2,"Lungkhok-Sampardisa road
section",25.21112,92.999782,Debris,Slide,Debris,Slide,1,2024,9.89,10.35819672,0.460121585,1
837,LS_ASM_DH_0413/2024,Assam,Dima Hasao,Maibang-Guilongkam road slide 1,"Maibang-Guilongkam road
section",25.267553,93.191317,Earth,Slide,Earth,Slide,1,2024,5.59,11.13360656,0.472381148,1
838,LS_ASM_DH_0414/2024,Assam,Dima Hasao,Maibang-Guilongkam road slide 2,"Maibang-Guilongkam road
section",25.266788,93.190998,Earth,Slide,Earth,Slide,1,2024,5.64,11.13360656,0.472381148,1
839,LS_ASM_DH_0415/2024,Assam,Dima Hasao,Maibang-Guilongkam road slide 3,"Maibang-Guilongkam road
section",25.26676,93.1964,Earth,Slide,Earth,Slide,1,2024,6.2,11.22622951,0.471039617,1
840,LS_ASM_DH_0416/2024,Assam,Dima Hasao,Maibang-Guilongkam road slide 4,"Maibang-Guilongkam road
section",25.266142,93.197997,Debris,Slide,Debris,Slide,1,2024,4.21,11.22622951,0.471039617,1
841,LS_ASM_DH_0417/2024,Assam,Dima Hasao,Maibang-Guilongkam road slide 5,"Maibang-Guilongkam road
section",25.265743,93.21778,Earth,Slide,Earth,Slide,1,2022,6.2,8.142622951,0.465192964,1
820,LS_ASM_DH_0396/2024,Assam,Dima Hasao,Gunjung road slide 1,Gunjung road section,25.22548,93.023783,Debris,Slide,Debris,Slide,1,2024,11.77,11.44754098,0.471355874,1
823,LS_ASM_DH_0399/2024,Assam,Dima Hasao,Zion road slide,Zion road section,25.18846,93.003768,Debris,Slide,Debris,Slide,1,2024,5.8,11.44754098,0.471355874,1
824,LS_ASM_DH_0400/2024,Assam,Dima Hasao,Lungkhok-Asiakrobi road slide 1,"Lungkhok-Asiakrobi road
section",25.20006,92.9972,Debris,Slide,Debris,Slide,1,2024,2.67,10.35819672,0.460121585,1
825,LS_ASM_DH_0401/2024,Assam,Dima Hasao,Lungkhok-Asiakrobi road slide 2,"Lungkhok-Asiakrobi road
section",25.19509,92.9995,Debris,Slide,Debris,Slide,1,2024,1.39,11.44754098,0.471355874,1
826,LS_ASM_DH_0402/2024,Assam,Dima Hasao,Lungkhok-Asiakrobi road slide 3,"Lungkhok-Asiakrobi road
section",25.199617,92.997478,Debris,Slide,Debris,Slide,1,2024,4.52,10.35819672,0.460121585,1
830,LS_ASM_DH_0406/2024,Assam,Dima Hasao,Khomunnom playground slide,Khomunnom,25.18833,93.104922,Earth,Slide,Earth,Slide,1,2016,4.67,10.10081967,0.477033128,1
831,LS_ASM_DH_0407/2024,Assam,Dima Hasao,Lasang Aam road slide,Lasang Aam road section,25.147883,93.085354,Debris,Slide,Debris,Slide,1,2022,6.71,9.57295082,0.477306352,1
801,AS/KAM(M)/78N12/2025/01,Assam,Kamrup,Kamakhya Main Road,Kamakhya Road,26.166185,91.7147,Earth,Slide,Earth,Slide,1,2025,4.83,13.33360656,0.464561475,1
802,AS/KAM(M)/78N12/2025/02,Assam,Kamrup,Kamakhya Main Road,Kamakhya Road,26.16616,91.713803,Earth,Slide,Earth,Slide,1,2025,6.31,11.66803279,0.465676571,1
803,AS/KAM(M)/78N12/2025/03,Assam,Kamrup,Kamakhya Main Road,Kamakhya Road,26.16297,91.7059,Earth,Slide,Earth,Slide,1,2025,8.33,11.66803279,0.465676571,1
804,AS/KAM(M)/78N12/2025/04,Assam,Kamrup,Pandu,Pandu,26.17027,91.698,Debris,Slide,Debris,Slide,1,2025,4.06,13.33360656,0.464561475,1
805,ASM/DH/83C16/2023-24/001,Assam,Dima Hasao,Lower Boulsol slide,Lower Boulsol,25.117665,92.847709,Debris,Slide,Debris,Slide,1,2022,8.78,13.80983607,0.395636954,1
807,ASM/DH/83C07/2023-24/001,Assam,Dima Hasao,Semkhor Road slide,"Semkhor I-Semkhor II road
section",25.283672,93.301012,Debris,Slide,Debris,Slide,1,2021,3.5,8.092622951,0.477824795,1
808,ASM/DH/83C15/2023-24/001,Assam,Dima Hasao,Old Sangbar playground slide,Old Sangbar,25.366255,92.823037,Debris,Slide,Debris,Slide,1,2022,4.21,8.486885246,0.463048156,1
143,ASM/DH/83G4/2016/19,Assam,Dima Hasao,Jatinga-2,"Jatinga, Haflong",25.134472,93.018972,Rock cum Debris,Slide,Debris cum Rock,Slide,1,2016,9.99,10.10081967,0.443344604,1
813,ASM/DH/83G03/2023-24/004,Assam,Dima Hasao,Gunjung subsidence,Gunjung,25.316197,93.006158,Earth,Subsidence,Earth,Subsidence,1,2022,4.01,7.959016393,0.432977801,1
814,LS_ASM_DH_0390/2024,Assam,Dima Hasao,Duiring Road,Hokai-Duiring road section,25.172918,92.995982,Debris,Slide,Debris,Slide,1,2024,2.62,11.44754098,0.471355874,1
815,LS_ASM_DH_0391/2024,Assam,Dima Hasao,Maibang,Maibang,25.319717,93.123028,Debris,Slide,Debris,Slide,1,2024,3.6,10.22868852,0.462210383,1
816,LS_ASM_DH_0392/2024,Assam,Dima Hasao,Maibang-Gunjung road slide 1,Maibang-Gunjung road section,25.318433,93.115767,Debris,Slide,Debris,Slide,1,2024,5.24,10.22868852,0.462210383,1
785,ASM/DH/83G04/2022-23/022,Assam,Dima Hasao,Lower Haflong Slide 2,Lower Haflong,25.18919,93.02118,Debris,Slide,Debris,Slide,1,2022,5.13,7.119672131,0.457205601,1
786,AS/KRM/83D06/2014-15/0001,Assam,Karimganj,"Satkaragul (Pathariya Hills RF),","NH-44. Satkaragul Village near
Nilambazar, Nilambazar Circle,
Karimganj.",24.70619444,92.28997222,Earth,Flow,Earth,Flow,1,2014,0.77,14.8204918,0.479254781,1
787,ASM/DH/83G04/2022-23/021,Assam,Dima Hasao,Moulhoi Slide 1,"Gilgal Veng, Moulhoi, Haflong",25.17623,93.01326,Debris,Slide,Debris,Slide,1,2022,3.39,7.119672131,0.457205601,1
799,AS/KAM(M)/78N16/2025/006,Assam,Kamrup,"Doimuguri, Bonda","Doimuguri,",26.19113889,91.82961111,Earth,Slide,Earth,Slide,1,2025,4.21,12.98606557,0.462314208,1
769,AS/KRP/78N/16/2018/003,Assam,Kamrup,Hastinapur landslide,"Hastinapur Near Jorabat
opposite of cow bazaar.",26.11266667,91.85388889,Debris,Slide,Debris,Slide,1,2018,0.21,10.69918033,0.492427596,1
770,ASM/CHR/83H01/2020/001,Assam,Cachar,Kanakpur Slide,"Kanakpur Pt. III, Lakhipur,
Joypur",24.92097,93.07306,Earth,Slide,Earth,Slide,1,2020,1.34,14.1557377,0.410012978,1
771,AS/KRP/78N16/2018/002,Assam,Kamrup,Kharghuli slide,"Kharghuli area, near Kharghuli
post office in Guwahati.",26.19530556,91.76563889,Debris,Slide,Debris,Slide,1,2018,2.47,12.09262295,0.493233607,1
772,"AS/KAMRUP/78N12/2015-
16/0001",Assam,Kamrup,Jayguru Kalipahar Slide,"About 200 m North of NH-31, In
north of IIT(G) approach",26.21111111,91.68416667,Debris,Toppled the wedged weathered rocks blocks.,Debris,Topple,1,2015,5.59,17.55983607,0.476386954,1
773,ASM/KAM/78N16/2020/001,Assam,Kamrup (Metro),Hirimbapur landslide,Kharghuli,26.19330556,91.77725,Debris,Slide,Debris,Slide,1,2020,6.36,14.87295082,0.489846653,1
774,ASM/KAM/78N16/2020/002,Assam,Kamrup (Metro),Ambher landslide,12th mile near Jorabat,26.09150556,91.87898611,Earth,Slide,Earth,Slide,1,2020,2.42,12.52704918,0.490298839,1
775,ASM/KAM/78N12/2020/003,Assam,Kamrup (Metro),Gauripur landslide,NH-31,26.21305556,91.6925,Rock,Fall,Rock,Fall,1,2020,7.32,14.93934426,0.490672473,1
776,ASM/K(M)/78N16/2022-23/003,Assam,Kamrup (Metro),Salbari,Near Noonmati bazaar road,26.1916,91.80361,Debris,Slide,Debris,Slide,1,2022,0.62,12.09590164,0.48713627,1
777,ASM/K(M)/78N16/2022-23/001,Assam,Kamrup (Metro),Upper Luitpur,Upper Luitpur,26.19322,91.77033,Earth,Slide,Earth,Slide,1,2022,5.8,12.09590164,0.48713627,1
132,AS/NC/83C16/2009-10/AS-4,Assam,Dima Hasao,Mailongdisa-Harangajao slide,"Between Mailongdisa and
Harangajao Railway stations.
CHainage:128.400 km to
128.600 km",25.121,92.915028,Debris,Slide,Debris,Slide,1,2010,16.46,13.07540984,0.452466189,1
133,AS/DIM/83G4/2015/55,Assam,Dima Hasao,Bara Wapu,"Bara Wapu, NH-54",25.122,93.025,Earth,Slide,Earth,Slide,1,2014,2.47,8.962295082,0.44445082,1
134,AS/DIM/83G4/2015/21,Assam,Dima Hasao,Jatinga,Jatinga NH-54,25.122,93.026,Earth,Slide,Earth,Slide,1,2014,4.32,8.962295082,0.44445082,1
135,AS/DIM/83G4/2015/19,Assam,Dima Hasao,Jatinga Orange Garden Slide.,"Jatinga,NH-54",25.123,93.034,Earth,Slide,Earth,Slide,1,2014,7.78,8.962295082,0.44445082,1
136,AS/DIM/83G4/2015/20,Assam,Dima Hasao,Jatinga slide,Near Jatinga,25.123,93.033,Earth,Slide,Earth,Slide,1,2014,5.29,8.962295082,0.44445082,1
137,AS/NC/83C16/2009-10/AS-5,Assam,Dima Hasao,Mailongdisa-Harangajao-2 slide,"Between Mailongdisa and
Harangajao railway station
(Chainage: 130.100 Km to
130.400 Km)",25.124306,92.904278,Debris,Slide,Debris,Slide,1,2010,19.31,13.07540984,0.452466189,1
138,AS/NC/83C16/2009-10/AS-3,Assam,Dima Hasao,Jatinga-Longrangajao slide,"Between Jatinga and
Longrangajao Railway stations
(Chainage:120.100 km to
120.400 km)",25.124583,92.989111,Debris,Slide,Debris,Slide,1,2010,1.75,13.07540984,0.448699454,1
142,AS/DIM/83G4/2015/65,Assam,Dima Hasao,Nutan Leikul-Kelelo Sinking zone,On NH-54,25.134,93.045,Earth,Slide,Earth,Slide,1,2014,5.59,10.04508197,0.44445082,1
175,ASM/DH/83G4/2016/26,Assam,Dima Hasao,Haflong-Jatinga road section slide-01,Haflong town,25.156583,93.019611,Rock cum Debris,Slide,Debris cum Rock,Slide,1,2016,2.93,10.10081967,0.476209699,1
144,AS/DIM/83G4/2015/27,Assam,Dima Hasao,Kelelo slide-1,NH-54 Near Kelolo village,25.135,93.04,Earth,Slide,Earth,Slide,1,2014,6.15,10.04508197,0.44445082,1
145,AS/DIM/83G4/2015/32,Assam,Dima Hasao,Nutan Leikul-5,Nutan Leikul.NH-54,25.135,93.04,Earth,Slide,Earth,Slide,1,2014,6.15,10.04508197,0.44445082,1
146,AS/DIM/83G4/2015/36,Assam,Dima Hasao,Kelelo-4,Kelelo NH-54,25.136,93.04,Earth,Slide,Earth,Slide,1,2014,7.52,10.04508197,0.44445082,1
147,AS/DIM/83G4/2015/29,Assam,Dima Hasao,NutanLeikul-2,"NutanLeikul, NH-54",25.137,93.04,Earth,Slide,Earth,Slide,1,2014,5.9,10.04508197,0.44445082,1
148,AS/DIM/83G4/2015/34,Assam,Dima Hasao,Kelelo -2,"Kelelo village,NH-54",25.137,93.034,Earth,Flow,Earth,Flow,1,2014,8.33,10.04508197,0.44445082,1
149,AS/DIM/83G4/2015/35,Assam,Dima Hasao,Kelelo-3,"Kelelo,NH-54",25.137,93.04,Earth,Slide,Earth,Slide,1,2014,5.9,10.04508197,0.44445082,1
150,AS/DIM/83G4/2015/22,Assam,Dima Hasao,Jatinga slide,"Jatinga, NH-54",25.137,93.018,Earth,Slide,Earth,Slide,1,2014,8.53,10.04508197,0.44445082,1
151,AS/DIM/83G4/2015/56,Assam,Dima Hasao,Bara Haflong,"Bara Haflong,village.",25.139,93.025,Earth,Slide,Earth,Slide,1,2014,4.11,10.04508197,0.44445082,1
153,AS/DIM/83G4/2015/30,Assam,Dima Hasao,NutanLeikul-3,"Nutan.Leikul,NH-54",25.139,93.04,Earth,Slide,Earth,Slide,1,2014,2.16,10.04508197,0.44445082,1
154,ASM/DH/83G4/2016/18,Assam,Dima Hasao,Jatinga-Haflong Road section-1,"Jatinga-Haflong Road section,
Haflong",25.139611,93.019556,Rock cum Debris,Slide,Debris cum Rock,Slide,1,2016,11.43,10.10081967,0.443344604,1
157,ASM/DH/83G4/2016/17,Assam,Dima Hasao,"Near and below Assam rifles camp,
Boro Haflong-3","Boro Haflong, Haflong",25.140417,93.020389,Debris,Slide,Debris,Slide,1,2014,11.38,10.04508197,0.44445082,1
158,AS/DIM/83G4/2015/28,Assam,Dima Hasao,Nutan Leikul-1,"Nutan Leikul, NH-54",25.142,93.04,Earth,Slide,Earth,Slide,1,2014,4.32,10.04508197,0.44445082,1
159,AS/DIM/83G4/2015/31,Assam,Dima Hasao,Nutan Leikul-4,"Nutan Leikul,NH-54",25.142,93.04,Earth,Slide,Earth,Slide,1,2014,4.32,10.04508197,0.44445082,1
778,ASM/K(M)/78N16/2022-23/002,Assam,Kamrup (Metro),Anandanagar,Anandanagar,26.18789,91.79493,Earth,Slide,Earth,Slide,1,2022,0.21,12.09590164,0.48713627,1
779,ASM/DH/83G04/2022-23/023,Assam,Dima Hasao,Disgao Raji Slide,"Disgao Raji, Haflong",25.17136,93.01102,Debris,Slide,Debris,Slide,1,2022,2.93,7.119672131,0.457205601,1
780,ASM/DH/83G04/2022-23/010,Assam,Dima Hasao,Fiangpui Slide 1,"Fiangpui, Haflong",25.169861,93.002528,Debris,Slide,Debris,Slide,1,2022,0.93,7.119672131,0.457205601,1
781,ASM/DH/83G04/2022-23/012,Assam,Dima Hasao,Lower Haflong Slide 1,"Lower Haflong , Haflong",25.18972,93.02011,Debris,Slide,Debris,Slide,1,2022,5.54,7.119672131,0.457205601,1
782,ASM/DH/83G04/2022-23/013,Assam,Dima Hasao,Lower Haflong Road Slide,Lower Haflong Road,25.18625,93.01629,Debris,Slide,Debris,Slide,1,2022,3.65,7.119672131,0.457205601,1
783,ASM/DH/83G04/2022-23/030,Assam,Dima Hasao,Merryland Slide,Merryland colony,25.177416,93.00975,Debris,Slide,Debris,Slide,1,2022,0.05,7.119672131,0.457205601,1
784,ASM/DH/83G04/2022-23/006,Assam,Dima Hasao,77/1 Km rail track Slide,Phiding–Daotuhaja rail section,25.2316944,93.1614167,Earth,Slide,Earth,Slide,1,2022,2.78,6.663934426,0.43768306,1
753,ASM/WKA/83C05/2020/3,Assam,West Karbi Anglong,Approach road (Hatidubi Dam)-3,"Hatidubi Dam Site, Lengery,
Amtreng",25.91406,92.49897,Debris,Slide,Debris,Slide,1,2020,4.32,15.54262295,0.49228347,1
754,ASM/WKA/83C05/2020/4,Assam,West Karbi Anglong,Approach road (Hatidubi Dam)-4,"Hatidubi Dam Site, Lengery,
Amtreng",25.91422,92.49972,Debris,Slide,Debris,Slide,1,2020,2.47,15.54262295,0.49228347,1
755,ASM/WKA/83C09/2020/2,Assam,West Karbi Anglong,Approach road (Hatidubi Dam)-2,"Hatidubi Dam Site, Lengery,
Amtreng",25.95478,92.51386,Rock,Slide,Rock,Slide,1,2020,4.37,15,0.493295082,1
756,ASM/WKA/83C09/2020/1,Assam,West Karbi Anglong,Approach road (Hatidubi Dam)-1,"Hatidubi Dam Site, Lengery,
Amtreng",25.95317,92.51353,Debris,Slide,Debris,Slide,1,2020,4.98,15,0.493295082,1
757,ASM/KAM/78N12/2019/0002,Assam,Kamrup (Metro),Matia pahar slide,"Natun Basti, Matia Pahar, Dipar
Bil",26.10591667,91.62283333,Rock,Slide,Rock,Slide,1,2019,0.05,11.13442623,0.482694331,1
759,AS/KAM/76N16/2024/1,Assam,Kamrup (Metro),Garo Basti Slide,"Garo Basti Slide, 8th Mile,
Guwahati",26.11464,91.83886,Earth,Slide,Earth,Slide,1,2024,2.52,15.05983607,0.474773907,1
760,ASM/DH/83G/03/2019/01,Assam,Dima Hasao,Kashmipur Slide,"Between Kalachand and
Maibong, NH 54",25.32069444,93.12733333,Rock,Slide,Rock,Slide,1,2019,3.09,6.972131148,0.454717555,1
761,"ASM/KAM
(M)/78N16/2017/0004",Assam,Kamrup (Metro),Dakshin Saraniya-2,Ganpat Mandir road,26.17755556,91.76588889,Debris,Slide,Debris,Slide,1,2017,0.21,15.68606557,0.496560792,1
1940,ARA/PP/83E16/2024/03,Arunachal Pradesh,Papum Pare,Chiputa Slide,Yupia-Possa Road (NH-713A),27.121136,93.762164,Earth,Slide,Earth,Slide,1,2024,3.96,8.190163934,0.360881489,1
1941,ARA/DIB/82P15/2024/01,Arunachal Pradesh,Lower Dibang Valley,Abrali Slide,Hunli-Anini Road (NH313),28.38919722,95.92776111,Rock,flow,Rock,Flow,1,2024,29.12,18.32459016,0.405365437,1
161,ASM/DH/83G4/2016/44,Assam,Dima Hasao,New Haflong R. S slide(3),New Haflong Railway Station,25.14525,93.029167,Debris,Slide,Debris,Slide,1,2016,0.82,10.10081967,0.443344604,1
162,ASM/DH/83G4/2016/16,Assam,Dima Hasao,"Vidya Mandir, Boro Haflong-2","Boro Haflong, Haflong",25.145861,93.024194,Rock cum Debris,Slide,Debris cum Rock,Slide,1,2016,6.91,10.10081967,0.443344604,1
163,AS/DH/83C16/2018/002,Assam,Dima Hasao,Jatinga Lampur landslide.,"Between Jatinga Lampur
Railway Station and Harangajao
Railway Station.",25.146306,93.942167,Debris,Slide,Debris,Slide,1,2018,15.8,12.34344262,0.48985485,1
164,ASM/DH/83G4/2016/02,Assam,Dima Hasao,New Haflong R. S slide(1),"West slope of New Haflong
Railway Station.",25.146778,93.030972,Rock cum Debris,Slide,Debris cum Rock,Slide,1,2016,0.05,10.10081967,0.443344604,1
165,ASM/DH/83G4/2016/43,Assam,Dima Hasao,New Haflong R.S. slide - (2),New Haflong Railway Station,25.148722,93.031917,Debris,Slide,Debris,Slide,1,2016,3.96,10.10081967,0.443344604,1
167,ASM/DH/83G4/2016/15,Assam,Dima Hasao,Boro Haflong-1,"Near Boro Haflong village,
Haflong",25.150694,93.025833,Debris,Slide,Debris,Slide,1,2016,7.98,10.10081967,0.476209699,1
168,AS/DIM/83G4/2015/41,Assam,Dima Hasao,Pura slide.-2,Near Pura village,25.155,93.067,Earth,Slide,Earth,Slide,1,2014,0.31,10.04508197,0.478105533,1
169,AS/DIM/83G4/2015/42,Assam,Dima Hasao,"Pura,NH-54",Pura,25.155,93.067,Earth,Slide,Earth,Slide,1,2014,0.31,10.04508197,0.478105533,1
170,AS/DIM/83G4/2015/26,Assam,Dima Hasao,Pura slide.,"NH-54,Near Pura village",25.155,93.073,Earth,Slide,Earth,Slide,1,2014,1.6,10.04508197,0.478105533,1
171,ASM/DH/83G4/2016/25,Assam,Dima Hasao,Mahadev Tila slide-2,Haflong town,25.155611,93.022222,Debris,Slide,Debris,Slide,1,2016,1.54,10.10081967,0.476209699,1
172,ASM/DH/83G4/2016/24,Assam,Dima Hasao,Mahadev Tilla-1,"Mahadev Tilla, Haflong",25.155722,93.022778,Earth,Slide,Earth,Slide,1,2016,1.39,10.10081967,0.476209699,1
173,AS/DIM/83G4/2015/57,Assam,Dima Hasao,Bara Haflong,"Bara Haflong,Near New Haflong
RS",25.156,93.018,Earth,Slide,Earth,Slide,1,2014,3.34,10.04508197,0.477334016,1
174,ASM/DH/83G4/2016/27,Assam,Dima Hasao,Haflong-Jatinga road section slide-02,Haflong town,25.156389,93.018389,Rock cum Debris,Slide,Debris cum Rock,Slide,1,2016,3.03,10.10081967,0.476209699,1
176,ASM/DH/83G4/2016/06,Assam,Dima Hasao,G. C. Langthasa High school slide,"Near Mahadev Tila, Haflong",25.156694,93.017667,Debris,Slide,Debris,Slide,1,1998,0.1,11.83114754,0.480540642,1
177,AS/DIM/83G4/2015/64,Assam,Dima Hasao,Pura Sinking Zone village,Pura village on NH-54,25.157,93.062,Earth,Slide,Earth,Slide,1,2014,0.46,10.04508197,0.478105533,1
178,AS/DIM/83G4/2015/43,Assam,Dima Hasao,Pura-4,"Pura,NH-54",25.157,93.066,Earth,Slide,Earth,Slide,1,2014,0.57,10.04508197,0.478105533,1
179,ASM/DH/83G4/2016/29,Assam,Dima Hasao,Haflong-Jatinga road section slide-04,Haflong town,25.157139,93.017194,Debris,Slide,Debris,Slide,1,2016,0.21,10.10081967,0.476209699,1
180,ASM/DH/83G4/2016/28,Assam,Dima Hasao,Haflong-Jatinga road section slide-03,Haflong town,25.157361,93.016083,Rock cum Debris,Slide,Debris cum Rock,Slide,1,2016,0.93,10.10081967,0.476209699,1
181,ASM/DH/83G4/2016/30,Assam,Dima Hasao,Gadhi Rojai Slide,Haflong town,25.159333,93.017,Earth,Slide,Earth,Slide,1,2016,0.21,10.10081967,0.476209699,1
182,ASM/DH/83G4/2016/14,Assam,Dima Hasao,Songpiang-2,"Songpiang village, Haflong",25.163444,93.023167,Debris,Slide,Debris,Slide,1,2016,3.6,10.10081967,0.476209699,1
183,ASM/DH/83G4/2016/42,Assam,Dima Hasao,96 km Migrendisa slide,"96 km, Migrendisa – Haflong rail
section, near Diyung bridge.",25.164,93.040194,Debris,Slide,Debris,Slide,1,2016,7.47,10.10081967,0.476209699,1
184,ASM/DH/83G4/2016/13,Assam,Dima Hasao,Songpiang-1,"Songpiang village, Haflong",25.165639,93.025444,Debris,Slide,Debris,Slide,1,2016,2.93,10.10081967,0.476209699,1
189,ASM/DH/83G4/2016/12,Assam,Dima Hasao,"Huonveng, N.D Raji-3","N.D Raji (Hmar)village, Haflong",25.171889,93.003944,Debris,Slide,Debris,Slide,1,2016,0.41,10.10081967,0.476209699,1
190,ASM/DH/83G4/2016/11,Assam,Dima Hasao,N.D Raji (Hamar)-2,"N.D Raji (Hamar)village, Haflong",25.175056,93.020417,Debris,Slide,Debris,Slide,1,2016,3.6,10.10081967,0.476209699,1
191,ASM/DH/83G4/2016/10,Assam,Dima Hasao,N.D Raji.-1,"N.D Raji village, Haflong",25.175972,93.020167,Debris,Slide,Debris,Slide,1,2016,3.29,10.10081967,0.476209699,1
1938,ARA/PP/83E16/2024/01,Arunachal Pradesh,Papum Pare,Banderdewa Petrol Pump Slide,NH 415,27.105253,93.825399,Debris,Slide,Debris,Slide,1,2024,3.65,10.65163934,0.384178962,1
1939,ARA/PP/83E16/2024/02,Arunachal Pradesh,Papum Pare,Nirjuli Slide,"Banderdewa-Nirjuli Road (NH-
415)",27.121136,93.762164,Debris,Flow,Debris,Flow,1,2024,3.96,8.190163934,0.360881489,1
192,ASM/DH/83G4/2016/23,Assam,Dima Hasao,Mahur,Mahur,25.176389,93.116139,Debris,Slide,Debris,Slide,1,2016,0.51,10.10081967,0.477033128,1
193,ASM/DH/83G4/2016/08,Assam,Dima Hasao,Khongsai slide- 2,"Khongsai village, Haflong",25.176917,93.026556,Earth,Slide,Earth,Slide,1,2014,4.83,10.04508197,0.477334016,1
194,ASM/DH/83G4/2016/09,Assam,Dima Hasao,Muolhoi /Gilgal,"Muolhoi /Gilgal village, Haflong",25.177028,93.020889,Earth,Slide,Earth,Slide,1,2016,3.55,10.10081967,0.476209699,1
195,ASM/DH/83G4/2016/05,Assam,Dima Hasao,Khongsai slide-1,"Khongsai village, Haflong",25.1775,93.026222,Earth,Slide,Earth,Slide,1,2014,7.37,10.04508197,0.477334016,1
196,ASM/DH/83G4/2016/01,Assam,Dima Hasao,Migrendisa slide,"Near Migrendisa Railway
Station, Migrendisa",25.179861,93.070778,Debris,Slide,Debris,Slide,1,2016,10.09,10.10081967,0.477033128,1
201,ASM/DH/83G4/2016/20,Assam,Dima Hasao,Newngalsong,"Newngalsong village, Mahur",25.184528,93.125639,Debris,Slide,Debris,Slide,1,2016,2.57,8.201639344,0.477033128,1
202,AS/DIM/83G4/2015/62,Assam,Dima Hasao,Phaeding-Sunbung Subsidence,8.5 km from Mahur; NH-54,25.186,93.104,Earth,Slide,Earth,Slide,1,2014,2.26,10.04508197,0.478105533,1
203,ASM/DH/83G4/2016/21,Assam,Dima Hasao,Heuwangaberam-2,"Heuwangaberam village, Mahur",25.18725,93.120556,Debris,Slide,Debris,Slide,1,2016,2.37,10.10081967,0.477033128,1
204,AS/DIM/83G4/2015/63,Assam,Dima Hasao,Bara-wapu village subsidence,"South of Bara-wapu village on
NH-54",25.188,93.066,Earth,Slide,Earth,Slide,1,2014,7.62,10.04508197,0.478105533,1
205,ASM/DH/83G4/2016/41,Assam,Dima Hasao,"Lower Haflong slide (Haflong –
Gunjung road-12)","Haflong – Gunjung road section,
Lower Haflong",25.188444,93.019667,Rock cum Debris,Slide,Debris cum Rock,Slide,1,2016,5.13,10.10081967,0.476209699,1
219,AS/DIM/83G4/2015/50,Assam,Dima Hasao,Heuwangbram,"Near Heuwangbram ,NH-54",25.201,93.122,Earth,Slide,Earth,Slide,1,2014,0.77,10.04508197,0.478105533,1
221,ASM/DH/83G4/2016/54,Assam,Dima Hasao,Phaiding slide,"Phaiding, Haflong",25.204556,93.138889,Debris,Slide,Debris,Slide,1,2016,4.72,8.201639344,0.477033128,1
762,ASM/KAM (M)/78N16/2017/04,Assam,Kamrup (Metro),Dakshin Saraniya-1,Ganpat Mandir road,26.17672222,91.76525,Debris,Slide,Debris,Slide,1,2017,0.05,15.68606557,0.496560792,1
763,"ASM/KAM
(M)/78N16/2017/0003",Assam,Kamrup (Metro),Anandapur-Gangapur slide,Hengrabari,26.15427778,91.79263889,Debris,Slide,Debris,Slide,1,2017,3.29,15.68606557,0.496560792,1
764,"AS/KAMRUP (M)/78N16/2014-
15/0002",Assam,Kamrup (Metro),Udayachal Slide.,"Guwahati-Shillong Road
(Merges with NH-37),
Udayachal pahar, Near
Guwahati Medical College.",26.15477778,91.77411111,Earth,Flow,Earth,Flow,1,2014,3.75,18.6204918,0.474885587,1
765,"AS/KAMRUP(M)/78N16/2014-
15/0003",Assam,Kamrup (Metro),"Bamunimaidan, South Railway Colony
slide.","SH: Zoo Tiniali-Narengi Road.
Localtiy: Bamunimaidan, South
Railway Colony (Near Hatigar),
Guwahati.",26.17672222,91.78672222,Earth,Flow,Earth,Flow,1,2014,0.67,18.6204918,0.474885587,1
766,"ASM/KAMRUP(M)/78N16/2016-
17/057",Assam,Kamrup (Metro),Jyotinagar Slide,"Akashi Nagar, Jyoti Nagar,
Guwahati.",26.1895,91.78716667,Earth,Slide,Earth,Slide,1,2016,4.88,18.51393443,0.474284495,1
767,ASM/DH/83G3/ PD/2017 /02,Assam,Dima Hasao,Mupa slide,"Between Mupa and Dinhaku
Railway Station,",25.40586111,93.11097222,Debris,Slide,Debris,Slide,1,2017,4.26,15.08196721,0.493179303,1
768,ASM/DH/83G3/ PD/2017 /01,Assam,Dima Hasao,Boila bridge slide,"Between Mupa and Dinhaku
Bridge approach no102, at km
51/9 as 52/1",25.39155556,93.11316667,Soil,Subsidence,Soil,Subsidence,1,2017,0.05,15.08196721,0.493179303,1
737,AS/WKA/83C09/2020/14,Assam,West Karbi Anglong,Approach Road (Hatidubi Dam)-14,"Hatidubi Dam Site, Lengery,
Amtreng",25.96664,92.51636,Earth,Slide,Earth,Slide,1,2020,8.93,15,0.493295082,1
738,AS/WKA/83C09/2020/15,Assam,West Karbi Anglong,Approach Road (Hatidubi Dam)-15,"Hatidubi Dam Site, Lengery,
Amtreng",25.967,92.51617,Debris,Slide,Debris,Slide,1,2020,7.37,15,0.493295082,1
739,AS/WKA/83C09/2020/20,Assam,West Karbi Anglong,"Approach Road (Power House,
Hatidubi Dam)-2","Hatidubi Dam site, Lengery,
Amtreng",25.96458,92.52081,Debris,Slide,Debris,Slide,1,2020,3.44,15,0.493295082,1
740,AS/WKA/83C09/2020/16,Assam,West Karbi Anglong,Approach Road (Hatidubi Dam)-16,"Hatidubi Dam Site, Lengery,
Amtreng",25.96886,92.51572,Earth,Slide,Earth,Slide,1,2020,9.13,15,0.493295082,1
741,AS/WKA/83C09/2020/17,Assam,West Karbi Anglong,Approach Road (Hatidubi Dam)-17,"Hatidubi Dam Site, Lengery,
Amtreng",25.97461,92.51375,Earth,Slide,Earth,Slide,1,2020,5.69,15,0.493295082,1
742,AS/WKA/83C09/2020/18,Assam,West Karbi Anglong,Approach Road (Hatidubi Dam)-18,"Hatidubi Dam Site, Lengery,
Amtreng",25.97664,92.51283,Earth,Slide,Earth,Slide,1,2020,5.08,15,0.493295082,1
743,AS/WKA/83C09/2020/19,Assam,West Karbi Anglong,"Approach Road (Power House,
Hatidubi Dam)-1","Hatidubi Dam Site, Lengery,
Amtreng",25.98214,92.51139,Rock,Fall,Rock,Fall,1,2020,4.67,14.09262295,0.492463798,1
744,ASM/WKA/83C09/2020/5,Assam,West Karbi Anglong,Approach road (Hatidubi Dam)-5,"Hatidubi Dam Site, Lengery,
Amtreng",25.91608,92.50203,Debris,Slide,Debris,Slide,1,2020,4.26,15.54262295,0.49228347,1
745,ASM/WKA/83C09/2020/8,Assam,West Karbi Anglong,Approach road (Hatidubi Dam)-8,"Hatidubi Dam, Lengery,
Amtreng",25.92153,92.50753,Debris,Slide,Debris,Slide,1,2020,1.9,15.54262295,0.49228347,1
224,ASM/DH/83G4/2016/07,Assam,Dima Hasao,Haflong – Gunjung slide-1,"Near Gunjung village road
section",25.205528,93.020139,Rock cum Debris,Slide,Debris cum Rock,Slide,1,2016,11.38,10.10081967,0.476209699,1
225,AS/DIM/83G4/2015/53,Assam,Dima Hasao,Semdikhar,"Semdikhar,NH-54",25.206,93.126,Earth,Slide,Earth,Slide,1,2014,14.46,8.267213115,0.478105533,1
226,ASM/DH/83G4/2016/03,Assam,Dima Hasao,Heuwangberam subsidence zone-1,"NH 54, Heuwangberam",25.207389,93.122778,Debris,Subsidence,Debris,Subsidence,1,2016,7.02,10.10081967,0.477033128,1
227,AS/DIM/83G4/2015/51,Assam,Dima Hasao,Heuwangbram,"Near Heuwangbram ,NH-54",25.208,93.121,Earth,Slide,Earth,Slide,1,2014,7.62,10.04508197,0.478105533,1
231,ASM/DH/83G4/2016/36,Assam,Dima Hasao,"Haflong – Gunjung road section slide-
07",Near Gunjung village road,25.214944,93.021611,Debris,Slide,Debris,Slide,1,2016,2.62,10.10081967,0.476209699,1
233,ASM/DH/83G4/2016/38,Assam,Dima Hasao,"Haflong – Gunjung road section slide-
09","Haflong town, Dima Hasao",25.216944,93.011361,Rock cum Debris,Slide,Debris cum Rock,Slide,1,2016,6.05,10.10081967,0.476209699,1
234,ASM/DH/83G4/2016/37,Assam,Dima Hasao,"Haflong – Gunjung road section slide-
08","Near Gunjung village road
section",25.2185,93.013111,Debris,Slide,Debris,Slide,1,2016,4.11,10.10081967,0.476209699,1
208,ASM/DH/83G4/2016/53,Assam,Dima Hasao,Mahur railway station slide,"Mahur railway station, Haflong",25.189556,93.096417,Debris,Slide,Debris,Slide,1,2016,0.72,10.10081967,0.477033128,1
214,ASM/DH/83G4/2016/22,Assam,Dima Hasao,Heuwangaberam-3,"Heuwangaberam village, Mahur",25.193083,93.120417,Earth,Slide,Earth,Slide,1,2016,3.44,10.10081967,0.477033128,1
215,ASM/DH/83G4/2016/40,Assam,Dima Hasao,"Lungkok slide (Haflong – Gunjung road
11)",#NAME?,25.196694,93.018583,Rock cum Debris,Slide,Debris cum Rock,Slide,1,2016,0.87,10.10081967,0.476209699,1
216,ASM/DH/83G4/2016/39,Assam,Dima Hasao,Haflong-Gunjung road section slide-10,Lower Haflong,25.199722,93.016722,Debris,Slide,Debris,Slide,1,2016,6.81,10.10081967,0.476209699,1
242,AS/DH/83G04/2018/003,Assam,Dima Hasao,Phiding slide,"Near Phiding Railway Station.
Between Mahur and Phiding RS,
NFR.",25.224278,93.222861,Debris,Slide,Debris,Slide,1,2018,3.65,8.236885246,0.478339481,1
250,AS/DIM/83G4/2015/52,Assam,Dima Hasao,Heuwangbram,"Near Heuwangbram ,NH-54",25.242,93.14,Earth,Slide,Earth,Slide,1,2014,5.24,8.267213115,0.478105533,1
746,ASM/WKA/83C09/2020/11,Assam,West Karbi Anglong,Approach road (Hatidubi Dam)-11,"Hatidubi Dam, Lengery,
Amtreng",25.92525,92.51031,Debris,Slide,Debris,Slide,1,2020,1.18,15.54262295,0.49228347,1
747,ASM/WKA/83C09/2020/6,Assam,West Karbi Anglong,Approach road (Hatidubi Dam)-6,"Hatidubi Dam, Lengery,
Amtreng",25.91936,92.50556,Earth,Slide,Earth,Slide,1,2020,3.03,15.54262295,0.49228347,1
748,ASM/WKA/83C09/2020/7,Assam,West Karbi Anglong,Approach road (Hatidubi Dam)-7,"Hatidubi Dam, Lengery,
Amtreng",25.92103,92.50708,Earth,Slide,Earth,Slide,1,2020,0.72,15.54262295,0.49228347,1
749,ASM/WKA/83C09/2020/9,Assam,West Karbi Anglong,Approach road (Hatidubi Dam)-9,"Hatidubi Dam, Lengery,
Amtreng",25.92233,92.50819,Earth,Slide,Earth,Slide,1,2020,0.31,15.54262295,0.49228347,1
750,ASM/WKA/83C09/2020/10,Assam,West Karbi Anglong,Approach road (Hatidubi Dam)-10,"Hatidubi Dam, Lengery,
Amtreng",25.924,92.50939,Earth,Slide,Earth,Slide,1,2020,0.21,15.54262295,0.49228347,1
751,AS/WKA/83C09/2020/12,Assam,West Karbi Anglong,Approach Road (Hatidubi Dam)-12,"Hatidubi Dam Site, Lengery,
Amtreng",25.95825,92.51414,Earth,Slide,Earth,Slide,1,2020,0.1,15,0.493295082,1
752,AS/WKA/83C09/2020/13,Assam,West Karbi Anglong,Approach Road (Hatidubi Dam)-13,"Hatidubi Dam Site, Lengery,
Amtreng",25.96403,92.51631,Earth,Slide,Earth,Slide,1,2020,8.63,15,0.493295082,1
722,ASM/DH/83G4/ PD/2016/23,Assam,Dima Hasao,Mahur,"Mahur, Dima Hasao (NC Hills)",25.17638889,93.11613889,Debris,Slide,Debris,Slide,1,2016,0.51,10.10081967,0.477033128,1
723,ASM/DH/83G4/ PD/2016/05,Assam,Dima Hasao,Khongsai slide-1,"Khongsai village, Haflong,",25.1775,93.02622222,Earth,Shallow rotational,Earth,Shallow Rotational,1,2016,7.37,10.10081967,0.476209699,1
724,ASM/DH/83G4/ PD/2016/08,Assam,Dima Hasao,Khongsai slide- 2,"Khongsai village, Haflong, Dima
Hasao (NC Hills)",25.17691667,93.02655556,Earth,Slide,Earth,Slide,1,2016,4.83,10.10081967,0.476209699,1
725,ASM/DH/83G4/ PD/2016/09,Assam,Dima Hasao,Muolhoi /Gilgal,"Muolhoi /Gilgal village, Haflong,
Dima Hasao (NC Hills)",25.17702778,93.02088889,Earth,Slide,Earth,Slide,1,2016,3.55,10.10081967,0.476209699,1
726,ASM/DH/83G4/ PD/2016/22,Assam,Dima Hasao,Heuwangaberam-3,"Heuwangaberam village,
Mahur, Dima Hasao (NC Hills)",25.19308333,93.12041667,Earth,Slide,Earth,Slide,1,2016,3.44,10.10081967,0.477033128,1
727,ASM/DH/83G4/ PD/2016/19,Assam,Dima Hasao,Jatinga-2,"Jatinga, Haflong, Dima Hasao
(NC Hills)",25.13447222,93.01897222,Rock,Slide,Rock,Slide,1,2016,9.99,10.10081967,0.443344604,1
728,"ASM/KAM
(M)/78N16/2017/0006",Assam,Kamrup (Metro),"Bonda, Hajongdisa slide",Tuinang colony,26.18841667,91.85125,Earth,Slide,Earth,Slide,1,2017,5.29,14.92868852,0.496072746,1
729,ASM/KAM(M)/78N16/2016/63,Assam,Kamrup (Metro),Mandakini slide,"Mandakini path, Kharghuli",26.19244444,91.76422222,Earth,Slide,Earth,Slide,1,2016,2.62,18.51393443,0.474284495,1
730,ASM/KAM/78N16/2019/03,Assam,Kamrup (Metro),Amiya Nagar Slide,Chandmari,26.19236111,91.78080556,Debris,Subsidence,Debris,Subsidence,1,2019,2.47,11.11721311,0.485831284,1
731,ASM/KAM/78N12/2019/04,Assam,Kamrup (Metro),Bezbaruah Nagar slide,"Nilachalpur, Bezbaruah Nagar",26.15805556,91.71258333,Debris,Slide,Debris,Slide,1,2019,7.02,11.47131148,0.486188525,1
732,"ASM/West Sarania/78N16/2016-
17/65",Assam,Kamrup (Metro),West Sarania slide (Guwahati),"Pub Sarania hill, Guwahati.",26.1755,91.76175,Debris,Slide,Debris,Slide,1,2016,0.51,18.51393443,0.474284495,1
733,"ASM/ Nijabara/78N16/2016-
17/64",Assam,Kamrup (Metro),Nijabara slide (Guwahati),"Noonmati, Guwahati.",26.19038889,91.80994444,Earth,Slide,Earth,Slide,1,2016,4.47,18.51393443,0.474284495,1
734,"AS/KAMRUP(M)/78N16/2014-
15/0004",Assam,Kamrup (Metro),"Nabragraha Slide, Bapuji Nagar
Housing Complex.","SH: Chandmari Road. Localtiy:
Bapuji Nagar Housing Complex,
Guwahati.",26.18866667,91.76694444,Earth,Flow,Earth,Flow,1,2014,1.34,18.6204918,0.474885587,1
735,AS/WKA/83C09/2020/21,Assam,West Karbi Anglong,Hatidubi Dam Slide,"Hatidubi Dam site, Lengery,
Amtreng",25.91286,92.49797,Debris,Slide,Debris,Slide,1,2020,4.62,15.54262295,0.49228347,1
736,"AS/KAMRUP(M)/78N16/2014-
15/0005",Assam,Kamrup (Metro),"Karghuli Landslide, Bankuwar Nagar,
Guwahati.(Twin Slide in same road)","SH: Chandmari Road. Localtiy:
Bankuwar Nagar, Karghuli
Pahar, Guwahati.",26.19622222,91.76336111,Earth,Flow,Earth,Flow,1,2014,2.31,18.6204918,0.474885587,1
705,ASM/DH/83G4/ PD/2016/28,Assam,Dima Hasao,Haflong-Jatinga road section slide-03,"Haflong town, Dima Hasao (NC
Hills)",25.15736111,93.01608333,Rock,Slide,Rock,Slide,1,2016,0.93,10.10081967,0.476209699,1
706,ASM/DH/83G4/ PD/2016/33,Assam,Dima Hasao,"Haflong – Gunjung road section slide-
04",Haflong – Gunjung road section,25.23880556,93.03219444,Rock,Slide,Rock,Slide,1,2016,8.18,10.10081967,0.476209699,1
707,ASM/DH/83G4/ PD/2016/40,Assam,Dima Hasao,"Lungkok slide (Haflong – Gunjung road
11)",#NAME?,25.19669444,93.01858333,Rock,Slide,Rock,Slide,1,2016,0.87,10.10081967,0.476209699,1
708,ASM/DH/83G4/ PD/2016/41,Assam,Dima Hasao,"Lower Haflong slide (Haflong –
Gunjung road-12)","Haflong – Gunjung road section,
Lower Haflong",25.18844444,93.01966667,Rock,Slide,Rock,Slide,1,2016,5.13,10.10081967,0.476209699,1
709,ASM/DH/83G4/ PD /2016/03,Assam,Dima Hasao,Heuwangberam subsidence zone-1,"NH 54, Heuwangberam,",25.20738889,93.12277778,Debris,"Initially started as a subsidence, now movement of slope mass has already been initiated.",Debris,Subsidence,1,2014,7.02,10.04508197,0.478105533,1
710,ASM/DH/83G4/ PD/2016/10,Assam,Dima Hasao,N.D Raji.-1,"N.D Raji village, Haflong, Dima
Hasao (NC Hills)",25.17597222,93.02016667,Debris,Slide,Debris,Slide,1,2016,3.29,10.10081967,0.476209699,1
711,ASM/DH/83G4/ PD/2016/11,Assam,Dima Hasao,N.D Raji (Hamar)-2,"N.D Raji (Hamar)village,
Haflong, Dima Hasao (NC Hills)",25.17505556,93.02041667,Debris,Slide,Debris,Slide,1,2016,3.6,10.10081967,0.476209699,1
712,ASM/DH/83G4/ PD/2016/12,Assam,Dima Hasao,"Huonveng, N.D Raji-3","N.D Raji (Hmar)village, Haflong,
Dima Hasao (NC Hills)",25.17188889,93.02061111,Debris,Slide,Debris,Slide,1,2016,4.78,10.10081967,0.476209699,1
713,ASM/DH/83G4/ PD/2016/13,Assam,Dima Hasao,Songpiang-1,"Songpiang village, Haflong,
Dima Hasao (NC Hills)",25.16563889,93.02544444,Debris,Fall,Debris,Fall,1,2016,2.93,10.10081967,0.476209699,1
282,ASM/DH/83G4/2016/04,Assam,Dima Hasao,Mupa-Langting RF Rock slide,"NH 54, Mupa – Langting
Reserved Forest",25.417333,93.129083,Rock,Slide,Rock,Slide,1,2015,5.8,11.47213115,0.47256694,1
284,AS/DIM/83G3/2015/59,Assam,Dima Hasao,Dehangi-1,Near Dehangi village,25.42,93.002,Earth,Slide,Earth,Slide,1,2014,0.77,8.796721311,0.46607138,1
714,ASM/DH/83G4/ PD/2016/14,Assam,Dima Hasao,Songpiang-2,"Songpiang village, Haflong,
Dima Hasao (NC Hills)",25.16344444,93.02316667,Debris,Slide,Debris,Slide,1,2016,3.6,10.10081967,0.476209699,1
715,ASM/DH/83G4/ PD/2016/15,Assam,Dima Hasao,Boro Haflong-1,"Near Boro Haflong village,
Haflong, Dima Hasao (NC Hills)",25.15069444,93.02583333,Debris,slide,Debris,Slide,1,2016,7.98,10.10081967,0.476209699,1
716,ASM/DH/83G4/ PD/2016/16,Assam,Dima Hasao,"Vidya Mandir, Boro Haflong-2","Boro Haflong, Haflong, Dima
Hasao (NC Hills)",25.14586111,93.02419444,Debris,Slide,Debris,Slide,1,2016,6.91,10.10081967,0.443344604,1
717,ASM/DH/83G4/ PD/2016/17,Assam,Dima Hasao,"Near and below Assam rifles camp,
Boro Haflong-3.","Boro Haflong, Haflong, Dima
Hasao (NC Hills)",25.14041667,93.02038889,Debris,Slide,Debris,Slide,1,2016,11.38,10.10081967,0.443344604,1
718,ASM/DH/83G4/ PD/2016/18,Assam,Dima Hasao,Jatinga-Haflong Road section-1.,"Jatinga-Haflong Road section,
Haflong, Dima Hasao (NC Hills)",25.13961111,93.01955556,Debris,Slide,Debris,Slide,1,2016,11.43,10.10081967,0.443344604,1
719,AS/KAM(M)/78N12/2023/01,Assam,Kamrup (Metro),Dhirenpara,Jonali path,26.150124,91.727915,Earth,Slide,Earth,Slide,1,2023,4.11,16.41393443,0.472415984,1
720,ASM/DH/83G4/ PD/2016/20,Assam,Dima Hasao,Newngalsong,"Newngalsong village, Mahur,
Dima Hasao (NC Hills)",25.18452778,93.12563889,Debris,Slide,Debris,Slide,1,2016,2.57,8.201639344,0.477033128,1
690,ASM/DH/83G04/2022-23/002,Assam,Dima Hasao,New Haflong Tunnel No. 9 Slide,New Haflong Railway Station,25.143408,93.02995,Debris,Flow,Debris,Flow,1,2022,4.93,9.862295082,0.47505362,1
691,ASM/DH/83G04/2022-23/004,Assam,Dima Hasao,New Haflong RS Slide 2,New Haflong Railway Station,25.14879,93.031636,Debris,Slide,Debris,Slide,1,2022,3.34,9.862295082,0.47505362,1
692,ASM/DH/83G04/2022-23/005,Assam,Dima Hasao,New Haflong RS Slide 3,New Haflong Railway Station,25.15144,93.0331,Debris,Slide,Debris,Slide,1,2022,5.29,7.119672131,0.457205601,1
693,ASM/DH/83G4/ PD/2016/06,Assam,Dima Hasao,G. C. Langthasa High school slide,"Near Mahadev Tila, Haflong,",25.15669444,93.01766667,Debris,Slide,Debris,Slide,1,2022,0.1,7.119672131,0.457205601,1
694,ASM/DH/83G4/ PD/2016/07,Assam,Dima Hasao,Haflong – Gunjung slide-1,"Near Gunjung village road
section",25.20552778,93.02013889,Debris,Slide,Debris,Slide,1,2016,11.38,10.10081967,0.476209699,1
695,ASM/DH/83G4/ PD/2016/31,Assam,Dima Hasao,"Haflong – Gunjung road section slide-
02",Haflong – Gunjung road section,25.24597222,93.02827778,Debris,Slide,Debris,Slide,1,2016,1.08,10.10081967,0.476209699,1
696,ASM/DH/83G4/ PD/2016/36,Assam,Dima Hasao,"Haflong – Gunjung road section slide-
07",Near Gunjung village road,25.21494444,93.02161111,Debris,Slide,Debris,Slide,1,2016,2.62,10.10081967,0.476209699,1
697,ASM/DH/83G4/ PD/2016/37,Assam,Dima Hasao,"Haflong – Gunjung road section slide-
08","Near Gunjung village road
section",25.2185,93.01311111,Debris,Slide,Debris,Slide,1,2016,4.11,10.10081967,0.476209699,1
698,ASM/DH/83G4/ PD/2016/38,Assam,Dima Hasao,"Haflong – Gunjung road section slide-
09","Haflong town, Dima Hasao (NC
Hills)",25.21694444,93.01136111,Debris,Slide,Debris,Slide,1,2016,6.05,10.10081967,0.476209699,1
700,AS/K(M)/76N16/2024/01,Assam,Kamrup (Metro),Rudra Nagar Slide,"Rudra Nagar, Near Rajohuwa
Namghar, Chandmari",26.19052,91.77499,Earth,Slide,Earth,Slide,1,2024,3.34,17.73934426,0.476385246,1
701,ASM/DH/83G4/ PD/2016/30,Assam,Dima Hasao,Gadhi Rojai Slide,"Haflong town, Dima Hasao (NC
Hills)",25.15933333,93.017,Earth,Slide,Earth,Slide,1,2016,0.21,10.10081967,0.476209699,1
702,ASM/DH/83G4/ PD/2016/32,Assam,Dima Hasao,"Haflong – Gunjung road section slide-
03",Haflong – Gunjung road section,25.23925,93.03152778,Earth,Slide,Earth,Slide,1,2016,7.88,10.10081967,0.476209699,1
703,ASM/DH/83G4/ PD/2016/34,Assam,Dima Hasao,"Haflong – Gunjung road section slide-
05",Haflong – Gunjung road section,25.23297222,93.03325,Earth,Slide,Earth,Slide,1,2016,8.63,10.10081967,0.476209699,1
704,ASM/DH/83G4/PD/2016/27,Assam,Dima Hasao,Haflong-Jatinga road section slide-02,"Haflong town, Dima Hasao (NC
Hills)",25.15638889,93.01838889,Rock,Slide,Rock,Slide,1,2016,3.03,10.10081967,0.476209699,1
673,ASM/DH/83G4/ PD/2016/42,Assam,Dima Hasao,96 km Migrendisa slide,"96 km, Migrendisa – Haflong rail
section, near Diyung bridge.",25.164,93.04019444,Debris,Slide,Debris,Slide,1,2016,7.47,10.10081967,0.476209699,1
674,ASM/DH/83C16/PD/2016/45,Assam,Dima Hasao,Harangajao Slide,"NH 54, Harangajao, Dima Hasao",25.10638889,92.86480556,Debris,Slide,Debris,Slide,1,2016,3.65,11.78360656,0.471981216,1
675,ASM/DH/83C16/PD/2016/46,Assam,Dima Hasao,NH 54 Rekho slide- (1),"NH 54, near Rekho village, Dima
Hasao",25.10941667,92.88075,Debris,Slide,Debris,Slide,1,2016,0.26,9.728688525,0.447262637,1
676,ASM/DH/83C16/PD/2016/47,Assam,Dima Hasao,NH 54 Rekho slide (2),"NH 54, near Rekho village, Dima
Hasao",25.10988889,92.89316667,Debris,Slide,Debris,Slide,1,2016,2.57,9.728688525,0.471981216,1
677,ASM/DH/83C16/PD/2016/48,Assam,Dima Hasao,NH 54 Rekho slide (3),"NH 54, near Rekho village, Dima
Hasao",25.10877778,92.92033333,Debris,Slide,Debris,Slide,1,2016,2.26,9.728688525,0.471981216,1
678,ASM/DH/83C16/PD/2016/49,Assam,Dima Hasao,NH 54 Ritzawl slide (1),"NH 54, near Ritzawl village,
Dima Hasao",25.10897222,92.92886111,Debris,Slide,Debris,Slide,1,2016,5.08,9.728688525,0.447262637,1
680,ASM/DH/83C16/PD/2016/50,Assam,Dima Hasao,NH 54 Ritzawl slide (2),"NH 54, 2 km west of Ritzawl
village, Dima Hasao",25.11011111,92.99877778,Debris,Slide,Debris,Slide,1,2016,8.38,9.728688525,0.443344604,1
681,ASM/DH/83C16/PD/2016/51,Assam,Dima Hasao,Ritzawl slide (3),"NH-54, near Ritzawl village",25.11077778,93.00458333,Debris,Slide,Debris,Slide,1,2016,3.75,9.728688525,0.443344604,1
292,AS/DIM/83G3/2015/60,Assam,Dima Hasao,Dehangi-2,Near Dehangi village,25.424,93,Earth,Slide,Earth,Slide,1,2014,4.42,8.796721311,0.46607138,1
682,ASM/DH/83C16/PD/2016/52,Assam,Dima Hasao,NH 54 Ritzawl slide (4),"NH 54, near Ritzawl village,
Dima Hasao",25.11238889,93.00575,Debris,Slide,Debris,Slide,1,2016,4.72,9.728688525,0.443344604,1
683,ASM/DH/83G4/PD/2016/43,Assam,Dima Hasao,New Haflong R.S. slide - (2),New Haflong Railway Station,25.14872222,93.03191667,Debris,Creep,Debris,Creep,1,2016,3.96,10.10081967,0.443344604,1
684,ASM/DH/83G4/PD/2016/44,Assam,Dima Hasao,New Haflong R. S slide(3),"New Haflong Railway Station,
Dima Hasao (NC Hills)",25.14525,93.02916667,Debris,Slide,Debris,Slide,1,2016,0.82,10.10081967,0.443344604,1
685,ASM/DH/83G4/ PD/2016/24,Assam,Dima Hasao,Mahadev Tilla-1,"Mahadev Tilla, Haflong,Dima
Hasao (NC Hills)",25.15572222,93.02277778,Earth,Slide,Earth,Slide,1,2016,1.39,10.10081967,0.476209699,1
686,ASM/DH/83G4/ PD/2016 /35,Assam,Dima Hasao,"Haflong – Gunjung road section soil
creep-6",Haflong – Gunjung road section,25.23230556,93.03333333,Earth,Creep,Earth,Creep,1,2016,7.52,10.10081967,0.476209699,1
687,ASM/KAM/78N12/2020/002,Assam,Kamrup (Metro),Amingaon Ganesh Mandir landslide,NH-31,26.21083333,91.68944444,Debris,Slide,Debris,Slide,1,,5.54,14.77991803,0.483023429,1
688,ASM/DH/83G04/2022-23/001,Assam,Dima Hasao,New Haflong RS Debris Flow,New Haflong Railway Station,25.14264,93.03182,Debris,Flow,Debris,Flow,1,2022,2.47,9.862295082,0.47505362,1
657,ASM/DH/83G04/2022-23/034,Assam,Dima Hasao,G.C. Langthasa High school Slide,Mahadev Tilla village,25.156833,93.017694,Debris,Slide,Debris,Slide,1,1998,0.1,11.83114754,0.480540642,1
658,ASM/DH/83G04/2022-23/035,Assam,Dima Hasao,Demalik Raji Slide 1,Demalik Raji,25.1565,93.0151,Debris,Slide,Debris,Slide,1,2022,3.8,7.119672131,0.457205601,1
659,ASM/DH/83G04/2022-23/036,Assam,Dima Hasao,Demalik Raji Slide 2,Demalik Raji,25.15667,93.01275,Debris,Slide,Debris,Slide,1,2022,6.76,7.119672131,0.457205601,1
660,ASM/DH/83G04/2022-23/037,Assam,Dima Hasao,Songpijang Cemetery Slide,Lower Songpijang,25.16367,93.02478,Debris,Slide,Debris,Slide,1,2022,2.93,7.119672131,0.457205601,1
661,ASM/DH/83G04/2022-23/039,Assam,Dima Hasao,Lower Songpijang slide 3,Lower Songpijang,25.16649,93.02289,Debris,Slide,Debris,Slide,1,2022,2.26,7.119672131,0.457205601,1
662,ASM/DH/83G04/2022-23/040,Assam,Dima Hasao,Lower Songpijang slide 4,Lower Songpijang,25.16497,93.02275,Debris,Slide,Debris,Slide,1,2022,3.39,7.119672131,0.457205601,1
663,ASM/DH/83G04/2022-23/041,Assam,Dima Hasao,Lower Songpijang Slide 5,Lower Songpijang,25.1655,93.02556,Debris,Slide,Debris,Slide,1,2022,2.93,7.119672131,0.457205601,1
664,ASM/DH/83C16/2022-23/042,Assam,Dima Hasao,Kokai Punchi Slide,Kokai Punchi,25.16427,92.99788,Debris,Slide,Debris,Slide,1,2022,1.65,7.119672131,0.457205601,1
665,ASM/DH/83G04/2022-23/043,Assam,Dima Hasao,Fiangpui Presbyterian church Slide,Fiangpui,25.17425,93.00244,Debris,Slide,Debris,Slide,1,2022,1.03,7.119672131,0.457205601,1
666,ASM/DH/83G04/2022-23/047,Assam,Dima Hasao,Natun Basti Slide 5,"Natun Basti, Haflong",25.162667,93.009806,Debris,Slide,Debris,Slide,1,2022,11.87,7.119672131,0.457205601,1
667,ASM/DH/83G04/2022-23/038,Assam,Dima Hasao,Lower Songpijang slide 2,Lower Songpijang,25.16553,93.02172,Debris,Slide,Debris,Slide,1,2022,4.42,7.119672131,0.457205601,1
668,ASM/DH/83G4/ PD/2016 /01,Assam,Dima Hasao,Migrendisa slide,"Near Migrendisa Railway
Station, Migrendisa.",25.17986111,93.07077778,Debris,Slide,Debris,Slide,1,2016,10.09,10.10081967,0.477033128,1
669,ASM/DH/83G4/PD/2016/02,Assam,Dima Hasao,New Haflong R. S slide(1),"West slope of New Haflong
Railway Station.",25.14677778,93.03097222,Debris,Slide,Debris,Slide,1,2016,0.05,10.10081967,0.443344604,1
670,ASM/DH/83G4/ PD/2016/25,Assam,Dima Hasao,Mahadev Tila slide-2,"Haflong town, Dima Hasao (NC
Hills)",25.15561111,93.02222222,Debris,Slide,Debris,Slide,1,2016,1.54,10.10081967,0.476209699,1
671,ASM/DH/83G4/PD/2016/26,Assam,Dima Hasao,Haflong-Jatinga road section slide-01,"Haflong town, Dima Hasao (NC
Hills)",25.15658333,93.01961111,Debris,Slide,Debris,Slide,1,2016,2.93,10.10081967,0.476209699,1
672,ASM/DH/83G4/ PD/2016/29,Assam,Dima Hasao,Haflong-Jatinga road section slide-04,"Haflong town,",25.15713889,93.01719444,Debris,Slide,Debris,Slide,1,2016,0.21,10.10081967,0.476209699,1
641,ASM/DH/83G04/2022-23/008,Assam,Dima Hasao,Mahadev Tilla Subsidence,"Mahadev Tilla, Haflong",25.156483,93.018367,Debris,Subsidence,Debris,Subsidence,1,2016,3.03,10.10081967,0.476209699,1
642,ASM/DH/83G04/2022-23/026,Assam,Dima Hasao,Lower Songpijang Slide 1,"Lower Sonpijang, Haflong",25.158138,93.024778,Earth,Slide,Earth,Slide,1,2022,2.67,7.119672131,0.457205601,1
643,ASM/DH/83G4/ PD/2016/55,Assam,Dima Hasao,Nutan Lampur slide -1,"NH 54, near Nutan Lampur",25.24194444,93.14319444,Debris,Slide,Debris,Slide,1,2016,4.88,8.201639344,0.477033128,1
644,ASM/DH/83G4/ PD/2016/04,Assam,Dima Hasao,Mupa – Langting RF Rock slide,"NH 54, Mupa – Langting
Reserved Forest,",25.41733333,93.12908333,Rock,Slide,Rock,Slide,1,2016,5.8,8.721311475,0.472060109,1
645,ASM/DH/83G04/2022-23/024,Assam,Dima Hasao,Tularam Raji Slide 1,"Tularam Raji, Haflong",25.17044,93.025325,Debris,Slide,Debris,Slide,1,2022,0.21,7.119672131,0.457205601,1
646,ASM/DH/83G04/2022-23/011,Assam,Dima Hasao,Tularam Raji Subsidence,"Tularam Raji , Haflong",25.171264,93.020014,Debris,Subsidence,Debris,Subsidence,1,2022,6.15,7.119672131,0.457205601,1
647,ASM/DH/83G04/2022-23/025,Assam,Dima Hasao,Tularam Raji Slide 2,"Tularam Raji, Haflong",25.16804,93.02503,Debris,Slide,Debris,Slide,1,2022,1.18,7.119672131,0.457205601,1
648,ASM/DH/83G04/2022-23/007,Assam,Dima Hasao,Moulhoi- N. D. Raji Subsidence Zone,"Moulhoi, Haflong",25.178006,93.022825,Earth,Subsidence,Earth,Subsidence,1,1985,4.01,9.541803279,0.479941598,1
649,ASM/DH/83G04/2022-23/044,Assam,Dima Hasao,Tularam Raji Slide 3,"Tularam Raji, Haflong",25.168083,93.024922,Earth,Slide,Earth,Slide,1,2022,0.15,7.119672131,0.457205601,1
349,ASM/WKA/83B08/2017/47,Assam,West Karbi Anglong,Hamren-Longpai road slide,"~1 Km North of Longpai,
Longpai road section",25.809417,92.474833,Rock cum Debris,Slide,Debris cum Rock,Slide,1,2016,2.62,14.37459016,0.478710041,1
650,ASM/DH/83G4/ PD/2016/56,Assam,Dima Hasao,Nutan Lampur slide -2,"NH 54, near Nutan Lampur,",25.27480556,93.14555556,Rock,Slide,Rock,Slide,1,2016,9.29,8.201639344,0.47682138,1
651,ASM/DH/83G4/ PD/2016/53,Assam,Dima Hasao,Mahur railway station slide,"Mahur railway station, Haflong,
Dima Hasao (NC Hills)",25.18955556,93.09641667,Debris,Slide,Debris,Slide,1,2016,0.72,10.10081967,0.477033128,1
652,ASM/DH/83G04/2022-23/045,Assam,Dima Hasao,Natun Basti Slide 4,"Natun Basti, Haflong",25.1638056,93.010861,Debris,Slide,Debris,Slide,1,2022,7.47,7.119672131,0.457205601,1
653,ASM/DH/83G04/2022-23/031,Assam,Dima Hasao,Moulhoi Slide 2,Moulhoi village,25.175,93.01967,Debris,Slide,Debris,Slide,1,2006,5.54,7.690983607,0.476118169,1
654,"ASM/KAMRUP(M)/78N16/2016-
17/62",Assam,Kamrup (Metro),Piyali Phukan Nagar Slide,"Njiura Par Path, Piyali Phukan
Nagar, Guwahati.",26.19552778,91.78055556,Earth,Slide,Earth,Slide,1,2016,6.86,18.51393443,0.474284495,1
655,ASM/DH/83G04/2022-23/032,Assam,Dima Hasao,Moulhoi Slide 3,Moulhoi village,25.17483,93.019861,Debris,Slide,Debris,Slide,1,2022,5.85,7.119672131,0.457205601,1
656,ASM/DH/83G04/2022-23/033,Assam,Dima Hasao,Mahadev Tilla slide 2,Mahadev Tilla village,25.1568056,93.019722,Debris,Slide,Debris,Slide,1,2022,0.26,7.119672131,0.457205601,1
625,ASM/DH/83G04/2022-23/018,Assam,Dima Hasao,Natun Basti Slide 1,"Natun Basti, Haflong",25.162389,93.010222,Debris,Slide,Debris,Slide,1,2022,8.53,7.119672131,0.457205601,1
626,ASM/DH/83G04/2022-23/019,Assam,Dima Hasao,Natun Basti Slide 2,"Natun Basti, Haflong",25.1625278,93.0103333,Debris,Slide,Debris,Slide,1,2022,9.49,7.119672131,0.457205601,1
627,ASM/DH/83G04/2022-23/020,Assam,Dima Hasao,Natun Basti Slide 3,"Natun Basti, Haflong",25.162472,93.01044,Debris,Slide,Debris,Slide,1,2022,8.53,7.119672131,0.457205601,1
628,ASM/DH/83G04/2022-23/009,Assam,Dima Hasao,Fiangpui Subsidence,"Fiangpui, Haflong",25.17175,93.00726,Debris,Subsidence,Debris,Subsidence,1,2022,0.82,7.119672131,0.457205601,1
629,ASM/DH/83G04/2022-23/028,Assam,Dima Hasao,Bethany Slide 1,"Bethany, Haflong",25.16649,93.01092,Debris,Slide,Debris,Slide,1,2022,0.93,7.119672131,0.457205601,1
630,ASM/DH/83G04/2022-23/029,Assam,Dima Hasao,Dibarai Slide,Dibarai village,25.170194,93.007389,Debris,Slide,Debris,Slide,1,2022,0.31,7.119672131,0.457205601,1
631,ASM/DH/83G04/2022-23/046,Assam,Dima Hasao,Fiangpui Slide 2,"Fiangpui, Haflong",25.17144,93.005694,Debris,Slide,Debris,Slide,1,2022,1.96,7.119672131,0.457205601,1
632,ASM/DH/83G04/2022-23/015,Assam,Dima Hasao,South Bagetar Slide 2,South Bagetar,25.16579,93.00948,Debris,Slide,Debris,Slide,1,2022,7.47,7.119672131,0.457205601,1
633,ASM/DH/83G04/2022-23/016,Assam,Dima Hasao,Kana Basti Slide 1,"Kana Basti, Haflong",25.15859,93.01292,Debris,Slide,Debris,Slide,1,2022,5.59,7.119672131,0.457205601,1
366,AS/KAM/78O5/2020/3,Assam,Kamrup (Rural),Ukiam slide,Ukiam,25.84,91.35,Debris,Slide,Debris,Slide,1,2018,1.18,9.990983607,0.49370526,1
634,"AS/KAMRUP(M)/78N16/2014-
15/0006",Assam,Kamrup (Metro),"Dakhingaon, slide.","Near Kahilipara-Ganesh mandir
road.",26.13441667,91.74875,Debris,Flow,Debris,Flow,1,2014,0.77,18.6204918,0.474091189,1
636,"AS/KAMRUP(M)/78N16/2014-
15/0007",Assam,Kamrup (Metro),Ganeshpur-Lalmati Slide,"About 500 m south of Game
village, Lalmati, NH-37",26.10711111,91.78916667,Earth,Flow,Earth,Flow,1,2014,0.57,21.50901639,0.473806694,1
637,"AS/KAMRUP/78N12/2015-
16/0004",Assam,Kamrup,Jorabat-Khanapara,"About 200 m North of NH-31, In
front of IIT(G) approach",26.09961111,91.87811111,Earth,Slide the loose soil from top (already cut in the area) due to heavy rain.,Earth,Slide,1,2014,6.46,22.83360656,0.477259563,1
638,"AS/KAMRUP/78N12/2015-
16/0003",Assam,Kamrup,"Kalapahar, Binobha Nagar.",Paltan Bazar-Lakhra Road,26.14944444,91.748,Earth,Slide,Earth,Slide,1,2014,4.88,18.6204918,0.474091189,1
640,ASM/DH/83G04/2022-23/027,Assam,Dima Hasao,Mahadev Tilla Slide 1,"Mahadev Tilla, Haflong",25.15556,93.021583,Debris,Slide,Debris,Slide,1,2022,3.14,7.119672131,0.457205601,1
614,AS/KAM(M)/76N16/2024/2,Assam,Kamrup (Metro),Garo Basti Slide,"Garo Basti Slide, 8th Mile,
Guwahati",26.11464,91.83886,Earth,Slide,Earth,Slide,1,2024,2.52,15.05983607,0.474773907,1
619,AS/CAC/83D09/2025/4,Assam,Cachar,Naraincherra landslide,Balicherra Grant,24.96756,92.74392,Debris,Slide,Debris,Slide,1,2025,1.8,16.19754098,0.47467623,1
620,AS/CAC/83D09/2025/5,Assam,Cachar,Ujan Nagar Landslide,Ujan Nagar,24.95794,92.73201,Debris,Slide,Debris,Slide,1,2025,2.88,18.99098361,0.484160519,1
621,AS/CAC/83D09/2025/6,Assam,Cachar,Thandacharra Landslide,Borkhola,24.95054,92.731458,Earth,Slide,Earth,Slide,1,2025,0.26,18.99098361,0.484160519,1
622,AS/CAC/83D09/2025/7,Assam,Cachar,Natun Basti Landslide,Borkhola,24.94756,92.73097,Earth,Slide,Earth,Slide,1,2025,1.34,18.99098361,0.484160519,1
623,ASM/DH/83G04/2022-23/014,Assam,Dima Hasao,South Bagetar Slide 1,South Bagetar,25.16736,93.00953,Debris,Slide,Debris,Slide,1,2022,2.62,7.119672131,0.457205601,1
624,ASM/DH/83G04/2022-23/017,Assam,Dima Hasao,Kana Basti Slide 2,"Kana Basti, Haflong",25.16023,93.01084,Debris,Slide,Debris,Slide,1,2022,5.64,7.119672131,0.457205601,1
548,ASM/KAM/78N16/2017/07,Assam,Kamrup (Metro),Bonda colony slide no. 1,"Babubasti–Panikhaiti road
section/Bonda colony, Amgaon",26.37456,91.84561,Earth,Slide,Earth,Slide,1,2017,0.05,14.81967213,0.496485314,1
513,ASM/KAM/78N16/2017/08,Assam,Kamrup (Metro),Bonda colony slide no. 2,"Babubasti–Panikhaiti road
section/Bonda colony, Amgaon",26.19081,91.84528,Earth,Slide,Earth,Slide,1,2017,0.57,14.92868852,0.496072746,1
516,ASM/KMP/78N16/2016/63,Assam,Kamrup (Metro),Mandakini slide,"Mandakini path, Kharghuli",26.192444,91.764222,Earth,Slide,Earth,Slide,1,2016,2.62,18.51393443,0.474284495,1
517,AS/KRP/78N16/2018/003,Assam,Kamrup,Hastinapur landslide,"Hastinapur Near Jorabat
opposite of Cow bazaar",26.195306,91.765639,Debris,Slide,Debris,Slide,1,2018,2.47,12.09262295,0.493233607,1
518,ASM/KMP/78N16/2016/62,Assam,Kamrup (Metro),Piyali Phukan Nagar Slide,"Njiura Par Path, Piyali Phukan
Nagar, Guwahati",26.195528,91.780556,Earth,Slide,Earth,Slide,1,2016,6.86,18.51393443,0.474284495,1
519,AS/KAM/78N16/2014/05,Assam,Kamrup (Metro),Karghuli,Chandmari Road,26.19622,91.76336,Earth,Flow,Earth,Flow,1,2011,2.31,19.32459016,0.477900273,1
522,ASM/KAM/78N16/2017/09,Assam,Kamrup (Metro),Panikhaiti–Bongaon slide,"Panikhaiti, Bongaon, near
railway line.",26.20536,91.86497,Debris,Slide,Debris,Slide,1,2017,1.39,14.92868852,0.496072746,1
500,ASM/NAG/83B08/2017/46,Assam,Nagaon,Rengbeng tea garden slide,Rengbeng tea garden,26.172917,92.762778,Debris,Slide,Debris,Slide,1,2016,12.17,12.8295082,0.472949112,1
501,ASM/KMP/78N16/2016/65,Assam,Kamrup (Metro),West Sarania slide,"Pub Sarania hill, Guwahati",26.1755,91.76175,Debris,Slide,Debris,Slide,1,2016,0.51,18.51393443,0.474284495,1
503,ASM/KMP/78N16/2017/05,Assam,Kamrup (Metro),Dakshin Saraniya-1,Ganpat Mandir road,26.17672,91.76525,Debris,Slide,Debris,Slide,1,2017,0.05,15.68606557,0.496560792,1
504,ASM/KMP/78N16/2017/0004,Assam,Kamrup (Metro),Dakshin Saraniya-2,Ganpat Mandir road,26.17756,91.76589,Debris,Slide,Debris,Slide,1,2017,0.21,15.68606557,0.496560792,1
506,ASM/KMP/78N16/2017/06,Assam,Kamrup (Metro),Bonda-Hajongdisa slide,Tuinang colony,26.18842,91.85125,Earth,Slide,Earth,Slide,1,2017,5.29,14.92868852,0.496072746,1
510,ASM/KMP/78N16/2016/57,Assam,Kamrup (Metro),Jyotinagar Slide,"Akashi Nagar, Jyoti Nagar,
Guwahati.",26.1895,91.787167,Earth,Slide,Earth,Slide,1,2016,4.88,18.51393443,0.474284495,1
512,ASM/KMP/78N16/2016/64,Assam,Kamrup (Metro),Nijabara slide (Guwahati),"Noonmati, Guwahati",26.190389,91.809944,Earth,Slide,Earth,Slide,1,2016,4.47,18.51393443,0.474284495,1
481,ASM/NAG/83B08/2017/01,Assam,Nagaon,Amsoi- Amtrang road slide No.1,"~1.2 Km East of Rongphigaon,
Amsoi- Amtrang road",26.119417,92.439972,Earth,Slide,Earth,Slide,1,2015,3.85,26.81147541,0.475751025,1
393,AS/KAM/78O5/2020/2,Assam,Kamrup (Rural),Rajupara slide,East of Rajupara village,25.91,91.4,Debris,Slide,Debris,Slide,1,2017,0.41,17.64754098,0.497815574,1
395,ASM/WKA/83B08/2017/45,Assam,West Karbi Anglong,Amsoi-Umpanai road slide No.5,"~1.5 Km West of Umpanai.
Sunani - Umpanai road",25.946611,92.305361,Debris,Slide,Debris,Slide,1,2015,2.16,26.87704918,0.47888832,1
396,AS/KAM/78O5/2020/1,Assam,Kamrup (Rural),Khaksi Sikrabura slide,Boko-Baghmara road,25.95,91.28,Debris,Slide,Debris,Slide,1,2019,1.6,12.55491803,0.484785178,1
490,ASM/KMP/78N16/2017/03,Assam,Kamrup (Metro),Anandapur-Gangapur slide,Hengrabari,26.15428,91.79264,Debris,Slide,Debris,Slide,1,2017,3.29,15.68606557,0.496560792,1
465,ASM/NAG/83B08/2017/07,Assam,Nagaon,Amsoi-Amtrang road slide No.7,Amsoi- Amtrang road,26.10725,92.44,Rock cum Debris,Slide,Debris cum Rock,Slide,1,2013,3.65,17.98196721,0.475302937,1
467,ASM/NAG/83B08/2017/06,Assam,Nagaon,Amsoi-Amtrang road slide No.6,Amsoi- Amtrang road,26.108417,92.440222,Debris,Slide,Debris,Slide,1,2013,5.49,17.98196721,0.475302937,1
469,AS/DH/83C16/2018/001,Assam,Dima Hasao,Bandarkhal landslide.,"Between NFR Bridge No. 305
and Tunnel No. 19 (~2 km SW of
Bandarkhal Railway Station).",26.11,94.76,Debris,Slide,Debris,Slide,1,2018,17.5,21.81147541,0.494035519,1
471,ASM/NAG/83B08/2017/05,Assam,Nagaon,Amsoi-Amtrang road slide No.5,Amsoi- Amtrang road,26.110139,92.439333,Debris,Slide,Debris,Slide,1,2014,2.88,22.2442623,0.475599385,1
474,AS/KRP/78N16/2018/001,Assam,Kamrup,Shankardev Nagar slide,NH37 towards Shillong.,26.112667,91.853889,Debris,Slide,Debris,Slide,1,2018,0.21,10.69918033,0.492427596,1
475,ASM/NAG/83B08/2017/15,Assam,Nagaon,Amsoi-Amtrang road slide No.15,Amsoi- Amtrang road,26.113639,92.441222,Debris,Slide,Debris,Slide,1,2010,5.54,23.0204918,0.47669194,1
477,ASM/NAG/83B08/2017/04,Assam,Nagaon,Amsoi-Amtrang road slide No.4,Amsoi- Amtrang road,26.116972,92.440083,Rock cum Debris,Slide,Debris cum Rock,Slide,1,2014,5.49,22.2442623,0.475599385,1
478,ASM/NAG/83B08/2017/03,Assam,Nagaon,Amsoi-Amtrang road slide No.3,Amsoi- Amtrang road,26.117111,92.441028,Debris,Slide,Debris,Slide,1,2014,5.24,22.2442623,0.475599385,1
479,ASM/NAG/83B08/2017/35,Assam,Nagaon,Amsoi Nala slide,"Amsoi nala, Amsoi- Amtrang
road",26.117417,92.438667,Rock cum Debris,Slide,Debris cum Rock,Slide,1,2016,4.32,18.65163934,0.476630123,1
480,ASM/NAG/83B08/2017/02,Assam,Nagaon,Amsoi-Amtrang road slide No.2,"~1.5 Km East of Rongphigaon,
Amsoi- Amtrang road",26.118167,92.440944,Earth,Slide,Earth,Slide,1,2012,5.64,22.18606557,0.476885246,1
452,AS/DH/83G04/2018/004,Assam,Dima Hasao,Dautohaja Tunnel No. 3 slide.,"Between Phiding and Dautohaja
Railway Station, NFR.",26.098167,91.881278,Debris,Slide,Debris,Slide,1,2018,6.05,10.69918033,0.492427596,1
455,ASM/NAG/83B08/2017/12,Assam,Nagaon,Amsoi-Amtrang road slide No.12,Amsoi- Amtrang road,26.101333,92.440556,Debris,Slide,Debris,Slide,1,2011,6.31,20.24016393,0.476615437,1
412,ASM/WKA/83B08/2017/40,Assam,West Karbi Anglong,Nellie-Umswai road slide No.6,Nellie - Umpanai-Umswai road,26.012,92.264167,Debris,Slide,Debris,Slide,1,2016,3.7,21.8295082,0.475299863,1
413,ASM/WKA/83B08/2017/39,Assam,West Karbi Anglong,Nellie-Umswai road slide No.5,Nellie - Umpanai-Umswai road,26.013528,92.266083,Debris,Slide,Debris,Slide,1,2016,4.21,21.8295082,0.475299863,1
415,ASM/WKA/83B08/2017/38,Assam,West Karbi Anglong,Nellie-Umswai road slide No.4,"~500 meter North of Asukunchi,
Nellie - Umpanai-Umswai road",26.022833,92.274028,Earth,Slide,Earth,Slide,1,2016,3.7,21.8295082,0.475299863,1
457,ASM/NAG/83B08/2017/11,Assam,Nagaon,Amsoi-Amtrang road slide No.11,Amsoi- Amtrang road,26.102167,92.440472,Earth,Slide,Earth,Slide,1,2010,5.08,23.0204918,0.47669194,1
458,ASM/NAG/83B08/2017/08,Assam,Nagaon,Amsoi-Amtrang road slide No.8,Amsoi- Amtrang road,26.102333,92.4415,Rock cum Debris,Slide,Debris cum Rock,Slide,1,2012,5.54,22.18606557,0.476885246,1
459,ASM/NAG/83B08/2017/09,Assam,Nagaon,Amsoi-Amtrang road slide No.9,Amsoi- Amtrang road,26.102667,92.441639,Rock cum Debris,Slide,Debris cum Rock,Slide,1,2013,5.85,17.98196721,0.475302937,1
461,ASM/NAG/83B08/2017/10,Assam,Nagaon,Amsoi-Amtrang road slide No.10,Amsoi- Amtrang road,26.103028,92.440889,Earth,Slide,Earth,Slide,1,2011,5.85,20.24016393,0.476615437,1
433,ASM/WKA/83B08/2017/25,Assam,West Karbi Anglong,Amsoi-Amtrang road slide No.22,"~1.5 Km South-East
ofTakbigang, Amsoi- Amtrang
road",26.045472,92.457417,Earth,Slide,Earth,Slide,1,2016,1.9,18.65163934,0.476518443,1
435,ASM/WKA/83B08/2017/20,Assam,West Karbi Anglong,Barimgaon slide,"East of Barimgaon, Amsoi-
Amtrang road",26.048611,92.432194,Earth,Slide,Earth,Slide,1,2016,0.72,18.65163934,0.475654372,1
417,ASM/WKA/83B08/2017/32,Assam,West Karbi Anglong,Amsoi-Amtrang road slide No.29,"~1.5 Km North of Duronggaon,
Amsoi- Amtrang road",26.030972,92.474139,Earth,Slide,Earth,Slide,1,2014,1.34,22.2442623,0.475848019,1
418,ASM/WKA/83B08/2017/30,Assam,West Karbi Anglong,Amsoi-Amtrang road slide No.27,Amsoi- Amtrang road,26.031528,92.472778,Earth,Slide,Earth,Slide,1,2016,1.29,18.65163934,0.476518443,1
419,ASM/WKA/83B08/2017/31,Assam,West Karbi Anglong,Amsoi-Amtrang road slide No.28,"~1.2 Km North of Duronggaon,
Amsoi- Amtrang road",26.031583,92.47375,Earth,Slide,Earth,Slide,1,2014,1.34,22.2442623,0.475848019,1
421,ASM/WKA/83B08/2017/28,Assam,West Karbi Anglong,Amsoi-Amtrang road slide No.25,Amsoi- Amtrang road,26.033556,92.468056,Debris,Slide,Debris,Slide,1,2014,3.96,22.2442623,0.475848019,1
422,ASM/WKA/83B08/2017/29,Assam,West Karbi Anglong,Amsoi-Amtrang road slide No.26,Amsoi- Amtrang road,26.035278,92.470861,Debris,Slide,Debris,Slide,1,2010,1.6,23.0204918,0.478961066,1
424,ASM/WKA/83B08/2017/27,Assam,West Karbi Anglong,Amsoi-Amtrang road slide No.24,Amsoi- Amtrang road,26.039194,92.4595,Debris,Slide,Debris,Slide,1,2014,3.5,22.2442623,0.475848019,1
429,ASM/WKA/83B08/2017/21,Assam,West Karbi Anglong,Amsoi-Amtrang road slide No.18,"~1 Km North-East of Dolaigaon,
Amsoi- Amtrang road",26.043583,92.440528,Debris,Slide,Debris,Slide,1,2016,2.42,18.65163934,0.475654372,1
430,ASM/WKA/83B08/2017/26,Assam,West Karbi Anglong,Amsoi-Amtrang road slide No.23,Amsoi- Amtrang road,26.043583,92.452222,Debris,Slide,Debris,Slide,1,2014,5.34,22.2442623,0.475848019,1
431,ASM/WKA/83B08/2017/22,Assam,West Karbi Anglong,Amsoi-Amtrang road slide No.19,"~1.2 Km North-East of
Dolaigaon, Amsoi- Amtrang
road",26.043611,92.440944,Debris,Slide,Debris,Slide,1,2016,2.62,18.65163934,0.475654372,1
432,ASM/WKA/83B08/2017/23,Assam,West Karbi Anglong,Amsoi-Amtrang road slide No.20,"~1.5 Km North-East of
Dolaigaon, Amsoi- Amtrang
road",26.043722,92.441472,Debris,Slide,Debris,Slide,1,2015,2.62,26.81147541,0.475563183,1
406,ASM/WKA/83B08/2017/43,Assam,West Karbi Anglong,Amsoi-Umpanai road slide No.3,"~500 meter South of Silaguri,
Sunani - Umpanai road",25.96667,92.356917,Earth,Slide,Earth,Slide,1,2016,2.67,21.8295082,0.475654372,1
408,ASM/WKA/83B08/2017/41,Assam,West Karbi Anglong,Amsoi-Umpanai road slide No.1,"~1.5 Km South of Mortin,
Sunani - Umpanai road",25.977194,92.354778,Debris,Slide,Debris,Slide,1,2016,0.51,21.8295082,0.475654372,1
37,ASM/HLK/83D10/2020/005,Assam,Hailakandi,Mohanpur Grant Slide 3,"Mohanpur Grant, Hailakandi
Circle.",24.73117,92.64739,Debris,Slide,Debris,Slide,1,2020,0.31,11.86147541,0.492546107,1
38,ASM/KGJ/83D05/2020/0008,Assam,Karimganj,Karimpur Slide 2,"Karimpur, Nilam Bazar",24.78002778,92.45372222,Earth,Slide,Earth,Slide,1,2020,1.54,12.20081967,0.492140369,1
39,ASM/KGJ/83D05/2020/007,Assam,Karimganj,Karimpur Slide 1,"Karimpur, Nilam Bazar",24.78380556,92.45563889,Earth,Slide,Earth,Slide,1,2020,0.15,12.20081967,0.492140369,1
40,ASM/HLK/83D09/2020/006,Assam,Hailakandi,Chandipur Grant Slide,"Bowarthar, Chandipur, Algapur
Circle.",24.79489,92.55506,Debris,Slide,Debris,Slide,1,2020,0.05,12.65819672,0.494373975,1
45,AS/CHR/83D09/2020/8,Assam,Cachar,Borkola Cyan Nagar slide,Borkola Cyan Nagar Natun Basti,24.95,92.73,Debris,Slide,Debris,Slide,1,2018,1.75,19.30737705,0.494880464,1
27,AS/CHR/83D14/2020/7,Assam,Cachar,Panibara slide,Panibara,24.62,92.84,Debris,Slide,Debris,Slide,1,2019,0.62,12.87213115,0.404130123,1
29,AS/CHR/83D14/2020/1,Assam,Cachar,Bhuban Nagar slide,Bhuban Nagar,24.64,92.98,Debris,Slide,Debris,Slide,1,2019,1.08,14.99590164,0.404481899,1
30,ASM/CCR/83H2/2016/66,Assam,Cachar,Khasiapunji slide,Khasiapunji village,24.645417,93.005361,Debris,Slide,Debris,Slide,1,2016,4.72,13.79180328,0.411783128,1
31,ASM/KRGJ/83D06/2016/61,Assam,Karimganj,Rakhalbasti,"Rakhalbasti, near Sonaicherra
TG. Under Ram Krishna",24.659389,92.497361,Earth,Slide,Earth,Slide,1,2016,0.51,13.41065574,0.478529372,1
8,ASM/HLKD/83D10/2016/58,Assam,Hailakandi,Terracherra Slide,Terracherra area,24.478972,92.682861,Debris,Slide,Debris,Slide,1,2016,0.36,14.15409836,0.411174863,1
2080,7583,Arunachal Pradesh,Lower Siang,Magi basti,"Roadside landslide near Magi
basti",27.715081,94.692035,Debris,slide,Debris,Slide,1,2026,3.24,18.53622951,0.40366127,1
2078,7386,Arunachal Pradesh,Papum Pare,Niti Vihar,Unknown,27.099285,93.614766,Soil,subsidence,Soil,Subsidence,1,2026,0.77,15.31327869,0.492465437,1
16,AS/HKN/83D10/2020/3,Assam,Hailakandi,Dinanathpur slide,Dinanathpur,24.52,92.53,Debris,Slide,Debris,Slide,0,,0.67,12.93385246,0.40283224,1
1,ASM/HKN/83D07/2020/2,Assam,Hailakandi,Kukinala slide,Kukinala,24.27,92.5,Debris,Slide,Debris,Slide,0,,0,12.93385246,0.40283224,1
2,AS/HKN/83D11/2020/1,Assam,Hailakandi,Jalnachaura slide,Jalnachaura,24.31,92.56,Debris,Slide,Debris,Slide,0,,0.1,12.93385246,0.40283224,1
3,AS/HKN/83D10/2020/6,Assam,Hailakandi,Nandagram slide,Nandagram Pt. I,24.32,92.51,Debris,Slide,Debris,Slide,0,,2.37,12.93385246,0.40283224,1
4,AS/HKN/83D11/2020/4,Assam,Hailakandi,Nishkar slide,Mahapur,24.43,92.55,Debris,Slide,Debris,Slide,0,,0.1,12.93385246,0.40283224,1
5,AS/KRJ/83D07/2020/1,Assam,Karimganj,Paglacherra slide,PaglacherraPunj,24.44,92.5,Rock,Slide,Rock,Slide,0,,2.62,14.74991803,0.486073531,1
1825,AR/WS/82L16/2022/080,Arunachal Pradesh,West Siang,Jomlo-Mongku Slide 3,NH-13,28.506306,94.873361,Debris,Slide,Debris,Slide,0,,20.72,18.93540984,0.409689037,1
1826,AR/US/82P02/2022/058,Arunachal Pradesh,Upper Siang,Mariyang-Yingkiong road Slide 5,NH-513,28.509,95.177639,Debris,Slide,Debris,Slide,0,,4.98,17.53991803,0.40713627,1
1827,AR/US/82P04/2022/057,Arunachal Pradesh,Upper Siang,Mariyang-Yingkiong road Slide 4,NH-513,28.510528,95.177722,Debris,Slide,Debris,Slide,0,,4.21,17.53991803,0.40713627,1
1828,AR/US/82P04/2022/054,Arunachal Pradesh,Upper Siang,Mariyang-Yingkiong road Slide 2,NH-513,28.512056,95.1805,Debris,Slide,Debris,Slide,0,,1.8,17.53991803,0.40713627,1
1829,AR/US/82P04/2022/056,Arunachal Pradesh,Upper Siang,Mariyang-Yingkiong road Slide 3,NH-513,28.514083,95.178278,Rock,Slide,Rock,Slide,0,,1.7,17.53991803,0.40713627,1
1830,AR/US/82P04/2022/055,Arunachal Pradesh,Upper Siang,Mariyang-Yingkiong road Slide 2,NH-513,28.516083,95.178028,Rock,Slide,Rock,Slide,0,,2.67,17.53991803,0.40713627,1
1831,AR/US/82P02/2022/059,Arunachal Pradesh,Upper Siang,Mariyang-Yingkiong road Slide 6,NH-513,28.522806,95.172639,Rock,Slide,Rock,Slide,0,,2.67,17.53991803,0.40713627,1
1832,AR/US/82P02/2022/060,Arunachal Pradesh,Upper Siang,Mariyang-Yingkiong road Slide 7,NH-513,28.527722,95.173556,Rock,Fall,Rock,Fall,0,,3.29,17.53991803,0.40713627,1
1833,AP/SY/83I01/2021/14,Arunachal Pradesh,Shi-Yomi,Mechuka town slide 2,Near Mechuka town,28.527944,94.309444,Debris,Slide,Debris,Slide,0,,8.48,22.71565574,0.418150137,1
63,AS/CHR/83C12/2020/3,Assam,Cachar,Ekala Basti slide,Ekala Basti (Railway line),24.98,92.72,Debris,Slide,Debris,Slide,0,,0.41,16.40983607,0.487502186,1
33,AS/KRM/83D06/2014/01,Assam,Karimganj,Satkaragul,NH-44,24.70619,92.28997,Earth,Flow,Earth,Flow,0,,0.77,14.74991803,0.486073531,1
10,AS/HKN/83D10/2020/7,Assam,Hailakandi,Kurttathal slide,Nunaikhal,24.51,92.64,Debris,Slide,Debris,Slide,0,,1.54,12.93385246,0.40283224,1
17,AS/HKN/83D10/2020/8,Assam,Hailakandi,Lala Chaura Bagan slide,Lala Chaura Bagan,24.53,92.63,Debris,Slide,Debris,Slide,0,,0.98,12.93385246,0.40283224,1
18,AS/CHR/83D14/2020/4,Assam,Cachar,Raj Nagar Slide,Raj Nagar,24.53,92.84,Debris,Slide,Debris,Slide,0,,0.21,16.40983607,0.487502186,1
19,AS/CHR/83D14/2020/5,Assam,Cachar,Shymacharanpur slide,Shyamacharanpur,24.53,92.84,Debris,Slide,Debris,Slide,0,,0.21,16.40983607,0.487502186,1
20,AS/HKN/83D10/2020/11,Assam,Hailakandi,Nubarnapur slide,Lalamukh village,24.54,92.63,Debris,Slide,Debris,Slide,0,,0.98,12.93385246,0.40283224,1
442,AS/KAM/83B4/2015/97,Assam,Kamrup,Enroute Noonmati-2,"En-route Noonmati-2, Kamrup",26.065167,92.150639,Debris,Slide,Debris,Slide,0,,0.15,13.51032787,0.482562705,1
443,AS/KAM/78N12/2015/100,Assam,Kamrup,Garbhanga RF,"Garbhanga Reserved Forest,
Kamrup",26.071556,91.734028,Debris,Slide,Debris,Slide,0,,0.41,13.51032787,0.482562705,1
444,AS/KAM/78N16/2015/86,Assam,Kamrup,Langdong,"Langdong, Kamrup",26.077653,91.982292,Debris,Slide,Debris,Slide,0,,4.88,13.51032787,0.482562705,1
445,AS/KAM/83B4/2015/94,Assam,Kamrup,"Tapatali, Nadighat","Tapatali, Nadighat, Kamrup",26.077806,92.170389,Debris,Slide,Debris,Slide,0,,0.05,13.51032787,0.482562705,1
447,AS/KAM/83B4/2015/90,Assam,Kamrup,Naukuchi,"Naukuchi, en-route to
Magursila, Kamrup",26.080139,92.032667,Debris,Slide,Debris,Slide,0,,1.24,13.51032787,0.482562705,1
448,AS/KAM/83B4/2015/96,Assam,Kamrup,Gharara-3,"Gharara-3, Kamrup",26.083972,92.14525,Debris,Slide,Debris,Slide,0,,0.15,13.51032787,0.482562705,1
420,ASM/WKA/83B08/2017/37,Assam,West Karbi Anglong,Nellie-Umswai road slide No.4,Nellie - Umpanai-Umswai road,26.03275,92.271861,Debris,Slide,Debris,Slide,0,,3.24,14.97122951,0.486417452,1
423,ASM/WKA/83B08/2017/36,Assam,West Karbi Anglong,Nellie-Umswai road slide No.3,Nellie - Umpanai-Umswai road,26.036583,92.273056,Debris,Slide,Debris,Slide,0,,7.52,14.97122951,0.486417452,1
425,ASM/WKA/83B08/2017/19,Assam,West Karbi Anglong,Nellie-Umswai road slide No.2,Nellie - Umpanai-Umswai road,26.039361,92.273806,Rock cum Debris,Slide,Debris cum Rock,Slide,0,,2.21,14.97122951,0.486417452,1
426,AS/KAM/83B04/2018/3,Assam,Kamrup,Barakasarong,Barkasarong,26.0405,92.0355,Debris,Slide,Debris,Slide,0,,0.87,13.51032787,0.482562705,1
427,ASM/WKA/83B08/2017/18,Assam,West Karbi Anglong,Nellie-Umswai road slide No.1,Nellie - Umpanai-Umswai road,26.042139,92.27525,Rock cum Debris,Slide,Debris cum Rock,Slide,0,,4.01,14.97122951,0.486417452,1
428,AS/KAM/83B4/2015/92,Assam,Kamrup,Kalangpur,"Enroute to Kasangmala, Kamrup",26.043267,92.055531,Earth,Slide,Earth,Slide,0,,14.26,13.51032787,0.482562705,1
400,ASM/WKA/83C09/2016/27,Assam,West Karbi Anglong,Power house Amtreng,"Karbi Langpi hydro dam (power
house road)",25.95931,92.51753,Debris,Slide,Debris,Slide,0,,1.7,14.97122951,0.486417452,1
401,ASM/WKA/83C09/2016/9,Assam,West Karbi Anglong,S of Baithalangso,"SH-18, Baithalangso-Tika road",25.96094,92.60122,Debris,Slide,Debris,Slide,0,,2.47,14.97122951,0.486417452,1
402,ASM/WKA/83B08/2017/44,Assam,West Karbi Anglong,Amsoi-Umpanai road slide No.4,"~1Km North-West of Ulukunchi.
Sunani - Umpanai road",25.961444,92.341333,Rock cum Debris,Slide,Debris cum Rock,Slide,0,,8.38,14.97122951,0.486417452,1
403,AS/KAR/83G05/2017/4,Assam,Karbi Anglong,Kania Terongaon2,NH36,25.96256,93.46922,Soil cum debris,Slide,Debris cum Soil,Slide,0,,0.41,12.94967213,0.492063559,1
388,ASM/WKA/83C09/2016/5,Assam,West Karbi Anglong,Hamren-1,"SH-18, Hamren road",25.86958,92.59411,Rock cum Debris,Slide,Debris cum Rock,Slide,0,,1.54,14.97122951,0.486417452,1
389,AS/KAR/83G05/2017/5,Assam,Karbi Anglong,Dilaiji,DilaijiMon Terang road,25.88494,93.45792,Soil,Slide,Soil,Slide,0,,0.31,12.94967213,0.492063559,1
390,ASM/WKA/83C09/2016/4,Assam,West Karbi Anglong,SW of Tiriphlang,"SH-19, Donkamokam-Hamren
road",25.88692,92.61347,Debris,Slide,Debris,Slide,0,,3.5,14.97122951,0.486417452,1
391,ASM/WKA/83C09/2016/1,Assam,West Karbi Anglong,Rohang Habal,"SH-19, Donkamokam-Hamren
road",25.90653,92.65819,Debris cum earth,Slide,Debris cum Earth,Slide,0,,2.52,14.97122951,0.486417452,1
392,ASM/WKA/83C09/2016/2,Assam,West Karbi Anglong,NE of Linsika,"SH-19, Donkamokam-Hamren
road",25.90692,92.64714,Debris,Slide,Debris,Slide,0,,0.93,14.97122951,0.486417452,1
460,AS/KAM/78N16/2015/79,Assam,Kamrup,10th mile,"10th mile, Khanapara",26.102944,91.862111,Debris,Slide,Debris,Slide,0,,13.05,13.51032787,0.482562705,1
462,ASM/NAG/83B08/2017/17,Assam,Nagaon,Amsoi-Amtrang road slide No.17,Amsoi- Amtrang road,26.105667,92.441,Rock cum Debris,Slide,Debris cum Rock,Slide,0,,3.24,13.91721311,0.483772541,1
463,AS/KAM/78N12/2015/70,Assam,Kamrup,Matiapahar,"Matiapahar, Natun bosti near
Rani gate",26.105806,91.62275,Rock cum Debris,Slide,Debris cum Rock,Slide,0,,0.62,13.51032787,0.482562705,1
464,AS/KAM/78N16/2014/07,Assam,Kamrup (Metro),Ganeshpur-Lalmati,"About 500 m south of Game
village, Lalmati, NH-37",26.10711,91.78917,Earth,Flow,Earth,Flow,0,,0.57,14.77991803,0.483023429,1
434,ASM/WKA/83B08/2017/24,Assam,West Karbi Anglong,Amsoi-Amtrang road slide No.21,"~1Km South-West ofTakbigang,
Amsoi- Amtrang road",26.045806,92.450778,Earth,Slide,Earth,Slide,0,,3.39,14.97122951,0.486417452,1
436,AS/KAM/78N16/2015/87,Assam,Kamrup,Tanduk,"Tanduk, Kamrup",26.050286,91.880072,Debris,Slide,Debris,Slide,0,,0.98,13.51032787,0.482562705,1
437,AS/KAR/83F08/2018/2,Assam,Karbi Anglong,Charbong Slide No. 2,SE of Charbong,26.056083,93.406528,Soil,Slide,Soil,Slide,0,,4.72,12.94967213,0.492063559,1
438,AS/KAR/83F08/2018/1,Assam,Karbi Anglong,Charbong Slide No. 1,SE of Charbong,26.058972,93.406972,Soil,Slide,Soil,Slide,0,,0.21,12.94967213,0.492063559,1
439,AS/GOA/78J12/2018/2,Assam,Goalpara,Phophonga village landslide,Phophonga village,26.061,90.605,Rock cum debris,Slide,Debris cum Rock,Slide,0,,1.9,16.84770492,0.303980567,1
440,AS/KAM/83B4/2015/98,Assam,Kamrup,Enroute Noonmati-3,"En-route Noonmati-3, Kamrup",26.061861,92.147889,Debris,Slide,Debris,Slide,0,,0.31,13.51032787,0.482562705,1
441,AS/KAM/78N16/2015/83,Assam,Kamrup,Markdola-2,"Marakdola, near Aluminium
production factory, Kamrup",26.0641,91.889136,Rock cum Debris,Slide,Debris cum Rock,Slide,0,,5.08,13.51032787,0.482562705,1
473,AS/KAM/83B4/2015/93,Assam,Kamrup,2no. Rabingaon,"2 no. Rabingaon, Kamrup",26.112083,92.091028,Debris,Slide,Debris,Slide,0,,0.46,13.51032787,0.482562705,1
476,AS/KAM/78N16/2015/78,Assam,Kamrup,Garobasti,"Garobasti, 8th Mile, near
Khanapara, Kamrup",26.115139,91.837833,Debris,Slide,Debris,Slide,0,,1.65,13.51032787,0.482562705,1
449,AS/KAM/83B4/2015/95,Assam,Kamrup,Nibira Gaon,"Nibira Gaon, Anganbari, Kamrup",26.094578,92.135144,Earth,Slide,Earth,Slide,0,,0.93,13.51032787,0.482562705,1
450,ASM/NAG/83B08/2017/14,Assam,Nagaon,Amsoi-Amtrang road slide No.14,"~300 meter North of
Garampani, Amsoi- Amtrang
road",26.096722,92.43875,Rock,Fall,Rock,Fall,0,,9.08,13.91721311,0.483772541,1
451,AS/KAM/78N16/2015/109,Assam,Kamrup,Alenga,"Alenga-Kanaidas, Sonapur,
Kamrup",26.097986,91.980589,Debris,Slide,Debris,Slide,0,,0.36,13.51032787,0.482562705,1
453,ASM/NAG/83B08/2017/13,Assam,Nagaon,Amsoi-Amtrang road slide No.13,"~500 meter North of
Garampani, Amsoi- Amtrang
road",26.098222,92.439389,Rock,Slide,Rock,Slide,0,,6.91,13.91721311,0.483772541,1
454,AS/KAM/78N16/2015/69,Assam,Kamrup,"Jorabat, Khanapara",NH-37,26.099975,91.876625,Earth,Slide,Earth,Slide,0,,7.37,13.51032787,0.482562705,1
456,AS/KAM/83B4/2015/89,Assam,Kamrup,Tegheria,"Barbitli to Tighira road, Kamrup",26.10175,92.040222,Debris,Slide,Debris,Slide,0,,0.46,13.51032787,0.482562705,1
409,ASM/WKA/83C09/2016/28,Assam,West Karbi Anglong,Amtreng-1,"SH-16, East of Amtreng Market",25.98219,92.51892,Rock,Slide,Rock,Slide,0,,6.76,14.97122951,0.486417452,1
411,AS/GOA/78J12/2018/1,Assam,Goalpara,Phophonga hill landslide,NH-37/Bolbola village,26.006,90.595,Rock cum debris,Slide,Debris cum Rock,Slide,0,,0.05,16.84770492,0.303980567,1
414,ASM/WKA/83B08/2017/34,Assam,West Karbi Anglong,Amsoi-Amtrang road slide No.31,"~1.2 Km North-East of
Duronggaon, Amsoi- Amtrang
road",26.016389,92.48225,Earth,Slide,Earth,Slide,0,,0.15,14.97122951,0.486417452,1
416,ASM/WKA/83B08/2017/33,Assam,West Karbi Anglong,Amsoi-Amtrang road slide No.30,"Darongaon, Amsoi- Amtrang
road",26.024167,92.475,Earth,Slide,Earth,Slide,0,,3.24,14.97122951,0.486417452,1
384,AS/KAR/83G09/2017/6,Assam,Karbi Anglong,Hafjan Kidingpur1,DhansiriChiru Timung road,25.85498,93.56638,Debris,Slide,Debris,Slide,0,,0.41,12.94967213,0.492063559,1
385,ASM/WKA/83C09/2016/30,Assam,West Karbi Anglong,Hamren-4,Hamren,25.85544,92.57369,Debris,Slide,Debris,Slide,0,,6.36,14.97122951,0.486417452,1
386,ASM/WKA/83C09/2016/3,Assam,West Karbi Anglong,SE of Rongsope,Kolonga-Teran-Rongsope road,25.85992,92.72558,Debris,Slide,Debris,Slide,0,,0.05,14.97122951,0.486417452,1
387,ASM/WKA/83C09/2016/29,Assam,West Karbi Anglong,Hamren-3,Hamren,25.864186,92.571047,Debris,Slide,Debris,Slide,0,,0.31,14.97122951,0.486417452,1
372,AS/KAR/83G09/2017/19,Assam,Karbi Anglong,Nowgong2,"Along Northeast Frontiers
Railway line",25.84516,93.68408,Debris,Slide,Debris,Slide,0,,0.36,12.94967213,0.492063559,1
373,AS/KAR/83G09/2017/18,Assam,Karbi Anglong,Nowgong1,DiphuDimapur road,25.84541,93.68312,Debris,Slide,Debris,Slide,0,,0.36,12.94967213,0.492063559,1
374,AS/KAR/83G09/2017/20,Assam,Karbi Anglong,Nowgong3,"Along Northeast Frontiers
Railway line",25.8465,93.687,Debris,Slide,Debris,Slide,0,,0.98,12.94967213,0.492063559,1
375,AS/KAR/83G09/2017/17,Assam,Karbi Anglong,NowgongTilabasti,Near Railway line,25.84782,93.70174,Rock cum debris,Slide,Debris cum Rock,Slide,0,,1.7,12.94967213,0.492063559,1
376,ASM/WKA/83C09/2016/23,Assam,West Karbi Anglong,Pangyatiso,"Mikading-Pangyatiso-Ranghidi
road",25.84875,92.68328,Rock cum Debris,Slide,Debris cum Rock,Slide,0,,4.37,14.97122951,0.486417452,1
489,AS/KAM/83B04/2015/112,Assam,Kamrup,Sakauripara,"Sakauripara, Namghar, Kamrup",26.153556,92.038694,Debris,Slide,Debris,Slide,0,,0.67,13.51032787,0.482562705,1
491,AS/KAM/78N16/2014/08,Assam,Kamrup (Metro),Lichubagan,"Hegrabari Road, near Ganeshgu
ri, Guwahati.",26.15461,91.80086,Earth,Flow,Earth,Flow,0,,6.36,14.77991803,0.483023429,1
492,AS/KAM/78N16/2014/02,Assam,Kamrup (Metro),Udayachal Slide.,Guwahati-Shillong Road,26.15478,91.77411,Earth,Flow,Earth,Flow,0,,3.75,14.77991803,0.483023429,1
493,AS/KAM/78N16/2015/88,Assam,Kamrup,Lechubagan,"Lechubagan, Udaynagar,
Japorigog Hill, Kamrup",26.155,91.798167,Debris,Slide,Debris,Slide,0,,0.36,13.51032787,0.482562705,1
494,AS/KAM/78N16/2015/74,Assam,Kamrup,Amchang TG-4,"Amchang Tea Garden, Towards
Sonapur",26.158639,91.921889,Earth,Slide,Earth,Slide,0,,11.43,13.51032787,0.482562705,1
495,AS/KAM/78N16/2015/72,Assam,Kamrup,Amchang TG-2,Amchang Tea Garden,26.159139,91.915583,Debris,Slide,Debris,Slide,0,,9.08,13.51032787,0.482562705,1
496,AS/KAM/78N16/2015/73,Assam,Kamrup,Amchang TG-3,Amchang Tea Garden,26.159333,91.917611,Rock cum Debris,Slide,Debris cum Rock,Slide,0,,8.48,13.51032787,0.482562705,1
466,ASM/NAG/83B08/2017/16,Assam,Nagaon,Amsoi-Amtrang road slide No.16,Amsoi- Amtrang road,26.107667,92.44003,Debris,Slide,Debris,Slide,0,,2.47,13.91721311,0.483772541,1
468,AS/KAM/78N16/2015/82,Assam,Kamrup,Marangabari-1,"Marangabari, Kamrup",26.109222,91.939,Rock cum Debris,Slide,Debris cum Rock,Slide,0,,0.1,13.51032787,0.482562705,1
470,AS/KAM/78N16/2015/81,Assam,Kamrup,Medhikuchi-2,"En-route Medhikuchi to Upper
Tepesiya, Kamrup",26.110056,91.908944,Debris,Slide,Debris,Slide,0,,1.7,13.51032787,0.482562705,1
472,AS/KAM/78N16/2015/80,Assam,Kamrup,Kamarkuchi,"Between Jorabat and
Kamarkuchi, NH-37",26.110944,91.887917,Earth,Slide,Earth,Slide,0,,2.83,13.51032787,0.482562705,1
507,AS/KAM/78N16/2014/04,Assam,Kamrup (Metro),Nabragraha,Chandmari Road,26.18867,91.76694,Earth,Flow,Earth,Flow,0,,1.34,14.77991803,0.483023429,1
509,AS/KAM/78N16/2015/115,Assam,Kamrup,Akashinagar-1,"Akashinagar, Jyotinagar,
Nabagraha Hill",26.189306,91.787944,Debris,Slide,Debris,Slide,0,,4.93,13.51032787,0.482562705,1
511,AS/KAM/78N16/2015/85,Assam,Kamrup,3no. Salbari,"3no. Salbari, Babuji nagar,
Kharghuli Hill, Kamrup",26.19025,91.806472,Debris,Slide,Debris,Slide,0,,2.98,13.51032787,0.482562705,1
482,AS/KAM/78N16/2015/71,Assam,Kamrup,Datapara,"Datapara, Phatasil Hill",26.121056,91.716389,Rock cum Debris,Slide,Debris cum Rock,Slide,0,,3.8,13.51032787,0.482562705,1
483,AS/KAM/78N16/2015/77,Assam,Kamrup,Jagdal,"Jagdal, SSB Camp, 1 km north
from NH-37, Kamrup",26.129583,91.938306,Debris,Slide,Debris,Slide,0,,1.44,13.51032787,0.482562705,1
484,AS/KAM/78N16/2014/01,Assam,Kamrup,Batahghuli,"Punjabari, Guwahati",26.13222,91.83972,Rock,Fall,Rock,Fall,0,,1.08,13.51032787,0.482562705,1
485,AS/KAM/78N16/2014/06,Assam,Kamrup (Metro),Dakhingaon,Kahilipara-Ganesh mandir road.,26.13442,91.7501,Earth,Flow,Earth,Flow,0,,0.82,14.77991803,0.483023429,1
487,AS/KAM/78N12/2015/68,Assam,Kamrup,Kalapahar,Paltan Bazar-Lakhra road,26.149444,91.748,Debris,Subsidence,Debris,Subsidence,0,,4.88,13.51032787,0.482562705,1
394,ASM/WKA/83C09/2016/7,Assam,West Karbi Anglong,Padam Pukhuri,"W of Padam Pukhuri, SH-16",25.945,92.66358,Debris,Slide,Debris,Slide,0,,2.78,14.97122951,0.486417452,1
397,ASM/WKA/83C09/2016/10,Assam,West Karbi Anglong,N of Langchar Terongaon,"SH-18, Baithalangso-Tika road",25.95381,92.60444,Debris,Slide,Debris,Slide,0,,8.73,14.97122951,0.486417452,1
398,ASM/WKA/83C09/2016/35,Assam,West Karbi Anglong,N of Langchar Terongaon,"SH-18, Baithalangso-Tika road",25.95386,92.60367,Debris,Slide,Debris,Slide,0,,10.24,14.97122951,0.486417452,1
399,AS/KAR/83G09/2017/11,Assam,Karbi Anglong,Gautam basti,NH39,25.95514,93.72997,Debris,Slide,Debris,Slide,0,,0.31,12.94967213,0.492063559,1
368,AS/KAR/83G05/2017/16,Assam,Karbi Anglong,Dharamnala2,Diphu,25.84267,93.45244,Soil cum debris,Slide,Debris cum Soil,Slide,0,,0.87,12.94967213,0.492063559,1
369,AS/KAR/83G05/2017/15,Assam,Karbi Anglong,Matipung,Diphu,25.84444,93.45331,Soil cum debris,Slide,Debris cum Soil,Slide,0,,1.34,12.94967213,0.492063559,1
370,ASM/WKA/83C09/2016/24,Assam,West Karbi Anglong,Amlong,Hamren-Amlong road,25.84494,92.61514,Debris,Slide,Debris,Slide,0,,2.62,14.97122951,0.486417452,1
371,AS/KAR/83G09/2017/10,Assam,Karbi Anglong,Hafjan Kidingpur5,DhansiriChiru Timung road,25.84512,93.56682,Debris,Slide,Debris,Slide,0,,1.13,12.94967213,0.492063559,1
542,AS/KAR/83F11/2018/3,Assam,Karbi Anglong,Nahor Langso-3,Daigurung road,26.3477,93.7399,Debris,Slide,Debris,Slide,0,,4.78,12.94967213,0.492063559,1
543,AS/KAR/83F11/2018/1,Assam,Karbi Anglong,Nahor Langso-1,Daigurung road,26.3478,93.7417,Soil,Slide,Soil,Slide,0,,2.16,12.94967213,0.492063559,1
544,AS/KAR/83F15/2018/2,Assam,Karbi Anglong,Numaligarh-Silonijan road slide 2,Numaligarh-Silonijan road,26.34838,93.78208,Soil,Slide,Soil,Slide,0,,1.54,12.94967213,0.492063559,1
514,AS/KAM/78N16/2015/84,Assam,Kamrup,Salbari,"Salbari, Nepali chowk, Kharghuli
Hill, Kamrup",26.191667,91.803611,Debris,Slide,Debris,Slide,0,,0.51,13.51032787,0.482562705,1
520,AS/GOA/78J08/2018/1,Assam,Goalpara,Suapata landslide,NH-31/Suapata,26.198,90.298,Rock cum debris,Slide,Debris cum Rock,Slide,0,,0.72,16.84770492,0.303980567,1
521,AS/NC/83G04/2009/B-5,Assam,Dima Hasao,Phaiding Landslide,Unknown,26.20261,91.14528,Debris,Unknown,Debris,Unknown,1,2009,0,12.87295082,0.464094262,1
523,AS/KAM/78N16/2015/75,Assam,Kamrup,Garogaon,"Garogaon Primary School,
Barigog-Panbari, Kamrup",26.205583,91.963222,Debris,Slide,Debris,Slide,0,,2.88,13.51032787,0.482562705,1
524,AS/KAM/78N12/2015/66,Assam,Kamrup,Jayguru Kalipahar,"infront of IIT Guwahati
approach",26.211111,91.684167,Rock cum Debris,Topple,Debris cum Rock,Topple,0,,5.59,13.51032787,0.482562705,1
525,AS/MOR/78N15/2015/108,Assam,Morigaon,Khatargaon,"Khatargaon, Bura Mayang
Pahar, Morigaon",26.250333,91.976694,Debris,Slide,Debris,Slide,0,,3.5,15.43778689,0.486425171,1
526,AS/KAM/78N11/2015/107,Assam,Kamrup,Bolabil,Bolabil near Kali mandir,26.256139,91.711583,Rock cum Debris,Slide,Debris cum Rock,Slide,0,,6.1,13.51032787,0.482562705,1
527,AS/KAR/83F03/2018/3,Assam,Karbi Anglong,Samelangso-Langlangso road slide-2,Samelangso-Langlangso road,26.297306,93.211833,Debris,Slide,Debris,Slide,0,,4.88,12.94967213,0.492063559,1
528,AS/KAR/83F03/2018/2,Assam,Karbi Anglong,Samelangso-Langlangso road slide-1,Samelangso-Langlangso road,26.297778,93.211111,Debris,Slide,Debris,Slide,0,,3.39,12.94967213,0.492063559,1
497,AS/KAM/78N12/2014/02,Assam,Kamrup,Kamakhaya Nursery,SH:AT Road,26.1625,91.71444,Debris,Flow,Debris,Flow,0,,1.34,13.51032787,0.482562705,1
498,AS/KAM/78N12/2015/67,Assam,Kamrup,KamakhyaBhubaneswari,"Nilachal Pahar, Guwahati.",26.166583,91.714806,Rock,Slide,Rock,Slide,0,,4.83,13.51032787,0.482562705,1
499,AS/KAM/83B04/2015/111,Assam,Kamrup,Bejeni-1,"Bejeni-1, Garwani Parbat,
Kamrup",26.171972,92.002611,Debris,Slide,Debris,Slide,0,,1.8,13.51032787,0.482562705,1
502,AS/KAM/78N16/2014/03,Assam,Kamrup (Metro),Bamunimaidan,Zoo Tiniali-Narengi Road,26.17672,91.78672,Earth,Flow,Earth,Flow,0,,0.67,14.77991803,0.483023429,1
558,AS/JOR/83J06/2020/6,Assam,Jorhat,Unknown,Mariani-Chanki Rd,26.55,94.36,Earth,Slide,Earth,Slide,1,2019,1.9,12.60819672,0.48548668,1
559,AS/JOR/83J06/2020/7,Assam,Jorhat,Unknown,Mariani-Chanki Rd,26.55,94.36,Rock,Slide,Rock,Slide,1,2019,1.9,12.60819672,0.48548668,1
560,AS/JOR/83J06/2020/8,Assam,Jorhat,Unknown,Mariani-Chanki Rd,26.55,94.36,Earth,Slide,Earth,Slide,1,2019,1.9,12.60819672,0.48548668,1
529,AS/KAR/83F03/2018/4,Assam,Karbi Anglong,Samelangso-Langlangso road slide-3,Samelangso-Langlangso road,26.298389,93.21625,Debris,Slide,Debris,Slide,0,,0.67,12.94967213,0.492063559,1
530,AS/KAR/83F03/2018/5,Assam,Karbi Anglong,Samelangso-Langlangso road slide-4,Samelangso-Langlangso road,26.302944,93.225389,Debris,Slide,Debris,Slide,0,,0.62,12.94967213,0.492063559,1
531,AS/KAR/83F03/2018/6,Assam,Karbi Anglong,Samelangso-Langlangso road slide-4,Samelangso-Langlangso road,26.303333,93.225694,Debris,Slide,Debris,Slide,0,,0.62,12.94967213,0.492063559,1
532,AS/KAR/83F07/2018/3,Assam,Karbi Anglong,Sartherang Juri Slide,Sartherang Juri,26.307972,93.275722,Soil,Slide,Soil,Slide,0,,6.2,12.94967213,0.492063559,1
533,AS/KAR/83F07/2018/2,Assam,Karbi Anglong,Rongar-eh Slide No. 2,"Rongar-eh ΓÇô Pinghat
Rangpigaon ΓÇô Tiabergaon
Road Section",26.314847,93.256125,Debris,Slide,Debris,Slide,0,,11.53,12.94967213,0.492063559,1
534,AS/KAR/83F07/2018/1,Assam,Karbi Anglong,Rongar-eh Slide No. 1,"Rongar-eh ΓÇô Pinghat
Rangpigaon ΓÇô Tiabergaon
Road Section",26.314964,93.256408,Debris,Slide,Debris,Slide,0,,11.53,12.94967213,0.492063559,1
535,AS/KAR/83F03/2018/1,Assam,Karbi Anglong,Bhelughat Slide,Waterfall road,26.323083,93.093167,Soil,Slide,Soil,Slide,0,,8.23,12.94967213,0.492063559,1
536,AS/KAR/83F08/2018/4,Assam,Karbi Anglong,Pinghat Rangpigaon Slide No. 1,Pinghat Rangpigaon,26.32685,93.267639,Soil,Slide,Soil,Slide,0,,0.62,12.94967213,0.492063559,1
537,AS/KAR/83F08/2018/5,Assam,Karbi Anglong,Pinghat Rangpigaon Slide No. 2,Pinghat Rangpigaon,26.3287,93.269194,Soil,Slide,Soil,Slide,0,,0.67,12.94967213,0.492063559,1
538,AS/KAR/83F03/2018/7,Assam,Karbi Anglong,"Bhelughat-Bisarpur Terongaon road
slide","Bhelughat-Bisarpur Terongaon
road",26.339833,93.099972,Debris,Slide,Debris,Slide,0,,0.26,12.94967213,0.492063559,1
539,AS/KAR/83F15/2018/1,Assam,Karbi Anglong,Numaligarh-Silonijan road slide 1,Numaligarh-Silonijan road,26.34075,93.78861,Soil,Slide,Soil,Slide,0,,1.75,12.94967213,0.492063559,1
540,AS/KAR/83F11/2018/2,Assam,Karbi Anglong,Nahor Langso-2,Daigurung road,26.3466,93.7356,Soil,Slide,Soil,Slide,0,,3.85,12.94967213,0.492063559,1
541,AS/KAR/83F08/2018/6,Assam,Karbi Anglong,Dak Ranghanggaon Slide,Dak Ranghanggaon,26.347417,93.2982,Soil,Slide,Soil,Slide,0,,9.94,12.94967213,0.492063559,1
573,AS/NAG/83F02/2018/4,Assam,Nagaon,NH-37 slide-1,"NH-37, 1 km west of Kaziranga
view point.",26.57455,93.11244,Debris,Slide,Debris,Slide,0,,0.87,13.91721311,0.483772541,1
574,AS/NAG/83F02/2018/5,Assam,Nagaon,NH-37 slide-2,"NH-37, betweenPheluguri ΓÇô
Nehrubasti.",26.57455,93.11244,Debris,Slide,Debris,Slide,0,,0.87,13.91721311,0.483772541,1
575,AS/NAG/83F02/2018/6,Assam,Nagaon,NH-37 slide-3,NH-37,26.57463,93.11297,Debris,Slide,Debris,Slide,0,,1.03,13.91721311,0.483772541,1
576,AS/KAR/83F10/2018/4,Assam,Karbi Anglong,Aparlangsali slide,"SH-35, Aparlangsali",26.57708,93.65836,Soil,Slide,Soil,Slide,0,,3.03,12.94967213,0.492063559,1
545,AS/KAR/83F15/2018/3,Assam,Karbi Anglong,Thedanghanse- Teranggaon road slide,"Thedanghanse- Teranggaon
road",26.34938,93.78091,Debris,Slide,Debris,Slide,0,,2.88,12.94967213,0.492063559,1
546,AS/KAR/83F15/2018/4,Assam,Karbi Anglong,Langsothedong slide,Langsothedong,26.35622,93.77941,Debris,Slide,Debris,Slide,0,,3.29,12.94967213,0.492063559,1
547,AS/BON/78J11/2018/1,Assam,Bongaigaon,Nayapara Railway Tunnel,Nayapara,26.3733,90.5499,Rock cum debris,Slide,Debris cum Rock,Slide,0,,2.37,22.98639344,0.411380669,1
549,AS/BON/78J11/2018/2,Assam,Bongaigaon,Shalabhandar Quarry,Shalabhandar,26.3848,90.5943,Rock,Slide,Rock,Slide,0,,2.62,22.98639344,0.411380669,1
550,AS/BON/78J07/2018/1,Assam,Bongaigaon,Majhigaon landslide,Majhigaon,26.394,90.48,Rock cum debris,Slide,Debris cum Rock,Slide,0,,0.51,22.98639344,0.411380669,1
551,AS/KAR/83F03/2018/8,Assam,Karbi Anglong,Anjukpani- Dumroi road slide,Anjukpani- Dumroi road,26.483278,93.181306,Debris,Slide,Debris,Slide,0,,2.16,12.94967213,0.492063559,1
552,AS/KAR/83F06/2018/6,Assam,Karbi Anglong,Teranggaon slide,Dathora ΓÇôTeranggaon road.,26.51925,93.47147,Soil,Slide,Soil,Slide,0,,7.98,12.94967213,0.492063559,1
553,AS/KAR/83F06/2018/1,Assam,Karbi Anglong,Paniramtokbi slide,Paniramtokbi,26.5235,93.28166,Debris,Slide,Debris,Slide,0,,0.46,12.94967213,0.492063559,1
554,AS/JOR/83J06/2020/9,Assam,Jorhat,Unknown,Mariani-Chanki Rd,26.54,94.37,Earth,Slide,Earth,Slide,1,2019,0.26,12.60819672,0.48548668,1
555,AS/JOR/83J06/2020/10,Assam,Jorhat,Unknown,Mariani-Chanki Rd,26.54,94.37,Earth,Slide,Earth,Slide,1,2019,0.26,12.60819672,0.48548668,1
556,AS/JOR/83J06/2020/11,Assam,Jorhat,Unknown,"Mariani-Chanki Rd (New
Chungiayimsen)",26.54,94.37,Earth,Slide,Earth,Slide,1,2019,0.26,12.60819672,0.48548668,1
557,AS/JOR/83J06/2020/5,Assam,Jorhat,Unknown,Mariani-Chanki Rd,26.55,94.36,Earth,Slide,Earth,Slide,1,2019,1.9,12.60819672,0.48548668,1
581,AS/KAR/83F06/2018/4,Assam,Karbi Anglong,DiringLangso slide,Diring,26.59041,93.47616,Debris,Slide,Debris,Slide,0,,2.16,12.94967213,0.492063559,1
582,AS/KAR/83F06/2018/3,Assam,Karbi Anglong,Sapjuri-Dalamara road slide,Sapjuri-Dalamara road,26.59416,93.547361,Debris,Slide,Debris,Slide,0,,1.49,12.94967213,0.492063559,1
584,AS/JOR/83J06/2020/12,Assam,Jorhat,Unknown,Mariani-Chanki Rd,26.6,94.35,Earth,Slide,Earth,Slide,1,2018,1.54,10.53114754,0.493744877,1
585,AS/JOR/83J06/2020/13,Assam,Jorhat,Unknown,NH702D (Before Tsetapda Gate),26.6,94.35,Rock,Slide,Rock,Slide,1,2019,1.54,10.62377049,0.482765369,1
587,AS/KAR/83F06/2018/5,Assam,Karbi Anglong,Panbari Parbat slide,Panbari Parbat,26.60275,93.48408,Debris,Slide,Debris,Slide,0,,1.65,12.94967213,0.492063559,1
588,AS/KAR/83F10/2018/3,Assam,Karbi Anglong,BaburangTokbi slide,"BaburangTokbi, Dalamara area",26.60358,93.481,Debris,Slide,Debris,Slide,0,,0.67,12.94967213,0.492063559,1
591,AS/SON/83B13/2018/5,Assam,Sonitpur,Nishi Phuloguri Howa River slide,GaroBasti,26.9174,92.77163,Debris,Slide,Debris,Slide,0,,3.7,15.70459016,0.405661441,1
592,AS/SON/83B13/2018/4,Assam,Sonitpur,"Howa River ,GaroBasti slide-2",GaroBasti,26.92013,92.75994,Debris,Slide,Debris,Slide,0,,4.06,15.70459016,0.405661441,1
561,AS/JOR/83J06/2020/2,Assam,Jorhat,Unknown,Mariani-Chanki Rd,26.56,94.36,Earth,Slide,Earth,Slide,1,2019,1.39,12.60819672,0.48548668,1
562,AS/JOR/83J06/2020/3,Assam,Jorhat,Unknown,Mariani-Chanki Rd,26.56,94.36,Debris,Slide,Debris,Slide,1,2019,1.39,12.60819672,0.48548668,1
563,AS/JOR/83J06/2020/4,Assam,Jorhat,Unknown,Mariani-Chanki Rd,26.56,94.36,Earth,Slide,Earth,Slide,1,2019,1.39,12.60819672,0.48548668,1
567,AS/NAG/83F02/2018/1,Assam,Nagaon,Kalapani slide,Kalapani,26.56111,93.04925,Debris,Slide,Debris,Slide,0,,1.29,13.91721311,0.483772541,1
568,AS/NAG/83F02/2018/2,Assam,Nagaon,Amguri tea garden slide.,Amguri.,26.56252,93.05658,Soil,Slide,Soil,Slide,0,,0.41,13.91721311,0.483772541,1
570,AS/NAG/83F02/2018/3,Assam,Nagaon,Deosurgaon road slide.,Phulaguri,26.57411,93.09811,Debris,Slide,Debris,Slide,0,,0.41,13.91721311,0.483772541,1
571,AS/NAG/83F02/2018/7,Assam,Nagaon,NH-37 slide-4,NH-37,26.57436,93.10647,Debris,Slide,Debris,Slide,0,,0.77,13.91721311,0.483772541,1
572,AS/KAR/83F10/2018/1,Assam,Karbi Anglong,Numaligarh-Bokaghat road.,"Arlongchuhu temple area,
KekangAdong.",26.57447,93.66297,Soil,Slide,Soil,Slide,0,,0.15,12.94967213,0.492063559,1
1891,AR/USI/82L13/2022/48,Arunachal Pradesh,Upper Siang,Janbo-Mosing Road Slide,Janbo-Mosing Road,28.782426,94.810546,Rock-cum-Debris,Slide,Debris cum Rock,Slide,0,,11.48,17.53991803,0.40713627,1
1892,AP/E-Siang/82P8/2022/LS43,Arunachal Pradesh,Dibang Valley,LS-43,"NH-13, komlighat park, Pasighat
bridge slide",28.783517,95.904106,Debris,Slide,Debris,Slide,0,,14.36,15.50713115,0.399529611,1
1893,AP/DV/82P/13/2022/LS-116,Arunachal Pradesh,Dibang Valley,Miju Rondo Slide,Annini-Mipi road.,28.784231,95.906188,Debris,Slide,Debris,Slide,0,,18.01,15.50713115,0.399529611,1
1894,AP/DV/82P/13/2022/LS-117,Arunachal Pradesh,Dibang Valley,Mipi slide,South of Mipi village.,28.785391,95.892707,Debris,Slide,Debris,Slide,0,,1.6,15.50713115,0.399529611,1
1895,AP/E-Siang/82P8/2022/LS44,Arunachal Pradesh,Dibang Valley,LS-44,"NH-13, Komlighat park",28.786868,95.908637,Debris,Slide,Debris,Slide,0,,15.42,15.50713115,0.399529611,1
1896,AR/USI/82L13/2022/47,Arunachal Pradesh,Upper Siang,Janbo-Mosing Road Slide,Janbo-Mosing Road,28.787001,94.81686,Rock-cum-Debris,Slide,Debris cum Rock,Slide,0,,6.61,17.53991803,0.40713627,1
1897,AR/USI/82L13/2022/46,Arunachal Pradesh,Upper Siang,Janbo-Mosing Road Slide,Janbo-Mosing Road,28.787486,94.819425,Rock-cum-Debris,Slide,Debris cum Rock,Slide,0,,2.16,17.53991803,0.40713627,1
1898,AR/USI/82L13/2022/45,Arunachal Pradesh,Upper Siang,Janbo-Mosing Road Slide,Janbo-Mosing Road,28.787937,94.820098,Rock-cum-Debris,Slide,Debris cum Rock,Slide,0,,3.44,17.53991803,0.40713627,1
1899,AP/LDV/82P11/2022/LS78,Arunachal Pradesh,East Siang,Sisseri bridge slide,"NH-13, towards Sesseri bridge",28.789647,95.894965,Debris,Slide,Debris,Slide,0,,0.77,21.94893443,0.474554235,1
1900,AR/USI/82L13/2022/43,Arunachal Pradesh,Upper Siang,Janbo-Migging Road Slide,Janbo-Migging Road,28.793279,94.848477,Rock-cum-Debris,Slide,Debris cum Rock,Slide,0,,13.88,17.53991803,0.40713627,1
1901,AR/USI/82L13/2022/44,Arunachal Pradesh,Upper Siang,Janbo-Mosing Road Slide,Janbo-Mosing Road,28.800083,94.842265,Rock-cum-Debris,Slide,Debris cum Rock,Slide,0,,12.17,17.53991803,0.40713627,1
1902,AP/DV/82P/13/2022/LS-118,Arunachal Pradesh,Dibang Valley,Mipi slide,South of Mipi village.,28.808133,95.926984,Debris,Slide,Debris,Slide,0,,0.1,15.50713115,0.399529611,1
1903,AP/DV/82P/13/2022/LS-119,Arunachal Pradesh,Dibang Valley,MipiSlide,South of Mipi Village.,28.809244,95.92821,Earth,Slide,Earth,Slide,0,,7.02,15.50713115,0.399529611,1
1904,AR/USI/82L13/2022/50,Arunachal Pradesh,Upper Siang,Mosing-Tuting Road Slide,Mosing-Tuting Road,28.810126,94.785508,Rock-cum-Debris,Slide,Debris cum Rock,Slide,0,,10.48,17.53991803,0.40713627,1
577,AS/KAR/83F06/2018/2,Assam,Karbi Anglong,Bagori quarry slide,Bagori,26.57719,93.10008,Debris,Slide,Debris,Slide,0,,0.67,12.94967213,0.492063559,1
580,AS/KAR/83F10/2018/2,Assam,Karbi Anglong,Bogaramtakbi-Notungaon road slide,Bogaramtakbi-Notungaon road,26.59011,93.57466,Debris,Slide,Debris,Slide,0,,1.7,12.94967213,0.492063559,1
353,ASM/WKA/83C09/2016/17,Assam,West Karbi Anglong,N of Rongkhong-3,"SH-18, Hamren-Umpu road",25.81236,92.55156,Earth,Slide,Earth,Slide,0,,4.37,14.97122951,0.486417452,1
354,ASM/WKA/83C09/2016/16,Assam,West Karbi Anglong,N of Rongkhong-2,"SH-18, Hamren-Umpu road",25.81428,92.55422,Debris,Slide,Debris,Slide,0,,0.67,14.97122951,0.486417452,1
355,ASM/WKA/83C09/2016/15,Assam,West Karbi Anglong,N of Rongkhong-1,"SH-18, Hamren-Umpu road",25.81542,92.5535,Debris,Slide,Debris,Slide,0,,1.29,14.97122951,0.486417452,1
356,ASM/WKA/83C09/2016/37,Assam,West Karbi Anglong,Derajuri-2,"Pangyatiso-Derajuri-Kolonga
road",25.81678,92.71878,Earth,Slide,Earth,Slide,0,,8.53,14.97122951,0.486417452,1
357,ASM/WKA/83C09/2016/36,Assam,West Karbi Anglong,Derajuri-1,"Pangyatiso-Derajuri-Kolonga
road",25.81689,92.71744,Earth,Slide,Earth,Slide,0,,6.81,14.97122951,0.486417452,1
358,AS/NAG/83G2/2015/08,Assam,Nagaon,Unknown,"NH 54, About 2km SW of
Arlongapai, Nagaon",25.81756,93.10886,Rock,Fall,Rock,Fall,1,2015,2.52,11.29016393,0.473439208,1
359,ASM/WKA/83C09/2016/38,Assam,West Karbi Anglong,N of Tarang,"Pangyatiso-Derajuri-Kolonga
road",25.81806,92.74872,Earth,Slide,Earth,Slide,0,,1.8,14.97122951,0.486417452,1
360,ASM/WKA/83C09/2016/14,Assam,West Karbi Anglong,S of Ambinong-4,"SH-18, Hamren-Umpu road",25.82108,92.544,Debris,Slide,Debris,Slide,0,,4.52,14.97122951,0.486417452,1
603,AS/SON/83B09/2018/8,Assam,Sonitpur,Ringkangpur slide-4,Ringkangpur,26.93819,92.70402,Debris,Slide,Debris,Slide,0,,1.96,15.70459016,0.405661441,1
604,AS/SON/83B09/2018/9,Assam,Sonitpur,Dopdopi slide-2,Dopdopi,26.93855,92.70336,Debris,Slide,Debris,Slide,0,,1.75,15.70459016,0.405661441,1
605,AS/SON/83F05/2018/4,Assam,Sonitpur,Dising River slide,Upper Dikalmukh,26.94755,93.257521,Debris,Slide,Debris,Slide,0,,2.93,15.70459016,0.405661441,1
606,AS/SON/83F05/2018/3,Assam,Sonitpur,Balijan forest road slide-3,Balijan forest road,26.9498,93.45291,Debris,Slide,Debris,Slide,0,,1.08,15.70459016,0.405661441,1
607,AS/SON/83F05/2018/2,Assam,Sonitpur,Balijan forest road slide-2,Balijan forest road,26.95052,93.45136,Debris,Slide,Debris,Slide,0,,1.39,15.70459016,0.405661441,1
608,AS/SON/83F05/2018/1,Assam,Sonitpur,Balijan forest road slide-1,Balijan forest road,26.95266,93.44166,Debris,Slide,Debris,Slide,0,,1.6,15.70459016,0.405661441,1
1889,AP/DV/82P/13/2022/LS-115,Arunachal Pradesh,Dibang Valley,Mipi slide,Towards Mipi village.,28.775918,95.874296,Earth,Slide,Earth,Slide,0,,0,15.50713115,0.399529611,1
1890,AR/USI/82L13/2022/42,Arunachal Pradesh,Upper Siang,Bomdo- Migging Road Slide,Bomdo- Migging Road,28.779408,94.859327,Rock-cum-Debris,Slide,Debris cum Rock,Slide,0,,5.59,17.53991803,0.40713627,1
595,AS/SON/83B13/2018/2,Assam,Sonitpur,Hoha river slide,"Phuloguri, Chengelimari area.",26.9231,92.76755,Debris,Slide,Debris,Slide,0,,7.62,15.70459016,0.405661441,1
596,AS/SON/83B09/2018/1,Assam,Sonitpur,Jarabari slide,Pogijuli area,26.92666,92.73966,Debris,Slide,Debris,Slide,0,,5.44,15.70459016,0.405661441,1
597,AS/SON/83B09/2018/3,Assam,Sonitpur,Moroni slide,Bogijuli area,26.93362,92.70757,Soil,Slide,Soil,Slide,0,,2.06,15.70459016,0.405661441,1
598,AS/SON/83B09/2018/2,Assam,Sonitpur,Kamarilaka slide,Pogijuli area,26.93438,92.729,Debris,Slide,Debris,Slide,0,,2.57,15.70459016,0.405661441,1
599,AS/SON/83B09/2018/4,Assam,Sonitpur,Dopdopi slide-1,Dopdopi,26.9358,92.70369,Debris,Slide,Debris,Slide,0,,2.98,15.70459016,0.405661441,1
600,AS/SON/83B09/2018/5,Assam,Sonitpur,Ringkangpur slide-1,Ringkangpur,26.93586,92.70441,Debris,Slide,Debris,Slide,0,,2.42,15.70459016,0.405661441,1
601,AS/SON/83B09/2018/6,Assam,Sonitpur,Ringkangpur slide-2,Ringkangpur,26.93597,92.70455,Debris,Slide,Debris,Slide,0,,2.42,15.70459016,0.405661441,1
602,AS/SON/83B09/2018/7,Assam,Sonitpur,Ringkangpur slide-3,Ringkangpur,26.93641,92.70308,Debris,Slide,Debris,Slide,0,,2.01,15.70459016,0.405661441,1
377,ASM/WKA/83C09/2016/22,Assam,West Karbi Anglong,NE of Pangyatiso-3,"Mikading-Pangyatiso-Ranghidi
road",25.84967,92.69042,Earth cum Rock,Slide,Rock cum Earth,Slide,0,,9.79,14.97122951,0.486417452,1
378,ASM/WKA/83C09/2016/21,Assam,West Karbi Anglong,NE of Pangyatiso-2,"Mikading-Pangyatiso-Ranghidi
road",25.84992,92.69072,Earth cum Rock,Slide,Rock cum Earth,Slide,0,,9.79,14.97122951,0.486417452,1
379,AS/KAR/83G09/2017/9,Assam,Karbi Anglong,Hafjan Kidingpur4,DhansiriChiru Timung road,25.85072,93.56682,Debris,Slide,Debris,Slide,0,,0.26,12.94967213,0.492063559,1
380,ASM/WKA/83C09/2016/20,Assam,West Karbi Anglong,NE of Pangyatiso-1,"Mikading-Pangyatiso-Ranghidi
road",25.8515,92.69203,Earth cum Rock,Slide,Rock cum Earth,Slide,0,,9.94,14.97122951,0.486417452,1
381,ASM/WKA/83C09/2016/6,Assam,West Karbi Anglong,Hamren-2,"SH-18, Hamren road",25.85167,92.58089,Debris,Slide,Debris,Slide,0,,3.39,14.97122951,0.486417452,1
382,AS/KAR/83G09/2017/8,Assam,Karbi Anglong,Hafjan Kidingpur3,DhansiriChiru Timung road,25.85189,93.56633,Debris,Slide,Debris,Slide,0,,0.26,12.94967213,0.492063559,1
383,AS/KAR/83G09/2017/7,Assam,Karbi Anglong,Hafjan Kidingpur2,DhansiriChiru Timung road,25.85487,93.56583,Debris,Slide,Debris,Slide,0,,0.41,12.94967213,0.492063559,1
352,ASM/WKA/83C09/2016/19,Assam,West Karbi Anglong,N of Rongkhong-5,"SH-18, Hamren-Umpu road",25.812,92.55069,Debris,Slide,Debris,Slide,0,,5.24,14.97122951,0.486417452,1
340,AS/DIM/83G2/2015/02,Assam,Dima Hasao,Unknown,"NH 54, about 2.5 km SEof
Langlao Disa (NC Hills)",25.65167,93.12083,Earth,Slide,Earth,Slide,1,2014,4.42,8.647540984,0.454868852,1
341,AS/DIM/83G2/2015/03,Assam,Dima Hasao,Unknown,"NH 54, about 2km SE of Langlao
Disa (NC Hills)",25.65792,93.11811,Debris,Slide,Debris,Slide,1,2014,4.98,8.647540984,0.454868852,1
342,AS/DIM/83G2/2015/01,Assam,Dima Hasao,Unknown,"NH 54, about 2km SE of Langlao
Disa (NC Hills)",25.65839,93.11808,Debris,Slide,Debris,Slide,1,2015,3.19,11.29016393,0.467514686,1
343,AS/DIM/83G2/2015/05,Assam,Dima Hasao,Unknown,"NH 54, about 1 km East of
Langlao Disa",25.67153,93.11522,Debris,Topple,Debris,Topple,1,2015,0.57,11.29016393,0.467514686,1
344,AS/DIM/83G2/2015/10,Assam,Dima Hasao,Unknown,"Manderdisa Daolapur 3, Dima
Hasao",25.72486,93.131083,Debris,Slide,Debris,Slide,1,2015,0.46,10.63770492,0.467514686,1
635,"AS/KAMRUP(M)/78N16/2014-
15/0008",Assam,Kamrup (Metro),Lichubagan Landslide,"Hegrabari Road, near
Ganeshguri, Guwahati.",26.15461111,91.80086111,Earth,Flow,Earth,Flow,0,,6.36,14.77991803,0.483023429,1
639,"AS/KAMRUP/78N12/2015-
16/0002",Assam,Kamrup,"Landslide on the road 1km to
Bhubaneswari Temple, Nilachal Pahar,
Guwahati.","Kamakhya Pahar to
Bhubaneswari Temple Road.",26.16658333,91.71480556,Rock,Slide,Rock,Slide,0,,4.83,13.51032787,0.482562705,1
609,AS/SON/83B09/2018/10,Assam,Sonitpur,Mansiri River slide-1,Maltang,26.9693,92.634,Debris,Slide,Debris,Slide,0,,2.62,15.70459016,0.405661441,1
610,AS/SON/83B09/2018/12,Assam,Sonitpur,Mansiri River slide-3,Maltang,26.97013,92.63363,Debris,Slide,Debris,Slide,0,,3.44,15.70459016,0.405661441,1
611,AS/SON/83B09/2018/11,Assam,Sonitpur,Mansiri River slide-2,Maltang,26.97041,92.63436,Debris,Slide,Debris,Slide,0,,3.44,15.70459016,0.405661441,1
612,AS/SON/83B09/2018/13,Assam,Sonitpur,Mansiri River slide-4,Maltang,26.972889,92.632833,Debris,Slide,Debris,Slide,0,,5.95,15.70459016,0.405661441,1
616,AS/CAC/83D10/2025/1,Assam,Cachar,Unknown,"Bag-O-Bahar, Khasia Punji",24.57257,92.70357,Debris,Slide,Debris,Slide,1,2023,0.05,12.34016393,0.394523224,1
617,AS/CAC/83D10/2025/2,Assam,Cachar,Unknown,"Bag-O-Bahar, Khasia Punji",24.57235,92.70536,Earth,Slide,Earth,Slide,1,2024,0.15,15.90163934,0.401107582,1
618,AS/CAC/83D10/2025/3,Assam,Cachar,Unknown,"Bag-O-Bahar, Khasia Punji",24.58585,92.70274,Earth,Slide,Earth,Slide,1,2024,0.31,15.90163934,0.401107582,1
593,AS/SON/83B13/2018/3,Assam,Sonitpur,GaroBasti slide,GaroBasti,26.92088,92.75933,Debris,Slide,Debris,Slide,0,,4.98,15.70459016,0.405661441,1
594,AS/SON/83B13/2018/1,Assam,Sonitpur,Phuloguri slide,"Phuloguri, Chengelimari area.",26.92216,92.7678,Debris,Slide,Debris,Slide,0,,7.52,15.70459016,0.405661441,1
323,AS/DIM/83G07/2017/54,Assam,Dima Hasao,"Kepre–Koladisa–Prasadimdik slide
No.10","Kepre–Koladisa–Prasadimdik
road section",25.446056,93.408583,Debris,Slide,Debris,Slide,0,,1.29,8.835655738,0.458326947,1
324,AS/DIM/83G07/2017/45,Assam,Dima Hasao,"Kepre–Koladisa Prasadimdik slide
No.1","Kepre–Koladisa Prasadimdik
road section",25.447528,93.364417,Rock cum debris,Slide,Debris cum Rock,Slide,0,,3.24,8.835655738,0.458326947,1
325,AS/DIM/83G07/2017/46,Assam,Dima Hasao,"Kepre–Koladisa–Prasadimdik slide
No.2","Kepre–Koladisa–Prasadimdik
road section",25.449056,93.370861,Debris,Slide,Debris,Slide,0,,1.24,8.835655738,0.458326947,1
326,AS/DIM/83G07/2017/53,Assam,Dima Hasao,"Kepre–Koladisa–Prasadimdik slide
No.9","Kepre–Koladisa–Prasadimdik
road section",25.452278,93.394333,Soil,Slide,Soil,Slide,0,,0.1,8.835655738,0.458326947,1
327,AS/DIM/83G07/2017/52,Assam,Dima Hasao,"Kepre–Koladisa–Prasadimdik slide
No.8","Kepre–Koladisa–Prasadimdik
road section",25.453167,93.394667,Soil,Slide,Soil,Slide,0,,1.03,8.835655738,0.458326947,1
328,AS/DIM/83G07/2017/47,Assam,Dima Hasao,"Kepre–Koladisa–Prasadimdik slide
No.3","Kepre–Koladisa–Prasadimdik
road section",25.453528,93.371194,Debris,Slide,Debris,Slide,0,,0.1,8.835655738,0.458326947,1
361,ASM/WKA/83C09/2016/13,Assam,West Karbi Anglong,S of Ambinong-3,"SH-18, Hamren-Umpu road",25.822458,92.546381,Debris,Slide,Debris,Slide,0,,4.11,14.97122951,0.486417452,1
362,AS/KAR/83G05/2017/13,Assam,Karbi Anglong,Taralangso,DiphuLumding road,25.82522,93.4243,Soil cum debris,Slide,Debris cum Soil,Slide,0,,0.41,12.94967213,0.492063559,1
363,ASM/WKA/83C09/2016/12,Assam,West Karbi Anglong,S of Ambinong-2,"SH-18, Hamren-Umpu road",25.82528,92.54775,Rock cum Debris,Slide,Debris cum Rock,Slide,0,,3.5,14.97122951,0.486417452,1
364,ASM/WKA/83C09/2016/11,Assam,West Karbi Anglong,S of Ambinong-1,"SH-18, Hamren-Umpu road",25.82769,92.55658,Earth cum Rock,Slide,Rock cum Earth,Slide,0,,0.82,14.97122951,0.486417452,1
365,AS/KAR/83G05/2017/2,Assam,Karbi Anglong,Panbari,DiphuDhansiri road,25.83128,93.45257,Soil cum debris,Slide,Debris cum Soil,Slide,0,,0.15,12.94967213,0.492063559,1
367,AS/KAR/83G05/2017/14,Assam,Karbi Anglong,Dharamnala1,Diphu,25.84152,93.45138,Soil,Slide,Soil,Slide,0,,0.41,12.94967213,0.492063559,1
336,ASM/DIM/83C10/2016/32,Assam,Dima Hasao,Lumsajor (Kopili Power house road),Kopili road,25.569,92.71653,Debris,Slide,Debris,Slide,0,,13.1,8.835655738,0.458326947,1
337,ASM/DIM/83C10/2016/33,Assam,Dima Hasao,S of Namghar (NEEPCO colony),Kopili road,25.57994,92.72822,Debris,Slide,Debris,Slide,0,,9.74,8.835655738,0.458326947,1
338,AS/DIM/83G2/2015/04,Assam,Dima Hasao,Unknown,"NH 54, about 1.5 km West of
Purana Dibolong",25.61092,93.09178,Debris,Slide,Debris,Slide,1,2015,1.29,11.5852459,0.471865096,1
339,AS/DIM/83G2/2015/06,Assam,Dima Hasao,Unknown,"NH 54, 3 km North of Hatikhali",25.64897,93.12083,Debris,Slide,Debris,Slide,1,2015,2.52,11.29016393,0.471865096,1
306,AS/DIM/83G07/2017/57,Assam,Dima Hasao,Daoblibdisa market slide No.3,Near Daoblibdisa market,25.437111,93.403639,Soil,Slide,Soil,Slide,0,,1.49,8.835655738,0.458326947,1
307,AS/DIM/83G07/2017/59,Assam,Dima Hasao,Daoblibdisa market slide No.5,Near Daoblibdisa market,25.4375,93.404444,Debris,Slide,Debris,Slide,0,,0.72,8.835655738,0.458326947,1
308,AS/DIM/83G07/2017/67,Assam,Dima Hasao,Greenwood school compound Slide.,"Greenwood school compound,
Khepre.",25.437722,93.349889,Soil,Slide,Soil,Slide,0,,2.93,8.835655738,0.458326947,1
309,AS/DIM/83G07/2017/31,Assam,Dima Hasao,Kepre Tongikro Mongjang slide No.1,"Kepre Tongikro Mongjang road
section.",25.438694,93.362583,Debris,Slide,Debris,Slide,0,,0.82,8.835655738,0.458326947,1
310,ASM/DIM/83C15/2017/08,Assam,Dima Hasao,Amardisa Slide,Near Amardisa village,25.438723,92.912025,Earth,Slide,Earth,Slide,0,,1.29,8.835655738,0.458326947,1
311,AS/DIM/83G07/2017/26,Assam,Dima Hasao,Darangibra–Kepre slide No.2,Darangibra–Kepre road section.,25.439372,93.354197,Debris,Slide,Debris,Slide,0,,1.34,8.835655738,0.458326947,1
312,ASM/DIM/83C15/2017/11,Assam,Dima Hasao,Amrudissa slide,Near Amrudisa village,25.441734,92.892033,Debris cum earth,Slide,Debris cum Earth,Slide,0,,13.73,8.835655738,0.458326947,1
345,AS/DIM/83G2/2015/09,Assam,Dima Hasao,Unknown,"Manderdisa Daolapur 3, Dima
Hasao",25.72561,93.13075,Debris,Slide,Debris,Slide,1,2015,0.26,10.63770492,0.467514686,1
346,ASM/WKA/83C09/2016/26,Assam,West Karbi Anglong,Umpu,"SH-18, S of Umpu",25.75933,92.52258,Earth cum Rock,Slide,Rock cum Earth,Slide,0,,0.77,14.97122951,0.486417452,1
347,AS/KAM/78O5/2020/4,Assam,Kamrup (Rural),Noth Lumpi slide,Boko-Lumpi road,25.79,91.24,Debris,Slide,Debris,Slide,0,,10.09,15.0557377,0.485344604,1
348,ASM/WKA/83C09/2016/25,Assam,West Karbi Anglong,NW of Umrasi,"SH-18, Hamren-Umpu road",25.79939,92.52653,Earth,Slide,Earth,Slide,0,,0.41,14.97122951,0.486417452,1
350,AS/KAR/83G09/2017/1,Assam,Karbi Anglong,Dhansiri,DiphuDhansiri road,25.81044,93.58616,Soil,Slide,Soil,Slide,0,,0.31,12.94967213,0.492063559,1
351,ASM/WKA/83C09/2016/18,Assam,West Karbi Anglong,N of Rongkhong-4,"SH-18, Hamren-Umpu road",25.81175,92.55003,Earth,Slide,Earth,Slide,0,,5.24,14.97122951,0.486417452,1
320,AS/DIM/83G07/2017/14,Assam,Dima Hasao,Nkio–Prasadimdik slide No.4,Nkio–Prasadimdik road section.,25.444167,93.425528,Rock cum debris,Slide,Debris cum Rock,Slide,0,,0.72,8.835655738,0.458326947,1
321,AS/DIM/83G07/2017/15,Assam,Dima Hasao,Nkio Prasadimdik slide No.5,Nkio Prasadimdik road section.,25.444194,93.424694,Debris,Slide,Debris,Slide,0,,0.67,8.835655738,0.458326947,1
322,AS/DIM/83G07/2017/16,Assam,Dima Hasao,Nkio–Prasadimdik slide No.6,Nkio–Prasadimdik road section.,25.444306,93.423944,Debris,Slide,Debris,Slide,0,,0.77,8.835655738,0.458326947,1
289,ASM/DIM/83C15/2017/01,Assam,Dima Hasao,Dehangi Slide,Umrangso_Dehangi Highway,25.423438,92.985022,Debris cum earth,Slide,Debris cum Earth,Slide,0,,0.87,8.835655738,0.458326947,1
290,AS/DIM/83G07/2017/35,Assam,Dima Hasao,Kepre Tongikro Mongjang slide No.5,"Kepre Tongikro Mongjang road
section.",25.423806,93.369722,Debris,Slide,Debris,Slide,0,,0.82,8.835655738,0.458326947,1
291,AS/DIM/83G07/2017/34,Assam,Dima Hasao,Kepre Tongikro Mongjang slide No.4,"Kepre Tongikro Mongjang road
section.",25.423861,93.369417,Debris,Slide,Debris,Slide,0,,0.82,8.835655738,0.458326947,1
293,AS/DIM/83G07/2017/32,Assam,Dima Hasao,Kepre Tongikro Mongjang slide No.2,"Kepre Tongikro Mongjang road
section.",25.4255,93.363944,Debris,Slide,Debris,Slide,0,,0.93,8.835655738,0.458326947,1
294,AS/DIM/83G07/2017/33,Assam,Dima Hasao,Kepre Tongikro Mongjang slide No.3,"Kepre Tongikro Mongjang road
section.",25.425611,93.364444,Debris,Slide,Debris,Slide,0,,1.96,8.835655738,0.458326947,1
295,AS/DIM/83G07/2017/24,Assam,Dima Hasao,Darangibra–Kepre slide No.1,Darangibra–Kepre road section.,25.428597,93.312597,Debris,Slide,Debris,Slide,0,,2.11,8.835655738,0.458326947,1
296,AS/DIM/83G07/2017/25,Assam,Dima Hasao,NE of Darangibra slide.,"Approx. 3.5 km NE of
Darangibra.",25.433903,93.328944,Debris,Slide,Debris,Slide,0,,2.57,8.835655738,0.458326947,1
329,AS/DIM/83G07/2017/48,Assam,Dima Hasao,"Kepre–Koladisa–Prasadimdik slide
No.4","Kepre–Koladisa–Prasadimdik
road section",25.453611,93.371389,Debris,Slide,Debris,Slide,0,,0.1,8.835655738,0.458326947,1
330,AS/DIM/83G07/2017/50,Assam,Dima Hasao,"Kepre–Koladisa–Prasadimdik slide
No.6","Kepre–Koladisa–Prasadimdik
road section",25.454083,93.375972,Debris,Slide,Debris,Slide,0,,0.31,8.835655738,0.458326947,1
331,AS/DIM/83G07/2017/49,Assam,Dima Hasao,"Kepre–Koladisa–Prasadimdik slide
No.5","Kepre–Koladisa–Prasadimdik
road section",25.455333,93.374472,Debris,Slide,Debris,Slide,0,,1.13,8.835655738,0.458326947,1
332,AS/DIM/83G07/2017/51,Assam,Dima Hasao,"Kepre–Koladisa–Prasadimdik slide
No.7","Kepre–Koladisa–Prasadimdik
road section",25.462361,93.384306,Debris,Slide,Debris,Slide,0,,0.72,8.835655738,0.458326947,1
333,AS/DIM/83G2/2015/07,Assam,Dima Hasao,Unknown,"NH 54, near Langting, Dima
Hasao (NC Hills)",25.50669,93.10536,Debris,Slide,Debris,Slide,1,2015,1.24,11.5852459,0.467679645,1
334,ASM/DIM/83C15/2017/16,Assam,Dima Hasao,16 Kilo Slide-II,"Near Limestone Quarry of
Dalmia cement plant",25.513567,92.784825,Debris cum earth,Subsidence,Debris cum Earth,Subsidence,0,,7.83,8.835655738,0.458326947,1
335,ASM/DIM/83C15/2017/07,Assam,Dima Hasao,Dalmia cement plant slide.,"Dalmia cement plant, 16 kilo.",25.51402,92.765435,Debris cum earth,Slide,Debris cum Earth,Slide,0,,4.11,8.835655738,0.458326947,1
304,AS/DIM/83G07/2017/58,Assam,Dima Hasao,Daoblibdisa market slide No.4,Near Daoblibdisa market,25.436861,93.404583,Debris,Slide,Debris,Slide,0,,1.24,8.835655738,0.458326947,1
305,AS/DIM/83G07/2017/2,Assam,Dima Hasao,New Nkio–Phaikulum slide No.1.,"New Nkio–Phaikulum road
section.",25.436972,93.454111,Debris,Slide,Debris,Slide,0,,2.01,8.835655738,0.458326947,1
275,AS/DIM/83G4/2015/25,Assam,Dima Hasao,Dedaodip slide,"Dedaodip,NH-54",25.405,93.133,Earth,Slide,Earth,Slide,0,,3.75,8.835655738,0.458326947,1
276,AS/DIM/83G07/2017/40,Assam,Dima Hasao,Kepre Tongikro Mongjang slide No.9,"Kepre Tongikro Mongjang road
section.",25.405,93.372194,Rock cum debris,Slide,Debris cum Rock,Slide,0,,1.54,8.835655738,0.458326947,1
277,ASM/DIM/83C15/2017/02,Assam,Dima Hasao,Bagha Slide,Umrangso_Dehangi Highway,25.40837,92.82826,Rock,Slide,Rock,Slide,0,,4.21,8.835655738,0.458326947,1
278,AS/DIM/83G07/2017/21,Assam,Dima Hasao,Digar nala slide No.1,"Nablaidisa–Nobdi Langting road
section",25.408497,93.283436,Soil,Slide,Soil,Slide,0,,3.34,8.835655738,0.458326947,1
279,AS/DIM/83G07/2017/22,Assam,Dima Hasao,Digar nala slide No.2,"Nablaidisa Nobdi Langting road
section.",25.410611,93.284,Soil,Slide,Soil,Slide,0,,2.98,8.835655738,0.458326947,1
280,AS/DIM/83G07/2017/23,Assam,Dima Hasao,Digar nala slide No.3,"Nobdi Langting–Darangbra road
section.",25.416056,93.284222,Soil,Slide,Soil,Slide,0,,3.6,8.835655738,0.458326947,1
699,ASM/DH/83G4/PD/2016/39,Assam,Dima Hasao,Haflong-Gunjung road section slide-10,"Lower Haflong,",25.19972222,93.01672222,Debris,Slide,Debris,Slide,0,,6.81,8.835655738,0.458326947,1
313,ASM/DIM/83C15/2017/15,Assam,Dima Hasao,Amrudisa Slide,Near Amrudisa village,25.441757,92.907383,Earth,Slide,Earth,Slide,0,,10.09,8.835655738,0.458326947,1
315,AS/DIM/83G07/2017/18,Assam,Dima Hasao,Nkio–Prasadimdik slide No.8,Nkio–Prasadimdik road section.,25.443417,93.421444,Debris,Slide,Debris,Slide,0,,0.93,8.835655738,0.458326947,1
316,AS/DIM/83G07/2017/11,Assam,Dima Hasao,Nkio Prasadimdik slide No.1,NkioPrasadimdik road section,25.443639,93.431444,Debris,Slide,Debris,Slide,0,,0.72,8.835655738,0.458326947,1
317,AS/DIM/83G07/2017/13,Assam,Dima Hasao,Nkio–Prasadimdik slide No.3,Nkio–Prasadimdik road section.,25.443861,93.426222,Debris,Slide,Debris,Slide,0,,0,8.835655738,0.458326947,1
318,AS/DIM/83G07/2017/17,Assam,Dima Hasao,Nkio–Prasadimdik slide No.7,Nkio–Prasadimdik road section.,25.443972,93.422778,Debris,Slide,Debris,Slide,0,,0.67,8.835655738,0.458326947,1
319,AS/DIM/83G07/2017/12,Assam,Dima Hasao,Nkio–Prasadimdik slide No.2,Nkio–Prasadimdik road section.,25.444028,93.4265,Debris,Slide,Debris,Slide,0,,0,8.835655738,0.458326947,1
288,ASM/DIM/83C15/2017/09,Assam,Dima Hasao,Dehangi Slide,Near Dehangi village,25.422535,92.989119,Debris cum earth,Slide,Debris cum Earth,Slide,0,,0.77,8.835655738,0.458326947,1
260,ASM/DIM/83C15/2017/06,Assam,Dima Hasao,Vaitongsip,New Sangbar-Kobak road,25.320232,92.818091,Earth,Slide,Earth,Slide,0,,0.62,8.835655738,0.458326947,1
261,ASM/DIM/83C15/2017/05,Assam,Dima Hasao,Vaitongsip,New Sangbar-Kobak Road,25.323731,92.80751,Earth,Slide,Earth,Slide,0,,0.36,8.835655738,0.458326947,1
262,AS/DIM/83G07/2017/64,Assam,Dima Hasao,Digarkaro Phaipha Slide No.2,"Digarkaro–Phaipha road
section.",25.328139,93.334056,Rock cum debris,Slide,Debris cum Rock,Slide,0,,5.03,8.835655738,0.458326947,1
263,AS/DIM/83G07/2017/63,Assam,Dima Hasao,Digarkaro–Phaipha Slide No.1,"Digarkaro–Phaipha road
section.",25.332083,93.334639,Debris,Slide,Debris,Slide,0,,0.51,8.835655738,0.458326947,1
264,ASM/DIM/83C15/2017/10,Assam,Dima Hasao,Vaitongsip Slide,Vaitongsip village,25.336054,92.82053,Earth,Slide,Earth,Slide,0,,5.8,8.835655738,0.458326947,1
689,ASM/DH/83G04/2022-23/003,Assam,Dima Hasao,New Haflong RS Slide 1,New Haflong Railway Station,25.14722,93.03128,Debris,Slide,Debris,Slide,0,,0.05,8.835655738,0.458326947,1
297,ASM/DIM/83C15/2017/12,Assam,Dima Hasao,Baigaon Slide,Near Baigaon village,25.434031,92.885056,Debris cum earth,Slide,Debris cum Earth,Slide,0,,13.34,8.835655738,0.458326947,1
298,AS/DIM/83G07/2017/61,Assam,Dima Hasao,Sengya Sambhudhan school slide No.2,"Approx. 500 m south of Sengya
Sambhudhan school",25.435639,93.405944,Debris,Slide,Debris,Slide,0,,1.39,8.835655738,0.458326947,1
299,AS/DIM/83G07/2017/8,Assam,Dima Hasao,New Nkio–Phaikulum slide No.2.,"New Nkio–Phaikulum road
section.",25.435917,93.455944,Debris,Slide,Debris,Slide,0,,1.03,8.835655738,0.458326947,1
300,AS/DIM/83G07/2017/55,Assam,Dima Hasao,Daoblibdisa market slide No.1,Near Daoblibdisa market,25.4365,93.402333,Soil,Slide,Soil,Slide,0,,0.98,8.835655738,0.458326947,1
301,AS/DIM/83G07/2017/60,Assam,Dima Hasao,Sengya Sambhudhan school slide No.1,"Approx. 500 m south of Sengya
Sambhudhan school",25.436528,93.4065,Debris,Slide,Debris,Slide,0,,0.93,8.835655738,0.458326947,1
302,AS/DIM/83G07/2017/62,Assam,Dima Hasao,Sengya Sambhudhan school slide No.3,"Approx. 500 m south of sengya
Sambhudhan school",25.436639,93.405917,Debris,Slide,Debris,Slide,0,,0.93,8.835655738,0.458326947,1
303,AS/DIM/83G07/2017/56,Assam,Dima Hasao,Daoblibdisa market slide No.2,Near Daoblibdisa market,25.436694,93.402944,Soil,Slide,Soil,Slide,0,,1.6,8.835655738,0.458326947,1
272,AS/DIM/83G07/2017/41,Assam,Dima Hasao,Kepre Tongikro Mongjang slide No.10,"Kepre Tongikro Mongjang road
section.",25.402472,93.390444,Debris,Slide,Debris,Slide,0,,3.91,8.835655738,0.458326947,1
273,AS/DIM/83G07/2017/42,Assam,Dima Hasao,Kepre Tongikro Mongjang slide No.11,"Kepre Tongikro Mongjang road
section.",25.4025,93.392194,Soil,Slide,Soil,Slide,0,,2.83,8.835655738,0.458326947,1
274,AS/DIM/83G4/2015/24,Assam,Dima Hasao,Dedaodip slide,"Dedaodip,NH-54",25.404,93.132,Earth,Slide,Earth,Slide,0,,4.11,8.835655738,0.458326947,1
1907,AR/USI/82L13/2022/51,Arunachal Pradesh,Upper Siang,Mosing-Tuting Road Slide,Mosing-Tuting Road,28.816882,94.791032,Rock-cum-Debris,Slide,Debris cum Rock,Slide,0,,4.32,17.53991803,0.40713627,1
1908,AR/USI/82L13/2022/49,Arunachal Pradesh,Upper Siang,Janbo-Mosing-Tuting Road Slide,Janbo-Mosing-Tuting Road,28.817009,94.791755,Rock-cum-Debris,Slide,Debris cum Rock,Slide,0,,6.46,17.53991803,0.40713627,1
1909,AP/DV/82P/13/2022/LS-122,Arunachal Pradesh,Dibang Valley,Near Mipi slide,Near Mipi Village.,28.817477,95.922181,Earth,Slide,Earth,Slide,0,,4.57,15.50713115,0.399529611,1
1910,AP/DV/82P/13/2022/LS-123,Arunachal Pradesh,Dibang Valley,Mipi slide,Mipi Village road,28.822521,95.92931,Earth,Slide,Earth,Slide,0,,10.98,15.50713115,0.399529611,1
1911,AP/DV/82P/13/2022/LS-124,Arunachal Pradesh,Dibang Valley,Dambuen Slide,Anini to Dambuen road section,28.822525,95.93415,Debris,Slide,Debris,Slide,0,,15.56,15.50713115,0.399529611,1
1912,AP/DV/82P/13/2022/LS-125,Arunachal Pradesh,Dibang Valley,Etabe slide,"Etabe bridge, Anini",28.823558,95.882966,Debris,Slide,Debris,Slide,0,,5.64,15.50713115,0.399529611,1
1913,AP/DV/82P/13/2022/LS-126,Arunachal Pradesh,Dibang Valley,Dembuen Acheso slide,Dembuen Acheso Village,28.823766,95.922046,Debris,Slide,Debris,Slide,0,,15.94,15.50713115,0.399529611,1
281,ASM/DIM/83C15/2017/13,Assam,Dima Hasao,Sericulture farm slide.,"Near Sericulture, Dehangi-
Umrangso road",25.41616,92.778653,Debris cum earth,Slide,Debris cum Earth,Slide,0,,19.72,8.835655738,0.458326947,1
283,AS/DIM/83G07/2017/39,Assam,Dima Hasao,Kepre Tongikro Mongjang slide No.8,"Kepre Tongikro Mongjang road
section.",25.417528,93.372528,Soil,Slide,Soil,Slide,0,,0.82,8.835655738,0.458326947,1
285,AS/DIM/83G07/2017/38,Assam,Dima Hasao,Kepre Tongikro Mongjang slide No.7,"Kepre Tongikro Mongjang road
section.",25.420278,93.371306,Debris,Slide,Debris,Slide,0,,1.08,8.835655738,0.458326947,1
286,AS/DIM/83G07/2017/37,Assam,Dima Hasao,Kepre Tongikro Mongjang slide No.6,"Kepre Tongikro Mongjang road
section.",25.420806,93.371056,Rock,Fall,Rock,Fall,0,,1.08,8.835655738,0.458326947,1
287,AS/DIM/83G07/2017/36,Assam,Dima Hasao,Dongki nala slide.,"Kepre Tongikro Mongjang road
section.",25.421333,93.370361,Debris,Slide,Debris,Slide,0,,0,8.835655738,0.458326947,1
256,AS/DIM/83G07/2017/29,Assam,Dima Hasao,Guilong–Semkhor slide No.3,Guilong–Semkhor road section.,25.282861,93.296111,Debris,Slide,Debris,Slide,0,,8.88,8.835655738,0.458326947,1
257,ASM/DIM/83C15/2017/04,Assam,Dima Hasao,Kobak,New Sangbar-Kobak Road,25.290089,92.799175,Debris cum earth,Slide,Debris cum Earth,Slide,0,,2.52,8.835655738,0.458326947,1
258,AS/DIM/83G07/2017/5,Assam,Dima Hasao,Nchen–Ngaulong slide No.2,Nchen–Ngaulong road section.,25.308028,93.471028,Debris,Slide,Debris,Slide,0,,4.57,8.835655738,0.458326947,1
259,AS/DIM/83G7/2017/6,Assam,Dima Hasao,Nchen–Ngaulong slide No.3,Nchen–Ngaulong road section.,25.309111,93.470694,Debris,Slide,Debris,Slide,0,,3.8,8.835655738,0.458326947,1
245,AS/DIH/83G08/2020/45,Assam,Dima Hasao,Unknown,"Along Jenam river, Laisong area",25.23,93.29,Debris,Slide,Debris,Slide,1,2018,1.08,11.30819672,0.495145492,1
246,AS/DIM/83C16/2018/26,Assam,Dima Hasao,Kalimkhu,"Kalimkhu (MauldemNew
Sangbar road)",25.238045,92.801279,Soil,Slide,Soil,Slide,0,,5.75,8.835655738,0.458326947,1
251,ASM/DIM/83C15/2017/03,Assam,Dima Hasao,Kobak Slide.,"New Sangbar_ Kobak District
Road.",25.257696,92.809603,Earth,Slide,Earth,Slide,0,,3.8,8.835655738,0.458326947,1
252,AS/DIM/83G07/2017/65,Assam,Dima Hasao,Thingje–Hereilo slide No.1,Thingje–Hereilo road section,25.263528,93.390611,Rock,Slide,Rock,Slide,0,,6.86,8.835655738,0.458326947,1
253,AS/DIM/83G07/2017/66,Assam,Dima Hasao,Thingje–Hereilo slide No.2,Thingje–Hereilo road section,25.264056,93.409528,Rock cum debris,Slide,Debris cum Rock,Slide,0,,15.75,8.835655738,0.458326947,1
254,AS/DIM/83G07/2017/27,Assam,Dima Hasao,Guilong–Semkhor slide No.1,Guilong–Semkhor road section,25.278472,93.252972,Rock cum debris,Slide,Debris cum Rock,Slide,0,,2.98,8.835655738,0.458326947,1
721,ASM/DH/83G4/ PD/2016/21,Assam,Dima Hasao,Heuwangaberam-2,"Heuwangaberam,village,Mahur,
Dima Hasao (NC Hills)",25.18725,93.12055556,Debris,Slide,Debris,Slide,0,,2.37,8.835655738,0.458326947,1
265,AS/DIM/83G07/2017/19,Assam,Dima Hasao,Nutan Hajong–Nablaidisa slide No.1,"Nutan Hajong–Nablaidisa road
section",25.362583,93.257722,Debris,Slide,Debris,Slide,0,,0.72,8.835655738,0.458326947,1
266,AS/DIM/83G07/2017/20,Assam,Dima Hasao,Nutan Hajong–Nablaidisa slide No.2,"Nutan Hajong–Nablaidisa road
section.",25.369972,93.260306,Rock cum debris,Slide,Debris cum Rock,Slide,0,,1.8,8.835655738,0.458326947,1
267,AS/DIM/83G4/2015/23,Assam,Dima Hasao,Mupa slide,North to Mupa,25.387,93.12,Earth,Flow,Earth,Flow,0,,2.62,8.835655738,0.458326947,1
268,AS/DIM/83G07/2017/44,Assam,Dima Hasao,Kepre Tongikro Mongjang slide No.13,"Approx. 500 m NW of
Mongjang.",25.394111,93.410417,Rock cum debris,Slide,Debris cum Rock,Slide,0,,4.21,8.835655738,0.458326947,1
269,ASM/DIM/83C15/2017/14,Assam,Dima Hasao,Gunjang Slide,"South to Dehangi (Gunjang-
Haflong road)",25.395431,92.990267,Earth,Slide,Earth,Slide,0,,4.62,8.835655738,0.458326947,1
270,AS/DIM/83G07/2017/30,Assam,Dima Hasao,Nobdi Langting–Phath slide.,"Nobdi Langting–Phath road
section",25.398083,93.297528,Soil,Slide,Soil,Slide,0,,0.31,8.835655738,0.458326947,1
271,AS/DIM/83G07/2017/43,Assam,Dima Hasao,Kepre Tongikro Mongjang slide No.12,"Kepre Tongikro Mongjang road
section.",25.402333,93.407583,Soil,Slide,Soil,Slide,0,,5.59,8.835655738,0.458326947,1
1905,AP/DV/82P/13/2022/LS-121,Arunachal Pradesh,Dibang Valley,Mipi Slide,Near Mipi Village,28.813805,95.919362,Earth,Slide,Earth,Slide,0,,2.21,15.50713115,0.399529611,1
1906,AP/DV/82P/13/2022/LS-120,Arunachal Pradesh,Dibang Valley,Mipi Slide,"Below GREF camp, Mipi Village.",28.813905,95.920439,Earth,Slide,Earth,Slide,0,,2.21,15.50713115,0.399529611,1
1929,AP/DV/82P/13/2022/LS-139,Arunachal Pradesh,Dibang Valley,Anini-Etalin slide,Anini-Etalin road section,28.873622,95.850285,Debris,Slide,Debris,Slide,0,,1.8,15.50713115,0.399529611,1
1930,AP/DV/82P/13/2022/LS-140,Arunachal Pradesh,Dibang Valley,Anini-Etalin slide,Anini-Etalin road section,28.874939,95.981911,Debris,Slide,Debris,Slide,0,,5.29,15.50713115,0.399529611,1
1931,AP/DV/82P/13/2022/LS-141,Arunachal Pradesh,Dibang Valley,Anini-Etalin slide,Anini-Etalin road section,28.87826,95.847156,Debris,Slide,Debris,Slide,0,,17.31,15.50713115,0.399529611,1
255,AS/DIM/83G07/2017/28,Assam,Dima Hasao,Guilong–Semkhor slide No.2,Guilong–Semkhor road section,25.278917,93.253194,Rock cum debris,Slide,Debris cum Rock,Slide,0,,2.98,8.835655738,0.458326947,1
230,AS/DIH/83G08/2020/27,Assam,Dima Hasao,Unknown,"Namna river, Laisong Bazar",25.21,93.31,Debris,Slide,Debris,Slide,1,2018,20.9,11.30819672,0.495145492,1
232,AS/DIM/83C16/2017/05,Assam,Dima Hasao,Robi Nala Slide,MichiduiHaflong road,25.216881,92.982245,Debris,Slide,Debris,Slide,0,,0.26,8.835655738,0.458326947,1
209,AS/DIM/83G4/2015/40,Assam,Dima Hasao,Asalu-3,"Asalu,SH",25.19,93.191,Earth,Slide,Earth,Slide,0,,11.82,8.835655738,0.458326947,1
213,AS/DIM/83G4/2015/39,Assam,Dima Hasao,Asalu-2,"Asalu,NH-54",25.191,93.192,Earth,Slide,Earth,Slide,0,,10.78,8.835655738,0.458326947,1
1914,AP/DV/82P/13/2022/LS-127,Arunachal Pradesh,Dibang Valley,Acheso slide,Dembuen Acheso Village,28.824703,95.93119,Debris,Slide,Debris,Slide,0,,18.39,15.50713115,0.399529611,1
1915,AP/E-Siang/82P8/2022/LS45,Arunachal Pradesh,Dibang Valley,LS-45,"NH-13, Komlighat park",28.827069,95.9225,Debris,Slide,Debris,Slide,0,,20.99,15.50713115,0.399529611,1
1916,AR/USI/82L13/2022/52,Arunachal Pradesh,Upper Siang,Likor-Palling Road Slide,Likor-Palling Road,28.830097,94.874715,Rock-cum-Debris,Slide,Debris cum Rock,Slide,0,,30.32,17.53991803,0.40713627,1
1917,AP/DV/82P/13/2022/LS-128,Arunachal Pradesh,Dibang Valley,Dambuen Slide,Dembuen to Anini Village,28.830316,95.877843,Debris,Slide,Debris,Slide,0,,5.59,15.50713115,0.399529611,1
1918,AP/DV/82P/13/2022/LS-129,Arunachal Pradesh,Dibang Valley,Dambuen Slide,Dembuen to Anini Village,28.830919,95.880901,Debris,Slide,Debris,Slide,0,,15.9,15.50713115,0.399529611,1
1919,AP/DV/82P/13/2022/LS-130,Arunachal Pradesh,Dibang Valley,Dambuen Slide,"Mile stone Anini 9 km Dembuen-
Anini road",28.831619,95.882949,Debris,Slide,Debris,Slide,0,,23.67,15.50713115,0.399529611,1
1920,AP/DV/82P/13/2022/LS-131,Arunachal Pradesh,Dibang Valley,Dambuen Slide,Dembuen-Anini road corridor,28.831826,95.882841,Debris,Sldies,Debris,Slide,0,,19.49,15.50713115,0.399529611,1
243,AS/NC/83G04/2009-10/AS-6,Assam,Dima Hasao,Mahur-Wadringdisa slide,Unknown,25.229556,93.1556,Debris,Slide,Debris,Slide,1,2010,7.42,10.01229508,0.478168716,1
1933,AP/DV/82P/13/2022/LS-143,Arunachal Pradesh,Dibang Valley,Anini-Etalin slide,Anini-Etalin road section,28.940482,95.82044,Debris,Slide,Debris,Slide,0,,8.73,15.50713115,0.399529611,1
1934,AP/DV/82P/13/2022/LS-144,Arunachal Pradesh,Dibang Valley,Anini-Etalin slide,"Anini-Etalin road section, NH-
313",28.9407,95.82058,Debris,Slide,Debris,Slide,0,,8.73,15.50713115,0.399529611,1
1935,AP/DV/82P/13/2022/LS-145,Arunachal Pradesh,Dibang Valley,Anini-Etalin slide,Anini-Etalin road section,28.963981,95.808627,Earth,Slide,Earth,Slide,0,,0.93,15.50713115,0.399529611,1
206,AS/DIM/83G4/2015/37,Assam,Dima Hasao,Asalu slide,"Laisong road, Asalu.",25.189,93.192,Earth,Slide,Earth,Slide,0,,10.98,8.835655738,0.458326947,1
207,AS/DIM/83G4/2015/38,Assam,Dima Hasao,Impoi,"Near Impoi village, Laisong road",25.189,93.226,Earth,Slide,Earth,Slide,0,,28.44,8.835655738,0.458326947,1
220,AS/DIM/83G4/2015/48,Assam,Dima Hasao,Riao,Near Riao Village.,25.204,93.059,Earth,Slide,Earth,Slide,0,,3.55,8.835655738,0.458326947,1
222,AS/DIM/83G4/2015/46,Assam,Dima Hasao,Pangmol-2,Near Pangmol village,25.205,93.059,Earth,Slide,Earth,Slide,0,,5.85,8.835655738,0.458326947,1
223,AS/DIM/83G4/2015/47,Assam,Dima Hasao,Riao,Near Riao village.,25.205,93.008,Earth,Slide,Earth,Slide,0,,1.9,8.835655738,0.458326947,1
1921,AP/DV/82P/13/2022/LS-132,Arunachal Pradesh,Dibang Valley,Dambuen Slide,Dembuen-Anini road corridor,28.836083,95.963806,Debris,Slide,Debris,Slide,0,,2.06,15.50713115,0.399529611,1
1922,AP/DV/82P/13/2022/LS-133,Arunachal Pradesh,Dibang Valley,Anini-Dambuen Slide,"Dembuen-Anini road corridor -
6 km mile stone",28.846067,95.865922,Debris,Slide,Debris,Slide,0,,9.84,15.50713115,0.399529611,1
1923,AP/DV/82P/13/2022/LS-134,Arunachal Pradesh,Dibang Valley,Dambuen Slide,"Anini-Dambuen road corridor 8
km mile stone",28.852213,95.863907,Debris,Slide,Debris,Slide,0,,14.99,15.50713115,0.399529611,1
1924,AP/LDV/82P11/2022/LS79,Arunachal Pradesh,Dibang Valley,LS-79,NH-13,28.85641,95.859872,Debris,Slide,Debris,Slide,0,,14.89,15.50713115,0.399529611,1
1925,AP/DV/82P/13/2022/LS-135,Arunachal Pradesh,Dibang Valley,Dambuen Slide,Dembuen-Anini road corridor,28.858358,95.858469,Debris,Slide,Debris,Slide,0,,14.02,15.50713115,0.399529611,1
1926,AP/DV/82P/13/2022/LS-136,Arunachal Pradesh,Dibang Valley,Dambuen road Slide,"Anini-Dambuen road corridor 4
km mile stone",28.863017,95.856703,Debris,Slide,Debris,Slide,0,,16.23,15.50713115,0.399529611,1
1927,AP/DV/82P/13/2022/LS-137,Arunachal Pradesh,Dibang Valley,Anini-Etalin slide,Anini-Etalin road section,28.868037,95.983398,Earth,Slide,Earth,Slide,0,,2.47,15.50713115,0.399529611,1
1928,AP/DV/82P/13/2022/LS-138,Arunachal Pradesh,Dibang Valley,Anini-Etalin slide,Anini-Etalin road section,28.871556,95.852732,Earth,Slide,Earth,Slide,0,,3.19,15.50713115,0.399529611,1
800,AS/KAM(M)/78N16/2025/05,Assam,Kamrup,Rupnagar,Unknown,26.158193,91.755807,Debris,Slide,Debris,Slide,1,2025,0.1,13.19836066,0.413524932,1
1975,3515,Arunachal Pradesh,West Kameng,Pinjuli bridge,Just before pinjuli bridge,27.084417,92.586622,Debris,slide,Debris,Slide,0,,11.18,19.00180328,0.416310861,1
1980,5752,Arunachal Pradesh,Lower Dibang Valley,Mayodiya,Beside Mayodiya-Anini Road,28.244256,95.920559,Debris,slide,Debris,Slide,0,,25.59,18.48991803,0.477602664,1
2028,6990,Arunachal Pradesh,West Kameng,Nichiphula,Taken from opposite slope/road,27.318647,92.77855,Debris,slide,Debris,Slide,0,,14.41,19.00180328,0.416310861,1
128,AS/DIM/83G4/2015/11,Assam,Dima Hasao,Silchar road slide.,NH-54 near Jatinga.,25.118,93.014,Debris,Slide,Debris,Slide,0,,1.49,8.835655738,0.458326947,1
129,AS/DIM/83G4/2015/16,Assam,Dima Hasao,Silchar road,NH-54 near Jatinga,25.119,93.017,Earth,Slide,Earth,Slide,0,,4.11,8.835655738,0.458326947,1
130,AS/DIM/83G4/2015/17,Assam,Dima Hasao,Silchar road,NH-54 near Jatinga,25.119,93.018,Earth,Slide,Earth,Slide,0,,3.03,8.835655738,0.458326947,1
131,AS/DIM/83G4/2015/18,Assam,Dima Hasao,Silchar road,NH-54 near Jatinga,25.12,93.02,Earth,Slide,Earth,Slide,0,,0,8.835655738,0.458326947,1
139,AS/DIM/83C16/2017/35,Assam,Dima Hasao,Longrangajao slide.,Longrangajao village,25.12906,92.97418,Soil,Slide,Soil,Slide,0,,10.58,8.835655738,0.458326947,1
152,AS/DIM/83G4/2015/58,Assam,Dima Hasao,Bara Haflong-3,"Bara Haflong,Near New Haflong
RS",25.139,93.025,Earth,Slide,Earth,Slide,0,,4.11,8.835655738,0.458326947,1
156,AS/DIH/83G08/2020/30,Assam,Dima Hasao,Unknown,Hangrum village,25.14,93.3,Debris,Slide,Debris,Slide,1,2018,10.14,11.30819672,0.495145492,1
758,ASM/KAM/78N12/2019/0001,Assam,Kamrup (Metro),Katahbari slide,"Katahbari, Garchuk,Near
Bethany High school",26.11816667,91.71330556,Rock,Slide,Rock,Slide,0,,3.6,14.77991803,0.483023429,1
160,AS/DIM/83G4/2015/49,Assam,Dima Hasao,Thingbhung,Near Thingbhung village,25.145,93.158,Earth,Slide,Earth,Slide,0,,6.61,8.835655738,0.458326947,1
185,AS/DIM/83G4/2015/44,Assam,Dima Hasao,Pangmol,Near Pangmol village,25.169,93.155,Earth,Slide,Earth,Slide,0,,12.22,8.835655738,0.458326947,1
186,AS/DIM/83G4/2015/45,Assam,Dima Hasao,Riao slide,Near Riao village.,25.169,93.156,Earth,Slide,Earth,Slide,0,,11.82,8.835655738,0.458326947,1
1932,AP/DV/82P/13/2022/LS-142,Arunachal Pradesh,Dibang Valley,Anini-Etalin slide,"Anini-Etalin road section, NH-
313",28.937833,95.820661,Debris,Slide,Debris,Slide,0,,3.6,15.50713115,0.399529611,1
127,AS/DIM/83C16/2017/32,Assam,Dima Hasao,Jatinga Lampur sinking zone.,NH54,25.11297,92.95433,Soil,Slide,Soil,Slide,0,,4.72,8.835655738,0.458326947,1
2035,6997,Arunachal Pradesh,Papum Pare,Bedhi Bedha,near Ganga lake entrance,27.076582,93.569035,Debris,slide,Debris,Slide,0,,5.85,15.31327869,0.492465437,1
810,ASM/DH/83C16/2023-24/002,Assam,Dima Hasao,Duiring road slide,Duiring,25.170425,92.989085,Debris,Slide,Debris,Slide,0,,5.69,8.835655738,0.458326947,1
811,ASM/DH/83G03/2023-24/002,Assam,Dima Hasao,Kalachand-Bara Digar road slide,Kalachand,25.412958,93.242826,Earth,Slide,Earth,Slide,0,,4.06,8.835655738,0.458326947,1
812,ASM/DH/83G03/2023-24/003,Assam,Dima Hasao,Kalachand-Bara Digar road slide 2,Kalachand,25.362612,93.216888,Debris,Slide,Debris,Slide,0,,2.37,8.835655738,0.458326947,1
788,AS-32/2005,Assam,Kamrup (Metro),Maligaon petrol pump,Unknown,26.15958333,91.72388889,Unknown,NIL,Unknown,Unknown,1,2005,7.42,14.6704918,0.47292418,1
789,AS-33/2005,Assam,Kamrup (Metro),"Himgiri path, Dhirenpara",Unknown,26.15166667,91.73138889,Unknown,NIL,Unknown,Unknown,1,2005,4.67,14.6704918,0.47292418,1
790,AS-34/2005,Assam,Kamrup (Metro),Jalukbari on NH,Unknown,26.15544444,91.679,Unknown,NIL,Unknown,Unknown,1,2005,0.05,14.6704918,0.47292418,1
791,AS-13/2011,Assam,Dima Hasao,Rekho slide-1,Unknown,25.10727778,92.88313889,Unknown,NIL,Unknown,Unknown,1,2011,7.72,10.27131148,0.449146175,1
792,AS-14/2011,Assam,Dima Hasao,Rekho slide-2,Unknown,25.10622222,92.8845,Unknown,NIL,Unknown,Unknown,1,2011,6.86,10.27131148,0.449146175,1
793,AS-01/2012-13,Assam,Kamrup,Handique Nagar slide,Unknown,26.14988889,91.77394444,Unknown,NIL,Unknown,Unknown,1,2025,3.24,11.62459016,0.445445014,1
794,AS-02/2012-13,Assam,Kamrup,Lalunggaon Slide,Unknown,26.10891667,91.74175,Unknown,NIL,Unknown,Unknown,1,2012,1.44,21.35819672,0.477603825,1
795,AS-03/2012-13,Assam,Kamrup,Sonaighuli Slide,Unknown,26.12911111,91.74911111,Unknown,NIL,Unknown,Unknown,1,2012,0.98,20.97540984,0.477603825,1
796,AS-04/2012-13,Assam,Kamrup,Udayanchal Slide,Unknown,26.15333333,91.77711111,Unknown,NIL,Unknown,Unknown,1,2012,1.65,20.97540984,0.476451503,1
797,AS-05/2012-13,Assam,Kamrup,Tilabazar Slide,Unknown,26.15052778,91.72766667,Unknown,NIL,Unknown,Unknown,1,2012,4.11,20.97540984,0.476473019,1
798,AS-06/2012-13,Assam,Kamrup,Mathurangar Hillside slide,Unknown,26.16405556,91.72827778,Unknown,NIL,Unknown,Unknown,1,2012,3.03,20.97540984,0.476473019,1
832,LS_ASM_DH_0408/2024,Assam,Dima Hasao,Dehangi-Umrangso road slide,Dehangi-Umrangso road section,25.425403,92.982053,Earth,Slide,Earth,Slide,0,,3.34,8.835655738,0.458326947,1
806,ASM/DH/83G03/2023-24/001,Assam,Dima Hasao,Guilongam (Ch) slide,"Guilongam-Semkhor road
section",25.27898,93.241092,Debris,Slide,Debris,Slide,0,,6.86,8.835655738,0.458326947,1
114,AS/DIM/83C16/2017/06,Assam,Dima Hasao,Retzawl5,Old HaflongSilchar road,25.10275,92.986944,Debris,Slide,Debris,Slide,0,,7.78,8.835655738,0.458326947,1
115,AS/DIM/83C16/2017/07,Assam,Dima Hasao,Retzawl6,Old HaflongSilchar road,25.10292,92.986883,Rock cum debris,Slide,Debris cum Rock,Slide,0,,7.78,8.835655738,0.458326947,1
116,AS/DIM/83C16/2017/01,Assam,Dima Hasao,Retzawl1,NH54,25.105414,92.972784,Debris,Slide,Debris,Slide,0,,2.93,8.835655738,0.458326947,1
117,AS/DIM/83G4/2015/14,Assam,Dima Hasao,Silchar road,NH-54 near Jatinga,25.106,93.001,Earth,Slide,Earth,Slide,0,,9.34,8.835655738,0.458326947,1
118,AS/DIM/83C16/2017/02,Assam,Dima Hasao,Retzawl2,Old HaflongSilchar road,25.106956,92.991363,Debris,Slide,Debris,Slide,0,,9.03,8.835655738,0.458326947,1
119,AS/DIM/83G4/2015/13,Assam,Dima Hasao,Silchar road,NH-54 near Jatinga,25.107,93.002,Earth,Slide,Earth,Slide,0,,6.36,8.835655738,0.458326947,1
120,AS/DIM/83C16/2017/31,Assam,Dima Hasao,Bara Mulkai sinking zone.,NH54,25.107546,92.885543,Debris,Slide,Debris,Slide,0,,4.21,8.835655738,0.458326947,1
121,AS/DIM/83G4/2015/15,Assam,Dima Hasao,Silchar road,NH-54 near Jatinga,25.108,93.003,Earth,Slide,Earth,Slide,0,,4.21,8.835655738,0.458326947,1
122,AS/DIM/83C16/2017/03,Assam,Dima Hasao,Retzawl3,NH54,25.108759,92.978048,Debris,Slide,Debris,Slide,0,,1.54,8.835655738,0.458326947,1
123,AS/DIM/83C16/2017/04,Assam,Dima Hasao,Retzawl4,West of Retzawl,25.108806,92.975139,Debris,Slide,Debris,Slide,0,,2.67,8.835655738,0.458326947,1
124,AS/DIM/83C16/2017/34,Assam,Dima Hasao,Chhota Kapurchhara1 slide.,NH54,25.108877,92.929125,Soil,Slide,Soil,Slide,0,,5.08,8.835655738,0.458326947,1
125,AS/DIM/83C16/2017/33,Assam,Dima Hasao,New Harangajao railway station slide.,NH54,25.11219,92.86881,Debris,Slide,Debris,Slide,0,,1.03,8.835655738,0.458326947,1
126,AS/DIM/83C16/2018/30,Assam,Dima Hasao,Jatinga Lampur railway slide.,"Between Jatinga Lampur
Railway Station and Harangajao
Railway Station.",25.11286,92.87756,Soil,Slide,Soil,Slide,0,,2.73,8.835655738,0.458326947,1
864,AR/TIR/83N09/2022/018,Arunachal Pradesh,Tirap,3.5 km N of Sinnu,Khonsa-Lazu road,26.897502,95.542612,Rock,Fall,Rock,Fall,0,,20.4,13.67754098,0.489700376,1
833,LS_ASM_DH_0409/2024,Assam,Dima Hasao,Sampardisa-Gaijon road slide 1,Sampardisa-Gaijon road section,25.241135,93.007627,Debris,Slide,Debris,Slide,0,,5.29,8.835655738,0.458326947,1
834,LS_ASM_DH_0410/2024,Assam,Dima Hasao,Sampardisa-Gaijon road slide 2,Sampardisa-Gaijon road section,25.245448,93.003937,Debris,Slide,Debris,Slide,0,,0.72,8.835655738,0.458326947,1
842,6986,Assam,Kamrup,Sundarpur village,Unknown,25.757752,91.252285,Debris,flow,Debris,Flow,1,2014,1.9,20.60245902,0.479001366,1
843,7077,Assam,Kamrup (Metro),708,Unknown,26.238016,91.945953,Soil,slide,Soil,Slide,1,2025,0.05,14.00163934,0.466809768,1
844,7115,Assam,Kamrup,lepgaon,Unknown,25.872268,91.213965,Debris,flow,Debris,Flow,1,2014,6.46,25.59508197,0.475494877,1
846,7193,Assam,Kamrup (Metro),Birkuchi,Unknown,26.184324,91.855395,Soil,slide,Soil,Slide,1,2025,7.67,12.98606557,0.462314208,1
848,7195,Assam,Kamrup (Metro),Nalgedra,Unknown,26.11956,92.052125,Soil,slide,Soil,Slide,1,2025,1.39,11.35737705,0.45445082,1
817,LS_ASM_DH_0393/2024,Assam,Dima Hasao,Maibang-Gunjung road slide 2,Maibang-Gunjung road section,25.313791,93.10552,Debris,Slide,Debris,Slide,0,,7.07,8.835655738,0.458326947,1
818,LS_ASM_DH_0394/2024,Assam,Dima Hasao,Maibang-Gunjung road slide 3,Maibang-Gunjung road section,25.313929,93.10485,Debris,Slide,Debris,Slide,0,,6.91,8.835655738,0.458326947,1
819,LS_ASM_DH_0395/2024,Assam,Dima Hasao,Maibang-Gunjung road slide 4,Maibang-Gunjung road section,25.314558,93.094195,Debris,Slide,Debris,Slide,0,,6.76,8.835655738,0.458326947,1
821,LS_ASM_DH_0397/2024,Assam,Dima Hasao,Gunjung road slide 2,Gunjung road section,25.24612,93.028292,Debris,Slide,Debris,Slide,0,,1.08,8.835655738,0.458326947,1
822,LS_ASM_DH_0398/2024,Assam,Dima Hasao,Gunjung road slide 3,Gunjung road section,25.23575,93.033317,Debris,Slide,Debris,Slide,0,,5.13,8.835655738,0.458326947,1
827,LS_ASM_DH_0403/2024,Assam,Dima Hasao,Gunjung-Maibang road slide 1,Gunjung-Maibang road section,25.325408,93.037147,Earth,Slide,Earth,Slide,0,,4.06,8.835655738,0.458326947,1
828,LS_ASM_DH_0404/2024,Assam,Dima Hasao,Gunjung-Maibang road slide 2,Gunjung-Maibang road section,23.333165,93.057945,Earth,Slide,Earth,Slide,0,,15.51,8.835655738,0.458326947,1
829,LS_ASM_DH_0405/2024,Assam,Dima Hasao,Belang road slide,Belang road section,25.197888,93.02683,Earth,Slide,Earth,Slide,0,,5.75,8.835655738,0.458326947,1
874,AR/TIR/83N05/2022/011,Arunachal Pradesh,Tirap,300 m SE of Longo,Longding-Khonsa road,26.976731,95.423103,Debris,Slide,Debris,Slide,0,,5.39,13.67754098,0.489700376,1
875,AR/TIR/83N09/2022/020,Arunachal Pradesh,Tirap,500 m SE of Khonsa,"Khonsa-Changlang road, NH-
215",26.984318,95.510469,Soil,Slide,Soil,Slide,0,,2.21,13.67754098,0.489700376,1
876,AR/TIR/83N05/2022/013,Arunachal Pradesh,Tirap,500 m E of Lapnan,Longding-Khonsa road,26.994618,95.486818,Debris,Slide,Debris,Slide,0,,6.91,13.67754098,0.489700376,1
877,AR/TIR/83N05/2022/012,Arunachal Pradesh,Tirap,1 Km W of Lapnan,Longding-Khonsa road,26.994942,95.474591,Debris,Slide,Debris,Slide,0,,1.34,13.67754098,0.489700376,1
879,AR/WKG/83A12/2021/051,Arunachal Pradesh,West Kameng,Bhalukpong Cicuit House Slide,Bhalukpong Circuit House,27.018583,92.635667,Soil,Slide,Soil,Slide,0,,7.02,19.00180328,0.416310861,1
880,AR/TIR/83M12/2022/021,Arunachal Pradesh,Tirap,3 km E of Khela,"Khonsa-Changlang road, NH-
215",27.019379,95.555899,Debris,Slide,Debris,Slide,0,,2.37,13.67754098,0.489700376,1
852,7201,Assam,West Khasi Hills,Harsanagar,Unknown,25.740148,91.224044,Soil,slide,Soil,Slide,1,2014,2.16,20.60245902,0.477767077,1
854,7210,Assam,West Karbi Anglong,hamren- dinkamukam road sector,Unknown,25.888959,92.61669,Debris,slide,Debris,Slide,1,2024,3.85,13.21229508,0.483777322,1
856,7241,Assam,Kamrup (Metro),Amchong tea estate,Unknown,26.156633,91.938576,Soil,slide,Soil,Slide,1,2024,4.32,15.83032787,0.475043716,1
857,7460,Assam,Kamrup (Metro),Khanapara,Unknown,26.1445,91.7362,Soil and Rock,Flow,Rock cum Soil,Flow,1,2026,0.1,14.77991803,0.483023429,1
858,AR/LON/83N06/2022/003,Arunachal Pradesh,Longding,800 m S of Bonia,Longding-Konsa road,26.736494,95.261822,Debris,Slide,Debris,Slide,0,,1.6,13.75696721,0.489068272,1
859,AR/LON/83N05/2022/002,Arunachal Pradesh,Longding,500 m E of Niausa village,Longding - Konsa road,26.799929,95.309533,Debris,Slide,Debris,Slide,0,,10.98,13.75696721,0.489068272,1
860,AR/LON/83N05/2022/001,Arunachal Pradesh,Longding,2.5 km SE of Longding,Longding-Khonsa road,26.849624,95.320878,Debris,Slide,Debris,Slide,0,,1.03,13.75696721,0.489068272,1
861,AR/LON/83N05/2022/005,Arunachal Pradesh,Longding,4 km E of Longding,Longding-Khonsa road,26.87859,95.35234,Debris,Slide,Debris,Slide,0,,1.08,13.75696721,0.489068272,1
862,AR/LON/83N05/2022/004,Arunachal Pradesh,Longding,1.3 km E of Longding,Longding-Khonsa road,26.881881,95.333027,Debris,Slide,Debris,Slide,0,,11.23,13.75696721,0.489068272,1
863,AR/TIR/83N09/2022/019,Arunachal Pradesh,Tirap,1.7 km SW of Lazu,Khonsa-Lazu road,26.885896,95.562013,Debris,Slide,Debris,Slide,0,,11.77,13.67754098,0.489700376,1
890,AR/CHNG/83M12/2022/051,Arunachal Pradesh,Changlang,2.7km SE of Yanman,Changlang-Khimioyng road,27.047848,95.729657,Debris,Slide,Debris,Slide,0,,20.67,14.19393443,0.485829952,1
891,AR/CHNG/83M12/2022/050,Arunachal Pradesh,Changlang,Yanman slide,Changlang-Khimioyng road,27.057191,95.716883,Debris,Slide,Debris,Slide,0,,12.85,14.19393443,0.485829952,1
892,AR/CHNG/83M12/2022/049,Arunachal Pradesh,Changlang,500m NE of Yanman,Changlang-Khimioyng road,27.0611,95.721024,Debris,Slide,Debris,Slide,0,,5.59,14.19393443,0.485829952,1
893,AR/TIR/83M12/2022/026,Arunachal Pradesh,Tirap,200 m S of Katang,"Khonsa-Changlang road, NH-
215",27.061845,95.614212,Debris,Slide,Debris,Slide,0,,3.34,13.67754098,0.489700376,1
894,AR/WKA/83A12/2014/23,Arunachal Pradesh,West Kameng,Unknown,NH-13,27.06658,92.59572,Debris,Slide,Debris,Slide,1,2013,4.32,12.29754098,0.449670082,1
895,AR/CHNG/83M12/2022/048,Arunachal Pradesh,Changlang,2km NE of Yanman,Changlang-Khimioyng road,27.068358,95.725306,Debris,Slide,Debris,Slide,0,,9.08,14.19393443,0.485829952,1
896,AR/TIR/83M12/2022/027,Arunachal Pradesh,Tirap,400m S of Lanwang,"Khonsa-Changlang road, NH-
215",27.072206,95.634021,Rock,Slide,Rock,Slide,0,,4.21,13.67754098,0.489700376,1
865,AR/TIR/83N09/2022/017,Arunachal Pradesh,Tirap,3.7 km SE of Sanliam,Khonsa-Lazu road,26.904294,95.549313,Debris,Slide,Debris,Slide,0,,1.8,13.67754098,0.489700376,1
866,AR/LON/83N05/2022/006,Arunachal Pradesh,Longding,2 km W of Tissa,Longding-Khonsa road,26.904445,95.360399,Debris,Slide,Debris,Slide,0,,0.77,13.75696721,0.489068272,1
867,AR/TIR/83N09/2022/016,Arunachal Pradesh,Tirap,1.5 km SE of Sanliam,Khonsa-Lazu road,26.919823,95.545421,Debris,Slide,Debris,Slide,0,,3.09,13.67754098,0.489700376,1
868,AR/LON/83N05/2022/007,Arunachal Pradesh,Longding,2 km NE of Tissa,Longding-Khonsa road,26.925697,95.371448,Debris,Slide,Debris,Slide,0,,3.24,13.75696721,0.489068272,1
869,AR/TIR/83N05/2022/009,Arunachal Pradesh,Tirap,4 km SW of Pangchau,Longding-Khonsa road,26.93529,95.37696,Debris,Slide,Debris,Slide,0,,3.55,13.67754098,0.489700376,1
870,AR/TIR/83N05/2022/008,Arunachal Pradesh,Tirap,5 km SW of Pangchau,Longding-Khonsa road,26.936043,95.370996,Debris,Slide,Debris,Slide,0,,1.03,13.67754098,0.489700376,1
871,AR/TIR/83N09/2022/015,Arunachal Pradesh,Tirap,700m SE of Thinsa,Khonsa-Lazu road,26.939232,95.520994,Debris,Slide,Debris,Slide,0,,16.23,13.67754098,0.489700376,1
872,AR/TIR/83N05/2022/010,Arunachal Pradesh,Tirap,1.5 SW of Pangchau,Longding-Khonsa road,26.943433,95.385986,Debris,Slide,Debris,Slide,0,,0.87,13.67754098,0.489700376,1
873,AR/TIR/83N09/2022/014,Arunachal Pradesh,Tirap,1.7 SE of Keti,Khonsa-Lazu road,26.952173,95.519402,Debris,Slide,Debris,Slide,0,,6.2,13.67754098,0.489700376,1
905,AP/WK/83E12/2008/A-10,Arunachal Pradesh,West Kameng,Slide at 10km SE of Sessa Village,Unknown,27.086667,92.585278,Debris,Unknown,Debris,Unknown,1,2008,8.83,14.9942623,0.453098702,1
906,AP/PAP/83E12/2021/18,Arunachal Pradesh,Papum Pare,Papu nala slide,Near Papu nala,27.088278,93.66925,Debris,Slide,Debris,Slide,0,,0.26,15.31327869,0.492465437,1
907,AR/CHNG/83M12/2022/047,Arunachal Pradesh,Changlang,Bubang slide,Changlang-Khimioyng road,27.089394,95.729849,Debris,Slide,Debris,Slide,0,,8.58,14.19393443,0.485829952,1
908,AP/PP/83E12/2008/A-4,Arunachal Pradesh,Papum Pare,Slide at Abotany Vihar,Unknown,27.091139,93.615667,Rock cum Debris,Slide,Debris cum Rock,Slide,1,2008,3.75,8.013114754,0.467926571,1
909,AR/WKG/83A12/2021/057,Arunachal Pradesh,West Kameng,Pinjori-Kimi Road Slide 6,Pinjori-Kimi Road,27.092028,92.597028,Rock,Slide,Rock,Slide,0,,0.62,19.00180328,0.416310861,1
910,AR/CHNG/83M12/2022/046,Arunachal Pradesh,Changlang,200 S of Bubang,Changlang-Khimioyng road,27.093755,95.731806,Rock,slide,Rock,Slide,0,,4.88,14.19393443,0.485829952,1
911,AP/WK/83E12/2008/A-11,Arunachal Pradesh,West Kameng,Slide at 15km SE of Sessa Village,Unknown,27.093889,92.591389,Debris,Unknown,Debris,Unknown,1,2008,8.68,14.9942623,0.453098702,1
912,AP/PP/83E12/2008/A-2,Arunachal Pradesh,Papum Pare,Slide at Nitivihar,Unknown,27.095278,93.615694,Unknown,Slide,Unknown,Slide,1,2008,2.62,8.013114754,0.467926571,1
882,AR/TIR/83M12/2022/022,Arunachal Pradesh,Tirap,Lamsa slide,"Khonsa-Changlang road, NH-
215",27.032124,95.562208,Soil,Slide,Soil,Slide,0,,4.16,13.67754098,0.489700376,1
883,AR/TIR/83M12/2022/024,Arunachal Pradesh,Tirap,1.5 km NE of Lamsa,"Khonsa-Changlang road, NH-
215",27.035069,95.56864,Debris,Slide,Debris,Slide,0,,10.24,13.67754098,0.489700376,1
884,AP/WK/83E12/2008/A-9,Arunachal Pradesh,West Kameng,Slide at Tippi,Unknown,27.035278,92.610556,Rock cum Debris,Slide,Debris cum Rock,Slide,1,2008,12.61,14.9942623,0.453098702,1
885,AR/WKG/83A12/2021/050,Arunachal Pradesh,West Kameng,Tippi Slide,NH 13/ Tippi,27.036111,92.603333,Debris,Flow,Debris,Flow,0,,5.29,19.00180328,0.416310861,1
886,AR/TIR/83M12/2022/023,Arunachal Pradesh,Tirap,500 m NE of Lamsa,"Khonsa-Changlang road, NH-
215",27.036339,95.564677,Debris,Slide,Debris,Slide,0,,9.39,13.67754098,0.489700376,1
887,AR/CHNG/83M12/2022/053,Arunachal Pradesh,Changlang,500 m N of Longkey,Changlang-Khimioyng road,27.039914,95.73282,Debris,Slide,Debris,Slide,0,,5.95,14.19393443,0.485829952,1
888,AR/CHNG/83M12/2022/052,Arunachal Pradesh,Changlang,1.5 km N of Longkey,Changlang-Khimioyng road,27.043883,95.72822,Debris,Slide,Debris,Slide,0,,11.23,14.19393443,0.485829952,1
889,AR/TIR/83M12/2022/025,Arunachal Pradesh,Tirap,4.7 km S of Natun Kheti,"Khonsa-Changlang road, NH-
215",27.046252,95.592084,Debris,Slide,Debris,Slide,0,,0.62,13.67754098,0.489700376,1
1878,AR/USI/82L13/2022/41,Arunachal Pradesh,Upper Siang,Bomdo- Migging Road Slide,Bomdo- Migging Road,28.752815,94.893869,Rock-cum-Debris,Slide,Debris cum Rock,Slide,0,,15.51,17.53991803,0.40713627,1
1879,AR/USI/82L13/2022/29,Arunachal Pradesh,Upper Siang,Bomdo Slide,Yingkiong-Tuting Road,28.754928,94.8954,Debris,Slide,Debris,Slide,0,,14.65,17.53991803,0.40713627,1
1880,AP/E-Siang/82P8/2022/LS41,Arunachal Pradesh,Dibang Valley,LS-41,"NH-13, Komlighat park, Pasighat
bridge slide",28.760937,95.865649,Debris,Slide,Debris,Slide,0,,4.88,15.50713115,0.399529611,1
1881,AR/USI/82L13/2022/40,Arunachal Pradesh,Upper Siang,Bomdo- Migging Road Slide,Bomdo- Migging Road,28.762661,94.860138,Rock-cum-Debris,Slide,Debris cum Rock,Slide,0,,2.11,17.53991803,0.40713627,1
1882,AP/E-Siang/82P8/2022/LS42,Arunachal Pradesh,Dibang Valley,LS-42,"NH-13, Komlighat park, Pasighat
bridge slide",28.763514,95.868872,Debris,Slide,Debris,Slide,0,,3.7,15.50713115,0.399529611,1
1883,AP/DV/82P/13/2022/LS-109,Arunachal Pradesh,Dibang Valley,Mipi slide,South of Mipi village,28.763802,95.868513,Earth,Slide,Earth,Slide,0,,3.7,15.50713115,0.399529611,1
1884,AP/DV/82p/13/2022/LS-110,Arunachal Pradesh,Dibang Valley,Mipi slide,South West of Mipi village,28.772473,95.867921,Earth,Slide,Earth,Slide,0,,3.03,15.50713115,0.399529611,1
1885,AP/DV/82P/13/2022/LS-111,Arunachal Pradesh,Dibang Valley,Mipi slide,TwoardMipi village,28.77363,95.869239,Earth,Slide,Earth,Slide,0,,3.44,15.50713115,0.399529611,1
1886,AP/DV/82P/13/2022/LS-112,Arunachal Pradesh,Dibang Valley,Mipi Slide,South of Mipi Village.,28.774623,95.89086,Earth,Slide,Earth,Slide,0,,10.93,15.50713115,0.399529611,1
1887,AP/DV /82P/13/2022/LS-113,Arunachal Pradesh,Dibang Valley,Anini-Mipi slide,Annini-Mipi road,28.775381,95.898382,Debris,Slide,Debris,Slide,0,,15.66,15.50713115,0.399529611,1
1888,AP/DV/82P/13/2022/LS-114,Arunachal Pradesh,Dibang Valley,Marwali Slide,Marwali village.,28.775779,95.890362,Debris,Slide,Debris,Slide,0,,14.6,15.50713115,0.399529611,1
897,AR/TIR/83M12/2022/042,Arunachal Pradesh,Tirap,1.5 km SE of Lanwang,"Khonsa-Changlang road, NH-
215",27.074431,95.638118,Debris,Slide,Debris,Slide,0,,3.44,13.67754098,0.489700376,1
898,AP/PP/83E12/2008/A-1,Arunachal Pradesh,Papum Pare,Slide at Vivekvihar,Unknown,27.078472,93.605639,Unknown,Slide,Unknown,Slide,1,2008,1.08,8.013114754,0.467926571,1
899,AR/TIR/83M12/2022/041,Arunachal Pradesh,Tirap,1 km NE of Lanwang,"Khonsa-Changlang road, NH-
215",27.079176,95.638023,Rock,Slide,Rock,Slide,0,,9.54,13.67754098,0.489700376,1
902,AR/TIR/83M12/2022/040,Arunachal Pradesh,Tirap,1.5km NE of Lanwang,"Khonsa-Changlang road, NH-
215",27.083054,95.639328,Debris,Slide,Debris,Slide,0,,1.44,13.67754098,0.489700376,1
904,AR/WKG/83A12/2021/001,Arunachal Pradesh,West Kameng,NH 13 Slide 1,NH 13/ SW of Elephant Flat,27.086139,92.584361,Debris,Slide,Debris,Slide,0,,13.34,19.00180328,0.416310861,1
916,AR/TIR/83M12/2022/038,Arunachal Pradesh,Tirap,500 m W of Jadthungthong,"Khonsa-Changlang road, NH-
215",27.099707,95.641075,Rock,Slide,Rock,Slide,0,,0.98,13.67754098,0.489700376,1
917,AP/PP/83E12/2008/A-3,Arunachal Pradesh,Papum Pare,Slide at lower Nitivihar (inquiry point),Unknown,27.101111,93.619222,Rock cum Debris,Slide,Debris cum Rock,Slide,1,2008,7.17,8.013114754,0.467926571,1
919,AR/TIR/83M12/2022/037,Arunachal Pradesh,Tirap,Jadthungithong slide,"Khonsa-Changlang road, NH-
215",27.102163,95.644694,Rock,Slide,Rock,Slide,0,,0.77,13.67754098,0.489700376,1
920,AR/APTIR/83M12/2022/108,Arunachal Pradesh,Tirap,800 m W of Lainwang,"Khonsa-Changlang road, NH-
215",27.102625,95.645631,Rock,Slide,Rock,Slide,0,,2.37,13.67754098,0.489700376,1
921,AP/PAP/83E12/2021/4,Arunachal Pradesh,Papum Pare,NE of Itanagar slide 1,NE of Itanagar,27.102944,93.640417,Debris,Slide,Debris,Slide,0,,4.93,15.31327869,0.492465437,1
922,AP/PAP/83E12/2021/5,Arunachal Pradesh,Papum Pare,NE of Itanagar slide 2,NE of Itanagar,27.103069,93.641778,Debris,Slide,Debris,Slide,0,,2.06,15.31327869,0.492465437,1
923,AP/PAP/83E12/2021/1,Arunachal Pradesh,Papum Pare,"500 m east of Bidyut Bhavan, Itanagar","Bidyut Bhavan, Itanagar",27.103111,93.634019,Debris,Slide,Debris,Slide,0,,1.75,15.31327869,0.492465437,1
924,AP/PAP/83E12/2021/3,Arunachal Pradesh,Papum Pare,NE of Bidyut Bhavan slide 2,NE of Bidyut Bhavan,27.103444,93.638722,Debris,Slide,Debris,Slide,0,,4.01,15.31327869,0.492465437,1
925,AR/WKG/83A12/2021/053,Arunachal Pradesh,West Kameng,Pinjori-Kimi Road Slide 2,Pinjori-Kimi Road,27.103639,92.76025,Rock,Slide,Rock,Slide,0,,3.55,19.00180328,0.416310861,1
927,AP/PAP/83E12/2021/2,Arunachal Pradesh,Papum Pare,NE of Bidyut Bhavan slide 1,"Bidyut Bhavan, Itanagar",27.103944,93.637611,Debris,Slide,Debris,Slide,0,,5.49,15.31327869,0.492465437,1
928,AR/WKG/83A12/2021/004,Arunachal Pradesh,West Kameng,East of Sessa Slide 2,NH 13/ E of Sessa,27.105083,92.555222,Debris,Slide,Debris,Slide,0,,19.44,19.00180328,0.416310861,1
1873,AR/USI/82L14/2022/36,Arunachal Pradesh,Upper Siang,Gette-Palling Road Slide,Gette-Palling Road,28.723166,94.959687,Rock-cum-Debris,Slide,Debris cum Rock,Slide,0,,16.18,17.53991803,0.40713627,1
1874,AR/USI/82L14/2022/30,Arunachal Pradesh,Upper Siang,Yingkiong-Tuting Road Slide,Yingkiong-Tuting Road,28.729371,94.92012,Debris,Slide,Debris,Slide,0,,2.88,17.53991803,0.40713627,1
1875,AR/USI/82L14/2022/38,Arunachal Pradesh,Upper Siang,Bomdo- Migging Road Slide,Bomdo- Migging Road,28.740576,94.867317,Rock-cum-Debris,Slide,Debris cum Rock,Slide,0,,1.24,17.53991803,0.40713627,1
1876,AR/USI/82L14/2022/39,Arunachal Pradesh,Upper Siang,Bomdo- Migging Road Slide,Bomdo- Migging Road,28.740874,94.866397,Rock-cum-Debris,Slide,Debris cum Rock,Slide,0,,4.78,17.53991803,0.40713627,1
1877,AR/USI/82L14/2022/37,Arunachal Pradesh,Upper Siang,Bomdo- Migging Road Slide,Bomdo- Migging Road,28.744078,94.86976,Rock-cum-Debris,Slide,Debris cum Rock,Slide,0,,4.16,17.53991803,0.40713627,1
100,AS/DIM/83C16/2017/19,Assam,Dima Hasao,Bandarkhal4,NH54,25.060944,92.80675,Debris,Slide,Debris,Slide,0,,0.98,8.835655738,0.458326947,1
101,AS/DIM/83C16/2017/15,Assam,Dima Hasao,Paschim Bandarkhla3,West of Paschim Bandarkhal,25.061375,92.795906,Debris,Slide,Debris,Slide,0,,5.34,8.835655738,0.458326947,1
102,AS/DIM/83C16/2017/17,Assam,Dima Hasao,Bandarkhal2,NH54,25.061417,92.806833,Debris,Slide,Debris,Slide,0,,0.98,8.835655738,0.458326947,1
103,AS/DIM/83C16/2017/13,Assam,Dima Hasao,Paschim Bandarkhla1,West of Paschim Bandarkhal,25.061847,92.79345,Debris,Slide,Debris,Slide,0,,9.24,8.835655738,0.458326947,1
104,AS/DIM/83C16/2017/14,Assam,Dima Hasao,Paschim Bandarkhla2,West of Paschim Bandarkhal,25.063378,92.795536,Debris,Slide,Debris,Slide,0,,7.83,8.835655738,0.458326947,1
105,AS/DIM/83C16/2017/12,Assam,Dima Hasao,Bandarkhal1,NH54,25.063472,92.807796,Debris,Slide,Debris,Slide,0,,4.57,8.835655738,0.458326947,1
107,AS/DIM/83C16/2017/16,Assam,Dima Hasao,Paschim Bandarkhla4,North of Paschim Bandarkhal,25.072636,92.794514,Soil,Slide,Soil,Slide,0,,18.11,8.835655738,0.458326947,1
108,AS/DIM/83C16/2017/11,Assam,Dima Hasao,Kayang1,NH54,25.073228,92.814734,Debris,Slide,Debris,Slide,0,,3.85,8.835655738,0.458326947,1
109,AS/DIM/83C16/2017/09,Assam,Dima Hasao,Duiheng2,Old HaflongSilchar road,25.078935,92.95379,Debris,Slide,Debris,Slide,0,,3.03,8.835655738,0.458326947,1
940,AR/WKG/83A12/2021/005,Arunachal Pradesh,West Kameng,NH 13 Slide 3,NH 13,27.11375,92.537583,Debris,Slide,Debris,Slide,0,,28.84,19.00180328,0.416310861,1
941,AR/CHNG/83M12/2022/035,Arunachal Pradesh,Changlang,200m E of Kangkho,"Khonsa-Changlang road, NH-
215",27.115246,95.670965,Debris,Slide,Debris,Slide,0,,3.5,14.19393443,0.485829952,1
942,AR/CHNG/83M12/2022/043,Arunachal Pradesh,Changlang,500 m SE of Negchang,Changlang-Khimioyng road,27.115545,95.733337,Rock,Slide,Rock,Slide,0,,3.09,14.19393443,0.485829952,1
943,AR/WKG/83A12/2021/054,Arunachal Pradesh,West Kameng,Pinjori-Kimi Road Slide 3,Pinjori-Kimi Road,27.115694,92.763028,Rock,Slide,Rock,Slide,0,,0.87,19.00180328,0.416310861,1
944,AR/CHNG/83M12/2022/044,Arunachal Pradesh,Changlang,700 m SE of Negchang,Changlang-Khimioyng road,27.11587,95.733019,Rock,Fall,Rock,Fall,0,,5.13,14.19393443,0.485829952,1
914,AR/TIR/83M12/2022/039,Arunachal Pradesh,Tirap,1.5 m W of Jadthungthong,"Khonsa-Changlang road, NH-
215",27.095969,95.634872,Debris,Slide,Debris,Slide,0,,9.54,13.67754098,0.489700376,1
915,AR/WKG/83A12/2021/052,Arunachal Pradesh,West Kameng,Pinjori-Kimi Road Slide 1,Pinjori-Kimi Road,27.099083,92.626306,Debris,Slide,Debris,Slide,0,,1.44,19.00180328,0.416310861,1
930,AP/PP/83E12/2008/A-7,Arunachal Pradesh,Papum Pare,"Slide at E-Sector, Police Colony,
Naharlagun",Unknown,27.105556,93.699722,Debris,Slide,Debris,Slide,1,2008,2.98,12.30327869,0.399834016,1
931,AR/TIR/83M12/2022/036,Arunachal Pradesh,Tirap,200m E of Kolagaon,"Khonsa-Changlang road, NH-
215",27.105748,95.654176,Rock,Slide,Rock,Slide,0,,6.46,13.67754098,0.489700376,1
932,AP/PP/83E12/2008/A-5,Arunachal Pradesh,Papum Pare,Slide at Shiv Mandir,Unknown,27.106472,93.663889,Rock cum Debris,Slide,Debris cum Rock,Slide,1,2008,1.7,12.30327869,0.399834016,1
933,AP/PAP/83E12/2021/6,Arunachal Pradesh,Papum Pare,NE of Itanagar slide 3,NE of Itanagar,27.106722,93.660111,Debris,Slide,Debris,Slide,0,,7.17,15.31327869,0.492465437,1
934,AR/WKG/83A12/2021/002,Arunachal Pradesh,West Kameng,NH 13 Slide 2,NH 13/ NW of Elephant Flat,27.106939,92.573544,Debris,Slide,Debris,Slide,0,,18.89,19.00180328,0.416310861,1
936,AR/WKG/83A12/2021/048,Arunachal Pradesh,West Kameng,NH 13 Slide 33,NH 13/ Sedal,27.1105,92.537444,Debris,Slide,Debris,Slide,0,,19.72,19.00180328,0.416310861,1
937,AP/PP/83E12/2008/A-6,Arunachal Pradesh,Papum Pare,Slide at Naharlagun nala,Unknown,27.112222,93.694444,Unknown,Flow,Unknown,Flow,1,2008,4.62,12.30327869,0.399834016,1
938,AR/CHNG/83M12/2022/045,Arunachal Pradesh,Changlang,1 Km SE of Negchang,Changlang-Khimioyng road,27.112268,95.736125,Rock,Slide,Rock,Slide,0,,2.62,14.19393443,0.485829952,1
939,AR/WKG/83A12/2021/046,Arunachal Pradesh,West Kameng,Seppa Road Slide 7,Seppa Road Section,27.112694,92.543472,Debris,Slide,Debris,Slide,0,,20.49,19.00180328,0.416310861,1
2038,7000,Arunachal Pradesh,Papum Pare,Poma,way to NIT,27.066648,93.536536,Debris,slide,Debris,Slide,0,,3.09,15.31327869,0.492465437,1
2041,7003,Arunachal Pradesh,Papum Pare,Poma,way to NIT,27.053976,93.494166,Debris,slide,Debris,Slide,0,,5.39,15.31327869,0.492465437,1
2048,7047,Arunachal Pradesh,East Siang,Near Renging,NH-13,28.136244,95.245136,Debris,slide,Debris,Slide,0,,6.86,21.94893443,0.474554235,1
96,AS/DIM/83C16/2017/22,Assam,Dima Hasao,Bandarkhal7,NH54,25.049917,92.799667,Rock cum debris,Slide,Debris cum Rock,Slide,0,,1.6,8.835655738,0.458326947,1
97,AS/DIM/83C16/2017/21,Assam,Dima Hasao,Bandarkhal6,NH54,25.054917,92.800333,Soil,Slide,Soil,Slide,0,,4.37,8.835655738,0.458326947,1
98,AS/DIM/83C16/2017/20,Assam,Dima Hasao,Bandarkhal5,NH54,25.056611,92.801722,Debris,Slide,Debris,Slide,0,,0.21,8.835655738,0.458326947,1
99,AS/DIM/83C16/2017/18,Assam,Dima Hasao,Bandarkhal3,NH54,25.060088,92.807089,Debris,Slide,Debris,Slide,0,,0.05,8.835655738,0.458326947,1
975,AR/CHNG/83M16/2022/055,Arunachal Pradesh,Changlang,"200 m N of Army, Changlang","Changlang-Margherita road (NH-
215)",27.163388,95.746685,Debris,Slide,Debris,Slide,0,,17.5,14.19393443,0.485829952,1
976,AP/PAP/83E16/2021/11,Arunachal Pradesh,Papum Pare,Doimukh petrol pump slide,Doimukh petrol pump,27.163556,93.752306,Debris,Slide,Debris,Slide,0,,15.7,15.31327869,0.492465437,1
945,AR/WKG/83A12/2021/047,Arunachal Pradesh,West Kameng,NH 13 Slide 32,NH 13/ Sedal,27.116194,92.543111,Debris,Slide,Debris,Slide,0,,20.85,19.00180328,0.416310861,1
946,AR/CHNG/83M12/2022/034,Arunachal Pradesh,Changlang,400m NE of Kangkho,"Khonsa-Changlang road, NH-
215",27.116625,95.669825,Debris,Slide,Debris,Slide,0,,7.98,14.19393443,0.485829952,1
947,AR/CHNG/83M12/2022/032,Arunachal Pradesh,Changlang,800m W of Yankang,"Khonsa-Changlang road, NH-
215",27.122408,95.678718,Debris,Slide,Debris,Slide,0,,7.78,14.19393443,0.485829952,1
948,AR/CHNG/83M12/2022/033,Arunachal Pradesh,Changlang,Yankang slide,"Khonsa-Changlang road, NH-
215",27.122872,95.672546,Debris,Slide,Debris,Slide,0,,16.13,14.19393443,0.485829952,1
949,AP/PAP/83E12/2021/7,Arunachal Pradesh,Papum Pare,Naharlagun slide 1,NE of Naharlagun,27.123139,93.702139,Debris,Slide,Debris,Slide,0,,2.57,15.31327869,0.492465437,1
950,AP/PP/83E12/2008/A-8,Arunachal Pradesh,Papum Pare,Slide at Nirijuli,Unknown,27.124444,93.742222,Unknown,Creep,Unknown,Creep,1,2008,0.82,12.30327869,0.399834016,1
951,AR/CHNG/83M12/2022/099,Arunachal Pradesh,Changlang,200m SE of Salang,"Changlang-New Changalang
road",27.125767,95.745585,Debris,Slide,Debris,Slide,0,,2.78,14.19393443,0.485829952,1
954,AP/PAP/83E12/2021/8,Arunachal Pradesh,Papum Pare,Naharlagun slide 2,Near Naharlagun,27.128972,93.705333,Debris,Slide,Debris,Slide,0,,2.47,15.31327869,0.492465437,1
955,AR/CHNG/83M12/2022/031,Arunachal Pradesh,Changlang,1 km N of Yankang,"Khonsa-Changlang road, NH-
215",27.12922,95.684101,Debris,Slide,Debris,Slide,0,,12.95,14.19393443,0.485829952,1
956,AR/CHNG/83M12/2022/029,Arunachal Pradesh,Changlang,Yatdam slide,"Khonsa-Changlang road, NH-
215",27.131129,95.689613,Debris,Slide,Debris,Slide,0,,11.57,14.19393443,0.485829952,1
957,AR/CHNG/83M12/2022/030,Arunachal Pradesh,Changlang,500 m S of Saban-Wawoi,"Khonsa-Changlang road, NH-
215",27.132794,95.687302,Debris,Slide,Debris,Slide,0,,21.03,14.19393443,0.485829952,1
958,AR/CHNG/83M12/2022/028,Arunachal Pradesh,Changlang,600 m West of Simnom,"Khonsa-Changlang road, NH-
215",27.132933,95.709803,Debris,Slide,Debris,Slide,0,,15.27,14.19393443,0.485829952,1
959,AR/WKG/83A12/2021/055,Arunachal Pradesh,West Kameng,Pinjori-Kimi Road Slide 4,Pinjori-Kimi Road,27.134444,92.599611,Debris,Slide,Debris,Slide,0,,13.05,19.00180328,0.416310861,1
929,AR/WKG/83A12/2021/003,Arunachal Pradesh,West Kameng,East of Sessa Slide 1,N130? of NH 13/ E of Sessa,27.1055,92.556278,Debris,Slide,Debris,Slide,0,,19.76,19.00180328,0.416310861,1
991,AR/WKG/83A12/2021/042,Arunachal Pradesh,West Kameng,Seppa Road Slide 3,Seppa Road Section,27.182278,92.599889,Debris,Slide,Debris,Slide,0,,12.07,19.00180328,0.416310861,1
992,AR/WKG/83A12/2021/043,Arunachal Pradesh,West Kameng,Seppa Road Slide 4,Seppa Road Section,27.183833,92.599333,Debris,Slide,Debris,Slide,0,,16.56,19.00180328,0.416310861,1
961,AR/CHNG/83M12/2022/109,Arunachal Pradesh,Changlang,300 N of Changlang,"NH-215, Changlang-Margherita
raod",27.143343,95.743034,Debris,Slide,Debris,Slide,0,,5.64,14.19393443,0.485829952,1
962,AR/CHNG/83M12/2022/054,Arunachal Pradesh,Changlang,500 N of Changlang,"Changlang-Margherita road (NH-
215)",27.1448,95.742566,Debris,Slide,Debris,Slide,0,,5.44,14.19393443,0.485829952,1
963,AR/WKG/83A12/2021/056,Arunachal Pradesh,West Kameng,Pinjori-Kimi Road Slide 5,Pinjori-Kimi Road,27.148056,92.613889,Debris,Slide,Debris,Slide,0,,27.03,19.00180328,0.416310861,1
964,AR/CHNG/83M12/2022/101,Arunachal Pradesh,Changlang,200m S of Rangran,"Changlang-New Changalang
road",27.150127,95.780208,Debris,Slide,Debris,Slide,0,,8.53,14.19393443,0.485829952,1
965,AR/WKG/83A12/2021/006,Arunachal Pradesh,West Kameng,NH 13 Slide 4,NH 13,27.152417,92.561778,Debris,Slide,Debris,Slide,0,,5.03,19.00180328,0.416310861,1
966,AR/WKG/83A12/2021/007,Arunachal Pradesh,West Kameng,NH 13 Slide 5,NH 13,27.153056,92.56175,Debris,Slide,Debris,Slide,0,,2.98,19.00180328,0.416310861,1
967,AR/CHNG/83M12/2022/100,Arunachal Pradesh,Changlang,500m Swof Rangran,"Changlang-New Changalang
road",27.153826,95.77545,Debris,Slide,Debris,Slide,0,,3.6,14.19393443,0.485829952,1
968,AR/CHNG/83M16/2022/106,Arunachal Pradesh,Changlang,1 km NE of Amchung,Changlang-Kengkhu road,27.15844,95.755292,Debris,Slide,Debris,Slide,0,,10.33,14.19393443,0.485829952,1
969,AR/CHNG/83M16/2022/107,Arunachal Pradesh,Changlang,600m NE of Amchung,Changlang-Kengkhu road,27.158837,95.750303,Debris,Slide,Debris,Slide,0,,8.68,14.19393443,0.485829952,1
970,AP/PAP/83E12/2021/9,Arunachal Pradesh,Papum Pare,Naharlagun Railway station slide 1,NE Naharlagun Railway station,27.16,93.739167,Debris,Slide,Debris,Slide,0,,1.44,15.31327869,0.492465437,1
971,AR/CHNG/83M16/2022/105,Arunachal Pradesh,Changlang,1.4 NE of Amchung,Changlang-Kengkhu road,27.160065,95.754919,Rock,Fall,Rock,Fall,0,,10.78,14.19393443,0.485829952,1
972,AP/EK/83E03/2021/39,Arunachal Pradesh,East Kameng,NH-31 slide-28,NH-36,27.161806,93.136194,Earth,Slide,Earth,Slide,0,,6.15,15.14401639,0.407394775,1
973,AR/CHNG/83M16/2022/103,Arunachal Pradesh,Changlang,2.2 km NE of Amchung,Changlang-Kengkhu road,27.161858,95.757717,Debris,Slide,Debris,Slide,0,,9.03,14.19393443,0.485829952,1
974,AR/CHNG/83M16/2022/104,Arunachal Pradesh,Changlang,1.8 km NE of Amchung,Changlang - Kengkhu road,27.163084,95.754775,Debris,Slide,Debris,Slide,0,,12.85,14.19393443,0.485829952,1
1007,AP/EK/83E03/2021/28,Arunachal Pradesh,Pakke Kessang,Ngoleko Village slide,NH-31,27.208083,93.133472,Soil,Slide,Soil,Slide,0,,1.08,13.99147541,0.41149498,1
1008,AR/WKG/83A12/2021/011,Arunachal Pradesh,West Kameng,NH 13 Slide 9,NH 13/ W of New Kaspi,27.208222,92.55475,Debris,Slide,Debris,Slide,0,,14.22,19.00180328,0.416310861,1
977,AP/PAP/83E12/2021/10,Arunachal Pradesh,Papum Pare,Naharlagun Railway station slide 2,NE Naharlagun Railway station,27.165806,93.751167,Debris,Slide,Debris,Slide,0,,12.71,15.31327869,0.492465437,1
978,AR/WKG/83A12/2021/041,Arunachal Pradesh,West Kameng,Seppa Road Slide 2,Seppa Road Section,27.166306,92.587139,Debris,Slide,Debris,Slide,0,,16.84,19.00180328,0.416310861,1
979,AR/WKG/83A12/2021/040,Arunachal Pradesh,West Kameng,Seppa Road Slide 1,Seppa Road Section,27.167139,92.587917,Debris,Slide,Debris,Slide,0,,17.69,19.00180328,0.416310861,1
980,AR/CHNG/83M16/2022/102,Arunachal Pradesh,Changlang,Near Army camp,"NH-215, Changlang-Marigrehta
road",27.172066,95.754546,Debris,Slide,Debris,Slide,0,,3.44,14.19393443,0.485829952,1
981,AR/CHNG/83M16/2022/056,Arunachal Pradesh,Changlang,1.6km SE of Simran New Thamlom,"Changlang-Margherita road (NH-
215)",27.175606,95.749935,Debris,Slide,Debris,Slide,0,,1.24,14.19393443,0.485829952,1
982,AP/EK/83E04/2021/31,Arunachal Pradesh,East Kameng,NH-31 slide-21,NH-35,27.177667,93.148694,Soil,Slide,Soil,Slide,0,,0.98,15.14401639,0.407394775,1
983,AP/EK/83E04/2021/32,Arunachal Pradesh,East Kameng,NH-31 slide-22,NH-35,27.177667,93.148694,Soil,Slide,Soil,Slide,0,,0.98,15.14401639,0.407394775,1
984,AP/EK/83E03/2021/33,Arunachal Pradesh,East Kameng,NH-31 slide-23,NH-35,27.177667,93.148694,Soil,Slide,Soil,Slide,0,,0.98,15.14401639,0.407394775,1
985,AP/EK/83E03/2021/34,Arunachal Pradesh,East Kameng,NH-31 slide-24,NH-35,27.177667,93.148694,Soil,Slide,Soil,Slide,0,,0.98,15.14401639,0.407394775,1
986,AP/EK/83E03/2021/35,Arunachal Pradesh,East Kameng,NH-31 slide-25,NH-35,27.177667,93.148694,Soil,Slide,Soil,Slide,0,,0.98,15.14401639,0.407394775,1
987,AP/EK/83E03/2021/36,Arunachal Pradesh,East Kameng,NH-31 slide-26,NH-35,27.177667,93.148694,Soil,Slide,Soil,Slide,0,,0.98,15.14401639,0.407394775,1
988,AP/EK/83E03/2021/37,Arunachal Pradesh,East Kameng,NH-31 slide-27,NH-35,27.177667,93.148694,Soil,Slide,Soil,Slide,0,,0.98,15.14401639,0.407394775,1
989,AP/EK/83E03/2021/38,Arunachal Pradesh,East Kameng,NH-31 slide-28,NH-35,27.177667,93.148694,Soil,Slide,Soil,Slide,0,,0.98,15.14401639,0.407394775,1
990,AR/CHNG/83M12/2022/057,Arunachal Pradesh,Changlang,1.2km W of Simran New Thamlom,"Changlang-Margherita road (NH-
215)",27.178695,95.735218,Rock,Fall,Rock,Fall,0,,7.52,14.19393443,0.485829952,1
1020,AP/PAP/83E12/2021/71,Arunachal Pradesh,Papum Pare,Mep Soro-Jote road section slide 8,Mep Soro-Jote road section,27.223667,93.580417,Debris,Slide,Debris,Slide,0,,20.08,15.31327869,0.492465437,1
1021,AP/PAP/83E12/2021/72,Arunachal Pradesh,Papum Pare,Mep Soro-Jote road section slide 9,Mep Soro-Jote road section,27.225361,93.570278,Debris,Slide,Debris,Slide,0,,4.72,15.31327869,0.492465437,1
1022,AR/CHNG/83M16/2022/096,Arunachal Pradesh,Changlang,1.7km SW of Lungsang,Jairampur-Walongtoi road,27.226901,95.905393,Debris,Slide,Debris,Slide,0,,1.34,14.19393443,0.485829952,1
1023,AP/PAP/83E12/2021/73,Arunachal Pradesh,Papum Pare,Mep Soro-Jote road section slide 10,Mep Soro-Jote road section,27.228056,93.568972,Rock,Slide,Rock,Slide,0,,2.47,15.31327869,0.492465437,1
993,AR/CHNG/83M12/2022/058,Arunachal Pradesh,Changlang,200m N of Thamsung,"Changlang-Margherita road (NH-
215)",27.187767,95.732008,Debris,Slide,Debris,Slide,0,,8.93,14.19393443,0.485829952,1
994,AR/CHNG/83M12/2022/060,Arunachal Pradesh,Changlang,600m S of Nagoithong,"Changlang-Margherita road (NH-
215)",27.188551,95.703582,Debris,Slide,Debris,Slide,0,,0.82,14.19393443,0.485829952,1
995,AP/EK/83E04/2021/30,Arunachal Pradesh,East Kameng,NH-31 slide-20,NH-34,27.188694,93.136056,Rock,Fall,Rock,Fall,0,,12.71,15.14401639,0.407394775,1
996,AR/CHNG/83M12/2022/059,Arunachal Pradesh,Changlang,1.5km SW of Thingdang,"Changlang-Margherita road (NH-
215)",27.190295,95.716317,Rock,Rock fall,Rock,Fall,0,,4.32,14.19393443,0.485829952,1
997,AR/WKG/83A12/2021/044,Arunachal Pradesh,West Kameng,Seppa Road Slide 5,Seppa Road Section,27.190861,92.607806,Debris,Slide,Debris,Slide,0,,14.6,19.00180328,0.416310861,1
998,AR/WKG/83A12/2021/045,Arunachal Pradesh,West Kameng,Seppa Road Slide 6,Seppa Road Section,27.191667,92.610111,Debris,Slide,Debris,Slide,0,,6.05,19.00180328,0.416310861,1
1000,AP/PAP/83E16/2021/12,Arunachal Pradesh,Papum Pare,West of Doimukh slide 1,W of Doimukh,27.194111,93.780944,Debris,Slide,Debris,Slide,0,,9.99,15.31327869,0.492465437,1
1001,AP/PK/83E04/2021/29,Arunachal Pradesh,East Kameng,NH-31 slide-19,NH-33,27.196944,93.139722,Soil,Slide,Soil,Slide,0,,6.31,15.14401639,0.407394775,1
1002,AR/WKG/83A12/2021/008,Arunachal Pradesh,West Kameng,NH 13 Slide 6,NH 13,27.204139,92.529278,Rock,Fall,Rock,Fall,0,,14.36,19.00180328,0.416310861,1
1003,AR/WKG/83A12/2021/009,Arunachal Pradesh,West Kameng,NH 13 Slide 7,NH 13,27.20675,92.537389,Debris,Slide,Debris,Slide,0,,23.33,19.00180328,0.416310861,1
1004,AR/WKG/83A12/2021/010,Arunachal Pradesh,West Kameng,NH 13 Slide 8,NH 13,27.206917,92.537667,Debris,Slide,Debris,Slide,0,,25.25,19.00180328,0.416310861,1
1005,AP/PAP/83E12/2021/69,Arunachal Pradesh,Papum Pare,Peech-Hoj village slide,Peech-Hoj village,27.207583,93.615667,Debris,Slide,Debris,Slide,0,,15.03,15.31327869,0.492465437,1
1036,AP/PAP/83E16/2021/55,Arunachal Pradesh,Papum Pare,Mep Soro-Jote road section slide 6,Mep Soro-Jote road section,27.240556,93.750417,Debris,Slide,Debris,Slide,0,,19.08,15.31327869,0.492465437,1
1037,AP/PAP/83E12/2021/60,Arunachal Pradesh,Papum Pare,West of Dakte village slide 4,W of Dakte village,27.241,93.731417,Debris,Slide,Debris,Slide,0,,11.03,15.31327869,0.492465437,1
1038,AP/PAP/83E12/2021/56,Arunachal Pradesh,Papum Pare,Mep Soro-Jote road section slide 7,Mep Soro-Jote road section,27.241056,93.749306,Debris,Slide,Debris,Slide,0,,17.41,15.31327869,0.492465437,1
1039,AP/PAP/83E12/2021/57,Arunachal Pradesh,Papum Pare,West of Dakte village slide 1,W of Dakte village,27.24125,93.746889,Debris,Slide,Debris,Slide,0,,12.02,15.31327869,0.492465437,1
1040,AP/PAP/83E16/2021/54,Arunachal Pradesh,Papum Pare,Mep Soro-Jote road section slide 5,Mep Soro-Jote road section,27.242917,93.757222,Debris,Slide,Debris,Slide,0,,17.36,15.31327869,0.492465437,1
1009,AP/PAP/83E12/2021/68,Arunachal Pradesh,Papum Pare,Laptap village slide 2,W of Laptap village,27.210556,93.628556,Debris,Slide,Debris,Slide,0,,18.29,15.31327869,0.492465437,1
1010,AP/PAP/83E12/2021/67,Arunachal Pradesh,Papum Pare,Laptap village slide 1,Laptap village,27.214778,93.635667,Debris,Slide,Debris,Slide,0,,23.54,15.31327869,0.492465437,1
1011,AP/EK/83E03/2021/27,Arunachal Pradesh,East Kameng,NH-31 slide-18,"NH-31, Ngoleko Village",27.215611,93.123139,Soil,Slide,Soil,Slide,0,,3.34,15.14401639,0.407394775,1
1012,AP/EK/83E03/2021/25,Arunachal Pradesh,East Kameng,NH-31 slide-16,NH-31,27.215944,93.069222,Debris,Slide,Debris,Slide,0,,10.09,15.14401639,0.407394775,1
1013,AP/PAP/83E12/2021/66,Arunachal Pradesh,Papum Pare,"49th K.M Camp, Sagalee slide",49th K.M Camp-Sagalee section,27.216278,93.655639,Debris,Slide,Debris,Slide,0,,10.14,15.31327869,0.492465437,1
1014,AP/PAP/83E12/2021/65,Arunachal Pradesh,Papum Pare,Mep Soro-Jote road section slide 10,Mep Soro-Jote road section,27.216639,93.691472,Debris,Slide,Debris,Slide,0,,14.84,15.31327869,0.492465437,1
1015,AP/EK/83E03/2021/26,Arunachal Pradesh,East Kameng,NH-31 slide-17,NH-31,27.216778,93.074944,Debris,Slide,Debris,Slide,0,,9.44,15.14401639,0.407394775,1
1016,AP/EK/83E03/2021/24,Arunachal Pradesh,East Kameng,NH-31 slide-15,NH-31,27.217333,93.064833,Debris,Slide,Debris,Slide,0,,10.48,15.14401639,0.407394775,1
1017,AP/PAP/83E12/2021/64,Arunachal Pradesh,Papum Pare,Mep Soro-Jote road section slide 9,Mep Soro-Jote road section,27.218611,93.695278,Debris,Slide,Debris,Slide,0,,14.12,15.31327869,0.492465437,1
1018,AP/PAP/83E12/2021/70,Arunachal Pradesh,Papum Pare,Palapu village slide,Palapu village,27.22075,93.581167,Rock,Slide,Rock,Slide,0,,20.08,15.31327869,0.492465437,1
1019,AP/PAP/83E12/2021/63,Arunachal Pradesh,Papum Pare,Mep Soro-Jote road section slide 8,Mep Soro-Jote road section,27.220833,93.698194,Debris,Slide,Debris,Slide,0,,8.43,15.31327869,0.492465437,1
1051,AR/CHNG/83M15/2022/095,Arunachal Pradesh,Changlang,200m E of Old Kamlao,"NH-315, Jairampur-Manmao
road section",27.257581,95.936353,Debris,Slide,Debris,Slide,0,,11.57,14.19393443,0.485829952,1
1052,AP/PAP/83E15/2021/51,Arunachal Pradesh,Papum Pare,Mep Soro-Jote road section slide 2,Mep Soro-Jote road section,27.258556,93.778167,Debris,Slide,Debris,Slide,0,,13.1,15.31327869,0.492465437,1
1053,AP/PAP/83E15/2021/48,Arunachal Pradesh,Papum Pare,"NEEPCO office, Sagalee slide 2","NEEPCO office, Sagalee",27.260222,93.7895,Debris,Slide,Debris,Slide,0,,7.37,15.31327869,0.492465437,1
1054,AP/PAP/83E15/2021/49,Arunachal Pradesh,Papum Pare,"NEEPCO office, Sagalee slide 3","NEEPCO office, Sagalee",27.260222,93.7895,Debris,Slide,Debris,Slide,0,,7.37,15.31327869,0.492465437,1
1055,AP/PAP/83E15/2021/47,Arunachal Pradesh,Papum Pare,"NEEPCO office, Sagalee slide 1","NEEPCO office, Sagalee",27.260444,93.7895,Rock,Slide,Rock,Slide,0,,7.37,15.31327869,0.492465437,1
1056,AP/PAP/83E15/2021/50,Arunachal Pradesh,Papum Pare,Mep Soro-Jote road section slide 1,Mep Soro-Jote road section,27.260722,93.780306,Debris,Slide,Debris,Slide,0,,15.66,15.31327869,0.492465437,1
1025,AP/PAP/83E12/2021/62,Arunachal Pradesh,Papum Pare,West of Mep Soro slide 2,W of Mep Soro,27.234139,93.707861,Rock,Slide,Rock,Slide,0,,5.44,15.31327869,0.492465437,1
1026,AP/PAP/83E12/2021/74,Arunachal Pradesh,Papum Pare,Mep Soro-Jote road section slide 11,Mep Soro-Jote road section,27.234917,93.536139,Debris,Slide,Debris,Slide,0,,11.43,15.31327869,0.492465437,1
1027,AP/PAP/83E12/2021/75,Arunachal Pradesh,Papum Pare,Sagalee-Jote road section slide 1,Sagalee-Jote road section,27.235306,93.524389,Debris,Slide,Debris,Slide,0,,5.85,15.31327869,0.492465437,1
1028,AP/PAP/83E12/2021/61,Arunachal Pradesh,Papum Pare,West of Mep Soro slide 1,W of Mep Soro,27.236139,93.715694,Debris,Slide,Debris,Slide,0,,13.83,15.31327869,0.492465437,1
1029,AP/PAP/83E16/2021/14,Arunachal Pradesh,Papum Pare,West of Doimukh slide 3,W of Doimukh,27.236306,93.807167,Debris,Slide,Debris,Slide,0,,2.98,15.31327869,0.492465437,1
1030,AP/PAP/83E16/2021/15,Arunachal Pradesh,Papum Pare,West of Doimukh slide 4,W of Doimukh,27.238222,93.806444,Debris,Slide,Debris,Slide,0,,0.15,15.31327869,0.492465437,1
1031,AP/PAP/83E16/2021/16,Arunachal Pradesh,Papum Pare,West of Doimukh slide 5,W of Doimukh,27.238917,93.806083,Debris,Slide,Debris,Slide,0,,1.96,15.31327869,0.492465437,1
1032,AP/PAP/83E12/2021/59,Arunachal Pradesh,Papum Pare,West of Dakte village slide 3,W of Dakte village,27.239333,93.745,Debris,Slide,Debris,Slide,0,,10.78,15.31327869,0.492465437,1
1034,AP/PAP/83E12/2021/58,Arunachal Pradesh,Papum Pare,West of Dakte village slide 2,W of Dakte village,27.240083,93.745917,Debris,Slide,Debris,Slide,0,,11.33,15.31327869,0.492465437,1
1035,AP/EK/83E03/2021/23,Arunachal Pradesh,East Kameng,NH-31 slide-14,NH-31,27.240444,93.064361,Debris,Slide,Debris,Slide,0,,4.21,15.14401639,0.407394775,1
1065,AR/CHNG/83M15/2022/094,Arunachal Pradesh,Changlang,600m E of Old Kamlao,"NH-315, Jairampur-Manmao
road section",27.275542,95.965859,Debris,Slide,Debris,Slide,0,,4.78,14.19393443,0.485829952,1
1066,AP/PAP/83E15/2021/23,Arunachal Pradesh,Papum Pare,West of Shepa village slide 4,W of Shepa village,27.27625,93.795889,Debris,Slide,Debris,Slide,0,,7.32,15.31327869,0.492465437,1
1067,AR/WKG/83A07/2021/013,Arunachal Pradesh,West Kameng,NH 13 Slide 10,NH 13/ NW of Bomdila,27.277417,92.425278,Debris,Slide,Debris,Slide,0,,4.47,19.00180328,0.416310861,1
1068,AR/WKG/83A07/2021/014,Arunachal Pradesh,West Kameng,NH 13 Slide 11,NH 13/ NW of Bomdila,27.278417,92.426917,Debris,Slide,Debris,Slide,0,,7.02,19.00180328,0.416310861,1
1069,AP/PAP/83E15/2021/24,Arunachal Pradesh,Papum Pare,West of Shepa village slide 5,W of Shepa village,27.27925,93.796444,Debris,Slide,Debris,Slide,0,,8.23,15.31327869,0.492465437,1
1070,AR/CHNG/92A03/2022/076,Arunachal Pradesh,Changlang,1.5 km S of Nampong,"NH-315, Nampong-Pangasu
Pass road",27.282921,96.122193,Debris,Slide,Debris,Slide,0,,5.54,14.19393443,0.485829952,1
1071,AR/CHNG/83M15/2022/091,Arunachal Pradesh,Changlang,1.7 km SW of old Kamlao,"NH-315, Jairampur-Manmao
road section",27.287781,95.978389,Rock,Slide,Rock,Slide,0,,3.55,14.19393443,0.485829952,1
1072,AR/CHNG/83M15/2022/092,Arunachal Pradesh,Changlang,1.8 km SW of Old Kamlao,"NH-315, Jairampur-Manmao
road section",27.287855,95.977914,Debris,Slide,Debris,Slide,0,,4.62,14.19393443,0.485829952,1
1041,AP/PAP/83E16/2021/17,Arunachal Pradesh,Papum Pare,Jumpa village slide,Jumpa village,27.246111,93.804667,Debris,Slide,Debris,Slide,0,,0.1,15.31327869,0.492465437,1
1043,AP/PAP/83E16/2021/53,Arunachal Pradesh,Papum Pare,Mep Soro-Jote road section slide 4,Mep Soro-Jote road section,27.24675,93.765333,Debris,Slide,Debris,Slide,0,,4.32,15.31327869,0.492465437,1
1044,AP/PAP/83E16/2021/52,Arunachal Pradesh,Papum Pare,Mep Soro-Jote road section slide 3,Mep Soro-Jote road section,27.248167,93.765889,Debris,Slide,Debris,Slide,0,,3.44,15.31327869,0.492465437,1
1045,AR/WKG/83A12/2021/049,Arunachal Pradesh,West Kameng,Seppa Road Slide 8,Seppa Road Section,27.248722,92.737722,Rock,Slide,Rock,Slide,0,,9.39,19.00180328,0.416310861,1
1046,AP/PAP/83E11/2021/76,Arunachal Pradesh,Papum Pare,Sagalee-Jote road section slide 2,Sagalee-Jote road section,27.2495,93.507833,Soil,Slide,Soil,Slide,0,,0.98,15.31327869,0.492465437,1
1047,AP/PAP/83E11/2021/77,Arunachal Pradesh,Papum Pare,Sagalee-Jote road section slide 3,Sagalee-Jote road section,27.251806,93.504278,Debris,Slide,Debris,Slide,0,,11.33,15.31327869,0.492465437,1
1048,AP/PAP/83E11/2021/78,Arunachal Pradesh,Papum Pare,East of Sagalee slide,East of Sagalee,27.253778,93.507778,Debris,Slide,Debris,Slide,0,,7.12,15.31327869,0.492465437,1
1050,AP/EK/83E03/2021/22,Arunachal Pradesh,East Kameng,NH-31 slide-13,NH-31,27.256917,93.064472,Earth,Slide,Earth,Slide,0,,0.26,15.14401639,0.407394775,1
1080,AP/EK/83E03/2021/18,Arunachal Pradesh,East Kameng,NH-31 slide-9,NH-37,27.293806,93.050139,Earth,Slide,Earth,Slide,0,,2.06,15.14401639,0.407394775,1
1081,AP/PAP/83E15/2021/26,Arunachal Pradesh,Papum Pare,NE of Hara Appa village slide 1,NE of Hara Appa village,27.294278,93.802056,Debris,Slide,Debris,Slide,0,,10.63,15.31327869,0.492465437,1
1083,AP/EK/83E03/2021/19,Arunachal Pradesh,East Kameng,NH-31 slide-10,NH-38,27.294944,93.072417,Earth,Slide,Earth,Slide,0,,11.33,15.14401639,0.407394775,1
1084,AR/CHNG/92A03/2022/084,Arunachal Pradesh,Changlang,1km W Hetlongx,"NH-315, Jairampur-Manmao
road",27.296223,96.013675,Debris,Slide,Debris,Slide,0,,3.7,14.19393443,0.485829952,1
1085,AP/EK/83E03/2021/21,Arunachal Pradesh,East Kameng,NH-31 slide-12,NH-31,27.296611,93.099056,Soil,Slide,Soil,Slide,0,,15.42,15.14401639,0.407394775,1
1086,AP/EK/83E03/2021/45,Arunachal Pradesh,East Kameng,Rang Village slide-3,"NH-31, Patiwa Village",27.297167,93.050889,Soil,Slide,Soil,Slide,0,,12.85,15.14401639,0.407394775,1
1087,AR/CHNG/92A03/2022/088,Arunachal Pradesh,Changlang,400 E of New Kamlao,"NH-315, Jairampur-Manmao
road section",27.297775,96.002314,Debris,Slide,Debris,Slide,0,,3.34,14.19393443,0.485829952,1
1088,AR/CHNG/92A03/2022/082,Arunachal Pradesh,Changlang,500m NE of Longvi,"NH-315, Jairampur-Manmao
road",27.298972,96.046398,Rock,Slide,Rock,Slide,0,,1.49,14.19393443,0.485829952,1
1057,AR/WKG/83A07/2021/012,Arunachal Pradesh,West Kameng,West of Bomdila Slide 1,W of Bomdila,27.266667,92.404389,Debris,Slide,Debris,Slide,0,,2.47,19.00180328,0.416310861,1
1058,AP/PAP/83E15/2021/19,Arunachal Pradesh,Papum Pare,Yajali slide,Yajali,27.267722,93.80125,Debris,Slide,Debris,Slide,0,,1.08,15.31327869,0.492465437,1
1059,AR/CHNG/92A03/2022/097,Arunachal Pradesh,Changlang,"S of Longvi, 8 km Tea Garden",Longvi-hetlong road,27.268684,96.040751,Debris,Slide,Debris,Slide,0,,3.65,14.19393443,0.485829952,1
1060,AR/CHNG/92A03/2022/098,Arunachal Pradesh,Changlang,"S of Longvi, 8 km Tea Garden",Longvi-hetlong road,27.268973,96.037707,Debris,Slide,Debris,Slide,0,,2.67,14.19393443,0.485829952,1
1061,AP/PAP/83E15/2021/20,Arunachal Pradesh,Papum Pare,West of Shepa village slide 1,W of Shepa village,27.269861,93.802361,Debris,Slide,Debris,Slide,0,,1.9,15.31327869,0.492465437,1
1062,AP/PAP/83E15/2021/21,Arunachal Pradesh,Papum Pare,West of Shepa village slide 2,W of Shepa village,27.270019,93.799333,Debris,Slide,Debris,Slide,0,,5.54,15.31327869,0.492465437,1
1063,AR/CHNG/83M15/2022/093,Arunachal Pradesh,Changlang,1km E of Old Kamlao,"NH-315, Jairampur-Manmao
road section",27.273999,95.975506,Debris,Slide,Debris,Slide,0,,0.26,14.19393443,0.485829952,1
1064,AP/PAP/83E15/2021/22,Arunachal Pradesh,Papum Pare,West of Shepa village slide 3,W of Shepa village,27.2745,93.797833,Debris,Slide,Debris,Slide,0,,8.73,15.31327869,0.492465437,1
92,AS/DIM/83C16/2017/25,Assam,Dima Hasao,Bandarkhal9,NH54,25.047417,92.793389,Debris,Slide,Debris,Slide,0,,7.07,8.835655738,0.458326947,1
93,AS/DIM/83C16/2018/29,Assam,Dima Hasao,Bandarkhal railway slide.,"Between NFR Bridge No. 305
and Tunnel No. 19 (~2 km SW of
Bandarkhal Railway Station).",25.04783,92.78931,Debris,Slide,Debris,Slide,0,,11.72,8.835655738,0.458326947,1
94,AS/DIM/83C16/2017/24,Assam,Dima Hasao,Bandarkhal8,NH54,25.049417,92.796722,Debris,Slide,Debris,Slide,0,,6.81,8.835655738,0.458326947,1
1098,AP/EK/83E03/2021/16,Arunachal Pradesh,East Kameng,NH-31 slide-7,NH-35,27.302389,93.055833,Debris,Slide,Debris,Slide,0,,10.38,15.14401639,0.407394775,1
1099,AP/EK/83E03/2021/17,Arunachal Pradesh,East Kameng,NH-31 slide-8,NH-36,27.302861,93.050917,Soil / Earth,Slide,Earth cum Soil,Slide,0,,17.17,15.14401639,0.407394775,1
1100,AR/CHNG/92A03/2022/077,Arunachal Pradesh,Changlang,3.3 km E of Rima,"NH-315, Nampong-Rima Road",27.302949,96.154621,Debris,Slide,Debris,Slide,0,,2.93,14.19393443,0.485829952,1
1101,AP/EK/83E03/2021/15,Arunachal Pradesh,East Kameng,NH-31 slide-6,NH-34,27.304361,93.054611,Soil,Slide,Soil,Slide,0,,8.48,15.14401639,0.407394775,1
1102,AR/CHNG/92A03/2022/081,Arunachal Pradesh,Changlang,700m E of New Potuk,"NH-315, Nampong-Rima Road",27.305527,96.224831,Debris,Slide,Debris,Slide,0,,7.62,14.19393443,0.485829952,1
1104,AP/PAP/83E15/2021/28,Arunachal Pradesh,Papum Pare,Appa Village slide,Appa Village,27.307111,93.806306,Debris,Slide,Debris,Slide,0,,24.83,15.31327869,0.492465437,1
1073,AR/CHNG/92A03/2022/075,Arunachal Pradesh,Changlang,700 m E of Taipi Dudam,Jarampur- Nampong road,27.288125,96.075898,Debris,Slide,Debris,Slide,0,,2.73,14.19393443,0.485829952,1
1074,AP/PAP/83E15/2021/25,Arunachal Pradesh,Papum Pare,Hara Appa village slide 1,Hara Appa village,27.291083,93.796806,Debris,Slide,Debris,Slide,0,,23.93,15.31327869,0.492465437,1
1075,AR/WKG/83A07/2021/015,Arunachal Pradesh,West Kameng,NH 13 Slide 12,NH 13/ S of Tinghei,27.291528,92.391778,Debris,Slide,Debris,Slide,0,,1.24,19.00180328,0.416310861,1
1076,AR/WKG/83A07/2021/016,Arunachal Pradesh,West Kameng,NH 13 Slide 13,NH 13/ S of Tinghei,27.292167,92.391889,Debris,Slide,Debris,Slide,0,,0.26,19.00180328,0.416310861,1
1077,AR/WKG/83A07/2021/017,Arunachal Pradesh,West Kameng,NH 13 Slide 14,NH 13/ S of Tinghei,27.292444,92.391861,Debris,Slide,Debris,Slide,0,,0.26,19.00180328,0.416310861,1
1078,AR/CHNG/92A03/2022/083,Arunachal Pradesh,Changlang,800m W Hetlong,"NH-315, Jairampur-Manmao
road",27.29268,96.024049,Debris,Slide,Debris,Slide,0,,1.8,14.19393443,0.485829952,1
1079,AR/WKG/83A07/2021/018,Arunachal Pradesh,West Kameng,NH 13 Slide 15,NH 13/ S of Tinghei,27.293806,92.391694,Debris,Slide,Debris,Slide,0,,1.7,19.00180328,0.416310861,1
1089,AR/CHNG/92A03/2022/087,Arunachal Pradesh,Changlang,1.6km W Hetlong,"NH-315, Jairampur-Manmao
road",27.299135,96.010349,Debris,Slide,Debris,Slide,0,,0.51,14.19393443,0.485829952,1
1090,AR/CHNG/83M15/2022/090,Arunachal Pradesh,Changlang,900 W of New Kamlao,"NH-315, Jairampur-Manmao
road section",27.299744,95.987092,Debris,Slide,Debris,Slide,0,,4.42,14.19393443,0.485829952,1
1091,AR/CHNG/92A03/2022/085,Arunachal Pradesh,Changlang,1.2km W Hetlong,"NH-315, Jairampur-Manmao
road",27.29976,96.012691,Debris,Slide,Debris,Slide,0,,1.49,14.19393443,0.485829952,1
1092,AR/CHNG/92A03/2022/086,Arunachal Pradesh,Changlang,"1.4km W Hetlong,","NH-315, Jairampur-Manmao
road",27.300188,96.010838,Debris,Slide,Debris,Slide,0,,0.36,14.19393443,0.485829952,1
1093,AP/EK/83E03/2021/46,Arunachal Pradesh,East Kameng,Rang Village slide-4,"NH-31, Patiwa Village",27.300611,93.093417,Rock,Slide,Rock,Slide,0,,10.14,15.14401639,0.407394775,1
1094,AR/WKG/83A07/2021/019,Arunachal Pradesh,West Kameng,NH 13 Slide 16,NH 13/ N of Tinghei,27.300667,92.391833,Debris,Slide,Debris,Slide,0,,10.83,19.00180328,0.416310861,1
1095,AP/PAP/83E15/2021/27,Arunachal Pradesh,Papum Pare,NE of Hara Appa village slide 2,NE of Hara Appa village,27.300833,93.802833,Debris,Slide,Debris,Slide,0,,22.32,15.31327869,0.492465437,1
1096,AR/CHNG/83M15/2022/089,Arunachal Pradesh,Changlang,400 W of New Kamlao,"NH-315, Jairampur-Manmao
road section",27.300945,95.992838,Debris,Slide,Debris,Slide,0,,4.62,14.19393443,0.485829952,1
1097,AP/EK/83E03/2021/20,Arunachal Pradesh,East Kameng,NH-31 slide-11,NH-39,27.301139,93.091889,Debris,Slide,Debris,Slide,0,,11.92,15.14401639,0.407394775,1
110,AS/DIM/83C16/2017/08,Assam,Dima Hasao,Duiheng1,Old HaflongSilchar road,25.088389,92.958944,Debris,Slide,Debris,Slide,0,,18.29,8.835655738,0.458326947,1
85,AS/DIM/83C16/2017/58,Assam,Dima Hasao,Durbintola5,NH54,25.034948,92.778753,Debris,Slide,Debris,Slide,0,,9.89,8.835655738,0.458326947,1
86,AS/DIM/83C16/2017/40,Assam,Dima Hasao,Durbintola3,NH54,25.0365,92.780417,Debris,Slide,Debris,Slide,0,,8.63,8.835655738,0.458326947,1
88,AS/DIM/83C16/2017/39,Assam,Dima Hasao,Durbintola2,NH54,25.039722,92.781889,Debris,Slide,Debris,Slide,0,,10.63,8.835655738,0.458326947,1
89,AS/DIM/83C16/2017/38,Assam,Dima Hasao,Durbintola1,NH54,25.041083,92.783111,Debris,Slide,Debris,Slide,0,,13.24,8.835655738,0.458326947,1
90,AS/DIM/83C16/2017/37,Assam,Dima Hasao,Bandarkhal11,NH54,25.046444,92.789667,Debris,Slide,Debris,Slide,0,,12.51,8.835655738,0.458326947,1
91,AS/DIM/83C16/2017/36,Assam,Dima Hasao,Bandarkhal10,NH54,25.046778,92.790111,Debris,Slide,Debris,Slide,0,,12.56,8.835655738,0.458326947,1
1136,AP/EK/83E03/2021/48,Arunachal Pradesh,East Kameng,Rang Village slide-6,Road to Rang Village,27.363833,93.025139,Soil,Slide,Soil,Slide,0,,14.65,15.14401639,0.407394775,1
1105,AR/CHNG/92A03/2022/078,Arunachal Pradesh,Changlang,400m E of Nogthey,"NH-315, Nampong-Rima Road",27.309012,96.158495,Debris,Slide,Debris,Slide,0,,6.91,14.19393443,0.485829952,1
1106,AR/CHNG/92A03/2022/079,Arunachal Pradesh,Changlang,400m W of Machum,"NH-315, Nampong-Rima Road",27.313343,96.171327,Debris,Slide,Debris,Slide,0,,9.64,14.19393443,0.485829952,1
1107,AR/CHNG/92A03/2022/080,Arunachal Pradesh,Changlang,300 SW of Rima,"NH-315, Nampong-Rima Road",27.315904,96.18349,Debris,Slide,Debris,Slide,0,,6.46,14.19393443,0.485829952,1
1108,AP/EK/83E03/2021/12,Arunachal Pradesh,East Kameng,NH-31 slide-3,NH-31,27.320083,93.050917,Earth,Slide,Earth,Slide,0,,5.95,15.14401639,0.407394775,1
1109,AP/EK/83E03/2021/11,Arunachal Pradesh,East Kameng,NH-31 slide-2,NH-31,27.32025,93.053222,Debris,Slide,Debris,Slide,0,,6.41,15.14401639,0.407394775,1
1110,AR/WKG/83A07/2021/020,Arunachal Pradesh,West Kameng,NH 13 Slide 17,NH 13/ N of Dharbu,27.325278,92.373722,Debris,Slide,Debris,Slide,0,,2.26,19.00180328,0.416310861,1
1111,AP/PAP/83E15/2021/29,Arunachal Pradesh,Papum Pare,Appa- Potin road slide,"NE of Appa, Potin village",27.325806,93.822389,Debris,Slide,Debris,Slide,0,,4.11,15.31327869,0.492465437,1
1112,AP/EK/83E03/2021/10,Arunachal Pradesh,East Kameng,NH-31 slide-1,NH-31,27.325861,93.055472,Debris,Slide,Debris,Slide,0,,3.5,15.14401639,0.407394775,1
1113,AP/EK/83E03/2021/14,Arunachal Pradesh,East Kameng,NH-31 slide-5,NH-33,27.327333,93.043611,Soil,Slide,Soil,Slide,0,,12.56,15.14401639,0.407394775,1
1114,AP/PAP/83E15/2021/44,Arunachal Pradesh,Papum Pare,Potin-Yazali road slide 4,Potin-Yazali road,27.327583,93.813389,Debris,Slide,Debris,Slide,0,,10.58,15.31327869,0.492465437,1
1115,AP/PAP/83E15/2021/45,Arunachal Pradesh,Papum Pare,Potin-Yazali road slide 5,Potin-Yazali road,27.328528,93.812528,Debris,Slide,Debris,Slide,0,,12.36,15.31327869,0.492465437,1
1116,AP/EK/83E03/2021/09,Arunachal Pradesh,East Kameng,North Seppa slide-9,NH-31,27.328611,93.056583,Rock,Planar/Wedge failure,Rock,Planar/Wedge Failure,0,,8.08,15.14401639,0.407394775,1
1117,AP/PAP/83E15/2021/43,Arunachal Pradesh,Papum Pare,Potin-Yazali road slide 3,Potin-Yazali road,27.334056,93.819417,Debris,Slide,Debris,Slide,0,,19.54,15.31327869,0.492465437,1
1118,AP/PAP/83E15/2021/42,Arunachal Pradesh,Papum Pare,Potin-Yazali road slide 2,Potin-Yazali road,27.336667,93.820722,Debris,Slide,Debris,Slide,0,,15.51,15.31327869,0.492465437,1
1119,AP/PAP/83E15/2021/41,Arunachal Pradesh,Papum Pare,Potin-Yazali road slide 1,North of Potin-Yazali road,27.337028,93.821306,Debris,Slide,Debris,Slide,0,,17.03,15.31327869,0.492465437,1
1152,AP/EK/83E03/2021/06,Arunachal Pradesh,East Kameng,North Seppa slide-6,North Seppa,27.428833,93.025306,Debris,Slide,Debris,Slide,0,,8.48,15.14401639,0.407394775,1
1121,AP/PAP/83E15/2021/46,Arunachal Pradesh,Papum Pare,Potin-Yazali road slide 6,Potin-Yazali road,27.339833,93.805167,Debris,Slide,Debris,Slide,0,,6.36,15.31327869,0.492465437,1
1122,AR/WKG/83A07/2021/021,Arunachal Pradesh,West Kameng,NH 13 Slide 18,NH 13/ SE of Dirang Village,27.340556,92.274944,Debris,Slide,Debris,Slide,0,,13.05,19.00180328,0.416310861,1
1123,AP/EK/83E03/2021/08,Arunachal Pradesh,East Kameng,North Seppa slide-8,North Seppa,27.342139,93.041583,Earth,Slide,Earth,Slide,0,,2.11,15.14401639,0.407394775,1
1124,AP/WK/83E12/2008/A-14,Arunachal Pradesh,West Kameng,Slide at 5 km N of Dirang,Unknown,27.345556,92.266389,Debris,Flow,Debris,Flow,1,2008,11.77,15.48770492,0.422793716,1
1125,AP/EK/83A15/2021/51,Arunachal Pradesh,East Kameng,Sube Village slide-2,Road to Rang Village,27.34675,93.018528,Debris,Slide,Debris,Slide,0,,14.02,15.14401639,0.407394775,1
1126,AP/EK/83A15/2021/52,Arunachal Pradesh,East Kameng,Sube Village slide-3,Road to Rang Village,27.34675,93.018528,Debris,Slide,Debris,Slide,0,,14.02,15.14401639,0.407394775,1
1127,AP/EK/83A15/2021/53,Arunachal Pradesh,East Kameng,Sube Village slide-4,Road to Rang Village,27.34675,93.018528,Debris,Slide,Debris,Slide,0,,14.02,15.14401639,0.407394775,1
1128,AP/EK/83E03/2021/49,Arunachal Pradesh,East Kameng,Rang Village slide-7,Road to Rang Village,27.347917,93.012194,Earth,Slide,Earth,Slide,0,,10.24,15.14401639,0.407394775,1
1129,AP/EK/83E03/2021/50,Arunachal Pradesh,East Kameng,Sube Village slide-1,Road to Rang Village,27.347917,93.012194,Earth,Slide,Earth,Slide,0,,10.24,15.14401639,0.407394775,1
1130,AP/EK/83E03/2021/47,Arunachal Pradesh,East Kameng,Rang Village slide-5,Road to Rang Village,27.357083,93.026361,Debris,Slide,Debris,Slide,0,,7.72,15.14401639,0.407394775,1
1131,AR/WKG/83A03/2021/039,Arunachal Pradesh,West Kameng,NH 13 Slide 31,NH 13,27.358194,92.24325,Debris,Slide,Debris,Slide,0,,3.55,19.00180328,0.416310861,1
1132,AP/EK/83E03/2021/40,Arunachal Pradesh,East Kameng,Patiwa Village slide-1,NH-37,27.361222,93.035778,Debris,Slide,Debris,Slide,0,,2.26,15.14401639,0.407394775,1
1133,AR/WKG/83A03/2021/034,Arunachal Pradesh,West Kameng,"Dirang- Rungkhung Road Section Slide
1","Dirang- Rungkhung Road
Section",27.362028,92.244028,Debris,Slide,Debris,Slide,0,,3.55,19.00180328,0.416310861,1
1134,AR/WKG/83A03/2021/035,Arunachal Pradesh,West Kameng,"Dirang- Rungkhung Road Section Slide
2","Dirang- Rungkhung Road
Section",27.362444,92.243972,Debris,Slide,Debris,Slide,0,,3.55,19.00180328,0.416310861,1
1135,AR/WKG/83A03/2021/036,Arunachal Pradesh,West Kameng,"Dirang-Rungkhung Road Section Slide
3",Dirang-Rungkhung Road Section,27.363417,92.24375,Debris,Slide,Debris,Slide,0,,0.36,19.00180328,0.416310861,1
1168,AR/CHNG/92A07/2022/068,Arunachal Pradesh,Changlang,"Deban, Namdapha Natonal Park",Miao-Vijyanagar road,27.460656,96.412177,Debris,Slide,Debris,Slide,0,,10.33,14.19393443,0.485829952,1
1137,AR/WKG/83A03/2021/037,Arunachal Pradesh,West Kameng,Dirang Town Baptist Church Slide 1,Dirang-Rungkhung Road Section,27.367611,92.2415,Debris,Slide,Debris,Slide,0,,1.39,19.00180328,0.416310861,1
1138,AR/WKG/83A03/2021/038,Arunachal Pradesh,West Kameng,Dirang Town Baptist Church Slide 2,Dirang-Rungkhung Road Section,27.368333,92.241583,Debris,Slide,Debris,Slide,0,,1.8,19.00180328,0.416310861,1
1139,AP/EK/83E04/2021/41,Arunachal Pradesh,East Kameng,Patiwa Village slide-2,NH-38,27.391639,93.011861,Debris,Slide,Debris,Slide,0,,7.52,15.14401639,0.407394775,1
1140,AR/WKG/83A03/2021/024,Arunachal Pradesh,West Kameng,NH 13 Slide 21,NH 13/ W of Milumkang,27.394306,92.157333,Rock,Slide,Rock,Slide,0,,26.91,19.00180328,0.416310861,1
1141,AR/WKG/83A03/2021/023,Arunachal Pradesh,West Kameng,NH 13 Slide 20,NH 13/ W of Milumkang,27.395444,92.164167,Debris,Slide,Debris,Slide,0,,10.33,19.00180328,0.416310861,1
1142,AR/WKG/83A03/2021/022,Arunachal Pradesh,West Kameng,NH 13 Slide 19,NH 13/ W of Milumkang,27.396722,92.163861,Rock,Slide,Rock,Slide,0,,6.56,19.00180328,0.416310861,1
1143,AR/WKG/83A03/2021/025,Arunachal Pradesh,West Kameng,NH 13 Slide 22,NH 13/ NW of Milumkang,27.403722,92.141056,Debris,Slide,Debris,Slide,0,,32.31,19.00180328,0.416310861,1
1144,AR/WKG/83A03/2021/032,Arunachal Pradesh,West Kameng,NH 13 Slide 29,NH 13/ S of Nyakmadung,27.405861,92.133778,Debris,Slide,Debris,Slide,0,,16.56,19.00180328,0.416310861,1
1145,AR/WKG/83A07/2021/033,Arunachal Pradesh,West Kameng,NH 13 Slide 30,NH 13/ S of Nyakmadung,27.409778,92.132167,Soil,Slide,Soil,Slide,0,,14.6,19.00180328,0.416310861,1
1146,AP/EK/83E03/2021/42,Arunachal Pradesh,East Kameng,Patiwa Village slide-3,NH-39,27.411944,93.010528,Debris,Slide,Debris,Slide,0,,1.6,15.14401639,0.407394775,1
1147,AP/EK/83E03/2021/43,Arunachal Pradesh,East Kameng,Rang Village slide-1,NH-39,27.411944,93.010528,Debris,Slide,Debris,Slide,0,,1.6,15.14401639,0.407394775,1
1148,AP/EK/83E03/2021/01,Arunachal Pradesh,East Kameng,North Seppa slide-1,North Seppa,27.420722,93.011083,Earth,Slide,Earth,Slide,0,,0.87,15.14401639,0.407394775,1
1149,AP/EK/83E03/2021/05,Arunachal Pradesh,East Kameng,North Seppa slide-5,North Seppa,27.421139,93.017611,Debris,Slide,Debris,Slide,0,,8.98,15.14401639,0.407394775,1
1150,AP/EK/83E03/2021/04,Arunachal Pradesh,East Kameng,North Seppa slide-4,North Seppa,27.422111,93.014639,Soil,Slide,Soil,Slide,0,,9.24,15.14401639,0.407394775,1
1151,AP/EK/83E03/2021/44,Arunachal Pradesh,East Kameng,Rang Village slide-2,"NH-31, Patiwa Village",27.423722,93.007583,Rock,Fall,Rock,Fall,0,,0.62,15.14401639,0.407394775,1
1184,AR/EK/ 83A14/2020-21/25,Arunachal Pradesh,East Kameng,Bameng-Tayung road section slide-1,Bameng-Tayung Road,27.5335,92.964861,Rock,Slide,Rock,Slide,0,,15.66,15.14401639,0.407394775,1
1153,AR/WKG/83A03/2021/026,Arunachal Pradesh,West Kameng,NH 13 Slide 23,NH 13/ NW of Milumkang,27.433056,92.123583,Soil,Slide,Soil,Slide,0,,14.89,19.00180328,0.416310861,1
1154,AP/EK/83E03/2021/13,Arunachal Pradesh,East Kameng,NH-31 slide-4,NH-32,27.436722,93.003639,Debris,Slide,Debris,Slide,0,,4.52,15.14401639,0.407394775,1
1155,AP/EK/83E03/2021/07,Arunachal Pradesh,East Kameng,North Seppa slide-7,North Seppa,27.437333,93.029667,Soil,Slide,Soil,Slide,0,,2.52,15.14401639,0.407394775,1
1156,AP/EK/83E03/2021/02,Arunachal Pradesh,East Kameng,North Seppa slide-2,North Seppa,27.441028,93.020389,Soil/Earth,Slide,Earth cum Soil,Slide,0,,0.93,15.14401639,0.407394775,1
1157,AR/WKG/83A03/2021/027,Arunachal Pradesh,West Kameng,NH 13 Slide 24,NH 13/ S of Shomtsher,27.441361,92.117417,Debris,Slide,Debris,Slide,0,,19.12,19.00180328,0.416310861,1
1158,AP/EK/83E03/2021/03,Arunachal Pradesh,East Kameng,North Seppa slide-3,North Seppa,27.441694,93.021472,Debris,Slide,Debris,Slide,0,,0.77,15.14401639,0.407394775,1
1159,AR/CHNG/92A07/2022/072,Arunachal Pradesh,Changlang,"Deban, Namdapha Natonal Park",Miao-Vijyanagar road,27.447181,96.439865,Debris,Slide,Debris,Slide,0,,4.98,14.19393443,0.485829952,1
1160,AR/CHNG/92A07/2022/073,Arunachal Pradesh,Changlang,"Deban, Namdapha Natonal Park",Miao-Vijyanagar road,27.449807,96.444466,Debris,Slide,Debris,Slide,0,,5.59,14.19393443,0.485829952,1
1161,AR/US/82P04/2022/036,Arunachal Pradesh,Upper Siang,North of Damro-Gingkong Slide 2,Pasighat-yingkiong road,27.452833,95.239,Debris,slide,Debris,Slide,0,,0.1,17.53991803,0.40713627,1
1162,AR/CHNG/92A07/2022/074,Arunachal Pradesh,Changlang,"Deban, Namdapha Natonal Park",Miao-Vijyanagar road,27.453197,96.444944,Debris,Slide,Debris,Slide,0,,1.03,14.19393443,0.485829952,1
1163,AR/CHNG/92A07/2022/071,Arunachal Pradesh,Changlang,"Deban, Namdapha Natonal Park",Miao-Vijyanagar road,27.455222,96.440908,Debris,Slide,Debris,Slide,0,,7.83,14.19393443,0.485829952,1
1164,AR/WKG/83A03/2021/028,Arunachal Pradesh,West Kameng,NH 13 Slide 25,NH 13/ NE of Senge,27.456278,92.109556,Debris,Slide,Debris,Slide,0,,15.42,19.00180328,0.416310861,1
1165,AR/CHNG/92A07/2022/070,Arunachal Pradesh,Changlang,"Deban, Namdapha Natonal Park",Miao-Vijyanagar road,27.458768,96.440093,Debris,Slide,Debris,Slide,0,,10.73,14.19393443,0.485829952,1
1166,AR/US/82P04/2022/035,Arunachal Pradesh,Upper Siang,North of Damro-Gingkong Slide 1,Pasighat-yingkiong road,27.459167,95.233639,Rock,Slide,Rock,Slide,0,,0.15,17.53991803,0.40713627,1
1167,AP/WK/83E12/2008/A-12,Arunachal Pradesh,West Kameng,Slide on Dirang -Tawang road,Unknown,27.460278,92.110278,Rock,Fall,Rock,Fall,1,2008,5.85,11.76639344,0.417314208,1
1200,AR/EK/ 83A14/2020-21/21,Arunachal Pradesh,East Kameng,Pakke-Bameng road section slide-6,Pakke-Bameng Road,27.555194,92.966222,Rock,Slide,Rock,Slide,0,,13.44,15.14401639,0.407394775,1
1169,AR/CHNG/92A07/2022/069,Arunachal Pradesh,Changlang,"Deban, Namdapha Natonal Park",Miao-Vijyanagar road,27.460731,96.41975,Soil,Slide,Soil,Slide,0,,12.95,14.19393443,0.485829952,1
1170,AR/CHNG/92A07/2022/067,Arunachal Pradesh,Changlang,"Deban, Namdapha Natonal Park",Miao-Vijyanagar road,27.466137,96.407194,Debris,Slide,Debris,Slide,0,,0.21,14.19393443,0.485829952,1
1171,AR/CHNG/92A07/2022/066,Arunachal Pradesh,Changlang,"Deban, Namdapha Natonal Park",Miao-Vijyanagar road,27.467849,96.409616,Debris,Slide,Debris,Slide,0,,8.38,14.19393443,0.485829952,1
1172,AR/CHNG/92A07/2022/065,Arunachal Pradesh,Changlang,"Deban, Namdapha Natonal Park",Miao-Vijyanagar road,27.470221,96.407798,Rock,Fall,Rock,Fall,0,,10.53,14.19393443,0.485829952,1
1173,AR/CHNG/92A07/2022/064,Arunachal Pradesh,Changlang,"Deban, Namdapha Natonal Park",Miao-Vijyanagar road,27.474408,96.408773,Debris,Slide,Debris,Slide,0,,8.83,14.19393443,0.485829952,1
1174,AR/CHNG/92A07/2022/063,Arunachal Pradesh,Changlang,"Deban, Namdapha Natonal Park",Miao-Vijyanagar road,27.476285,96.40896,Debris,Slide,Debris,Slide,0,,4.16,14.19393443,0.485829952,1
1175,AR/CHNG/92A07/2022/062,Arunachal Pradesh,Changlang,"Deban, Namdapha Natonal Park",Miao-Vijyanagar road,27.476614,96.408544,Rock,Fall,Rock,Fall,0,,4.16,14.19393443,0.485829952,1
1176,AR/CHNG/92A07/2022/061,Arunachal Pradesh,Changlang,"Deban, Namdapha Natonal Park",Miao-Vijyanagar road,27.479141,96.403435,Debris,Slide,Debris,Slide,0,,5.85,14.19393443,0.485829952,1
1177,AR/WKG/83A03/2021/029,Arunachal Pradesh,West Kameng,NH 13 Slide 26,NH 13/ N of Ngotengnang,27.483667,92.10925,Rock,Slide,Rock,Slide,0,,7.62,19.00180328,0.416310861,1
1178,AR/WKG/83A03/2021/030,Arunachal Pradesh,West Kameng,NH 13 Slide 27,NH 13/ NW of Kalobtse Mani,27.496333,92.104333,Rock,Slide,Rock,Slide,0,,0.57,19.00180328,0.416310861,1
1179,AR/WKG/83A03/2021/031,Arunachal Pradesh,West Kameng,NH 13 Slide 28,NH 13/ NW of Kalobtse Mani,27.497222,92.104667,Debris,Slide,Debris,Slide,0,,2.06,19.00180328,0.416310861,1
1180,AP/WK/78M14/2008/A-13,Arunachal Pradesh,West Kameng,Slide at 5 km SE from Tawang,Unknown,27.512278,91.875556,Unknown,Flow,Unknown,Flow,1,2008,12.66,11.76639344,0.420234973,1
1181,AR/EK/ 83A14/2020-21/01,Arunachal Pradesh,East Kameng,Pakke road section slide-1,Pachhi-Pakke road section,27.520111,92.997139,Rock,Slide,Rock,Slide,0,,14.94,15.14401639,0.407394775,1
1182,AR/EK/ 83A14/2020-21/10,Arunachal Pradesh,East Kameng,Pakke road section slide-8,Pachhi-Pakke road section,27.521083,92.995444,Debris,Slide,Debris,Slide,0,,14.41,15.14401639,0.407394775,1
1183,AR/EK/ 83A14/2020-21/26,Arunachal Pradesh,East Kameng,Bameng-Tayung road section slide-2,Bameng-Tayung Road,27.530556,92.959167,Rock,Slide,Rock,Slide,0,,5.85,15.14401639,0.407394775,1
1215,AR/PP/83E/12/2018/04,Arunachal Pradesh,Papum Pare,Donyi-Ruchi,"Circular road, Ganga market-
Jollang circular",27.08155,93.61438,Debris/unconsolidat ed material,Debris slide,Debris,Slide,0,,2.26,15.31327869,0.492465437,1
1216,AR/83E/12/2021/05,Arunachal Pradesh,Papum Pare,Sanki-I,Mow2-Senkiview road section,27.10375,93.61529,Debris,Debris slide,Debris,Slide,0,,8.58,15.31327869,0.492465437,1
1185,AR/EK/ 83A14/2020-21/30,Arunachal Pradesh,East Kameng,Lengri-Riang road section slide-1,Lengri Riang road from Bameng,27.535806,92.930667,Debris,Slide,Debris,Slide,0,,6.46,15.14401639,0.407394775,1
1186,AR/EK/ 83A14/2020-21/02,Arunachal Pradesh,East Kameng,Pakke road section slide-2,Pachhi-Pakke road section,27.538778,92.988139,Debris,Slide,Debris,Slide,0,,13.78,15.14401639,0.407394775,1
1187,AR/EK/ 83A14/2020-21/09,Arunachal Pradesh,East Kameng,Pakke road section slide-7,Pachhi-Pakke road section,27.539694,92.991306,Rock,Fall,Rock,Fall,0,,16.65,15.14401639,0.407394775,1
1189,AR/EK/ 83A14/2020-21/29,Arunachal Pradesh,East Kameng,Bameng road section slide-3,Bameng road,27.542083,92.946,Debris,Slide,Debris,Slide,0,,1.85,15.14401639,0.407394775,1
1190,AR/EK/ 83A14/2020-21/28,Arunachal Pradesh,East Kameng,Bameng road section slide-2,Bameng road,27.542389,92.946306,Rock,Slide,Rock,Slide,0,,1.85,15.14401639,0.407394775,1
1191,AR/EK/ 83A14/2020-21/16,Arunachal Pradesh,East Kameng,Pakke-Bameng road section slide-1,Pakke-Bameng Road,27.542639,92.954417,Rock,Slide,Rock,Slide,0,,16.32,15.14401639,0.407394775,1
1192,AR/EK/ 83A14/2020-21/17,Arunachal Pradesh,East Kameng,Pakke-Bameng road section slide-2,Pakke-Bameng Road,27.543472,92.95525,Debris,Slide,Debris,Slide,0,,17.78,15.14401639,0.407394775,1
1193,AR/EK/ 83A14/2020-21/08,Arunachal Pradesh,East Kameng,Pakke road section slide-6,Pachhi-Pakke road section,27.543778,92.982806,Debris,Slide,Debris,Slide,0,,14.26,15.14401639,0.407394775,1
1194,AR/EK/ 83A14/2020-21/18,Arunachal Pradesh,East Kameng,Pakke-Bameng road section slide-3,Pakke-Bameng Road,27.544667,92.958806,Debris,Slide,Debris,Slide,0,,19.03,15.14401639,0.407394775,1
1195,AR/EK/ 83A14/2020-21/03,Arunachal Pradesh,East Kameng,Pakke road section slide-3,Pachhi-Pakke road section,27.546278,92.981472,Rock,Slide,Rock,Slide,0,,10.93,15.14401639,0.407394775,1
1196,AR/EK/ 83A14/2020-21/04,Arunachal Pradesh,East Kameng,Pakke road section slide-4,Pachhi-Pakke road section,27.549389,92.979028,Rock,Slide,Rock,Slide,0,,0.41,15.14401639,0.407394775,1
1197,AR/EK/ 83A14/2020-21/19,Arunachal Pradesh,East Kameng,Pakke-Bameng road section slide-4,Pakke-Bameng Road,27.550389,92.964861,Debris,Slide,Debris,Slide,0,,12.95,15.14401639,0.407394775,1
1198,AR/EK/ 83A14/2020-21/20,Arunachal Pradesh,East Kameng,Pakke-Bameng road section slide-5,Pakke-Bameng Road,27.552639,92.965861,Rock,Slide,Rock,Slide,0,,14.6,15.14401639,0.407394775,1
1199,AR/EK/ 83A14/2020-21/05,Arunachal Pradesh,East Kameng,Pakke road section slide-5,Pachhi-Pakke road section,27.553611,92.975583,Rock,Fall,Rock,Fall,0,,2.88,15.14401639,0.407394775,1
1227,AR/EK/ 83A14/2020-21/12,Arunachal Pradesh,East Kameng,Pakke-Tara road section slide-2,Pakke-Bameng road section,27.566131,92.973072,Debris,Slide,Debris,Slide,0,,15.85,15.14401639,0.407394775,1
1228,AR/EK/ 83A14/2020-21/13,Arunachal Pradesh,East Kameng,Pakke-Tara road section slide-3,Pakke-Bameng road section,27.566611,92.967639,Debris,Slide,Debris,Slide,0,,16.94,15.14401639,0.407394775,1
1229,AR/EK/ 83A14/2020-21/06,Arunachal Pradesh,East Kameng,"Pachi-Chayang Tajo road section slide-
1","Pachi-Chayang Tajo road
section",27.568028,92.993944,Rock,Slide,Rock,Slide,0,,5.59,15.14401639,0.407394775,1
1230,AR/EK/ 83A14/2020-21/14,Arunachal Pradesh,East Kameng,Pakke-Tara road section slide-4,Pakke-Bameng road section,27.568778,92.966583,Debris,Slide,Debris,Slide,0,,19.54,15.14401639,0.407394775,1
1231,AR/EK/ 83A14/2020-21/15,Arunachal Pradesh,East Kameng,Pakke-Tara road section slide-5,Pakke-Bameng road section,27.571111,92.965556,Rock,Slide,Rock,Slide,0,,23.15,15.14401639,0.407394775,1
1232,AR/EK/ 83A14/2020-21/07,Arunachal Pradesh,East Kameng,"Pachi-Chayang Tajo road section slide-
2","Pachi-Chayang Tajo road
section",27.574306,92.999556,Debris,Slide,Debris,Slide,0,,9.03,15.14401639,0.407394775,1
1201,AR/EK/ 83A14/2020-21/24,Arunachal Pradesh,East Kameng,Pakke-Bameng road section slide-9,Pakke-Bameng Road,27.555389,92.960778,Debris,Slide,Debris,Slide,0,,2.98,15.14401639,0.407394775,1
1202,AR/EK/ 83A14/2020-21/22,Arunachal Pradesh,East Kameng,Pakke-Bameng road section slide-7,Pakke-Bameng Road,27.555583,92.963028,Rock,Slide,Rock,Slide,0,,2.88,15.14401639,0.407394775,1
1203,AR/EK/ 83A14/2020-21/23,Arunachal Pradesh,East Kameng,Pakke-Bameng road section slide-8,Pakke-Bameng Road,27.555611,92.962194,Debris,Slide,Debris,Slide,0,,2.67,15.14401639,0.407394775,1
1204,AR/KD/82E/10/2018/01,Arunachal Pradesh,Kra Daadi,Deed- New Palin,"State Highway, Deed to New
Palin road",27.5806,93.6348,Debris,Flow,Debris,Flow,0,,5.29,21.27295082,0.415996209,1
1205,AR/KP/83E16/2018/02,Arunachal Pradesh,Papum Pare,Yupia-Midpu,NH713A,27.1929,93.7802,Debris,Slide,Debris,Slide,0,,11.67,15.31327869,0.492465437,1
1206,AR/PP/83E12/2018/03,Arunachal Pradesh,Papum Pare,Itanagar-Naharlagun,National Highway 415,27.1076,93.6413,Debris and unconsolidated material,Debris flow and subsidence,Debris,Subsidence,0,,0.36,15.31327869,0.492465437,1
1207,Landslide No. 1,Arunachal Pradesh,Papum Pare,"NH-415, Kachcha Pahar, Gohpur
landslide",NH-415,27.07925,93.59430556,Soil and boulders,Mud flow,Soil cum Boulders,Flow,0,,0.67,15.31327869,0.492465437,1
1208,"Arn/ Papum Pare
/83E/12/2020/02",Arunachal Pradesh,Papum Pare,Tigdo Slide,"Yupia - Potin Road, about 4 km
from Doimukh town.",27.13469444,93.74347222,Unconsolidated rock debris and sandy soil.,Translation (Debris flow),Debris cum Rock cum Soil,Flow,0,,0,15.31327869,0.492465437,1
1213,AR/83E/12/2021/2,Arunachal Pradesh,Papum Pare,D-Sector,"NH415, Itanagar city",27.09589,93.62284,Debris/unconsolidat ed materials,Debris slide,Debris,Slide,0,,3.75,15.31327869,0.492465437,1
1214,AR/83E/12/2021/03,Arunachal Pradesh,Papum Pare,Chandranagar,"NH415, Chandranagar, Itanagar",27.083117,93.601735,Debris and unconsolidated material,Debris slide,Debris,Slide,0,,0.1,15.31327869,0.492465437,1
1236,AR/WKG/78M14/2021/002,Arunachal Pradesh,Tawang,Four Bridge Camp Slide,NH 13,27.583611,91.973056,Debris,Slide,Debris,Slide,0,,30.09,10.39622951,0.407207821,1
1240,"ARN/TWNG/787M14/2016/002
1",Arunachal Pradesh,Tawang,Khremithang slide,Unknown,27.586694,91.871444,Unknown,Slide,Unknown,Slide,1,2016,10.19,15.75081967,0.417831626,1
1241,ARN/TWNG/78M14/2016/0001,Arunachal Pradesh,Tawang,Famla Slide,Unknown,27.587417,91.886944,Debris,Slide,Debris,Slide,1,2016,5.08,12.47786885,0.419771175,1
1242,ARN/TWNG/78M14/2016/0002,Arunachal Pradesh,Tawang,Famla Slide,Unknown,27.587417,91.886944,Unknown,Slide,Unknown,Slide,1,2016,5.08,12.47786885,0.419771175,1
1243,ARN/TWNG/78M14/2016/0016,Arunachal Pradesh,Tawang,Bomdir Supply Slide (Army),Unknown,27.587611,91.894167,Debris,Slide,Debris,Slide,1,2016,1.96,12.47786885,0.419771175,1
1245,ARN/TWNG/78M14/2016/0019,Arunachal Pradesh,Tawang,Thongleng Slide,Unknown,27.58925,91.795667,Rock cum Debris,Slide,Debris cum Rock,Slide,1,2016,33.22,15.75081967,0.417831626,1
1246,ARN/TWNG/78M14/2016/0022,Arunachal Pradesh,Tawang,New Lebrang slide,Unknown,27.589417,91.861444,Unknown,Slide,Unknown,Slide,1,2016,11.28,15.75081967,0.417831626,1
1247,ARN/TWNG/78M14/2016/0007,Arunachal Pradesh,Tawang,"Nyungmadung Slide near 4, 55 Bn.
ITBP camp",Unknown,27.589889,91.881194,Unknown,Slide,Unknown,Slide,1,2016,4.37,12.47786885,0.417831626,1
1217,AR/83E/12/2018/06,Arunachal Pradesh,Papum Pare,Sanki-II,MowII-Senkicircular road,27.10215,93.61371,Debris/unconsolidat ed material,Debris slide,Debris,Slide,0,,6.25,15.31327869,0.492465437,1
1218,ARN/TWG/FM/2016-17/01,Arunachal Pradesh,Tawang,Famla Slide,Unknown,27.58741667,91.88694444,Debris,Slide,Debris,Slide,1,2016,5.08,12.47786885,0.419771175,1
1219,ARN/TWG/FM/2016-17/02,Arunachal Pradesh,Tawang,Famla Slide,Unknown,27.58741667,91.88694444,Earth / soil,Slide,Earth cum Soil,Slide,1,2016,5.08,12.47786885,0.419771175,1
1220,ARN/TWG/NYD/2016-17/06,Arunachal Pradesh,Tawang,Nyungmadung Slide,Unknown,27.59152778,91.88044444,Earth / soil,Flows,Earth cum Soil,Flow,1,2016,2.47,12.47786885,0.417831626,1
1222,ARN/TWG/KHT/2016-17/20,Arunachal Pradesh,Tawang,Khangteng Slide,Unknown,27.50994444,91.85486111,Earth,Slide,Earth,Slide,1,2016,14.79,15.75081967,0.419757855,1
1224,AR/EK/ 83A14/2020-21/31,Arunachal Pradesh,East Kameng,Pakke-Bameng road section slide-10,"Pakke-Bameng road, east of
Tara village",27.561111,92.965278,Rock,Slide,Rock,Slide,0,,4.52,15.14401639,0.407394775,1
1225,AR/EK/ 83A14/2020-21/32,Arunachal Pradesh,East Kameng,"Pakke-Chayang Tajo road section slide-
3",Pakke-Chayang Tajo road,27.562917,92.983139,Debris,Slide,Debris,Slide,0,,9.08,15.14401639,0.407394775,1
1226,AR/EK/ 83A14/2020-21/11,Arunachal Pradesh,East Kameng,Pakke-Tara road section slide-1,Pakke-Bameng road section,27.563167,92.975139,Rock,Slide,Rock,Slide,0,,16.61,15.14401639,0.407394775,1
1252,AR/WKG/78M14/2021/001,Arunachal Pradesh,Tawang,NH 13 Slide 34,NH 13/ S of Jangda,27.591417,91.973083,Soil,Slide,Soil,Slide,0,,12.12,10.39622951,0.407207821,1
1253,ARN/TWNG/78M14/2016/0006,Arunachal Pradesh,Tawang,Nyungmadung Slide,Unknown,27.591528,91.880444,Unknown,Flow,Unknown,Flow,1,2016,2.47,12.47786885,0.417831626,1
1254,ARN/TWNG/78M14/2016/0008,Arunachal Pradesh,Tawang,All India Radio Colony Slide,Unknown,27.591806,91.865028,Unknown,Fall,Unknown,Fall,1,2016,9.34,15.75081967,0.417831626,1
1255,ARN/TWNG/78M14/2016/0009,Arunachal Pradesh,Tawang,Rubrang Slide,Unknown,27.591833,91.865056,Debris,Flow,Debris,Flow,1,2016,9.34,15.75081967,0.417831626,1
1256,ARN/TWNG/78M14/2016/0011,Arunachal Pradesh,Tawang,Topon Colony slide,Unknown,27.592639,91.867528,Unknown,Slide,Unknown,Slide,1,2016,10.09,15.75081967,0.417831626,1
1257,ARN/TWNG/78M14/2016/0012,Arunachal Pradesh,Tawang,Rubray (Shyo) Slide,Unknown,27.592667,91.866222,Debris,Flow,Debris,Flow,1,2016,10.14,15.75081967,0.414468238,1
1258,ARN/TWNG/78M14/2016/0010,Arunachal Pradesh,Tawang,D.C. & S. P. Bungalows Slide,Unknown,27.593139,91.873889,Unknown,Slide,Unknown,Slide,1,2016,2.26,15.75081967,0.414468238,1
1259,ARN/TWNG/78M14/2016/0023,Arunachal Pradesh,Tawang,Changpu sinking zone,Unknown,27.593361,91.879444,Unknown,Subsidence,Unknown,Subsidence,1,2016,2.83,12.47786885,0.417831626,1
1260,ARN/TWNG/78M14/2016/0013,Arunachal Pradesh,Tawang,"Duda Slide (District Urban
Development Authority Colony)",Unknown,27.594833,91.866417,Debris,Slide,Debris,Slide,1,2016,10.33,15.75081967,0.414468238,1
1261,ARN/TWNG/78M14/2016/0014,Arunachal Pradesh,Tawang,MG Road slide,Unknown,27.594861,91.866444,Unknown,Fall,Unknown,Fall,1,2016,10.33,15.75081967,0.414468238,1
1262,ARN/TWNG/78M14/2016/0003,Arunachal Pradesh,Tawang,Shyinteng slide,Unknown,27.595167,91.895444,Debris,Slide,Debris,Slide,1,2016,14.7,12.47786885,0.419771175,1
1263,ARN/TWNG/78M14/2016/0005,Arunachal Pradesh,Tawang,Khinmai Monastery slide,Unknown,27.596278,91.894333,Debris,Slide,Debris,Slide,1,2016,9.74,12.47786885,0.419771175,1
1264,ARN/TWNG/78M14/2016/0024,Arunachal Pradesh,Tawang,SSB Colony slide,Unknown,27.596639,91.878972,Debris,Slide,Debris,Slide,1,2016,4.78,12.47786885,0.417831626,1
1233,AR/WKG/78M14/2021/003,Arunachal Pradesh,Tawang,NH 13 Slide 35,NH 13,27.576806,91.993444,Debris,Slide,Debris,Slide,0,,10.83,10.39622951,0.407207821,1
1234,ARN/TWNG/78M14/2016/0018,Arunachal Pradesh,Tawang,Dumgin Road sinking,Unknown,27.579,91.868639,Unknown,Subsidence,Unknown,Subsidence,1,2016,6.91,15.75081967,0.419771175,1
1235,AR/TAW/78M14/2014/22,Arunachal Pradesh,Tawang,Unknown,NH-13,27.58006,91.97728,Rock cum Debris,Slide,Debris cum Rock,Slide,1,2013,5.69,10.32540984,0.417162568,1
1296,AP/KD/83E09/2021/42,Arunachal Pradesh,Kra Daadi,Near Dabo slide 2,Near Dabo,27.758806,93.609167,Debris,Slide,Debris,Slide,0,,13.49,21.27295082,0.415996209,1
1265,ARN/TWNG/78M14/2016/0025,Arunachal Pradesh,Tawang,Q.M. Store slide,Unknown,27.596639,91.878972,Debris,Slide,Debris,Slide,1,2016,4.78,12.47786885,0.417831626,1
1268,AP/LSB/83E14/2021/35,Arunachal Pradesh,Lower Subansiri,Ziro-Raga slide 2,Ziro-Raga,27.62225,93.840778,Debris,Slide,Debris,Slide,0,,5.08,16.43934426,0.418713593,1
1269,AP/LSB/83E14/2021/34,Arunachal Pradesh,Lower Subansiri,Ziro-Raga slide 1,Ziro-Raga,27.622972,93.841361,Debris,Slide,Debris,Slide,0,,6.46,16.43934426,0.418713593,1
1270,AP/KRA/83E10/2021/33,Arunachal Pradesh,Kra Daadi,Palin Road slide 2,Palin Road,27.637611,93.637722,Debris,Slide,Debris,Slide,0,,8.18,21.27295082,0.415996209,1
1271,AP/LSB/83E14/2021/36,Arunachal Pradesh,Lower Subansiri,Ziro-Raga slide 3,Ziro-Raga,27.63825,93.857583,Debris,Slide,Debris,Slide,0,,12.46,16.43934426,0.418713593,1
1272,AP/LSB/83E14/2021/37,Arunachal Pradesh,Lower Subansiri,Ziro-Raga slide 4,Ziro-Raga,27.649194,93.874,Debris,Slide,Debris,Slide,0,,13.68,16.43934426,0.418713593,1
1273,AP/KRA/83E10/2021/32,Arunachal Pradesh,Kra Daadi,Palin Road slide 1,Palin Road,27.652167,93.632417,Debris,Slide,Debris,Slide,0,,0.51,21.27295082,0.415996209,1
1274,AP/LSB/83E14/2021/38,Arunachal Pradesh,Lower Subansiri,13 km North of Ziro,North of Ziro,27.656,93.877472,Soil,Slide,Soil,Slide,0,,13.1,16.43934426,0.418713593,1
1275,AP/WSG/83I09/2021/118,Arunachal Pradesh,West Siang,Likabali petrol pump slide,Likabali petrol pump,27.662194,94.702667,Debris,Slide,Debris,Slide,0,,14.55,18.93540984,0.409689037,1
1276,AP/WSG/83I09/2021/117,Arunachal Pradesh,West Siang,Likabali road slide 3,Likabali road,27.664972,94.693861,Debris,Slide,Debris,Slide,0,,10.24,18.93540984,0.409689037,1
1277,AP/LSB/83E14/2021/40,Arunachal Pradesh,Lower Subansiri,Ziro-Raga slide 2,Ziro-Raga,27.665417,93.892222,Debris,Slide,Debris,Slide,0,,0.31,16.43934426,0.418713593,1
1278,AP/LSB/83E14/2021/39,Arunachal Pradesh,Lower Subansiri,Ziro-Raga slide 1,Ziro-Raga,27.666556,93.891861,Debris,Slide,Debris,Slide,0,,4.78,16.43934426,0.418713593,1
1279,AP/KRA/83E10/2021/31,Arunachal Pradesh,Kra Daadi,Palin-Yazuli road slide,Palin-Yazuli road,27.668278,93.629472,Debris,Slide,Debris,Slide,0,,4.26,21.27295082,0.415996209,1
1280,AP/KRA/83E10/2021/30,Arunachal Pradesh,Kra Daadi,Potin-Ziro road slide,Potin-Ziro road,27.668611,93.63,Debris,Slide,Debris,Slide,0,,4.78,21.27295082,0.415996209,1
1251,ARN/TWNG/78M14/2016/0004,Arunachal Pradesh,Tawang,Namet Slide,Unknown,27.591389,91.9025,Rock cum Debris,Slide,Debris cum Rock,Slide,1,2016,9.49,12.47786885,0.419771175,1
1311,AP/KD/83E09/2021/44,Arunachal Pradesh,Kra Daadi,Near Pitak slide 1,Near Pitak,27.78,93.456231,Debris,Slide,Debris,Slide,0,,0.15,21.27295082,0.415996209,1
1312,AP/KD/83E09/2021/43,Arunachal Pradesh,Kra Daadi,Near Pitak slide 2,Near Pitak,27.781792,93.477942,Debris,Slide,Debris,Slide,0,,18.62,21.27295082,0.415996209,1
1281,AP/WSG/83I09/2021/116,Arunachal Pradesh,West Siang,Likabali road slide 2,Likabali road,27.683889,94.682444,Rock,Slide,Rock,Slide,0,,0.98,18.93540984,0.409689037,1
1282,AP/WSG/83I09/2021/115,Arunachal Pradesh,West Siang,Likabali road slide 1,Likabali road,27.688,94.67875,Rock,Slide,Rock,Slide,0,,1.39,18.93540984,0.409689037,1
1283,AP/WSG/83I09/2021/114,Arunachal Pradesh,West Siang,NE of Likabali Police check-post slide,NE of Likabali Police check-post,27.688583,94.681,Rock,Slide,Rock,Slide,0,,0.21,18.93540984,0.409689037,1
1285,AP/WSG/83I09/2021/113,Arunachal Pradesh,West Siang,Magi-Likabali road section slide 2,Magi-Likabali road section,27.703222,94.67275,Rock,Slide,Rock,Slide,0,,1.03,18.93540984,0.409689037,1
1286,AP/WSG/83I09/2021/112,Arunachal Pradesh,West Siang,Magi-Likabali road section slide 1,Magi-Likabali road section,27.70625,94.673833,Rock,Slide,Rock,Slide,0,,1.75,18.93540984,0.409689037,1
1287,AP/WSG/83I09/2021/102,Arunachal Pradesh,West Siang,Garu-Siji road section slide 1,Garu-Siji road section,27.720444,94.721528,Rock,Slide,Rock,Slide,0,,2.01,18.93540984,0.409689037,1
1288,AP/KM/83I01/2021/8,Arunachal Pradesh,Kamle,"East of Tamen Suspension Bridge slide
2",E of Tamen bridge,27.751917,94.023472,Debris,Slide,Debris,Slide,0,,17.73,15.06508197,0.411166291,1
1289,AP/WSG/83I09/2021/111,Arunachal Pradesh,West Siang,Garu-Siji road section slide 9,Garu-Siji road section,27.752611,94.7175,Rock,Slide,Rock,Slide,0,,2.47,18.93540984,0.409689037,1
1290,AP/KM/83I01/2021/7,Arunachal Pradesh,Kamle,"East of Tamen Suspension Bridge
slide1",E of Tamen Suspension Bridge,27.754056,94.018528,Debris,Slide,Debris,Slide,0,,19.99,15.06508197,0.411166291,1
1291,AP/WSG/83I09/2021/110,Arunachal Pradesh,West Siang,Garu-Siji road section slide 8,Garu-Siji road section,27.754806,94.715444,Rock,Slide,Rock,Slide,0,,10.14,18.93540984,0.409689037,1
1292,AP/KD/83E09/2021/46,Arunachal Pradesh,Kra Daadi,West of Taya slide 1,W of Taya,27.756511,93.417861,Debris,Slide,Debris,Slide,0,,1.03,21.27295082,0.415996209,1
1293,AP/KD/83E09/2021/45,Arunachal Pradesh,Kra Daadi,West of Taya slide 2,W of Taya,27.756778,93.436761,soil,Slide,Soil,Slide,0,,15.47,21.27295082,0.415996209,1
1294,AP/WSG/83I09/2021/109,Arunachal Pradesh,West Siang,Siji Camp slide,NE of Siji Camp,27.757417,94.716167,Rock,Slide,Rock,Slide,0,,13.34,18.93540984,0.409689037,1
1295,AP/LS/83E09/2021/05,Arunachal Pradesh,Lower Subansiri,Tamen slide 2,Near Tamen,27.758611,93.997222,Debris,Slide,Debris,Slide,0,,6.51,16.43934426,0.418713593,1
1327,AP/KK/83E09/2021/32,Arunachal Pradesh,Kurung Kumey,Byasi village slide 1,Byasi village,27.801194,93.541667,Debris,Slide,Debris,Slide,0,,7.83,18.74229508,0.408839173,1
1328,AP/KK/83E09/2021/31,Arunachal Pradesh,Kurung Kumey,Byasi village slide 2,Byasi village,27.803972,93.543083,Debris,Slide,Debris,Slide,0,,9.34,18.74229508,0.408839173,1
1297,AP/KM/83I01/2021/9,Arunachal Pradesh,Kamle,3km SE of Raga Village slide,SE of Raga Village,27.758889,94.059833,Rock,Slide,Rock,Slide,0,,16.8,15.06508197,0.411166291,1
1298,AP/KM/83I01/2021/6,Arunachal Pradesh,Kamle,4km S of Raga Village slide,S of Raga Village,27.759361,94.047083,Rock,Slide,Rock,Slide,0,,8.83,15.06508197,0.411166291,1
1299,AP/WSG/83I09/2021/108,Arunachal Pradesh,West Siang,Garu-Siji road section slide 7,Garu-Siji road section,27.759556,94.712333,Rock,Slide,Rock,Slide,0,,0.72,18.93540984,0.409689037,1
1300,AP/WSG/83I09/2021/107,Arunachal Pradesh,West Siang,Garu-Siji road section slide 6,Garu-Siji road section,27.760194,94.712278,Rock,Slide,Rock,Slide,0,,2.01,18.93540984,0.409689037,1
1301,AP/LS/83E09/2021/02,Arunachal Pradesh,Lower Subansiri,Tamen slide 3,Near Tamen,27.760889,93.990806,Debris,Slide,Debris,Slide,0,,2.16,16.43934426,0.418713593,1
1302,AP/LS/83E09/2021/01,Arunachal Pradesh,Lower Subansiri,Tamen slide 1,Near Tamen,27.760917,93.995583,Rock,Slide,Rock,Slide,0,,8.83,16.43934426,0.418713593,1
1303,AP/WSG/83I09/2021/106,Arunachal Pradesh,West Siang,Garu-Siji road section slide 5,Garu-Siji road section,27.762,94.712278,Debris,Slide,Debris,Slide,0,,5.29,18.93540984,0.409689037,1
1304,AP/KD/83E09/2021/41,Arunachal Pradesh,Kra Daadi,Near Dabo slide 1,Near Dabo,27.763444,93.608278,Debris,Slide,Debris,Slide,0,,19.86,21.27295082,0.415996209,1
1305,AP/LS/83E09/2021/03,Arunachal Pradesh,Lower Subansiri,Tamen slide 4,Near Tamen,27.763722,93.992333,Debris,Slide,Debris,Slide,0,,14.79,16.43934426,0.418713593,1
1306,AP/KD/83E09/2021/40,Arunachal Pradesh,Kra Daadi,Upper Mer slide 3,W of Upper Mer,27.772194,93.59325,Debris,Slide,Debris,Slide,0,,19.26,21.27295082,0.415996209,1
1307,AP/LS/83E09/2021/04,Arunachal Pradesh,Lower Subansiri,Tamen slide 5,Near Tamen,27.773556,93.969778,Debris,Slide,Debris,Slide,0,,7.17,16.43934426,0.418713593,1
1308,AP/KD/83E09/2021/39,Arunachal Pradesh,Kra Daadi,Upper Mer slide 4,Upper Mer,27.773847,93.595528,Debris,Slide,Debris,Slide,0,,26.99,21.27295082,0.415996209,1
1309,AP/WSG/83I09/2021/105,Arunachal Pradesh,West Siang,Garu-Siji road section slide 4,Garu-Siji road section,27.773972,94.7135,Rock,Slide,Rock,Slide,0,,2.67,18.93540984,0.409689037,1
1310,AP/WSG/83I09/2021/104,Arunachal Pradesh,West Siang,Garu-Siji road section slide 3,Garu-Siji road section,27.777278,94.715583,Debris,Slide,Debris,Slide,0,,1.6,18.93540984,0.409689037,1
1343,AP/US/83E09/2021/10,Arunachal Pradesh,Upper Subansiri,Radum village slide 1,Radum village,27.827806,93.972167,Debris,Slide,Debris,Slide,0,,10.14,15.7304918,0.414625717,1
1344,AP/LS/83E09/2021/09,Arunachal Pradesh,Lower Subansiri,Riaga slide 2,Near Riaga,27.82925,93.911194,Debris,Slide,Debris,Slide,0,,19.99,16.43934426,0.418713593,1
1313,AP/KK/83E09/2021/36,Arunachal Pradesh,Kurung Kumey,Lower Gida slide,Lower Gida,27.782139,93.546139,Debris,Slide,Debris,Slide,0,,10.19,18.74229508,0.408839173,1
1314,AP/KD/83E09/2021/38,Arunachal Pradesh,Kra Daadi,Upper Mer slide 1,N of Upper Mer,27.783667,93.600806,Debris,Slide,Debris,Slide,0,,9.64,21.27295082,0.415996209,1
1315,AP/WSG/83I09/2021/103,Arunachal Pradesh,West Siang,Garu-Siji road section slide 2,Garu-Siji road section,27.786833,94.720111,Rock,Slide,Rock,Slide,0,,2.37,18.93540984,0.409689037,1
1316,AP/WSG/83I09/2021/101,Arunachal Pradesh,West Siang,Siji Camp slide,NE of Siji Camp,27.788194,94.724194,Rock,Slide,Rock,Slide,0,,1.13,18.93540984,0.409689037,1
1317,AP/KK/83E09/2021/34,Arunachal Pradesh,Kurung Kumey,Powak Korar slide,Powak Korar,27.788389,93.526528,Debris,Slide,Debris,Slide,0,,14.41,18.74229508,0.408839173,1
1318,AP/KK/83E09/2021/35,Arunachal Pradesh,Kurung Kumey,Sangme slide,Sangme,27.788639,93.539667,Debris,Slide,Debris,Slide,0,,4.88,18.74229508,0.408839173,1
1319,AR/LS/83I13/2022/102,Arunachal Pradesh,Lower Siang,Old Deka village Slide 1,Old Deka road,27.790489,94.958147,Debris,Slide,Debris,Slide,0,,15.08,18.53622951,0.40366127,1
1320,AR/LS/83I13/2022/103,Arunachal Pradesh,Upper Siang,Old Deka village Slide 2,Old Deka road,27.793761,94.959097,Debris,Slide,Debris,Slide,0,,4.67,17.53991803,0.40713627,1
1321,AP/WSG/83I09/2021/100,Arunachal Pradesh,West Siang,Garu-Siji road section slide 1,Garu-Siji road section,27.793917,94.728806,Rock,Slide,Rock,Slide,0,,0.46,18.93540984,0.409689037,1
1322,AP/WSG/83I09/2021/99,Arunachal Pradesh,West Siang,Garo- Basar road slide 7,Garo-Basar road section,27.794333,94.73075,Rock,Slide,Rock,Slide,0,,0.67,18.93540984,0.409689037,1
1323,AP/KD/83E09/2021/37,Arunachal Pradesh,Kra Daadi,Upper Mer slide 2,N of Upper Mer,27.794583,93.597306,Debris,Slide,Debris,Slide,0,,22.1,21.27295082,0.415996209,1
1324,AP/WSG/83I09/2021/98,Arunachal Pradesh,West Siang,Garo- Basar road slide 6,Garo-Basar road section,27.797389,94.735333,Rock,Slide,Rock,Slide,0,,7.37,18.93540984,0.409689037,1
1325,AP/US/83E09/2021/06,Arunachal Pradesh,Upper Subansiri,Belo village slide,Belo village,27.797806,93.96175,Debris,Slide,Debris,Slide,0,,22.76,15.7304918,0.414625717,1
1326,AP/KK/83E09/2021/33,Arunachal Pradesh,Kurung Kumey,Tachek slide,Tachek,27.801194,93.541944,Debris,Slide,Debris,Slide,0,,7.83,18.74229508,0.408839173,1
1359,AR/WS/83I13/2022/096,Arunachal Pradesh,West Siang,Likabali-Aalo road Slide 5,Likabali-Aalo road,27.858889,94.78875,Debris,Slide,Debris,Slide,0,,3.96,18.93540984,0.409689037,1
1360,AR/WS/83I13/2022/097,Arunachal Pradesh,West Siang,Likabali-Aalo road Slide 6,Likabali-Aalo road,27.858972,94.783917,Debris,Slide,Debris,Slide,0,,7.67,18.93540984,0.409689037,1
1329,AP/WSG/83I09/2021/97,Arunachal Pradesh,West Siang,Garo- Basar road slide 5,Garo-Basar road section,27.804361,94.715056,Rock,Slide,Rock,Slide,0,,8.58,18.93540984,0.409689037,1
1330,AP/WSG/83I09/2021/96,Arunachal Pradesh,West Siang,Ego- Basar road slide 2,Ego-Basar road section,27.804944,94.719861,Rock,Slide,Rock,Slide,0,,8.58,18.93540984,0.409689037,1
1331,AP/KM/83I01/2021/3,Arunachal Pradesh,Kamle,Hardampo slide,Hardampo,27.813833,94.134333,Debris,Slide,Debris,Slide,0,,3.55,15.06508197,0.411166291,1
1332,AP/KK/83E09/2021/18,Arunachal Pradesh,Kurung Kumey,Rowa village slide,Near Rowa village,27.814806,93.521,Rock,Slide,Rock,Slide,0,,6.91,18.74229508,0.408839173,1
1333,AP/KM/83I01/2021/4,Arunachal Pradesh,Kamle,Orokem slide,Orokem,27.81975,94.138722,Debris,Slide,Debris,Slide,0,,4.47,15.06508197,0.411166291,1
1334,AP/US/83E09/2021/17,Arunachal Pradesh,Upper Subansiri,Gangte village slide,Gangte village,27.81975,93.945556,Debris,Slide,Debris,Slide,0,,12.31,15.7304918,0.414625717,1
1335,AP/WSG/83I09/2021/94,Arunachal Pradesh,West Siang,Garo- Basar road slide 4,Garo-Basar road section,27.821278,94.730278,Debris,Slide,Debris,Slide,0,,18.15,18.93540984,0.409689037,1
1336,AP/KM/83I01/2021/1,Arunachal Pradesh,Kamle,4km NE of Raga slide,NE of Raga,27.821861,94.104806,Debris,Slide,Debris,Slide,0,,0.46,15.06508197,0.411166291,1
1337,AP/WSG/83I09/2021/95,Arunachal Pradesh,West Siang,Ego- Basar road slide 1,Ego-Basar road section,27.821889,94.730417,Debris,Slide,Debris,Slide,0,,18.34,18.93540984,0.409689037,1
1338,AP/KM/83I01/2021/2,Arunachal Pradesh,Kamle,Kemlico slide,Kemlico,27.822556,94.135417,Debris,Slide,Debris,Slide,0,,12.41,15.06508197,0.411166291,1
1339,AP/WSG/83I09/2021/93,Arunachal Pradesh,West Siang,Garo- Basar road slide 3,Garo-Basar road section,27.823139,94.732972,Debris,Slide,Debris,Slide,0,,20.45,18.93540984,0.409689037,1
1340,AP/WSG/83I09/2021/92,Arunachal Pradesh,West Siang,Garo- Basar road slide 2,Garo-Basar road section,27.824889,94.739556,Debris,Slide,Debris,Slide,0,,23.15,18.93540984,0.409689037,1
1341,AP/WSG/83I09/2021/91,Arunachal Pradesh,West Siang,Garo- Basar road slide 1,Garo-Basar road section,27.825694,94.747,Rock,Slide,Rock,Slide,0,,15.23,18.93540984,0.409689037,1
1342,AP/US/83E09/2021/11,Arunachal Pradesh,Upper Subansiri,Radum village slide 2,Radum village,27.827472,93.972556,Debris,Slide,Debris,Slide,0,,10.73,15.7304918,0.414625717,1
1375,AP/KK/83E09/2021/26,Arunachal Pradesh,Kurung Kumey,Koloriang slide 4,East of Koloriang,27.897722,93.406306,Debris,Slide,Debris,Slide,0,,15.13,18.74229508,0.408839173,1
1376,AP/KK/83E09/2021/25,Arunachal Pradesh,Kurung Kumey,Koloriang slide 3,East of Koloriang,27.898806,93.408444,Debris,Slide,Debris,Slide,0,,23.24,18.74229508,0.408839173,1
1345,AP/KM/83I01/2021/5,Arunachal Pradesh,Kamle,2km NW of Godak Village slide,NW of Godak Village,27.8305,94.157444,Rock,Fall,Rock,Fall,0,,16.42,15.06508197,0.411166291,1
1346,AP/LS/83E09/2021/08,Arunachal Pradesh,Lower Subansiri,Riaga slide 1,Near Riaga,27.830944,93.917028,soil,Slide,Soil,Slide,0,,19.63,16.43934426,0.418713593,1
1347,AP/KK/83E09/2021/19,Arunachal Pradesh,Kurung Kumey,Nibi village slide,Nibi village,27.83275,93.504417,Debris,Slide,Debris,Slide,0,,3.03,18.74229508,0.408839173,1
1348,AP/US/83E09/2021/12,Arunachal Pradesh,Upper Subansiri,Hebang village slide,Hebang village,27.833306,93.978611,Debris,Slide,Debris,Slide,0,,1.29,15.7304918,0.414625717,1
1349,AR/WS/82I13/2022/092,Arunachal Pradesh,West Siang,Likabali-Aalo road Slide 1,Silapathar- Rilu road,27.834083,94.768972,Debris,Slide,Debris,Slide,0,,4.37,18.93540984,0.409689037,1
1350,AP/LS/83E09/2021/07,Arunachal Pradesh,Lower Subansiri,Baring village slide,Baring village,27.8345,93.933694,Debris,Slide,Debris,Slide,0,,12.51,16.43934426,0.418713593,1
1351,AP/US/83E09/2021/13,Arunachal Pradesh,Upper Subansiri,Luba village slide 3,Luba village,27.83875,93.977278,Debris,Slide,Debris,Slide,0,,17.64,15.7304918,0.414625717,1
1352,AP/US/83E09/2021/14,Arunachal Pradesh,Upper Subansiri,Luba village slide 2,Luba village,27.83975,93.977444,Debris,Slide,Debris,Slide,0,,18.76,15.7304918,0.414625717,1
1353,AR/WS/83I13/2022/091,Arunachal Pradesh,West Siang,S of Rilu village Slide,Near Rilu village,27.839817,94.778642,Debris,Slide,Debris,Slide,0,,11.57,18.93540984,0.409689037,1
1354,AP/US/83E09/2021/15,Arunachal Pradesh,Upper Subansiri,Luba village slide 4,Luba village,27.840167,93.980861,Debris,Slide,Debris,Slide,0,,8.68,15.7304918,0.414625717,1
1355,AR/WS/82I13/2022/093,Arunachal Pradesh,West Siang,Likabali-Aalo road Slide 2,Silapathar- Basar road,27.840972,94.771167,Debris,Slide,Debris,Slide,0,,12.22,18.93540984,0.409689037,1
1356,AP/US/83E09/2021/16,Arunachal Pradesh,Upper Subansiri,Luba village slide 1,Luba village,27.844444,93.973944,Debris,Slide,Debris,Slide,0,,15.51,15.7304918,0.414625717,1
1357,AR/WS/83I13/2022/094,Arunachal Pradesh,West Siang,Likabali-Aalo road Slide 3,Silapathar- Basar road,27.847111,94.783139,Debris,Slide,Debris,Slide,0,,5.9,18.93540984,0.409689037,1
1358,AP/KK/83E09/2021/30,Arunachal Pradesh,Kurung Kumey,New Dillang slide,Dillang new,27.854583,93.484722,Debris,Slide,Debris,Slide,0,,8.08,18.74229508,0.408839173,1
1391,AP/LEP/83I09/2021/87,Arunachal Pradesh,Lepa Rada,Kamdak-Basar road slide,Kamdak-Basar road section,27.914944,94.721806,Rock,Slide,Rock,Slide,0,,13.88,19.09811475,0.412407445,1
1392,AR/LOH/92A05/2014/50,Arunachal Pradesh,Lohit,Unknown,NH-52,27.91636,96.33392,Rock,Fall,Rock,Fall,1,2013,9.03,17.96967213,0.480450137,1
1361,AR/WS/83I13/2022/095,Arunachal Pradesh,West Siang,Likabali-Aalo road Slide 4,Likabali-Aalo road,27.859444,94.789222,Rock,Slide,Rock,Slide,0,,1.6,18.93540984,0.409689037,1
1362,AP/KK/83E09/2021/20,Arunachal Pradesh,Kurung Kumey,Relung New camp slide 2,Relung New camp,27.863722,93.473389,Debris,Slide,Debris,Slide,0,,2.26,18.74229508,0.408839173,1
1363,AP/KK/83E09/2021/21,Arunachal Pradesh,Kurung Kumey,Relung New camp slide 1,NW of Relung New camp,27.866083,93.467306,Debris,Slide,Debris,Slide,0,,12.76,18.74229508,0.408839173,1
1364,AP/KK/83E09/2021/22,Arunachal Pradesh,Kurung Kumey,Nainital Kathgodam slide,Nainital Kathgodam,27.86775,93.465861,Debris,Slide,Debris,Slide,0,,19.95,18.74229508,0.408839173,1
1365,AR/WS/83I13/2022/098,Arunachal Pradesh,West Siang,Likabali-Aalo road Slide 7,Likabali-Aalo road,27.868667,94.787083,Rock,Slide,Rock,Slide,0,,3.39,18.93540984,0.409689037,1
1366,AR/WS/83I13/2022/099,Arunachal Pradesh,West Siang,S of Daring Slide,Daring road,27.870361,94.817861,Debris,Slide,Debris,Slide,0,,6.91,18.93540984,0.409689037,1
1367,AP/KK/83E09/2021/23,Arunachal Pradesh,Kurung Kumey,Kele Village slide 3,Kele Village,27.872722,93.456306,Debris,Slide,Debris,Slide,0,,13.44,18.74229508,0.408839173,1
1368,AP/KK/83E09/2021/24,Arunachal Pradesh,Kurung Kumey,Kele Village slide 2,Kele Village,27.874667,93.452917,Debris,Slide,Debris,Slide,0,,11.77,18.74229508,0.408839173,1
1369,AR/LOH/92A05/2014/05,Arunachal Pradesh,Lohit,Unknown,NH 52,27.87469,96.35986,Rock,Slide,Rock,Slide,1,2014,4.88,17.26721311,0.479092213,1
1370,AR/LOH/92A05/2014/01,Arunachal Pradesh,Lohit,Unknown,NH 52,27.87825,96.36614,Rock,Fall,Rock,Fall,1,2014,25.46,21.83196721,0.479092213,1
1371,AP/KK/83E09/2021/29,Arunachal Pradesh,Kurung Kumey,Kele village slide 1,NW of Kele village,27.882056,93.444333,Debris,Slide,Debris,Slide,0,,7.42,18.74229508,0.408839173,1
1372,AR/LOH/92A05/2014/02,Arunachal Pradesh,Lohit,Unknown,NH 52,27.89311,96.36336,Rock,Fall,Rock,Fall,1,2014,9.89,21.83196721,0.484461749,1
1373,AR/WS/83I13/2022/100,Arunachal Pradesh,West Siang,NE of Daring Slide 1,Daring road,27.893389,94.842194,Soil,Slide,Soil,Slide,0,,25.08,18.93540984,0.409689037,1
1374,AR/WS/83I13/2022/101,Arunachal Pradesh,West Siang,NE of Daring Slide 2,Daring road,27.897361,94.844111,Rock,Slide,Rock,Slide,0,,25.12,18.93540984,0.409689037,1
73,AS/CHR/83C12/2020/6,Assam,Cachar,NH -27 slide 2,"NH-27(Old NH-54E, Silchar-
Lumding road)",25.01,92.75,Debris,Slide,Debris,Slide,0,,5.69,16.40983607,0.487502186,1
74,AS/CHR/83C12/2020/7,Assam,Cachar,NH -27 slide 1,"NH-27(Old NH-54E, Silchar-
Lumding road)",25.01,92.75,Debris,Slide,Debris,Slide,0,,5.69,16.40983607,0.487502186,1
75,AS/CHR/83C12/2020/4,Assam,Cachar,Jatinga River slide-2,Damchara,25.01,92.73,Debris,Slide,Debris,Slide,0,,15.75,16.40983607,0.487502186,1
76,AS/DIM/83C16/2017/10,Assam,Dima Hasao,Miyunkro1,NH54,25.010379,92.75482,Debris,Slide,Debris,Slide,0,,1.13,8.835655738,0.458326947,1
77,AS/DIM/83C16/2017/41,Assam,Dima Hasao,Durbintola4,NH54,25.01856,92.77011,Debris,Slide,Debris,Slide,0,,1.18,8.835655738,0.458326947,1
78,AS/DIM/83C16/2018/49,Assam,Dima Hasao,Durbintola5,NH53,25.019029,92.770549,Debris,Slide,Debris,Slide,0,,1.18,8.835655738,0.458326947,1
1381,AR/ANJ/92A05/2014/19,Arunachal Pradesh,Lohit,Unknown,NH-52,27.90475,96.34811,Debris,Fall,Debris,Fall,1,2013,7.17,17.96967213,0.474393784,1
1382,AR/LOH/92A05/2014/04,Arunachal Pradesh,Lohit,Unknown,NH 52,27.90581,96.35933,Rock,Fall,Rock,Fall,1,2014,5.9,21.83196721,0.484461749,1
1383,AR/ANJ/92A05/2014/20,Arunachal Pradesh,Lohit,Unknown,NH-52,27.90664,96.35964,Rock,Slide,Rock,Slide,1,2013,10.58,17.96967213,0.480450137,1
1384,AR/LOH/92A05/2014/06,Arunachal Pradesh,Lohit,Unknown,NH 52,27.90772,96.34517,Rock,Fall,Rock,Fall,1,2014,3.09,21.83196721,0.484461749,1
1385,AR/LOH/92A05/2014/52,Arunachal Pradesh,Lohit,Unknown,NH-52,27.90814,96.36028,Rock,Slide,Rock,Slide,1,2013,13,17.96967213,0.480450137,1
1386,AP/LEP/83I09/2021/88,Arunachal Pradesh,Lepa Rada,Ego-Yamin Basar road slide 1,Ego-Yamin Basar road section,27.909278,94.736111,Debris,Slide,Debris,Slide,0,,0.72,19.09811475,0.412407445,1
1387,AP/LEP/83I09/2021/90,Arunachal Pradesh,Lepa Rada,Ego-Yamin Basar road slide 3,Ego-Yamin Basar road section,27.910417,94.739528,Debris,Slide,Debris,Slide,0,,12.17,19.09811475,0.412407445,1
1388,AR/ANJ/92A05/2014/18,Arunachal Pradesh,Lohit,Unknown,Tohangam-Hayuliang Road,27.91164,96.34269,Rock cum Debris,Slide,Debris cum Rock,Slide,1,2014,11.33,21.83196721,0.484461749,1
1389,AP/LEP/83I09/2021/79,Arunachal Pradesh,Lepa Rada,Garo- Basar road section slide 1,Garo to Basar road,27.912806,94.726972,Rock,Slide,Rock,Slide,0,,4.06,19.09811475,0.412407445,1
1390,AP/LEP/83I09/2021/89,Arunachal Pradesh,Lepa Rada,Ego-Yamin Basar road slide 2,Ego-Yamin Basar road section,27.913333,94.737472,Debris,Slide,Debris,Slide,0,,4.57,19.09811475,0.412407445,1
1404,AR/LD/82P04/2022/033,Arunachal Pradesh,Lower Dibang Valley,West of Ledum Slide 1,Naer to Ledum village,27.944389,95.117586,Rock,Slide,Rock,Slide,0,,4.93,18.48991803,0.477602664,1
1405,AP/LEP/83I09/2021/81,Arunachal Pradesh,Lepa Rada,Garo- Basar road section slide 1,Garo- Basar road section,27.944444,94.692528,Rock,Slide,Rock,Slide,0,,2.21,19.09811475,0.412407445,1
1407,AR/LD/82P04/2022/034,Arunachal Pradesh,Lower Dibang Valley,West of Ledum Slide 2,Naer to Ledum village,27.951306,95.074056,Debris,slide,Debris,Slide,0,,0.87,18.48991803,0.477602664,1
1408,AR/LOH/92A05/2014/10,Arunachal Pradesh,Lohit,Unknown,Tohangam-Hayuliang Road,27.95603,96.40267,Debris,Slide,Debris,Slide,1,2014,13.2,17.26721311,0.479092213,1
1377,AP/KK/83E09/2021/28,Arunachal Pradesh,Kurung Kumey,Koloriang slide 1,Near Koloriang,27.903389,93.370361,Debris,Slide,Debris,Slide,0,,19.95,18.74229508,0.408839173,1
1378,AP/KK/83E09/2021/27,Arunachal Pradesh,Kurung Kumey,Koloriang slide 2,Near Koloriang,27.903417,93.371722,Debris,Slide,Debris,Slide,0,,22.85,18.74229508,0.408839173,1
1379,AR/LOH/92A05/2014/03,Arunachal Pradesh,Lohit,Unknown,NH 52,27.90417,96.35869,Rock cum Debris,Slide,Debris cum Rock,Slide,1,2014,5.85,21.83196721,0.484461749,1
1380,AR/ANJ/92A05/2014/21,Arunachal Pradesh,Lohit,Unknown,NH-52,27.90467,96.35917,Rock,Slide,Rock,Slide,1,2013,4.21,17.96967213,0.480450137,1
95,AS/DIM/83C16/2017/23,Assam,Dima Hasao,Bandarkhal7,NH54,25.049444,92.79725,Soil,Slide,Soil,Slide,0,,6.81,8.835655738,0.458326947,1
64,AS/CHR/83D09/2020/9,Assam,Cachar,Khurkurie slide,Khurkurie,24.99,92.6,Debris,Slide,Debris,Slide,0,,2.83,16.40983607,0.487502186,1
66,AS/CHR/83D13/2020/2,Assam,Cachar,Balichhara slide-2,"NH-27(Old NH-54E, Silchar-
Lumding road)",24.99,92.75,Debris,Slide,Debris,Slide,0,,5.08,16.40983607,0.487502186,1
67,AS/CAC/83H01/2018/42,Assam,Cachar,Bara Arkap_1,"Raja Bazaar ΓÇôBara Arkap
road.",24.993,93.161583,Debris,Slide,Debris,Slide,0,,1.75,16.40983607,0.487502186,1
68,AS/CAC/83H01/2018/43,Assam,Cachar,Bara Arkap_2,"Raza Bazaar ΓÇôBara Arkap
Highway.",24.99561,93.16261,Debris,Slide,Debris,Slide,0,,0.62,16.40983607,0.487502186,1
69,AS/CHR/83D05/2020/1,Assam,Cachar,Natanpur slide,Natanpur,25,92.43,Debris,Slide,Debris,Slide,0,,2.16,16.40983607,0.487502186,1
70,AS/DIM/83G4/2015/61,Assam,Dima Hasao,Jenam Ghat road,"State Highway, 3 km before
Jenam Ghat",25.003,93.164,Earth,Slide,Earth,Slide,0,,2.83,8.835655738,0.458326947,1
72,AS/CHR/83C12/2020/5,Assam,Cachar,New Jatinga slide,"NH-27(Old NH-54E, Silchar-
Lumding road)",25.01,92.75,Debris,Slide,Debris,Slide,0,,5.69,16.40983607,0.487502186,1
1419,AR/ANJ/92A05/2014/54,Arunachal Pradesh,Anjaw,Unknown,Tezu-Hayuliang road,27.98728,96.41208,Debris,Slide,Debris,Slide,1,2013,21.66,17.96967213,0.474393784,1
1421,AR/LPD/82L12/2021/09,Arunachal Pradesh,Lepa Rada,Tai-Daporijo Road Slide,Tai-Daporijo Road,27.995889,94.525941,Rock-cum-Debris,Slide,Debris cum Rock,Slide,0,,11.43,19.09811475,0.412407445,1
1422,AP/US/83I01/2021/10,Arunachal Pradesh,Upper Subansiri,2km E of Daporijo slide,E of Daporijo,28.003861,94.201944,Debris,Slide,Debris,Slide,0,,1.49,15.7304918,0.414625717,1
1423,AP/US/83I01/2021/11,Arunachal Pradesh,Upper Subansiri,2.2 km E of Daporijo town slide,E of Daporijo town,28.005389,94.201306,Debris,Slide,Debris,Slide,0,,2.78,15.7304918,0.414625717,1
1424,AR/ANJ/91D08/2014/17,Arunachal Pradesh,Anjaw,Unknown,Tohangam-Hayuliang Road,28.00611,96.42872,Debris,Slide,Debris,Slide,1,2014,15.8,21.38196721,0.479092213,1
1393,AR/LOH/92A05/2014/49,Arunachal Pradesh,Lohit,Unknown,NH-52,27.91647,96.33161,Rock,Slide,Rock,Slide,1,2013,11.57,17.96967213,0.480450137,1
1394,AR/LOH/92A05/2014/51,Arunachal Pradesh,Lohit,Unknown,NH-52,27.91669,96.33833,Rock cum Debris,Slide,Debris cum Rock,Slide,1,2013,9.79,17.96967213,0.480450137,1
1395,AR/LOH/92A05/2014/07,Arunachal Pradesh,Lohit,Unknown,Tohangam-Hayuliang Road,27.91886,96.33156,Rock,Slide,Rock,Slide,1,2014,26.33,21.83196721,0.431773224,1
1396,AR/LOH/92A05/2014/24,Arunachal Pradesh,Lohit,Unknown,Tezu-Hayuliang road,27.91897,96.33108,Rock,Slide,Rock,Slide,1,2013,26.33,17.96967213,0.426830943,1
1397,AP/LEP/83I09/2021/86,Arunachal Pradesh,Lepa Rada,Pagi-Basar road slide,Pagi- Basar road section,27.933611,94.703472,Rock,Slide,Rock,Slide,0,,0.41,19.09811475,0.412407445,1
1398,AP/LEP/83I09/2021/85,Arunachal Pradesh,Lepa Rada,Garo- Basar road section slide 5,Garo- Basar road section,27.937861,94.702139,Rock,Slide,Rock,Slide,0,,2.57,19.09811475,0.412407445,1
1399,AP/LEP/83I09/2021/84,Arunachal Pradesh,Lepa Rada,Garo- Basar road section slide 4,Garo- Basar road section,27.938056,94.700306,Rock,Slide,Rock,Slide,0,,3.29,19.09811475,0.412407445,1
1400,AR/LOH/92A05/2014/08,Arunachal Pradesh,Lohit,Unknown,Tohangam-Hayuliang Road,27.93967,96.38097,Debris,Slide,Debris,Slide,1,2014,25.08,21.38196721,0.484461749,1
1402,AP/LEP/83I09/2021/83,Arunachal Pradesh,Lepa Rada,Garo- Basar road section slide 3,Garo- Basar road section,27.94175,94.695694,Rock,Slide,Rock,Slide,0,,0,19.09811475,0.412407445,1
1403,AP/LEP/83I09/2021/82,Arunachal Pradesh,Lepa Rada,Garo- Basar road section slide 2,Garo- Basar road section,27.942917,94.694528,Rock,Slide,Rock,Slide,0,,0.15,19.09811475,0.412407445,1
1434,AR/LPD/82L12/2021/03,Arunachal Pradesh,Lepa Rada,Tirbin Slide,Within Tirbin Township,28.022667,94.574294,Debris,Slide,Debris,Slide,0,,2.06,19.09811475,0.412407445,1
1435,AP/AW/91D8/2022/104,Arunachal Pradesh,Anjaw,"From Khupa/ KVK Anjaw 16.4 kms
along NH-13 towards Tezu",NH-13 (Anjaw-Tezu road),28.023491,96.440972,Debris,Slide,Debris,Slide,0,,2.67,41.4942623,0.419982206,1
1436,AR/LPD/82L12/2021/04,Arunachal Pradesh,Lepa Rada,Tirbin -Basar Road Slide,Tirbin-Basar Road,28.024169,94.582184,Debris,Slide,Debris,Slide,0,,2.67,19.09811475,0.412407445,1
1437,AR/LPD/82L12/2021/05,Arunachal Pradesh,Lepa Rada,Tirbin-Tai Road slide,Tirbin-Tai Road,28.024691,94.553634,Debris,Slide,Debris,Slide,0,,11.38,19.09811475,0.412407445,1
1438,AP/E-Siang/82P8/2022/LS46,Arunachal Pradesh,East Siang,LS-46,"NH-13, Komlighat-Pasighat",28.025611,95.271179,Debris,Slide,Debris,Slide,0,,2.01,21.94893443,0.474554235,1
1439,AR/LPD/82L12/2021/06,Arunachal Pradesh,Lepa Rada,Tirbin-Basar Road Slide,Tirbin-Basar Road,28.026515,94.590918,Debris,Slide,Debris,Slide,0,,1.18,19.09811475,0.412407445,1
1440,AR/LPD/82L12/2021/07,Arunachal Pradesh,Lepa Rada,Tirbin-Basar Road Slide,Tirbin-Basar Road,28.026733,94.593471,Debris,Slide,Debris,Slide,0,,0.82,19.09811475,0.412407445,1
1409,AR/LOH/92A05/2014/09,Arunachal Pradesh,Lohit,Unknown,Tohangam-Hayuliang Road,27.95672,96.39697,Debris,Slide,Debris,Slide,1,2014,19.54,21.83196721,0.484461749,1
1410,AP/LEP/83I09/2021/80,Arunachal Pradesh,Lepa Rada,"Rete Potu, towards Basar","Rete Potu, towards Basar",27.957306,94.68625,Rock,Slide,Rock,Slide,0,,0.46,19.09811475,0.412407445,1
1411,AR/LOH/92A05/2014/21,Arunachal Pradesh,Lohit,Unknown,Tohangam-Hayuliang Road,27.95964,96.40178,Debris,Flow,Debris,Flow,1,2014,16.04,17.26721311,0.479092213,1
1412,AR/LOH/92A05/2014/20,Arunachal Pradesh,Lohit,Unknown,Tohangam-Hayuliang Road,27.96325,96.40097,Debris,Slide,Debris,Slide,1,2014,4.11,17.26721311,0.479092213,1
1413,AP/US/83I01/2021/12,Arunachal Pradesh,Upper Subansiri,4km NE of Daporijo town slide,NE of Daporijo town,27.965819,94.293672,Debris,Slide,Debris,Slide,0,,10.98,15.7304918,0.414625717,1
1414,AR/LOH/92A05/2014/25,Arunachal Pradesh,Lohit,Unknown,Tezu-Hayuliang road,27.96756,96.40189,Rock,Slide,Rock,Slide,1,2013,6.66,12.98114754,0.474393784,1
1416,AR/LOH/92A05/2014/19,Arunachal Pradesh,Lohit,Unknown,"Tohangam-Hayuliang Road (at
Tidding bridge)",27.968,96.39822,Debris,Flow,Debris,Flow,1,2014,1.44,17.26721311,0.479092213,1
1417,AP/SU/83I01/2021/13,Arunachal Pradesh,Shi-Yomi,Mechuka town slide 1,Near Mechuka town,27.979306,94.228528,Debris,Slide,Debris,Slide,0,,1.85,22.71565574,0.418150137,1
1418,AR/ANJ/92A05/2014/55,Arunachal Pradesh,Anjaw,Unknown,Tezu-Hayuliang road,27.98333,96.40433,Debris,Slide,Debris,Slide,1,2012,25.46,29.64672131,0.479726434,1
1446,AR/ANJ/91D08/2014/14,Arunachal Pradesh,Anjaw,Unknown,Tohangam-Hayuliang Road,28.05997,96.48664,Debris,Slide,Debris,Slide,1,2014,14.22,21.38196721,0.419771516,1
1447,AR/ANJ/91D08/2014/16,Arunachal Pradesh,Anjaw,Unknown,Tohangam-Hayuliang Road,28.06006,96.44636,Debris,Slide,Debris,Slide,1,2014,33.54,21.38196721,0.433224727,1
1448,AR/ANJ/91D08/2014/13,Arunachal Pradesh,Anjaw,Unknown,Tohangam-Hayuliang Road,28.06131,96.49256,Debris,Slide,Debris,Slide,1,2014,21.88,21.38196721,0.419771516,1
1449,AR/ANJ/91D08/2014/12,Arunachal Pradesh,Anjaw,Unknown,Tohangam-Hayuliang Road,28.06244,96.49775,Debris,Slide,Debris,Slide,1,2014,3.5,21.38196721,0.419771516,1
1450,AR/ANJ/91D08/2014/11,Arunachal Pradesh,Anjaw,Unknown,Tohangam-Hayuliang road,28.063,96.49914,Debris,Slide,Debris,Slide,1,2014,3.24,21.38196721,0.419771516,1
1452,AR/ANJ/91D12/2014/22,Arunachal Pradesh,Anjaw,Unknown,Tohangam-Hayuliang Road,28.06964,96.50025,Rock,Slide,Rock,Slide,1,2014,13.88,21.38196721,0.419771516,1
1453,AP/AW/91D8/2022/100,Arunachal Pradesh,Anjaw,"From Khupa/ KVK Anjaw 3.85 kms
along HMH road towards Hunli","Hunli-Metengliang-Hayuliang
(HMH) road",28.079818,96.46838,Debris,Slide,Debris,Slide,0,,28,41.4942623,0.419982206,1
1455,AP/AW/91D8/2022/101,Arunachal Pradesh,Anjaw,"From Khupa/ KVK Anjaw 3 kms along
HMH road towards Hunli","Hunli-Metengliang-Hayuliang
(HMH) road",28.080151,96.472541,Debris,Slide,Debris,Slide,0,,29.12,41.4942623,0.419982206,1
1425,AR/US/82P04/2022/013,Arunachal Pradesh,Upper Siang,Yagrung village Slide 1,Yagrung village,28.013167,95.239333,soil,slide,Soil,Slide,0,,9.79,17.53991803,0.40713627,1
1426,AR/LPD/82L12/2021/02,Arunachal Pradesh,Lepa Rada,Tirbin-Tai Road slide,South of Tirbin-Tai Road,28.013577,94.568456,Debris,Slide,Debris,Slide,0,,0.57,19.09811475,0.412407445,1
1427,AR/LPD/82L12/2021/01,Arunachal Pradesh,Lepa Rada,Tirbin-Tai Road slide,South of Tirbin-Tai Road,28.014765,94.569467,Debris,Slide,Debris,Slide,0,,0.26,19.09811475,0.412407445,1
1430,AR/ANJ/91D08/2014/24,Arunachal Pradesh,Anjaw,Unknown,Tohangam-Hayuliang Road,28.01992,96.443,Rock,Slide,Rock,Slide,1,2014,12.71,21.38196721,0.479092213,1
1431,AR/WSI/82L12/2021/10,Arunachal Pradesh,West Siang,Tai-Liromoba Road Slide,Tai-Liromoba Road,28.021678,94.536256,Rock-cum-Debris,Slide,Debris cum Rock,Slide,0,,2.67,18.93540984,0.409689037,1
1432,AR/WSI/82L12/2021/11,Arunachal Pradesh,West Siang,Daba Gamlin - Yomcha road slide,Daba Gamlin-Yomcha Road,28.022249,94.535672,Rock-cum-Debris,Slide,Debris cum Rock,Slide,0,,4.62,18.93540984,0.409689037,1
1433,AP/AW/91D8/2022/103,Arunachal Pradesh,Anjaw,"From Khupa/ KVK Anjaw 16.6 kms
along NH-13 towards Tezu",NH-13 (Anjaw-Tezu road),28.022471,96.440489,Debris,Slide,Debris,Slide,0,,10.93,41.4942623,0.419982206,1
1459,AP/AW/91D8/2022/98,Arunachal Pradesh,Anjaw,"From Khupa/ KVK Anjaw 4.52 kms
along HMH road towards Hunli","Hunli-Metengliang-Hayuliang
(HMH) road",28.082576,96.464869,Debris,Slide,Debris,Slide,0,,8.98,41.4942623,0.419982206,1
1460,AP/AW/91D8/2022/99,Arunachal Pradesh,Anjaw,"From Khupa/ KVK Anjaw 4.4 kms
along HMH road towards Hunli","Hunli-Metengliang-Hayuliang
(HMH) road",28.082618,96.465189,Rock,Slide,Rock,Slide,0,,8.83,41.4942623,0.419982206,1
1461,AP/AW/91D8/2022/97,Arunachal Pradesh,Anjaw,"From Khupa/ KVK Anjaw 4.9 kms
along HMH road towards Hunli","Hunli-Metengliang-Hayuliang
(HMH) road",28.083417,96.461433,Rock,Slide,Rock,Slide,0,,20.22,41.4942623,0.419982206,1
1462,AP/AW/91D8/2022/96,Arunachal Pradesh,Anjaw,"From Khupa/ KVK Anjaw 5.1 kms
along HMH road towards Hunli","Hunli-Metengliang-Hayuliang
(HMH) road",28.084252,96.459672,Debris,Slide,Debris,Slide,0,,26.38,41.4942623,0.419982206,1
1463,AP/AW/91D8/2022/95,Arunachal Pradesh,Anjaw,"From Khupa/ KVK Anjaw 5.7 kms
along HMH road towards Hunli","Hunli-Metengliang-Hayuliang
(HMH) road",28.088159,96.458999,Rock,Slide,Rock,Slide,0,,30.55,41.4942623,0.419982206,1
1464,AP/AW/91D8/2022/94,Arunachal Pradesh,Anjaw,"From Khupa/ KVK Anjaw 6 kms along
HMH road towards Hunli","Hunli-Metengliang-Hayuliang
(HMH) road",28.089549,96.457818,Debris,Slide,Debris,Slide,0,,29.43,41.4942623,0.419982206,1
1465,AP/AW/91D8/2022/93,Arunachal Pradesh,Anjaw,"From Khupa/ KVK Anjaw 6.5 kms
along HMH road towards Hunli","Hunli-Metengliang-Hayuliang
(HMH) road",28.090087,96.454067,Debris,Slide,Debris,Slide,0,,23.5,41.4942623,0.419982206,1
1466,AP/AW/91D8/2022/92,Arunachal Pradesh,Anjaw,"From Khupa/ KVK Anjaw 6.7 kms
along HMH road towards Hunli","Hunli-Metengliang-Hayuliang
(HMH) road",28.0907,96.45238,Debris,Slide,Debris,Slide,0,,21.92,41.4942623,0.419982206,1
1467,AR/ANJ/93D12/2014/48,Arunachal Pradesh,Anjaw,Unknown,"Road from Hayuliang to
Hamaliang",28.09311,96.53622,Rock,Slide,Rock,Slide,1,2012,1.34,26.44672131,0.421227117,1
1468,AP/E-Siang/82P8/2021/LS1,Arunachal Pradesh,East Siang,"LS-1, North west of Pasighat",Lenging Village (NH-13),28.093514,95.272526,Earth,Slide,Earth,Slide,0,,7.72,21.94893443,0.474554235,1
1469,AP/E-Siang/82P8/2022/LS47,Arunachal Pradesh,East Siang,Rengging Slide,"NH-13, Rengging Slide",28.094144,95.282568,Earth,Slide,Earth,Slide,0,,7.47,21.94893443,0.474554235,1
1470,AP/AW/91D8/2022/91,Arunachal Pradesh,Anjaw,"From Khupa/ KVK Anjaw 8.1 kms
along HMH road towards Hunli","Hunli-Metengliang-Hayuliang
(HMH) road",28.094359,96.453058,Rock,Slide,Rock,Slide,0,,28.04,41.4942623,0.419982206,1
1471,AP/AW/91D8/2022/90,Arunachal Pradesh,Anjaw,"From Khupa/ KVK Anjaw 8.4 kms
along HMH road towards Hunli","Hunli-Metengliang-Hayuliang
(HMH) road",28.095602,96.453246,Rock,Slide,Rock,Slide,0,,27.6,41.4942623,0.419982206,1
1472,AP/E-Siang/82P8/2022/LS48,Arunachal Pradesh,East Siang,Rengging Slide,"NH-13, towards Rengging village",28.095632,95.281371,Earth,Slide,Earth,Slide,0,,7.72,21.94893443,0.474554235,1
1441,AR/LPD/82L12/2021/08,Arunachal Pradesh,Lepa Rada,Tirbin-Basar Road Slide,Tirbin-Basar Road,28.029848,94.616455,Debris,Slide,Debris,Slide,0,,0.05,19.09811475,0.412407445,1
1442,AR/ES/82P04/2022/014,Arunachal Pradesh,East Siang,Yagrung village Slide 2,Yagrung village,28.033278,95.235383,Debris,Flow,Debris,Flow,0,,0,21.94893443,0.474554235,1
1475,AP/E-Siang/82P8/2022/LS49,Arunachal Pradesh,East Siang,Rengging Slide,"NH-13, Rengging Slide",28.097285,95.28003,Debris,Slide,Debris,Slide,0,,9.19,21.94893443,0.474554235,1
1476,AP/E-Siang/82P8/2021/LS4,Arunachal Pradesh,East Siang,LS-4,LS-4,28.099376,95.27268,Rock,Wedge failure,Rock,Planar/Wedge Failure,0,,1.75,21.94893443,0.474554235,1
1477,AP/E-Siang/82P8/2021/LS6,Arunachal Pradesh,East Siang,LS-6,NH-13,28.099647,95.28567,Debris,Slide,Debris,Slide,0,,0.67,21.94893443,0.474554235,1
1478,AP/E-Siang/82P8/2021/LS5,Arunachal Pradesh,East Siang,LS-5,Rengging Landslide,28.099657,95.287831,Debris,Slide,Debris,Slide,0,,1.85,21.94893443,0.474554235,1
1479,AP/E-Siang/82P8/2021/LS7,Arunachal Pradesh,East Siang,LS-7,NH-13,28.099705,95.284891,Debris,Slide,Debris,Slide,0,,1.29,21.94893443,0.474554235,1
1480,AP/E-Siang/82P8/2021/LS8,Arunachal Pradesh,East Siang,LS-8,"Rengging, NH-13",28.099858,95.282975,Debris,Slide,Debris,Slide,0,,2.57,21.94893443,0.474554235,1
1481,AP/AW/91D8/2022/88,Arunachal Pradesh,Anjaw,"From Khupa/ KVK Anjaw 10.45 kms
along HMH road towards Hunli","Hunli-Metengliang-Hayuliang
(HMH) road",28.100244,96.448173,Rock,Slide,Rock,Slide,0,,11.28,41.4942623,0.419982206,1
1482,AP/AW/91D8/2022/89,Arunachal Pradesh,Anjaw,"From Khupa/ KVK Anjaw 10.6 kms
along HMH road towards Hunli","Hunli-Metengliang-Hayuliang
(HMH) road",28.100284,96.449538,Rock,Slide,Rock,Slide,0,,16.51,41.4942623,0.419982206,1
1483,AP/AW/91D8/2022/87,Arunachal Pradesh,Anjaw,"From Khupa/ KVK Anjaw 11.3 kms
along HMH road towards Hunli","Hunli-Metengliang-Hayuliang
(HMH) road",28.100914,96.449162,Debris,Slide,Debris,Slide,0,,13.83,41.4942623,0.419982206,1
1484,AP/E-Siang/82P8/2021/LS9,Arunachal Pradesh,East Siang,"Rengging Slide, LS-9",NH-13,28.101031,95.282364,Debris,Slide,Debris,Slide,0,,1.49,21.94893443,0.474554235,1
1485,AP/E-Siang/82P8/2021/LS10,Arunachal Pradesh,East Siang,"Rengging Slide, LS-10",NH-13,28.101692,95.271861,Debris,Slide,Debris,Slide,0,,1.96,21.94893443,0.474554235,1
1486,AP/AW/91D8/2022/86,Arunachal Pradesh,Anjaw,"From Khupa/ KVK Anjaw 11.5 kms
along HMH road towards Hunli","Hunli-Metengliang-Hayuliang
(HMH) road",28.102005,96.448473,Debris,Slide,Debris,Slide,0,,10.38,41.4942623,0.419982206,1
1487,AP/E-Siang/82P8/2021/LS11,Arunachal Pradesh,East Siang,LS-11,"Mebo to Jeru road, NH-513,",28.103902,95.27946,Debris,Slide,Debris,Slide,0,,1.9,21.94893443,0.474554235,1
1488,AP/AW/91D8/2022/85,Arunachal Pradesh,Anjaw,"From Khupa/ KVK Anjaw 12 kms along
HMH road towards Hunli","Hunli-Metengliang-Hayuliang
(HMH) road",28.105572,96.447685,Rock,Slide,Rock,Slide,0,,1.34,41.4942623,0.419982206,1
1457,AP/AW/91D8/2022/102,Arunachal Pradesh,Anjaw,"From Khupa/ KVK Anjaw 3.2 kms
along HMH road towards Hunli","Hunli-Metengliang-Hayuliang
(HMH) road",28.080301,96.472247,Debris,Slide,Debris,Slide,0,,30.82,41.4942623,0.419982206,1
1458,AR/ANJ/91D12/2014/23,Arunachal Pradesh,Anjaw,Unknown,Tohangam-Hayuliang Road,28.08061,96.51294,Rock,Fall,Rock,Fall,1,2014,26.29,21.38196721,0.419771516,1
1489,AP/AW/91D8/2022/84,Arunachal Pradesh,Anjaw,"From Khupa/ KVK Anjaw 12.1 kms
along HMH road towards Hunli","Hunli-Metengliang-Hayuliang
(HMH) road",28.105952,96.447724,Rock,Slide,Rock,Slide,0,,2.31,41.4942623,0.419982206,1
1490,AP/AW/91D8/2022/83,Arunachal Pradesh,Anjaw,"From Khupa/ KVK Anjaw 12.2 kms
along HMH road towards Hunli","Hunli-Metengliang-Hayuliang
(HMH) road",28.106321,96.447245,Debris,Slide,Debris,Slide,0,,0.93,41.4942623,0.419982206,1
1491,AP/E-Siang/82P8/2021/LS12,Arunachal Pradesh,East Siang,LS-12,"Towards Takilalung, NH-513",28.106358,95.268592,Earth,Slide,Earth,Slide,0,,1.18,21.94893443,0.474554235,1
1493,AP/E-Siang/82P8/2021/LS13,Arunachal Pradesh,East Siang,"LS-13, towards Mebo","Romdung, NH-52",28.109161,95.269084,Debris,Slide,Debris,Slide,0,,3.03,21.94893443,0.474554235,1
1494,AR/ANJ/93D12/2014/47,Arunachal Pradesh,Anjaw,Unknown,H.M.C. Road,28.11142,96.54528,Rock,Slide,Rock,Slide,1,2012,12.26,26.44672131,0.421227117,1
1495,AP/E-Siang/82P8/2021/LS14,Arunachal Pradesh,East Siang,LS-14,"Towards Aholi from Mebo, NH-
52",28.113119,95.270938,Debris,Slide,Debris,Slide,0,,5.29,21.94893443,0.474554235,1
1496,AP/E-Siang/82P8/2021/LS15,Arunachal Pradesh,East Siang,LS-15,NH-52,28.113846,95.273389,Debris,Slide,Debris,Slide,0,,5.49,21.94893443,0.474554235,1
1497,AP/E-Siang/82P8/2021/LS16,Arunachal Pradesh,East Siang,LS-16,NH-52,28.114617,95.273722,Debris,Slide,Debris,Slide,0,,4.72,21.94893443,0.474554235,1
1498,AP/E-Siang/82P8/2022/LS50,Arunachal Pradesh,East Siang,Rengging Slide,"NH-13, Rengging Slide",28.114742,95.273582,Debris,Slide,Debris,Slide,0,,4.72,21.94893443,0.474554235,1
1499,AR/ANJ/93D12/2014/46,Arunachal Pradesh,Anjaw,Unknown,H.M.C. Road,28.11594,96.54689,Rock,Slide,Rock,Slide,1,2012,9.94,26.44672131,0.421227117,1
1500,AP/E-Siang/82P8/2021/LS17,Arunachal Pradesh,East Siang,"North east of Mebo Village, LS-17",NH-52,28.117222,95.273075,Debris,Slide,Debris,Slide,0,,1.29,21.94893443,0.474554235,1
1502,AR/S/82P04/2022/006,Arunachal Pradesh,East Siang,NH-13 Slide 6,NH-13,28.131694,95.136186,Debris,slide,Debris,Slide,0,,8.88,21.94893443,0.474554235,1
1503,AR/US/82P04/2022/026,Arunachal Pradesh,West Siang,Northwest of Rotung Slide 1,NH-13,28.133611,95.11125,Debris,Slide,Debris,Slide,0,,6.1,18.93540984,0.409689037,1
1504,AR/S/82P04/2022/028,Arunachal Pradesh,Siang,Pangin Slide 1,NH-13,28.133611,95.11125,Debris,Slide,Debris,Slide,0,,6.1,22.60081967,0.41259457,1
1473,AP/E-Siang/82P8/2021/LS2,Arunachal Pradesh,East Siang,Legging Slide,Towards Legging Village (NH-13),28.097043,95.274751,Debris,Slide,Debris,Slide,0,,1.13,21.94893443,0.474554235,1
1474,AP/E-Siang/82P8/2021/LS3,Arunachal Pradesh,East Siang,LS-3,NW of LS-2 (400 m),28.097163,95.270824,Rock,Wedge failure,Rock,Planar/Wedge Failure,0,,3.75,21.94893443,0.474554235,1
1534,AP/LDV/82P11/2022/LS59,Arunachal Pradesh,East Siang,LS-59,NH-13,28.160664,95.446755,Debris,Slide,Debris,Slide,0,,8.88,21.94893443,0.474554235,1
1535,AP/LDV/82P11/2022/LS60,Arunachal Pradesh,East Siang,LS-60,"NH-13, Kapang Valley, near 602
mile stone",28.160853,95.446925,Debris,Slide,Debris,Slide,0,,9.69,21.94893443,0.474554235,1
1505,AR/WS/82L16/2022/090,Arunachal Pradesh,West Siang,Pakam Slide,NH-13,28.133778,94.788,Soil,Slide,Soil,Slide,0,,0.1,18.93540984,0.409689037,1
1506,AR/WSI/82L12/2021/12,Arunachal Pradesh,West Siang,Yomcha-Aalo Road Slide,Yomcha-Aalo Road,28.133963,94.611953,Rock-cum-Debris,Slide,Debris cum Rock,Slide,0,,3.09,18.93540984,0.409689037,1
1507,AR/WSI/82L12/2021/13,Arunachal Pradesh,West Siang,Yomcha-Aalo Road Slide,Yomcha-Aalo Road,28.134238,94.620133,Rock-cum-Debris,Slide,Debris cum Rock,Slide,0,,5.44,18.93540984,0.409689037,1
1508,AR/S/82P04/2022/005,Arunachal Pradesh,East Siang,NH-13 Slide 5,NH-13,28.135056,95.145444,Soil,slide,Soil,Slide,0,,0.26,21.94893443,0.474554235,1
1509,AR/WSI/82L12/2021/14,Arunachal Pradesh,West Siang,Yomcha-Aalo Road Slide,Yomcha-Aalo Road,28.137762,94.62431,Rock-cum-Debris,Topple,Debris cum Rock,Topple,0,,9.03,18.93540984,0.409689037,1
1510,AP/E-Siang/82P8/2021/LS18,Arunachal Pradesh,East Siang,"North east of Mebo Village, LS-18",NH-52,28.138811,95.254821,Debris,Slide,Debris,Slide,0,,10.53,21.94893443,0.474554235,1
1511,AP/E-Siang/82P8/2021/LS19,Arunachal Pradesh,East Siang,LS-19,NH-52,28.14005,95.266592,Debris,Slide,Debris,Slide,0,,17.5,21.94893443,0.474554235,1
1512,AP/E-Siang/82P8/2021/LS21,Arunachal Pradesh,East Siang,LS-21,NH-52,28.140639,95.292122,Rock,Wedge failure,Rock,Planar/Wedge Failure,0,,14.84,21.94893443,0.474554235,1
1513,AP/E-Siang/82P8/2021/LS20,Arunachal Pradesh,East Siang,LS-20,NH-52,28.140915,95.266966,Rock,Wedge failure,Rock,Planar/Wedge Failure,0,,16.89,21.94893443,0.474554235,1
1514,AR/US/82P04/2022/089,Arunachal Pradesh,West Siang,N of Pakam Slide 1,NH-13,28.141139,94.786583,Soil,Slide,Soil,Slide,0,,2.93,18.93540984,0.409689037,1
1516,AP/E-Siang/82P8/2022/LS51,Arunachal Pradesh,East Siang,Rengging Slide,"NH-13, Towards Rengging",28.141514,95.289198,Debris,Slide,Debris,Slide,0,,24.44,21.94893443,0.474554235,1
1517,AP/E-Siang/82P8/2022/LS52,Arunachal Pradesh,East Siang,Rengging Slide,"NH-13, Rengging Slide",28.142304,95.288126,Debris,Slide,Debris,Slide,0,,26.87,21.94893443,0.474554235,1
1518,AR/ES/82P04/2022/001,Arunachal Pradesh,East Siang,NH-13 Slide 1,NH-13,28.1425,95.239194,Debris,Slide,Debris,Slide,0,,4.57,21.94893443,0.474554235,1
1520,AP/E-Siang/82P8/2022/LS53,Arunachal Pradesh,East Siang,"LS-53, Mebo river slide",NH-13,28.142551,95.287886,Debris,Slide,Debris,Slide,0,,26.54,21.94893443,0.474554235,1
1548,AR/ES/82P04/2022/008,Arunachal Pradesh,East Siang,Pasighat-Yingkiong road Slide 1,"NH-13 (Pasighat-Yingkiong
road)",28.169611,95.240639,Debris,slide,Debris,Slide,0,,19.63,21.94893443,0.474554235,1
1549,AP/LDV/82P16/2022/74,Arunachal Pradesh,Lower Dibang Valley,"From Roing 5.4 kms along NH-313
towards Mayudia Pass",NH-313 (Roing-Anini road),28.171187,95.833166,Earth,Slide,Earth,Slide,0,,7.83,18.48991803,0.477602664,1
1550,AP/LDV/82P16/2022/75,Arunachal Pradesh,Lower Dibang Valley,350 m NE of slide no. 74,NH-313 (Roing-Anini road),28.173434,95.836605,Earth,Slide,Earth,Slide,0,,5.75,18.48991803,0.477602664,1
1551,AR/US/82P04/2022/027,Arunachal Pradesh,West Siang,Northwest of Yembung camp Slide,NH-13,28.174806,95.025111,Debris,Slide,Debris,Slide,0,,0.82,18.93540984,0.409689037,1
1552,AR/S/82P04/2022/029,Arunachal Pradesh,Siang,South of Jeru Slide 1,NH-13,28.174806,95.025111,Debris,slide,Debris,Slide,0,,0.82,22.60081967,0.41259457,1
1521,AP/E-Siang/82P8/2022/LS54,Arunachal Pradesh,East Siang,LS-54,NH-13,28.143839,95.285971,Debris,Slide,Debris,Slide,0,,27.68,21.94893443,0.474554235,1
1522,AR/ES/82P04/2022/002,Arunachal Pradesh,East Siang,NH-13 Slide 2,NH-13,28.145306,95.239167,Rock,Slide,Rock,Slide,0,,1.29,21.94893443,0.474554235,1
1524,AP/E-Siang/82P8/2021/LS22,Arunachal Pradesh,East Siang,LS-22,NH-13,28.145629,95.275805,Debris,Slide,Debris,Slide,0,,8.33,21.94893443,0.474554235,1
1525,AP/E-Siang/82P8/2021/LS23,Arunachal Pradesh,East Siang,LS-23,NH-13,28.145847,95.273686,Rock,Wedge failure,Rock,Planar/Wedge Failure,0,,8.43,21.94893443,0.474554235,1
1526,AR/ES/82P04/2022/003,Arunachal Pradesh,East Siang,NH-13 Slide 3,NH-13,28.147806,95.224833,Debris,Slide,Debris,Slide,0,,14.31,21.94893443,0.474554235,1
1527,AP/E-Siang/82P8/2022/LS55,Arunachal Pradesh,East Siang,LS-55,NH-13,28.14787,95.279987,Debris,Slide,Debris,Slide,0,,22.5,21.94893443,0.474554235,1
1528,AP/LDV/82P11/2022/LS56,Arunachal Pradesh,East Siang,Dambuk Slide,"NH-13, Dambuk area",28.148417,95.277964,Debris,Slide,Debris,Slide,0,,20.58,21.94893443,0.474554235,1
1529,AP/LDV/82P11/2022/LS57,Arunachal Pradesh,East Siang,Dambuk Slide,NH-13 Dambuk,28.149568,95.277177,Debris,Slide,Debris,Slide,0,,13.49,21.94893443,0.474554235,1
1530,AP/LDV/82P11/2022/LS58,Arunachal Pradesh,East Siang,Dambuk Slide,"NH-13, Dambuk",28.150741,95.275122,Debris,Slide,Debris,Slide,0,,7.83,21.94893443,0.474554235,1
1532,AR/S/82P04/2022/007,Arunachal Pradesh,East Siang,NH-13 Slide 7,NH-13,28.153028,95.218294,Debris,slide,Debris,Slide,0,,22.14,21.94893443,0.474554235,1
1533,AR/ES/82P04/2022/004,Arunachal Pradesh,East Siang,NH-13 Slide 4,NH-13,28.154111,95.181694,Rock,Slide,Rock,Slide,0,,6.05,21.94893443,0.474554235,1
1564,AP/LDV/82P11/2022/LS70,Arunachal Pradesh,East Siang,LS-70,NH-13,28.186582,95.471126,Rock,Wedge failure,Rock,Planar/Wedge Failure,0,,9.84,21.94893443,0.474554235,1
1565,AR/US/82P04/2022/015,Arunachal Pradesh,Upper Siang,Pasighat-Yingkiong road Slide 6,"NH-13 (Pasighat-Yingkiong
road)",28.1915,95.225917,Debris,Slide,Debris,Slide,0,,0.21,17.53991803,0.40713627,1
1566,AR/WSI/82L12/2021/15,Arunachal Pradesh,West Siang,Aalo-kaying Road Highway slide,Aalo-Kaying Highway,28.192217,94.713927,Rock-cum-Debris,Slide,Debris cum Rock,Slide,0,,4.88,18.93540984,0.409689037,1
1567,AR/S/82P04/2022/030,Arunachal Pradesh,Siang,South of Jeru Slide 2,NH-13,28.192444,94.984917,Debris,Slide,Debris,Slide,0,,20.58,22.60081967,0.41259457,1
1568,AP/LDV/82P16/20212/1,Arunachal Pradesh,Lower Dibang Valley,"From Roing 12.4 kms along NH-313
towards Mayudia Pass",NH-313 (Roing-Anini road),28.192581,95.804085,Rock,slide,Rock,Slide,0,,0.93,18.48991803,0.477602664,1
1537,AP/LDV/82P11/2022/LS61,Arunachal Pradesh,East Siang,Roing-Dambuk Slide,"NH-13, Towards Roing- Dambuk",28.162497,95.441244,Debris,Slide,Debris,Slide,0,,11.67,21.94893443,0.474554235,1
1538,AP/LDV/82P11/2022/LS62,Arunachal Pradesh,East Siang,LS-62,NH-13,28.16317,95.450433,Debris,Slide,Debris,Slide,0,,8.83,21.94893443,0.474554235,1
1539,AP/LDV/82P11/2022/LS63,Arunachal Pradesh,East Siang,LS-63,"NH-13, Aohali",28.163322,95.459813,Debris,Slide,Debris,Slide,0,,4.01,21.94893443,0.474554235,1
1540,AP/LDV/82P11/2022/LS64,Arunachal Pradesh,East Siang,LS-64,NH-13,28.163691,95.458,Debris,Slide,Debris,Slide,0,,8.23,21.94893443,0.474554235,1
1541,AR/WS/82L16/2022/088,Arunachal Pradesh,West Siang,Aalo Slide 1,NH-13,28.16425,94.792417,Debris,Slide,Debris,Slide,0,,4.72,18.93540984,0.409689037,1
1542,AP/LDV/82P11/2022/LS66,Arunachal Pradesh,East Siang,LS-66,"NH-13, Mebo- 50km mile stone",28.165684,95.462909,Debris,Slide,Debris,Slide,0,,2.67,21.94893443,0.474554235,1
1543,AP/LDV/82P11/2022/LS65,Arunachal Pradesh,East Siang,LS-65,NH-13,28.165711,95.46208,Debris,Slide,Debris,Slide,0,,0.77,21.94893443,0.474554235,1
1544,AP/LDV/82P11/2022/LS67,Arunachal Pradesh,East Siang,LS-67,NH-13,28.167982,95.431764,Debris,Slide,Debris,Slide,0,,14.99,21.94893443,0.474554235,1
1545,AR/ES/82P04/2022/009,Arunachal Pradesh,East Siang,Pasighat-Yingkiong road Slide 2,"NH-13 (Pasighat-Yingkiong
road)",28.169389,95.235722,Debris,slide,Debris,Slide,0,,8.73,21.94893443,0.474554235,1
1546,AR/ANJ/91D12/2014/06,Arunachal Pradesh,Anjaw,Unknown,HMC road,28.16939,96.52578,Rock,Slide,Rock,Slide,1,2013,9.29,19.67540984,0.414677937,1
1547,AR/ES/82P04/2022/010,Arunachal Pradesh,East Siang,Pasighat-Yingkiong road Slide 3,NH-513,28.169583,95.223917,Rock,slide,Rock,Slide,0,,2.57,21.94893443,0.474554235,1
55,AS/CHR/83D09/2020/4,Assam,Cachar,Narainchara grant slide,Narainchara grant,24.97,92.72,Debris,Slide,Debris,Slide,0,,1.08,16.40983607,0.487502186,1
56,AS/CHR/83D09/2020/6,Assam,Cachar,Narainchora slide-1,Narainchora,24.97,92.72,Debris,Slide,Debris,Slide,0,,1.08,16.40983607,0.487502186,1
58,AS/CAC/83H01/2018/55,Assam,Cachar,Lailongchara 3,Lailongchara village,24.97228,93.03289,Debris,Slide,Debris,Slide,0,,1.08,16.40983607,0.487502186,1
59,AS/CAC/83H01/2018/54,Assam,Cachar,Lailongchara 2,Near Lailongchara village,24.97692,93.033,Rock,Fall,Rock,Fall,0,,0.1,16.40983607,0.487502186,1
60,AS/CAC/83H01/2018/53,Assam,Cachar,Lailongchara 1,NH53,24.97714,93.03344,Debris,Slide,Debris,Slide,0,,1.08,16.40983607,0.487502186,1
61,AS/CHR/83D13/2020/6,Assam,Cachar,Balichhara slide-3,"NH-27(Old NH-54E, Silchar-
Lumding road)",24.98,92.75,Debris,Slide,Debris,Slide,0,,6.51,16.40983607,0.487502186,1
62,AS/CHR/83D13/2020/3,Assam,Cachar,Guabari slide-1,Guabari,24.98,92.96,Debris,Slide,Debris,Slide,0,,10.14,16.40983607,0.487502186,1
1554,AP/DV/82P/13/2022/LS-147,Arunachal Pradesh,East Siang,Anini-Etalin slide,"Anini-Etalin road section, NH-
313",28.175079,95.469602,Debris,Slide,Debris,Slide,0,,0.21,21.94893443,0.474554235,1
1555,AR/ES/82P04/2022/011,Arunachal Pradesh,East Siang,Pasighat-Yingkiong road Slide 4,NH-513,28.175556,95.221861,Rock,slide,Rock,Slide,0,,2.11,21.94893443,0.474554235,1
1556,AP/DV/82P/13/2022/LS-148,Arunachal Pradesh,East Siang,Anini-Etalin slide,"Anini-Etalin road section, NH-
313",28.175659,95.470804,Debris,Slide,Debris,Slide,0,,0.57,21.94893443,0.474554235,1
1558,AP/DV/82P/13/2022/LS-150,Arunachal Pradesh,East Siang,Anini-Etalin slide,Anini-Etalin road section,28.179262,95.477068,Debris,Slide,Debris,Slide,0,,7.52,21.94893443,0.474554235,1
1559,AR/US/82P04/2022/012,Arunachal Pradesh,Upper Siang,Pasighat-Yingkiong road Slide 5,NH-513,28.181139,95.225944,Rock,slide,Rock,Slide,0,,1.29,17.53991803,0.40713627,1
1560,AP/LDV/82P11/2022/LS68,Arunachal Pradesh,East Siang,LS-68,NH-13,28.181365,95.470102,Rock,Wedge failure,Rock,Planar/Wedge Failure,0,,5.34,21.94893443,0.474554235,1
1561,AP/LDV/82P11/2022/LS69,Arunachal Pradesh,East Siang,LS-69,"NH-13, near bridge",28.181834,95.469828,Debris,Slide,Debris,Slide,0,,3.65,21.94893443,0.474554235,1
1562,AR/ANJ/91D12/2014/05,Arunachal Pradesh,Anjaw,Unknown,HMC road,28.18439,96.53453,Debris,Slide,Debris,Slide,1,2013,6.76,19.67540984,0.414677937,1
1563,AR/ANJ/91D12/2014/43,Arunachal Pradesh,Anjaw,Unknown,H. M. C. Road,28.18525,96.53256,Debris,Slide,Debris,Slide,1,2012,8.18,26.44672131,0.421227117,1
1576,AP/LDV/82P16/2022/7,Arunachal Pradesh,Lower Dibang Valley,"From Roing 15.4 kms along NH-313
towards Mayudia Pass",NH-313 (Roing-Anini road),28.201838,95.812004,Rock,Slide,Rock,Slide,0,,18.99,18.48991803,0.477602664,1
1577,AR/WS/82L16/2022/078,Arunachal Pradesh,West Siang,Jomlo-Mongku Slide 1,NH-13,28.202667,94.828417,Debris,Slide,Debris,Slide,0,,3.03,18.93540984,0.409689037,1
1578,AP/LDV/82P16/2022/6,Arunachal Pradesh,Lower Dibang Valley,"From Roing 15.3 kms along NH-313
towards Mayudia Pass",NH-313 (Roing-Anini road),28.202844,95.811201,Rock,Slide,Rock,Slide,0,,21.21,18.48991803,0.477602664,1
1579,AP/LDV/82P16/2022/5,Arunachal Pradesh,Lower Dibang Valley,"From Roing 15.6 kms along NH-313
towards Mayudia Pass",NH-313 (Roing-Anini road),28.205003,95.813193,Rock,Slide,Rock,Slide,0,,19.17,18.48991803,0.477602664,1
1580,AP/LDV/82P16/2022/3,Arunachal Pradesh,Lower Dibang Valley,"From Roing 16 kms along NH-313
towards Mayudia Pass",NH-313 (Roing-Anini road),28.20737,95.81005,Rock,Slide,Rock,Slide,0,,17.13,18.48991803,0.477602664,1
1581,"AP/LDV/82P16/2022/4
AP/LDV/82P16/2021/LS4",Arunachal Pradesh,Lower Dibang Valley,"From Roing 16.1 kms along NH-313
towards Mayudia Pass",NH-313 (Roing-Anini road),28.207699,95.809197,Rock,Fall,Rock,Fall,0,,16.8,18.48991803,0.477602664,1
1582,AP/LDV/82P16/20/2,Arunachal Pradesh,Lower Dibang Valley,"From Roing 16.3 kms along NH-313
towards Mayudia Pass",NH-313 (Roing-Anini road),28.207796,95.807742,Rock,Slide,Rock,Slide,0,,20.54,18.48991803,0.477602664,1
1583,AR/WS/82L16/2022/079,Arunachal Pradesh,West Siang,Jomlo-Mongku Slide 2,NH-13,28.208389,94.830667,Debris,Slide,Debris,Slide,0,,5.95,18.93540984,0.409689037,1
1553,AP/DV/82P/13/2022/LS-146,Arunachal Pradesh,East Siang,Anini-Etalin slide,"Anini-Etalin road section, NH-
313",28.174973,95.469402,Debris,Slide,Debris,Slide,0,,0.1,21.94893443,0.474554235,1
48,AS/CHR/83D09/2020/2,Assam,Cachar,Bicrampore slide-1,"Bicrampore Tea Estate, near
BSF camp",24.96,92.7,Debris,Slide,Debris,Slide,0,,0.05,16.40983607,0.487502186,1
49,AS/CHR/83D09/2020/3,Assam,Cachar,Bicrampore Slide -2,"Bicrampore Tea Estate, near
BSF camp",24.96,92.7,Debris,Slide,Debris,Slide,0,,0.05,16.40983607,0.487502186,1
50,AS/CHR/83D13/2020/4,Assam,Cachar,Guabari slide-2,Guabari (Naku nala),24.96,92.95,Debris,Slide,Debris,Slide,0,,1.6,16.40983607,0.487502186,1
51,AS/CHR/83D09/2020/1,Assam,Cachar,Sonbari Slide,Sonbari,24.96,92.66,Debris,Slide,Debris,Slide,0,,1.44,16.40983607,0.487502186,1
52,AS/CHR/83D09/2020/5,Assam,Cachar,Dinonatpur slide,Dinonatpur,24.96,92.66,Debris,Slide,Debris,Slide,0,,1.44,16.40983607,0.487502186,1
53,AS/CHR/83D13/2020/8,Assam,Cachar,Tikal Nadi,ONGC road,24.96,92.98,Debris,Slide,Debris,Slide,0,,1.9,16.40983607,0.487502186,1
54,AS/CHR/83D13/2020/1,Assam,Cachar,Balichhara slide-1,"NH-27(Old NH-54E, Silchar-
Lumding road)",24.97,92.76,Debris,Slide,Debris,Slide,0,,2.67,16.40983607,0.487502186,1
1590,AR/US/82P04/2022/107,Arunachal Pradesh,Upper Siang,Pasighat-Yingkiong road Slide 20,NH-513,28.213028,95.232528,Debris,Slide,Debris,Slide,0,,8.58,17.53991803,0.40713627,1
1592,AP/LDV/82P16/2022/61,Arunachal Pradesh,Lower Dibang Valley,"From Roing 18.6 kms along NH-313
towards Hunli","Newly connstructing Roing-
Hunli/ Anini road NH-313",28.215014,95.799764,Rock,Slide,Rock,Slide,0,,7.12,18.48991803,0.477602664,1
1593,AP/LDV/82P16/2022/57,Arunachal Pradesh,Lower Dibang Valley,"From Roing 19.5 kms along NH-313
towards Hunli","Newly connstructing Roing-
Hunli/ Anini road NH-313",28.215206,95.793704,Debris,Slide,Debris,Slide,0,,3.8,18.48991803,0.477602664,1
1594,AP/LDV/82P16/2022/69,Arunachal Pradesh,Lower Dibang Valley,"From Roing 19.4 kms along NH-313
towards Mayudia Pass",NH-313 (Roing-Anini road),28.215862,95.795227,Debris,Slide,Debris,Slide,0,,4.52,18.48991803,0.477602664,1
1595,AP/LDV/82P16/2022/70,Arunachal Pradesh,Lower Dibang Valley,"From Roing 18.7 kms along NH-313
towards Mayudia Pass",NH-313 (Roing-Anini road),28.215926,95.799557,Rock,Slide,Rock,Slide,0,,0.98,18.48991803,0.477602664,1
1596,AP/LDV/82P16/2022/60,Arunachal Pradesh,Lower Dibang Valley,"From Roing 19 kms along NH-313
towards Mayudia Pass",NH-313 (Roing-Anini road),28.216253,95.796393,Debris,Slide,Debris,Slide,0,,4.42,18.48991803,0.477602664,1
1597,AP/LDV/82P16/2022/58,Arunachal Pradesh,Lower Dibang Valley,"From Roing 20.1 kms along NH-313
towards Hunli","Newly connstructing Roing-
Hunli/ Anini road NH-313",28.216997,95.790585,Debris,Slide,Debris,Slide,0,,7.67,18.48991803,0.477602664,1
1598,AP/LDV/82P16/2022/55,Arunachal Pradesh,Lower Dibang Valley,"From Roing 20.2 kms along NH-313
towards Hunli","Newly connstructing Roing-
Hunli/ Anini road NH-313",28.217204,95.789599,Debris,Slide,Debris,Slide,0,,6.15,18.48991803,0.477602664,1
1599,AP/LDV/82P16/2022/59,Arunachal Pradesh,Lower Dibang Valley,"From Roing 19.87 kms along NH-313
towards Hunli","Newly connstructing Roing-
Hunli/ Anini road NH-313",28.217543,95.792489,Debris,Slide,Debris,Slide,0,,11.18,18.48991803,0.477602664,1
1600,AP/LDV/82P16/2022/56,Arunachal Pradesh,Lower Dibang Valley,"From Roing 19.8 kms along NH-313
towards Hunli","Newly connstructing Roing-
Hunli/ Anini road NH-313",28.217595,95.793032,Debris,Slide,Debris,Slide,0,,12.56,18.48991803,0.477602664,1
1569,AP/LDV/82P16/2022/64,Arunachal Pradesh,Lower Dibang Valley,"From Roing 12.6 kms along NH-313
towards Mayudia Pass",NH-313 (Roing-Anini road),28.193864,95.805469,Debris,Slide,Debris,Slide,0,,0.62,18.48991803,0.477602664,1
1570,AR/US/82P04/2022/105,Arunachal Pradesh,Upper Siang,Pasighat-Yingkiong road Slide 18,NH-513,28.1945,95.227917,Debris,Slide,Debris,Slide,0,,9.39,17.53991803,0.40713627,1
1571,AP/LDV/82P16/2022/65,Arunachal Pradesh,Lower Dibang Valley,"From Roing 13 kms along NH-313
towards Mayudia Pass",NH-313 (Roing-Anini road),28.194651,95.807085,Debris,Slide,Debris,Slide,0,,2.73,18.48991803,0.477602664,1
1573,AP/LDV/82P16/2022/73,Arunachal Pradesh,Lower Dibang Valley,"From Roing 14.3 kms along NH-313
towards Mayudia Pass",NH-313 (Roing-Anini road),28.198018,95.810448,Rock,Slide,Rock,Slide,0,,9.03,18.48991803,0.477602664,1
1574,AR/US/82P04/2022/106,Arunachal Pradesh,Upper Siang,Pasighat-Yingkiong road Slide 19,NH-513,28.199389,95.230278,Debris,Slide,Debris,Slide,0,,4.47,17.53991803,0.40713627,1
1575,AP/LDV/82P16/2022/66,Arunachal Pradesh,Lower Dibang Valley,"From Roing 14.7 kms along NH-313
towards Mayudia Pass",NH-313 (Roing-Anini road),28.199873,95.811883,Rock,Slide,Rock,Slide,0,,12.17,18.48991803,0.477602664,1
1603,AP/LDV/82P16/2022/67,Arunachal Pradesh,Lower Dibang Valley,"From Roing 20.8 kms along NH-313
towards Mayudia Pass",NH-313 (Roing-Anini road),28.219976,95.799065,Debris,Slide,Debris,Slide,0,,16.28,18.48991803,0.477602664,1
1606,AP/LDV/82P16/2022/38,Arunachal Pradesh,Lower Dibang Valley,"From Roing 27.1 kms along NH-313
towards Mayudia Pass",NH-313 (Roing-Anini road),28.223825,95.829105,Debris,Slide,Debris,Slide,0,,25.75,18.48991803,0.477602664,1
1608,AR/WS/82L16/2022/081,Arunachal Pradesh,West Siang,Damda-Debuk Slide 1,NH-13,28.225583,94.889167,Debris,Slide,Debris,Slide,0,,3.6,18.93540984,0.409689037,1
1609,AR/WS/82L16/2022/082,Arunachal Pradesh,West Siang,Damda-Debuk Slide 2,NH-13,28.226722,94.895611,Soil,Slide,Soil,Slide,0,,7.93,18.93540984,0.409689037,1
1610,AR/S/82P04/2022/031,Arunachal Pradesh,Siang,South of Jeru Slide 3,NH-13,28.22675,94.225111,Debris,slide,Debris,Slide,0,,3.29,22.60081967,0.41259457,1
1611,AP/LDV/82P16/2022/53,Arunachal Pradesh,Lower Dibang Valley,"From Roing 21.8 kms along NH-313
towards Hunli","Newly connstructing Roing-
Hunli/ Anini road NH-313",28.227703,95.781369,Debris,Slide,Debris,Slide,0,,11.77,18.48991803,0.477602664,1
1612,AP/ES/82P12/2022/76,Arunachal Pradesh,East Siang,"From Bomjir 17.6 kms along NH-13
towards Pasighat",NH-313 (Roing-Pasighat road),28.227891,95.541082,Debris,Slide,Debris,Slide,0,,1.18,21.94893443,0.474554235,1
1613,AR/ANJ/91D12/2014/41,Arunachal Pradesh,Anjaw,Unknown,H. M. C. Road,28.22797,96.54606,Debris,Slide,Debris,Slide,1,2013,31.57,19.67540984,0.417912227,1
1614,AR/WS/82L16/2022/083,Arunachal Pradesh,West Siang,Damda-Debuk Slide 3,NH-13,28.228528,94.904278,Soil,Slide,Soil,Slide,0,,4.32,18.93540984,0.409689037,1
1615,AP/LDV/82P16/2022/50,Arunachal Pradesh,Lower Dibang Valley,"From Roing 22 kms along NH-313
towards Hunli","Newly connstructing Roing-
Hunli/ Anini road NH-313",28.229114,95.780019,Debris,Slide,Debris,Slide,0,,13.05,18.48991803,0.477602664,1
1616,AP/LDV/82P16/2022/52,Arunachal Pradesh,Lower Dibang Valley,"From Roing 22.17 kms along NH-313
towards Hunli","Newly connstructing Roing-
Hunli/ Anini road NH-313",28.229809,95.779855,Debris,Slide,Debris,Slide,0,,14.65,18.48991803,0.477602664,1
1585,AP/LDV/82P16/2022/51,Arunachal Pradesh,Lower Dibang Valley,"From Roing 17.5 kms along NH-313
towards Hunli","Newly connstruct15ing Roing-
Hunli/ Anini road NH-313",28.209018,95.80348,Debris,Slide,Debris,Slide,0,,18.62,18.48991803,0.477602664,1
1586,AP/LDV/82P16/2022/72,Arunachal Pradesh,Lower Dibang Valley,"From Roing 16.57 kms along NH-313
towards Mayudia Pass",NH-313 (Roing-Anini road),28.209062,95.806755,Rock,Slide,Rock,Slide,0,,25.54,18.48991803,0.477602664,1
1587,AP/LDV/82P16/2022/62,Arunachal Pradesh,Lower Dibang Valley,"From Roing 18.23 kms along NH-313
towards Hunli","Newly connstructing Roing-
Hunli/ Anini road NH-313",28.212211,95.801273,Rock,Slide,Rock,Slide,0,,15.99,18.48991803,0.477602664,1
1588,AP/LDV/82P16/2022/63,Arunachal Pradesh,Lower Dibang Valley,"From Roing 18 kms along NH-313
towards Hunli","Newly connstructing Roing-
Hunli/ Anini road NH-313",28.212275,95.802589,Debris,Slide,Debris,Slide,0,,16.65,18.48991803,0.477602664,1
1589,AP/LDV/82P16/2022/71,Arunachal Pradesh,Lower Dibang Valley,"From Roing 17.95 kms along NH-313
towards Mayudia Pass",NH-313 (Roing-Anini road),28.21267,95.803194,Debris,Slide,Debris,Slide,0,,12.8,18.48991803,0.477602664,1
1618,AR/WS/82L16/2022/084,Arunachal Pradesh,West Siang,Damda-Debuk Slide 4,NH-13,28.232472,94.914889,Soil,Slide,Soil,Slide,0,,1.03,18.93540984,0.409689037,1
1619,AP/LDV/82P16/2022/49,Arunachal Pradesh,Lower Dibang Valley,"From Roing 22.9 kms along NH-313
towards Hunli","Newly connstructing Roing-
Hunli/ Anini road NH-313",28.234199,95.777037,Debris,Slide,Debris,Slide,0,,9.03,18.48991803,0.477602664,1
1620,AR/WS/82L16/2022/087,Arunachal Pradesh,West Siang,Koreng-Aalo road Slide 3,NH-13,28.234833,94.972278,Rock,Slide,Rock,Slide,0,,24.49,18.93540984,0.409689037,1
1621,AR/WS/82L16/2022/085,Arunachal Pradesh,West Siang,Koreng-Aalo road Slide 1,NH-13,28.235361,94.933333,Soil,Slide,Soil,Slide,0,,2.93,18.93540984,0.409689037,1
1622,AP/LDV/82P16/2022/48,Arunachal Pradesh,Lower Dibang Valley,"From Roing 23.3 kms along NH-313
towards Hunli","Newly connstructing Roing-
Hunli/ Anini road NH-313",28.237008,95.776204,Debris,Slide,Debris,Slide,0,,8.73,18.48991803,0.477602664,1
1623,AR/WS/82L16/2022/086,Arunachal Pradesh,West Siang,Koreng-Aalo road Slide 2,NH-13,28.237361,94.954808,Debris,Slide,Debris,Slide,0,,21.43,18.93540984,0.409689037,1
1624,AP/LDV/82P16/2022/32,Arunachal Pradesh,Lower Dibang Valley,"From Roing 46.8 kms along NH-313
towards Mayudia Pass",NH-313 (Roing-Anini road),28.237425,95.897823,Rock,Slide,Rock,Slide,0,,13.49,18.48991803,0.477602664,1
1625,AP/ES/82P12/2022/79,Arunachal Pradesh,East Siang,"From Bomjir 16 kms along NH-13
towards Pasighat",NH-313 (Roing-Pasighat road),28.237716,95.535611,Debris,Slide,Debris,Slide,0,,9.64,21.94893443,0.474554235,1
1626,AP/LDV/82P16/2022/47,Arunachal Pradesh,Lower Dibang Valley,"From Roing 23.5 kms along NH-313
towards Hunli","Newly connstructing Roing-
Hunli/ Anini road NH-313",28.238144,95.774758,Debris,Slide,Debris,Slide,0,,8.13,18.48991803,0.477602664,1
1627,AP/LDV/82P16/2022/33,Arunachal Pradesh,Lower Dibang Valley,"IHO Viewpoint landslide. From Roing
46.3 kms along NH-313 towards
Mayudia Pass",NH-313 (Roing-Anini road),28.238615,95.893348,Debris,Slide,Debris,Slide,0,,12.71,18.48991803,0.477602664,1
1628,AP/LDV/82P16/2022/34,Arunachal Pradesh,Lower Dibang Valley,"IHO Viewpoint landslide. From Roing
46.2 kms along NH-313 towards
Mayudia Pass",NH-313 (Roing-Anini road),28.238692,95.892681,Debris,Slide,Debris,Slide,0,,11.43,18.48991803,0.477602664,1
1629,AP/LDV/82P16/2022/39,Arunachal Pradesh,Lower Dibang Valley,"From Roing 23.7 kms along NH-313
towards Hunli","Newly connstructing Roing-
Hunli/ Anini road NH-313",28.239482,95.774559,Rock,Slide,Rock,Slide,0,,3.96,18.48991803,0.477602664,1
1631,AP/LDV/82P16/2022/46,Arunachal Pradesh,Lower Dibang Valley,"From Roing 23.8 kms along NH-313
towards Hunli","Newly connstructing Roing-
Hunli/ Anini road NH-313",28.240442,95.774201,Rock,Slide,Rock,Slide,0,,1.13,18.48991803,0.477602664,1
1632,AP/LDV/82P16/2022/36,Arunachal Pradesh,Lower Dibang Valley,"From Roing 37 kms along NH-313
towards Mayudia Pass",NH-313 (Roing-Anini road),28.240521,95.866592,Debris,Slide,Debris,Slide,0,,16.46,18.48991803,0.477602664,1
1601,AP/LDV/82P16/2022/68,Arunachal Pradesh,Lower Dibang Valley,"From Roing 19.7 kms along NH-313
towards Mayudia Pass",NH-313 (Roing-Anini road),28.218539,95.794022,Rock,Slide,Rock,Slide,0,,15.18,18.48991803,0.477602664,1
1602,AP/LDV/82P16/2022/54,Arunachal Pradesh,Lower Dibang Valley,"From Roing 20.5 kms along NH-313
towards Hunli","Newly connstructing Roing-
Hunli/ Anini road NH-313",28.21909,95.791084,Rock,Slide,Rock,Slide,0,,12.07,18.48991803,0.477602664,1
1634,AP/LDV/82P16/2022/31,Arunachal Pradesh,Lower Dibang Valley,Mayudia Pass landslide.,NH-313 (Roing-Anini road),28.24175,95.925012,Debris,Slide,Debris,Slide,0,,24.06,18.48991803,0.477602664,1
1635,AP/LDV/82P16/2022/30,Arunachal Pradesh,Lower Dibang Valley,"Mayudia Pass landslide. From
Mayudia Pass 0.2 kms along NH-313
towards Hunli",NH-313 (Roing-Anini road),28.242214,95.923556,Debris,Slide,Debris,Slide,0,,23.67,18.48991803,0.477602664,1
1636,AR/S/82P04/2022/032,Arunachal Pradesh,Upper Siang,South of Jeru Slide 4,NH-513,28.242389,94.220861,Debris,Slide,Debris,Slide,0,,26.66,17.53991803,0.40713627,1
1637,AP/ES/82P12/2022/80,Arunachal Pradesh,East Siang,"From Bomjir 15.5 kms along NH-13
towards Pasighat",NH-313 (Roing-Pasighat road),28.242444,95.536828,Rock,Fall,Rock,Fall,0,,19.86,21.94893443,0.474554235,1
1638,AP/LDV/82P16/2022/29,Arunachal Pradesh,Lower Dibang Valley,"Mayudia Pass landslide. From
Mayudia Pass 0.3 kms along NH-313
towards Hunli",NH-313 (Roing-Anini road),28.242782,95.922731,Rock,Slide,Rock,Slide,0,,25.92,18.48991803,0.477602664,1
1639,AP/ES/82P12/2022/81,Arunachal Pradesh,East Siang,"From Bomjir 15.3 kms along NH-13
towards Pasighat",NH-313 (Roing-Pasighat road),28.242969,95.537549,Rock,Slide,Rock,Slide,0,,22.1,21.94893443,0.474554235,1
1640,AP/LDV/82P16/2022/40,Arunachal Pradesh,Lower Dibang Valley,"From Roing 24.4 kms along NH-313
towards Hunli","Newly connstructing Roing-
Hunli/ Anini road NH-313",28.242997,95.772144,Debris,Slide,Debris,Slide,0,,2.88,18.48991803,0.477602664,1
1641,AP/LDV/82P16/2022/27,Arunachal Pradesh,Lower Dibang Valley,"Mayudia Pass landslide. From
Mayudia Pass 0.45 kms along NH-313
towards Hunli",NH-313 (Roing-Anini road),28.243182,95.921338,Rock,Slide,Rock,Slide,0,,28.44,18.48991803,0.477602664,1
1642,AP/LDV/82P16/2022/28,Arunachal Pradesh,Lower Dibang Valley,"Mayudia Pass landslide.From
Mayudia Pass 0.4 kms along NH-313
towards Hunli",NH-313 (Roing-Anini road),28.243322,95.921911,Rock,Slide,Rock,Slide,0,,27.24,18.48991803,0.477602664,1
1643,AP/ES/82P12/2022/82,Arunachal Pradesh,East Siang,"From Bomjir 15.1 kms along NH-13
towards Pasighat",NH-313 (Roing-Pasighat road),28.243417,95.538216,Debris,Slide,Debris,Slide,0,,23.71,21.94893443,0.474554235,1
1644,AP/LDV/82P15/2022/21,Arunachal Pradesh,Lower Dibang Valley,"From Roing 45.3 kms along NH-313
towards Mayudia Pass",NH-313 (Roing-Anini road),28.243461,95.894049,Rock,Slide,Rock,Slide,0,,13.92,18.48991803,0.477602664,1
1645,AP/LDV/82P16/2022/43,Arunachal Pradesh,Lower Dibang Valley,"From Roing 24.8 kms along NH-313
towards Hunli","Newly connstructing Roing-
Hunli/ Anini road NH-313",28.244851,95.773499,Rock,Slide,Rock,Slide,0,,1.24,18.48991803,0.477602664,1
1646,AP/LDV/82P16/2022/26,Arunachal Pradesh,Lower Dibang Valley,"From Mayudia Pass 1.2 kms along NH-
313 towards Hunli",NH-313 (Roing-Anini road),28.244966,95.914872,Rock,Slide,Rock,Slide,0,,17.17,18.48991803,0.477602664,1
1647,AP/LDV/82P16/2022/25,Arunachal Pradesh,Lower Dibang Valley,"From Mayudia Pass 1.34 kms along
NH-313 towards Hunli",NH-313 (Roing-Anini road),28.244975,95.914094,Rock,Slide,Rock,Slide,0,,19.08,18.48991803,0.477602664,1
1648,AP/LDV/82P16/2022/42,Arunachal Pradesh,Lower Dibang Valley,"From Roing 24.9 kms along NH-313
towards Hunli","Newly connstructing Roing-
Hunli/ Anini road NH-313",28.245016,95.77363,Debris,Slide,Debris,Slide,0,,0.62,18.48991803,0.477602664,1
1617,AR/ANJ/91D12/2014/40,Arunachal Pradesh,Anjaw,Unknown,H. M. C. Road,28.23153,96.54272,Debris,Slide,Debris,Slide,1,2013,18.25,19.67540984,0.417912227,1
1650,AP/LDV/82P16/2022/35,Arunachal Pradesh,Lower Dibang Valley,"From Roing 44.5 kms along NH-313
towards Mayudia Pass",NH-313 (Roing-Anini road),28.246304,95.889037,Rock,Slide,Rock,Slide,0,,5.39,18.48991803,0.477602664,1
1651,AP/LDV/82P16/2022/77,Arunachal Pradesh,Lower Dibang Valley,"From Bomjir 14.3 kms along NH-13
towards Pasighat",NH-313 (Roing-Pasighat road),28.246512,95.541646,Rock,Slide,Rock,Slide,0,,15.47,18.48991803,0.477602664,1
1652,AP/LDV/82P16/2022/78,Arunachal Pradesh,Lower Dibang Valley,"From Bomjir 13.6 kms along NH-13
towards Pasighat",NH-313 (Roing-Pasighat road),28.249718,95.546273,Debris,Slide,Debris,Slide,0,,7.07,18.48991803,0.477602664,1
1653,AP/LDV/82P11/2022/LS71,Arunachal Pradesh,Lower Dibang Valley,Sisseri bridge slide,"NH-13, towards sisseri bridge",28.251139,95.55011,Debris,Slide,Debris,Slide,0,,2.52,18.48991803,0.477602664,1
1654,AR/ANJ/91D11/2014/38,Arunachal Pradesh,Anjaw,Unknown,H. M. C. Road,28.25203,96.54264,Debris,Slide,Debris,Slide,1,2013,21.08,15.3352459,0.414308402,1
1655,AP/LDV/82P16/2022/45,Arunachal Pradesh,Lower Dibang Valley,"From Roing 26.2 kms along NH-313
towards Hunli","Newly connstructing Roing-
Hunli/ Anini road NH-313",28.252176,95.775797,Rock,Slide,Rock,Slide,0,,14.02,18.48991803,0.477602664,1
1656,AP/LDV/82P15/2022/18,Arunachal Pradesh,Lower Dibang Valley,500 m south from landslide no. 44,"Newly connstructing Roing-
Hunli/ Anini road NH-313",28.252507,95.781741,Debris,Slide,Debris,Slide,0,,6.2,18.48991803,0.477602664,1
1657,AP/LDV/82P16/2022/24,Arunachal Pradesh,Lower Dibang Valley,"From Mayudia Pass 3.1 kms along NH-
313 towards Hunli",NH-313 (Roing-Anini road),28.253453,95.908055,Rock,Slide,Rock,Slide,0,,11.82,18.48991803,0.477602664,1
1658,AP/LDV/82P11/2022/LS72,Arunachal Pradesh,Lower Dibang Valley,Sisseri bridge slide,"NH-13, towards Sesseri bridge",28.253915,95.578439,Debris,Slide,Debris,Slide,0,,7.17,18.48991803,0.477602664,1
1659,AP/LDV/82P11/2022/LS73,Arunachal Pradesh,Lower Dibang Valley,Sisseri bridge slide,"NH-13, near Sesseri bridge",28.254509,95.581558,Debris,Slide,Debris,Slide,0,,8.23,18.48991803,0.477602664,1
1660,AP/LDV/82P11/2022/LS74,Arunachal Pradesh,Lower Dibang Valley,Sisseri bridge slide,"NH-13, Sesseri Bridge",28.255059,95.576996,Debris,Slide,Debris,Slide,0,,13.29,18.48991803,0.477602664,1
1661,AP/E-Siang/82P8/2021/LS24,Arunachal Pradesh,Lower Dibang Valley,LS-24,NH-13,28.255261,95.582613,Rock,Wedge failure,Rock,Planar/Wedge Failure,0,,9.03,18.48991803,0.477602664,1
1662,AP/LDV/82P11/2022/LS75,Arunachal Pradesh,Lower Dibang Valley,LS-75,NH-13,28.255355,95.551658,Debris,Slide,Debris,Slide,0,,7.32,18.48991803,0.477602664,1
1663,AP/E-Siang/82P8/2021/LS25,Arunachal Pradesh,Lower Dibang Valley,LS-25,"NH-13, towards Rengging",28.255703,95.55061,Rock,Wedge failure,Rock,Planar/Wedge Failure,0,,12.36,18.48991803,0.477602664,1
1664,AP/LDV/82P15/2022/23,Arunachal Pradesh,Lower Dibang Valley,"From Mayudia Pass 3.5 kms along
NH-313 towards Hunli",NH-313 (Roing-Anini road),28.255967,95.907144,Rock,Slide,Rock,Slide,0,,6.1,18.48991803,0.477602664,1
1633,AP/LDV/82P16/2022/37,Arunachal Pradesh,Lower Dibang Valley,"From Roing 37.12 kms along NH-313
towards Mayudia Pass",NH-313 (Roing-Anini road),28.241041,95.866387,Rock,Slide,Rock,Slide,0,,14.65,18.48991803,0.477602664,1
1665,AP/E-Siang/82P8/2021/LS26,Arunachal Pradesh,Lower Dibang Valley,LS-26,NH-13,28.256126,95.576152,Debris,Slide,Debris,Slide,0,,8.78,18.48991803,0.477602664,1
1666,AP/LDV/82P11/2022/LS77,Arunachal Pradesh,Lower Dibang Valley,LS-77,NH-13,28.256397,95.550978,Debris,Slide,Debris,Slide,0,,10.93,18.48991803,0.477602664,1
1667,AP/LDV/82P11/2022/LS76,Arunachal Pradesh,Lower Dibang Valley,Sisseri bridge slide,"NH-13, towards Sesseri bridge",28.256434,95.57515,Debris,Slide,Debris,Slide,0,,6.31,18.48991803,0.477602664,1
1668,AP/LDV/82P11/2022/LS84,Arunachal Pradesh,Lower Dibang Valley,Sisseri bridge slide,"NH-13, Sesseri Bridge",28.25701,95.551656,Debris,Slide,Debris,Slide,0,,6.86,18.48991803,0.477602664,1
1669,AP/LDV/82P15/2022/20,Arunachal Pradesh,Lower Dibang Valley,"From Roing 26.8 kms along NH-313
towards Hunli","Newly connstructing Roing-
Hunli/ Anini road NH-313",28.257258,95.777764,Debris,Slide,Debris,Slide,0,,16.98,18.48991803,0.477602664,1
1670,AP/E-Siang/82P8/2021/LS27,Arunachal Pradesh,Lower Dibang Valley,LS-27,"NH-513, towards Bodak village",28.25736,95.55087,Debris,Slide,Debris,Slide,0,,9.84,18.48991803,0.477602664,1
1671,AP/LDV/82P16/2022/44,Arunachal Pradesh,Lower Dibang Valley,"From Roing 27.2 kms along NH-313
towards Hunli","Newly connstructing Roing-
Hunli/ Anini road NH-313",28.257991,95.781619,Debris,Slide,Debris,Slide,0,,7.42,18.48991803,0.477602664,1
1672,AP/LDV/82P/11/2022/LS-85,Arunachal Pradesh,Lower Dibang Valley,Sisseri bridge slide,Sisseri Bridge.,28.258122,95.55209,Debris,Slide,Debris,Slide,0,,2.83,18.48991803,0.477602664,1
1673,AP/LDV/82P/11/2022/LS-86,Arunachal Pradesh,Lower Dibang Valley,Sisseri bridge slide,Sisseri bridge,28.258144,95.551252,Debris,Slide,Debris,Slide,0,,5.8,18.48991803,0.477602664,1
1675,AP/LDV/82P15/2022/17,Arunachal Pradesh,Lower Dibang Valley,"From Roing 27.5 kms along NH-313
towards Hunli","Newly connstructing Roing-
Hunli/ Anini road NH-313",28.259524,95.780336,Debris,Slide,Debris,Slide,0,,8.23,18.48991803,0.477602664,1
1676,AP/LDV/82P/11/2022/LS-87,Arunachal Pradesh,Lower Dibang Valley,Sisseri bridge slide,Sisseri bridge.,28.259561,95.568965,Debris,Slide,Debris,Slide,0,,16.51,18.48991803,0.477602664,1
1677,AR/ESI/82L15/2022/54,Arunachal Pradesh,East Siang,Sangram Bridge-Boleng Road Slide,Sangram Bridge-Boleng Road,28.260051,94.984752,Rock-cum-Debris,Slide,Debris cum Rock,Slide,0,,4.06,21.94893443,0.474554235,1
1678,AP/LDV/82P15/2022/22,Arunachal Pradesh,Lower Dibang Valley,"From Mayudia Pass 4.5 kms along NH-
313 towards Hunli",NH-313 (Roing-Anini road),28.26053,95.904556,Rock,Slide,Rock,Slide,0,,1.7,18.48991803,0.477602664,1
1679,AP/LDV/82P/11/2022/LS-88,Arunachal Pradesh,Lower Dibang Valley,Sisseri bridge slide,Sisseri bridge,28.261147,95.567331,Debris,Slide,Debris,Slide,0,,17.31,18.48991803,0.477602664,1
1680,AP/LDV/82P/11/2022/LS-89,Arunachal Pradesh,Lower Dibang Valley,Sisseri bridge slide,Sisseri bridge,28.261379,95.566909,Rock,Wedge failure,Rock,Planar/Wedge Failure,0,,17.31,18.48991803,0.477602664,1
1649,AP/LDV/82P16/2022/41,Arunachal Pradesh,Lower Dibang Valley,"From Roing 25.1 kms along NH-313
towards Hunli","Newly connstructing Roing-
Hunli/ Anini road NH-313",28.245371,95.774057,Debris,Slide,Debris,Slide,0,,0.62,18.48991803,0.477602664,1
1711,AP/E-Siang/82P8/2022/LS35,Arunachal Pradesh,Lower Dibang Valley,Mebo Slide,"NH-13, nE of Mebo village,
upstream of River",28.26825,95.555457,Debris,Slide,Debris,Slide,0,,2.26,18.48991803,0.477602664,1
1712,AP/E-Siang/82P8/2022/LS36,Arunachal Pradesh,Lower Dibang Valley,LS-36,"NH-13, NE of Siluk village",28.269062,95.610767,Debris,Slide,Debris,Slide,0,,9.24,18.48991803,0.477602664,1
1681,AP/LDV/82P/11/2022/LS-90,Arunachal Pradesh,Lower Dibang Valley,Near Sisseri bridge slide,Near Sisseri bridge,28.261999,95.56626,Debris,Slide,Debris,Slide,0,,16.8,18.48991803,0.477602664,1
1682,AP/LDV/83P/11/2022/LS-91,Arunachal Pradesh,Lower Dibang Valley,Sisseri bridge slide,West ofSisseri bridge slide.,28.262338,95.565698,Debris,Slide,Debris,Slide,0,,17.17,18.48991803,0.477602664,1
1683,AR/ANJ/91D11/2014/37,Arunachal Pradesh,Anjaw,Unknown,H. M. C. Road,28.2625,96.5465,Rock,Slide,Rock,Slide,1,2012,23.46,24.98196721,0.420789959,1
1684,AP/LDV/82P/11/2022/LS-92,Arunachal Pradesh,Lower Dibang Valley,West Sisseri bridge slide,NH-13.,28.262806,95.565421,Debris,Slide,Debris,Slide,0,,17.78,18.48991803,0.477602664,1
1685,AP/LDV/82P11/2022/LS83,Arunachal Pradesh,Lower Dibang Valley,LS-83,NH-13,28.262879,95.551911,Debris,Slide,Debris,Slide,0,,2.78,18.48991803,0.477602664,1
1686,AP/LDV/82P/11/2022/LS-93,Arunachal Pradesh,Lower Dibang Valley,West of Sisseri bridge,Western bank of Sisseri river,28.262989,95.59932,Debris,Slide,Debris,Slide,0,,6.56,18.48991803,0.477602664,1
1687,AP/E-Siang/82P8/2021/LS28,Arunachal Pradesh,Lower Dibang Valley,LS-28,NH-513,28.263228,95.570962,Debris,Slide,Debris,Slide,0,,17.5,18.48991803,0.477602664,1
1688,AP/LDV/82P/11/2022/LS-94,Arunachal Pradesh,Lower Dibang Valley,West Sessiri bridge,NH-13,28.263468,95.570661,Rock,Wedge failure,Rock,Planar/Wedge Failure,0,,21.66,18.48991803,0.477602664,1
1689,AP/LDV/82P/11/2022/LS-95,Arunachal Pradesh,Lower Dibang Valley,West Sessiri bridge,NH-13,28.263731,95.551326,Debris,Slide,Debris,Slide,0,,4.16,18.48991803,0.477602664,1
1691,AP/E-Siang/82P8/2022/LS30,Arunachal Pradesh,Lower Dibang Valley,Mebo Slide,"NH-13, NE of Mebo village",28.2646,95.571519,Debris,Slide,Debris,Slide,0,,19.44,18.48991803,0.477602664,1
1692,AP/E-Siang/82P8/2021/LS29,Arunachal Pradesh,Lower Dibang Valley,LS-29,NH-513,28.264888,95.550575,Rock,Wedge failure,Rock,Planar/Wedge Failure,0,,4.83,18.48991803,0.477602664,1
1693,AR/ANJ/91D11/2014/36,Arunachal Pradesh,Anjaw,Unknown,H. M. C. Road,28.26522,96.57889,Debris,Flow,Debris,Flow,1,2013,29.04,15.3352459,0.414308402,1
1694,AP/E-Siang/82P8/2022/LS31,Arunachal Pradesh,Lower Dibang Valley,Mebo Slide,"NH-13, NE of Mebo village",28.265266,95.56964,Debris,Slide,Debris,Slide,0,,19.49,18.48991803,0.477602664,1
1695,AP/E-Siang/82P8/2022/LS32,Arunachal Pradesh,Lower Dibang Valley,Mebo Slide,"NH-13, NE of Mebo village",28.265532,95.549321,Debris,Slide,Debris,Slide,0,,2.98,18.48991803,0.477602664,1
1867,AR/USI/82L14/2022/31,Arunachal Pradesh,Upper Siang,Yingkiong-Tuting Road Slide,Yingkiong-Tuting Road,28.693837,94.973784,Debris,Slide,Debris,Slide,0,,3.5,17.53991803,0.40713627,1
1868,AR/USI/82P02/2022/32B,Arunachal Pradesh,Upper Siang,Gette-Pugging Road Slide,Gette-Pugging Road,28.694531,95.001999,Debris,Slide,Debris,Slide,0,,12.95,17.53991803,0.40713627,1
1869,AR/USI/82P02/2022/32A,Arunachal Pradesh,Upper Siang,Gette-Pugging Road Slide,Gette-Pugging Road,28.694778,95.001887,Debris,Slide,Debris,Slide,0,,12.95,17.53991803,0.40713627,1
1870,AR/USI/82L14/2022/33,Arunachal Pradesh,Upper Siang,Gette-Pugging Road Slide,Gette-Pugging Road,28.706748,94.985298,Rock-cum-Debris,Slide,Debris cum Rock,Slide,0,,21.97,17.53991803,0.40713627,1
1871,AR/USI/82L14/2022/35,Arunachal Pradesh,Upper Siang,Gette-Palling Road Slide,Gette-Palling Road,28.716426,94.969346,Rock-cum-Debris,Slide,Debris cum Rock,Slide,0,,14.6,17.53991803,0.40713627,1
1872,AR/USI/82L14/2022/34,Arunachal Pradesh,Upper Siang,Gette-Pugging Road Slide,Gette-Pugging Road,28.720187,94.971636,Rock-cum-Debris,Slide,Debris cum Rock,Slide,0,,14.65,17.53991803,0.40713627,1
1698,AP/DV/82P/13/2022/LS-149,Arunachal Pradesh,Lower Dibang Valley,Anini-Etalin slide,Anini-Etalin road section,28.265803,95.570892,Debris,Slide,Debris,Slide,0,,20.08,18.48991803,0.477602664,1
1699,AP/E-Siang/82P8/2022/LS33,Arunachal Pradesh,Lower Dibang Valley,Mebo Slide,"NH-13, NE of Mebo village",28.265836,95.563875,Debris,Slide,Debris,Slide,0,,15.27,18.48991803,0.477602664,1
1700,AR/ESI/82L15/2022/55,Arunachal Pradesh,East Siang,Sangram Bridge-Boleng Road Slide,Sangram Bridge-Boleng Road,28.265963,94.983464,Rock-cum-Debris,Slide,Debris cum Rock,Slide,0,,6.61,21.94893443,0.474554235,1
1703,AP/DV/83P/14/2022/LS-101,Arunachal Pradesh,Lower Dibang Valley,<Null>,NH-313,28.266795,95.607261,Debris,Slide,Debris,Slide,0,,7.67,18.48991803,0.477602664,1
1704,AP/LDV/82P15/2022/16,Arunachal Pradesh,Lower Dibang Valley,"From Roing 29 kms along NH-313
towards Hunli","Newly connstructing Roing-
Hunli/ Anini road NH-313",28.266807,95.789109,Debris,Slide,Debris,Slide,0,,7.67,18.48991803,0.477602664,1
1705,AR/US/82P04/2022/016,Arunachal Pradesh,Upper Siang,Pasighat-Yingkiong road Slide 7,NH-513,28.266889,95.21425,Debris,Slide,Debris,Slide,0,,16.28,17.53991803,0.40713627,1
1706,AP/DV/84P/14/2022/LS-102,Arunachal Pradesh,Lower Dibang Valley,Anini Slide,"NH-13, Etalin to Anini",28.267216,95.559542,Debris,Slide,Debris,Slide,0,,11.48,18.48991803,0.477602664,1
1707,AP/E-Siang/82P8/2022/LS34,Arunachal Pradesh,Lower Dibang Valley,Mebo Slide,"NH-13, nE of Mebo village",28.267526,95.561048,Debris,Slide,Debris,Slide,0,,4.37,18.48991803,0.477602664,1
1708,AP/LD/82P/14/2022/LS-103,Arunachal Pradesh,Lower Dibang Valley,<Null>,"NH-13, Etalin to Anini",28.267726,95.551477,Debris,Slide,Debris,Slide,0,,2.16,18.48991803,0.477602664,1
1710,AR/ANJ/91D11/2014/31,Arunachal Pradesh,Anjaw,Unknown,H. M. C. Road,28.26814,96.55728,Rock,Slide,Rock,Slide,1,2013,22.76,15.3352459,0.414308402,1
1723,AR/WSI/82L15/2022/53,Arunachal Pradesh,West Siang,Gebo-Rumgog Road Slide,Gebo-Rumgog Road,28.2823,94.863031,Rock-cum-Debris,Slide,Debris cum Rock,Slide,0,,5.18,18.93540984,0.409689037,1
1724,AR/ANJ/91D12/2014/08,Arunachal Pradesh,Anjaw,Chipra rock slide,HMC road,28.28331,96.58094,Rock,Slide and topple,Rock,Topple,0,,3.5,41.4942623,0.419982206,1
1725,AR/ANJ/91D11/2014/17,Arunachal Pradesh,Anjaw,Unknown,HMC road,28.28386,96.58275,Debris,Slide,Debris,Slide,1,2013,10.24,15.3352459,0.414308402,1
1726,AP/LDV/82P16/2022/153,Arunachal Pradesh,Lower Dibang Valley,"From Mayudia Pass 10.75 kms along
NH-313 towards Hunli",NH-313 (Roing-Anini road),28.286447,95.920837,Rock,Slide,Rock,Slide,0,,17.73,18.48991803,0.477602664,1
1727,AR/ESI/82L15/2022/59,Arunachal Pradesh,East Siang,Sangram Bridge-Boleng Road Slide,Sangram Bridge-Boleng Road,28.287317,94.947651,Rock-cum-Debris,Slide,Debris cum Rock,Slide,0,,1.29,21.94893443,0.474554235,1
1728,AR/ANJ/91D11/2014/35,Arunachal Pradesh,Anjaw,Unknown,H. M. C. Road,28.28778,96.57928,Rock,Slide,Rock,Slide,1,2013,27.11,15.3352459,0.414308402,1
1857,AP/LDV/82P11/2022/LS81,Arunachal Pradesh,Dibang Valley,LS-81,NH-13,28.62267,95.856377,Debris,Slide,Debris,Slide,0,,15.85,15.50713115,0.399529611,1
1858,AR/US/82P04/2022/049,Arunachal Pradesh,Upper Siang,Yingkiong road Slide 2,NH-513,28.622722,95.043528,Debris,Slide,Debris,Slide,0,,5.24,17.53991803,0.40713627,1
1859,AP/DV/82P/13/2022/LS-107,Arunachal Pradesh,Dibang Valley,Mipi Slide,Anini to Mipi,28.625048,95.857251,Earth,Slide,Earth,Slide,0,,9.34,15.50713115,0.399529611,1
1860,AP/E-Siang/82P8/2022/LS40,Arunachal Pradesh,Dibang Valley,LS-40,"NH-13, Pasighat bridge slide",28.625114,95.852703,Debris,Slide,Debris,Slide,0,,7.22,15.50713115,0.399529611,1
1861,AR/US/82P04/2022/048,Arunachal Pradesh,Upper Siang,Yingkiong road Slide 1,NH-513,28.626972,95.035722,Debris,Slide,Debris,Slide,0,,2.93,17.53991803,0.40713627,1
1862,AP/DV/82P/13/2022/LS-108,Arunachal Pradesh,Dibang Valley,Mipi slide,South of Mipi Village.,28.628208,95.85647,Earth,Slide,Earth,Slide,0,,5.08,15.50713115,0.399529611,1
1863,AR/US/82P02/2022/074,Arunachal Pradesh,Upper Siang,Yingkiong Slide 2,NH-513,28.632361,95.037917,Soil,Slide,Soil,Slide,0,,9.34,17.53991803,0.40713627,1
1864,AR/US/82P02/2022/075,Arunachal Pradesh,Upper Siang,Yingkiong Slide 3,NH-513,28.633861,95.023806,Debris,Slide,Debris,Slide,0,,3.34,17.53991803,0.40713627,1
1865,AP/LDV/82P11/2022/LS80,Arunachal Pradesh,Dibang Valley,LS-80,NH-13,28.638336,95.856331,Debris,Slide,Debris,Slide,0,,29.27,15.50713115,0.399529611,1
1866,AR/US/82P02/2022/073,Arunachal Pradesh,Upper Siang,Yingkiong Slide 1,NH-513,28.639389,95.033639,Debris,Slide,Debris,Slide,0,,13.63,17.53991803,0.40713627,1
1738,AP/LDV/82P16/2022/109,Arunachal Pradesh,Lower Dibang Valley,From Hunli 9.5 km along HMH road,"Hunli-Metengliang-Hayuliang
(HMH) road",28.308943,95.966462,Debris,Slide,Debris,Slide,0,,15.94,18.48991803,0.477602664,1
1739,AP/LDV/82P15/2022/19,Arunachal Pradesh,Dibang Valley,13 km NE of Dambuk,NH-313 (Roing-Pasighat road),28.309002,95.754702,Rock,Slide,Rock,Slide,0,,18.06,15.50713115,0.399529611,1
1740,AP/LDV/82P16/2022/108,Arunachal Pradesh,Lower Dibang Valley,From Hunli 9.66 km along HMH road,"Hunli-Metengliang-Hayuliang
(HMH) road",28.309676,95.967453,Debris,Slide,Debris,Slide,0,,18.25,18.48991803,0.477602664,1
1741,AP/LDV/82P16/2022/112,Arunachal Pradesh,Lower Dibang Valley,From Hunli 11.7 km along HMH road,"Hunli-Metengliang-Hayuliang
(HMH) road",28.30984,95.984084,Rock,Slide,Rock,Slide,0,,8.13,18.48991803,0.477602664,1
1742,AP/LDV/82P16/2022/151,Arunachal Pradesh,Lower Dibang Valley,"Hunli landslide. From Mayudia Pass
27.6 kms along NH-313 towards Hunli",NH-313 (Roing-Anini road),28.309975,95.952909,Rock,Fall,Rock,Fall,0,,4.11,18.48991803,0.477602664,1
1743,AR/US/82P04/2022/019,Arunachal Pradesh,Upper Siang,Pasighat-Yingkiong road Slide 10,NH-513,28.3105,95.197472,Soil,Slide,Soil,Slide,0,,7.93,17.53991803,0.40713627,1
1744,AR/WSI/82L11/2021/16,Arunachal Pradesh,West Siang,Kamba-Kaying road slide,Aalo-Kaying Highway,28.310626,94.675637,Debris,Slide,Debris,Slide,0,,3.19,18.93540984,0.409689037,1
1713,AR/ESI/82L15/2022/56,Arunachal Pradesh,East Siang,Boleng Road Slide,Boleng Road,28.269497,94.982531,Rock-cum-Debris,Slide,Debris cum Rock,Slide,0,,6.46,21.94893443,0.474554235,1
1714,AP/E-Siang/82P8/2022/LS37,Arunachal Pradesh,Lower Dibang Valley,LS-37,"NH-13, Sesseri Bridge",28.26986,95.610757,Debris,Slide,Debris,Slide,0,,9.54,18.48991803,0.477602664,1
1716,AR/US/82P04/2022/017,Arunachal Pradesh,Upper Siang,Pasighat-Yingkiong road Slide 8,NH-513,28.272,95.208417,Debris,Slide,Debris,Slide,0,,13.15,17.53991803,0.40713627,1
1717,AP/LDV/82P15/2022/15,Arunachal Pradesh,Lower Dibang Valley,"From Roing 29.8 kms along NH-313
towards Hunli","Newly connstructing Roing-
Hunli/ Anini road NH-313",28.273544,95.789425,Debris,Slide,Debris,Slide,0,,4.01,18.48991803,0.477602664,1
1718,AR/ANJ/91D11/2014/30,Arunachal Pradesh,Anjaw,Unknown,HMC road,28.27378,96.57031,Debris,Slide,Debris,Slide,1,2012,29.16,24.98196721,0.420789959,1
1719,AR/ESI/82L15/2022/57,Arunachal Pradesh,East Siang,Sangram Bridge-Boleng Road Slide,Sangram Bridge-Boleng Road,28.274019,94.962496,Rock-cum-Debris,Slide,Debris cum Rock,Slide,0,,2.06,21.94893443,0.474554235,1
1720,AP/LDV/82P15/2022/14,Arunachal Pradesh,Lower Dibang Valley,"From Roing 30.4 kms along NH-313
towards Hunli","Newly connstructing Roing-
Hunli/ Anini road NH-313",28.277716,95.789358,Debris,Slide,Debris,Slide,0,,9.89,18.48991803,0.477602664,1
1721,AR/ESI/82L15/2022/58,Arunachal Pradesh,East Siang,Sangram Bridge-Boleng Road Slide,Sangram Bridge-Boleng Road,28.280246,94.953896,Rock-cum-Debris,Slide,Debris cum Rock,Slide,0,,0.93,21.94893443,0.474554235,1
1722,AR/US/82P04/2022/018,Arunachal Pradesh,Upper Siang,Pasighat-Yingkiong road Slide 9,NH-513,28.2805,95.201556,Soil,Slide,Soil,Slide,0,,0.21,17.53991803,0.40713627,1
1754,AP/LDV/82P16/2022/121,Arunachal Pradesh,Lower Dibang Valley,From Hunli 1.5 km along HMH road,"Hunli-Metengliang-Hayuliang
(HMH) road",28.319141,95.956918,Debris,Slide,Debris,Slide,0,,0.98,18.48991803,0.477602664,1
1755,AP/DV/82P15/2022/105,Arunachal Pradesh,Dibang Valley,"From Roing 36.8 kms along NH-313
towards Hunli","Newly connstructing Roing-
Hunli/ Anini road NH-313",28.321143,95.779346,Debris,Slide,Debris,Slide,0,,15.13,15.50713115,0.399529611,1
1756,AP/DV/82P15/2022/8,Arunachal Pradesh,Dibang Valley,"From Roing 37.2 kms along NH-313
towards Hunli","Newly connstructing Roing-
Hunli/ Anini road NH-313",28.32225,95.780295,Rock,Fall,Rock,Fall,0,,9.59,15.50713115,0.399529611,1
1757,AR/US/82P04/2022/023,Arunachal Pradesh,Upper Siang,Pasighat-Yingkiong road Slide 14,NH-513,28.322889,95.203694,Debris,Slide,Debris,Slide,0,,8.88,17.53991803,0.40713627,1
1758,AP/DV/82P15/2022/10,Arunachal Pradesh,Dibang Valley,"From Roing 37.3 kms along NH-313
towards Hunli","Newly connstructing Roing-
Hunli/ Anini road NH-313",28.327545,95.783923,Debris,Slide,Debris,Slide,0,,2.42,15.50713115,0.399529611,1
1759,AP/DV/82P15/2022/9,Arunachal Pradesh,Dibang Valley,"From Roing 38 kms along NH-313
towards Hunli","Newly connstructing Roing-
Hunli/ Anini road NH-313",28.330336,95.794313,Rock,Fall,Rock,Fall,0,,3.44,15.50713115,0.399529611,1
1760,AP/DV/82P15/2022/106,Arunachal Pradesh,Dibang Valley,"From Roing 37.6 kms along NH-313
towards Hunli","Newly connstructing Roing-
Hunli/ Anini road NH-313",28.335249,95.788465,Rock,Slide,Rock,Slide,0,,10.38,15.50713115,0.399529611,1
1729,AP/LDV/82P15/2022/12,Arunachal Pradesh,Lower Dibang Valley,"From Roing 32 kms along NH-313
towards Hunli","Newly connstructing Roing-
Hunli/ Anini road NH-313",28.289254,95.785468,Rock,Slide,Rock,Slide,0,,3.7,18.48991803,0.477602664,1
1730,AR/US/82P04/2022/025,Arunachal Pradesh,Upper Siang,Pasighat-Yingkiong road Slide 16,NH-513,28.291556,95.199111,Debris,Slide,Debris,Slide,0,,1.6,17.53991803,0.40713627,1
1731,AP/DV/82P15/2022/13,Arunachal Pradesh,Dibang Valley,0.7 km west of landslide no. 12,"Newly connstructing Roing-
Hunli/ Anini road NH-313",28.291703,95.77618,Rock,Slide,Rock,Slide,0,,3.65,15.50713115,0.399529611,1
1732,AP/LDV/82P16/2022/154,Arunachal Pradesh,Lower Dibang Valley,"65kms landslide. From Mayudia Pass
11.9 kms along NH-313 towards Hunli",NH-313 (Roing-Anini road),28.296668,95.92282,Debris,Slide,Debris,Slide,0,,8.13,18.48991803,0.477602664,1
1733,AP/DV/82P15/2022/11,Arunachal Pradesh,Dibang Valley,"From Roing 33.4 kms along NH-313
towards Hunli","Newly connstructing Roing-
Hunli/ Anini road NH-313",28.297476,95.791016,Debris,Slide,Debris,Slide,0,,7.17,15.50713115,0.399529611,1
1734,AR/US/82P04/2022/024,Arunachal Pradesh,Upper Siang,Pasighat-Yingkiong road Slide 15,NH-513,28.301694,95.195361,Debris,Slide,Debris,Slide,0,,1.18,17.53991803,0.40713627,1
1735,AR/ESI/82L15/2022/60,Arunachal Pradesh,East Siang,Sangram Bridge-Boleng Road Slide,Sangram Bridge-Boleng Road,28.303771,94.948727,Rock-cum-Debris,Slide,Debris cum Rock,Slide,0,,6.15,21.94893443,0.474554235,1
1736,AP/LDV/82P16/2022/117,Arunachal Pradesh,Lower Dibang Valley,From Hunli 10.2 km along HMH road,"Hunli-Metengliang-Hayuliang
(HMH) road",28.308592,95.971041,Debris,Slide,Debris,Slide,0,,11.53,18.48991803,0.477602664,1
1737,AP/LDV/82P16/2022/116,Arunachal Pradesh,Lower Dibang Valley,From Hunli 10.4 km along HMH road,"Hunli-Metengliang-Hayuliang
(HMH) road",28.308841,95.973238,Debris,Slide,Debris,Slide,0,,11.72,18.48991803,0.477602664,1
1766,AR/US/82P04/2022/022,Arunachal Pradesh,Upper Siang,Pasighat-Yingkiong road Slide 13,NH-513,28.366417,95.221194,Debris,Slide,Debris,Slide,0,,7.93,17.53991803,0.40713627,1
1767,AR/US/82P04/2022/020,Arunachal Pradesh,Upper Siang,Pasighat-Yingkiong road Slide 11,NH-513,28.378694,95.230667,Debris,Slide,Debris,Slide,0,,1.85,17.53991803,0.40713627,1
1768,AR/US/82P04/2022/021,Arunachal Pradesh,Upper Siang,Pasighat-Yingkiong road Slide 12,NH-513,28.384833,95.233806,Debris,Slide,Debris,Slide,0,,1.03,17.53991803,0.40713627,1
1769,AR/US/82P04/2022/042,Arunachal Pradesh,Upper Siang,Pasi-Tinali Slide 1,NH 513,28.386722,95.240833,Debris,Slide,Debris,Slide,0,,3.29,17.53991803,0.40713627,1
1770,AR/US/82P04/2022/043,Arunachal Pradesh,Upper Siang,Pasi-Tinali Slide 2,NH 513,28.386806,95.240111,Rock,Slide,Rock,Slide,0,,4.88,17.53991803,0.40713627,1
1772,AR/US/82P04/2022/041,Arunachal Pradesh,Upper Siang,Dumro-Kumko Slide 4,NH 513,28.399111,95.241361,Debris,slide,Debris,Slide,0,,1.6,17.53991803,0.40713627,1
1773,AR/US/82P04/2022/044,Arunachal Pradesh,Upper Siang,Dumro-Kumko Slide 5,NH 513,28.402139,95.243944,Debris,slide,Debris,Slide,0,,4.26,17.53991803,0.40713627,1
1774,AR/US/82P04/2022/040,Arunachal Pradesh,Upper Siang,Dumro-Kumko Slide 3,NH 513,28.402417,95.245944,Debris,slide,Debris,Slide,0,,7.42,17.53991803,0.40713627,1
1775,AR/US/82P04/2022/039,Arunachal Pradesh,Upper Siang,Dumro-Kumko Slide 2,NH 513,28.412722,95.247722,Debris,slide,Debris,Slide,0,,4.32,17.53991803,0.40713627,1
1776,AR/US/82P04/2022/038,Arunachal Pradesh,Upper Siang,Dumro-Kumko Slide 1,NH 513,28.415028,95.247083,Debris,slide,Debris,Slide,0,,2.52,17.53991803,0.40713627,1
1745,AP/LDV/82P16/2022/113,Arunachal Pradesh,Lower Dibang Valley,From Hunli 11.4 km along HMH road,"Hunli-Metengliang-Hayuliang
(HMH) road",28.31085,95.979868,Debris,Slide,Debris,Slide,0,,7.22,18.48991803,0.477602664,1
1747,AP/LDV/82P16/2022/114,Arunachal Pradesh,Lower Dibang Valley,From Hunli 11 km along HMH road,"Hunli-Metengliang-Hayuliang
(HMH) road",28.312731,95.975665,Debris,Slide,Debris,Slide,0,,11.62,18.48991803,0.477602664,1
1748,AP/LDV/82P16/2022/115,Arunachal Pradesh,Lower Dibang Valley,From Hunli 11.1 km along HMH road,"Hunli-Metengliang-Hayuliang
(HMH) road",28.312795,95.97654,Debris,Slide,Debris,Slide,0,,9.74,18.48991803,0.477602664,1
1749,AP/LDV/82P16/2022/110,Arunachal Pradesh,Lower Dibang Valley,From Hunli 8.3 km along HMH road,"Hunli-Metengliang-Hayuliang
(HMH) road",28.313528,95.966611,Rock,Slide,Rock,Slide,0,,17.87,18.48991803,0.477602664,1
1750,AP/LDV/82P16/2022/118,Arunachal Pradesh,Lower Dibang Valley,From Hunli 7.6 km along HMH road,"Hunli-Metengliang-Hayuliang
(HMH) road",28.314581,95.966345,Debris,Slide,Debris,Slide,0,,16.84,18.48991803,0.477602664,1
1753,AP/LDV/82P16/2022/120,Arunachal Pradesh,Lower Dibang Valley,From Hunli 2.1 km along HMH road,"Hunli-Metengliang-Hayuliang
(HMH) road",28.31731,95.956718,Debris,Slide,Debris,Slide,0,,3.03,18.48991803,0.477602664,1
1782,AR/WSI/82L11/2021/22,Arunachal Pradesh,West Siang,Kaying- Thumbin road slide,Kaying-Thumbin road,28.436019,94.668744,Debris,Slide,Debris,Slide,0,,4.67,18.93540984,0.409689037,1
1783,AP/DV/82P15/2022/149,Arunachal Pradesh,Dibang Valley,"From Hunli 39 kms along NH-313
towards Anini",NH-313 (Roing-Anini road),28.438898,95.85009,Debris,Slide,Debris,Slide,0,,6.31,15.50713115,0.399529611,1
1784,AR/WSI/82L11/2021/23,Arunachal Pradesh,West Siang,Kaying- Thumbin road slide,Kaying-Thumbin road,28.439344,94.669332,Rock-cum-Debris,Slide,Debris cum Rock,Slide,0,,18.06,18.93540984,0.409689037,1
1785,AR/WSI/82L11/2021/24,Arunachal Pradesh,West Siang,Kaying- Thumbin road slide,Kaying-Thumbin road,28.440082,94.66913,Rock-cum-Debris,Slide,Debris cum Rock,Slide,0,,21.08,18.93540984,0.409689037,1
1786,AR/WSI/82L11/2021/25,Arunachal Pradesh,West Siang,Thumbin slide,Aalo-Tato Road,28.443016,94.664795,Rock-cum-Debris,Slide,Debris cum Rock,Slide,0,,18.2,18.93540984,0.409689037,1
1787,AR/WSI/82L11/2021/26,Arunachal Pradesh,West Siang,Thumbin Slide 2,Aalo-tato Road,28.443033,94.668074,Rock-cum-Debris,Slide,Debris cum Rock,Slide,0,,20.9,18.93540984,0.409689037,1
1788,AP/DV/82P15/2022/148,Arunachal Pradesh,Dibang Valley,"Yelmo landslide. From Hunli 42.5 kms
along NH-313 towards Anini",NH-313 (Roing-Anini road),28.448428,95.855303,Debris,Slide,Debris,Slide,0,,11.97,15.50713115,0.399529611,1
1789,AP/DV/82P15/2022/147,Arunachal Pradesh,Dibang Valley,"Yelmo landslide. From Hunli 42.8 kms
along NH-313 towards Anini",NH-313 (Roing-Anini road),28.450374,95.855884,Debris,Slide,Debris,Slide,0,,13.92,15.50713115,0.399529611,1
1790,AR/US/82P04/2022/037,Arunachal Pradesh,Upper Siang,North of Damro-Gingkong Slide 3,Pasighat-yingkiong road,28.452528,95.239333,Debris,Slide,Debris,Slide,0,,0.72,17.53991803,0.40713627,1
1791,AP/DV/82P15/2022/146,Arunachal Pradesh,Dibang Valley,"From Hunli 43.45 kms along NH-313
towards Anini",NH-313 (Roing-Anini road),28.454481,95.854029,Debris,Slide,Debris,Slide,0,,8.88,15.50713115,0.399529611,1
1792,AP/DV/82P15/2022/145,Arunachal Pradesh,Dibang Valley,"From Hunli 43.5 kms along NH-313
towards Anini",NH-313 (Roing-Anini road),28.455284,95.854018,Debris,Slide,Debris,Slide,0,,7.07,15.50713115,0.399529611,1
1761,AR/ESI/82L15/2022/62,Arunachal Pradesh,East Siang,Boleng-Dite Dime Road Slide,Boleng-Dite Dime Road,28.335376,94.956509,Rock-cum-Debris,Slide,Debris cum Rock,Slide,0,,10.73,21.94893443,0.474554235,1
1762,AP/DV/82P15/2022/107,Arunachal Pradesh,Dibang Valley,"From Roing 37.6 kms along NH-313
towards Hunli","Newly connstructing Roing-
Hunli/ Anini road NH-313",28.33836,95.781715,Debris,Slide,Debris,Slide,0,,4.26,15.50713115,0.399529611,1
1763,AR/ESI/82L15/2022/61,Arunachal Pradesh,East Siang,Boleng-Dite Dime Road Slide,Boleng-Dite Dime Road,28.342551,94.987136,Rock-cum-Debris,Slide,Debris cum Rock,Slide,0,,21.74,21.94893443,0.474554235,1
1764,AR/WSI/82L11/2021/17,Arunachal Pradesh,West Siang,Kamba-Kaying road slide,Aalo-Kaying Highway,28.355501,94.679544,Debris,Slide,Debris,Slide,0,,6.71,18.93540984,0.409689037,1
1765,AP/LDV/82P16/2022/131,Arunachal Pradesh,Lower Dibang Valley,"From Hunli 16.2 kms along NH-313
towards Anini",NH-313 (Roing-Anini road),28.359553,95.948576,Rock,Fall,Rock,Fall,0,,12.8,18.48991803,0.477602664,1
1798,AP/DV/82P15/2022/132,Arunachal Pradesh,Dibang Valley,"From Hunli 45 kms along NH-313
towards Anini",NH-313 (Roing-Anini road),28.464936,95.852312,Debris,Slide,Debris,Slide,0,,7.62,15.50713115,0.399529611,1
1799,AP/DV/82P15/2022/137,Arunachal Pradesh,Dibang Valley,"From Hunli 47.4 kms along NH-313
towards Anini",NH-313 (Roing-Anini road),28.469481,95.849951,Rock,Fall,Rock,Fall,0,,15.8,15.50713115,0.399529611,1
1800,AR/US/82P04/2022/045,Arunachal Pradesh,Upper Siang,Millang-Longpong Slide,NH-513,28.470167,95.233333,Debris,Slide,Debris,Slide,0,,11.23,17.53991803,0.40713627,1
1801,AP/DV/82P15/2022/138,Arunachal Pradesh,Dibang Valley,"From Hunli 47 kms along NH-313
towards Anini",NH-313 (Roing-Anini road),28.471388,95.852234,Rock,Fall,Rock,Fall,0,,11.08,15.50713115,0.399529611,1
1802,AP/DV/82P15/2022/141,Arunachal Pradesh,Dibang Valley,"From Hunli 46.4 kms along NH-313
towards Anini",NH-313 (Roing-Anini road),28.472858,95.858449,Rock,Fall,Rock,Fall,0,,22.76,15.50713115,0.399529611,1
1803,AP/DV/82P15/2022/142,Arunachal Pradesh,Dibang Valley,"From Hunli 46.3 kms along NH-313
towards Anini",NH-313 (Roing-Anini road),28.472863,95.858934,Rock,Fall,Rock,Fall,0,,22.76,15.50713115,0.399529611,1
1804,AP/DV/82P15/2022/140,Arunachal Pradesh,Dibang Valley,"From Hunli 46.45 kms along NH-313
towards Anini",NH-313 (Roing-Anini road),28.472919,95.857932,Debris,Slide,Debris,Slide,0,,22.5,15.50713115,0.399529611,1
1805,AP/DV/82P15/2022/139,Arunachal Pradesh,Dibang Valley,"From Hunli 46.5 kms along NH-313
towards Anini",NH-313 (Roing-Anini road),28.472966,95.857242,Debris,Slide,Debris,Slide,0,,22.01,15.50713115,0.399529611,1
1806,AP/DV/82P15/2022/136,Arunachal Pradesh,Dibang Valley,"From Hunli 48.1 kms along NH-313
towards Anini",NH-313 (Roing-Anini road),28.474093,95.847423,Debris,Slide,Debris,Slide,0,,2.47,15.50713115,0.399529611,1
1807,AP/DV/82P15/2022/135,Arunachal Pradesh,Dibang Valley,"From Hunli 48.8 kms along NH-313
towards Anini",NH-313 (Roing-Anini road),28.476722,95.841356,Rock,Fall,Rock,Fall,0,,7.98,15.50713115,0.399529611,1
1808,AP/DV/82P15/2022/134,Arunachal Pradesh,Dibang Valley,"From Hunli 48.5 kms along NH-313
towards Anini",NH-313 (Roing-Anini road),28.479902,95.839317,Rock,Fall,Rock,Fall,0,,4.72,15.50713115,0.399529611,1
1777,AR/WSI/82L11/2021/18,Arunachal Pradesh,West Siang,Kaying- Thumbin road slide,Kaying-Thumbin road,28.42636,94.6774,Rock-cum-Debris,Slide,Debris cum Rock,Slide,0,,11.57,18.93540984,0.409689037,1
1778,AR/WSI/82L11/2021/19,Arunachal Pradesh,West Siang,Kaying- Thumbin road slide,Kaying-Thumbin road,28.427393,94.674582,Debris,Slide,Debris,Slide,0,,12.61,18.93540984,0.409689037,1
1779,AR/WSI/82L11/2021/20,Arunachal Pradesh,West Siang,Kaying- Thumbin road slide,Kaying-Thumbin road,28.429931,94.6778,Debris,Slide,Debris,Slide,0,,5.34,18.93540984,0.409689037,1
1780,AR/WSI/82L11/2021/21,Arunachal Pradesh,West Siang,Kaying- Thumbin road slide,Kaying-Thumbin road,28.430622,94.674225,Rock-cum-Debris,Slide,Debris cum Rock,Slide,0,,11.03,18.93540984,0.409689037,1
1781,AP/DV/82P15/2022/150,Arunachal Pradesh,Dibang Valley,"From Hunli 35.9 kms along NH-313
towards Anini",NH-313 (Roing-Anini road),28.434292,95.876106,Debris,Slide,Debris,Slide,0,,23.63,15.50713115,0.399529611,1
1814,AP/DV/82P15/2022/128,Arunachal Pradesh,Dibang Valley,"From Hunli 52.3 kms along NH-313
towards Anini",NH-313 (Roing-Anini road),28.488264,95.842761,Debris,Slide,Debris,Slide,0,,28.88,15.50713115,0.399529611,1
1815,AP/DV/82P15/2022/129,Arunachal Pradesh,Dibang Valley,"Tiwarigaon landslide. From Hunli 51.9
kms along NH-313 towards Anini",NH-313 (Roing-Anini road),28.489492,95.845459,Rock,Fall,Rock,Fall,0,,32.46,15.50713115,0.399529611,1
1816,AR/US/82P04/2022/051,Arunachal Pradesh,Upper Siang,Mariyang Slide 3,NH-513,28.490278,95.203194,Debris,Slide,Debris,Slide,0,,7.47,17.53991803,0.40713627,1
1817,AP/DV/82P15/2022/126,Arunachal Pradesh,Dibang Valley,"Arzoo landslide. From Hunli 53.7 kms
along NH-313 towards Anini",NH-313 (Roing-Anini road),28.490519,95.832301,Debris,Slide,Debris,Slide,0,,2.31,15.50713115,0.399529611,1
1818,AP/DV/82P15/2022/127,Arunachal Pradesh,Dibang Valley,"From Hunli 52.5 kms along NH-313
towards Anini",NH-313 (Roing-Anini road),28.490727,95.833473,Debris,Slide,Debris,Slide,0,,1.29,15.50713115,0.399529611,1
1819,AR/US/82P04/2022/052,Arunachal Pradesh,Upper Siang,Mariyang Slide 4,NH-513,28.4915,95.202944,Debris,Slide,Debris,Slide,0,,9.19,17.53991803,0.40713627,1
1820,AP/DV/82P15/2022/125,Arunachal Pradesh,Dibang Valley,"From Hunli 55.2 kms along NH-313
towards Anini",NH-313 (Roing-Anini road),28.494378,95.825225,Rock,Fall,Rock,Fall,0,,6,15.50713115,0.399529611,1
1821,AP/DV/82P15/2022/124,Arunachal Pradesh,Dibang Valley,"From Hunli 55.6 kms along NH-313
towards Anini",NH-313 (Roing-Anini road),28.497294,95.827044,Debris,Slide,Debris,Slide,0,,7.02,15.50713115,0.399529611,1
1822,AR/US/82P04/2022/053,Arunachal Pradesh,Upper Siang,Mariyang-Yingkiong road Slide 1,NH-513,28.497917,95.191639,Debris,Slide,Debris,Slide,0,,9.08,17.53991803,0.40713627,1
1823,AP/DV/82P15/2022/123,Arunachal Pradesh,Dibang Valley,"From Hunli 55.8 kms along NH-313
towards Anini",NH-313 (Roing-Anini road),28.498405,95.827217,Rock,Slide,Rock,Slide,0,,0.26,15.50713115,0.399529611,1
1824,AP/DV/82P15/2022/122,Arunachal Pradesh,Dibang Valley,"From Hunli 56 kms along NH-313
towards Anini",NH-313 (Roing-Anini road),28.498464,95.828278,Debris,Slide,Debris,Slide,0,,3.8,15.50713115,0.399529611,1
1793,AR/WSI/82L11/2021/27A,Arunachal Pradesh,West Siang,Thumbin Slide 3,Aalo-Tato Road,28.455655,94.680282,Debris,Slide,Debris,Slide,0,,0,18.93540984,0.409689037,1
1794,AR/WSI/82L11/2021/27B,Arunachal Pradesh,West Siang,Thumbin Slide 4,Aalo-Tato Road,28.455769,94.680664,Debris,Slide,Debris,Slide,0,,0,18.93540984,0.409689037,1
1795,AP/DV/82P15/2022/144,Arunachal Pradesh,Dibang Valley,"From Hunli 43.8 kms along NH-313
towards Anini",NH-313 (Roing-Anini road),28.457775,95.853489,Debris,Slide,Debris,Slide,0,,3.44,15.50713115,0.399529611,1
1796,AR/WSI/82L11/2021/28,Arunachal Pradesh,West Siang,North of Thumbin Slide,Aalo-Tato Road,28.459267,94.680108,Rock-cum-Debris,Slide,Debris cum Rock,Slide,0,,7.37,18.93540984,0.409689037,1
1797,AP/DV/82P15/2022/143,Arunachal Pradesh,Dibang Valley,"From Hunli 44.5 kms along NH-313
towards Anini",NH-313 (Roing-Anini road),28.462314,95.849136,Rock,Fall,Rock,Fall,0,,0.05,15.50713115,0.399529611,1
21,AS/HKN/83D10/2020/1,Assam,Hailakandi,Dwarbond- Bilaipur slide,Dwarbond- Bilaipur road,24.55,92.74,Debris,Slide,Debris,Slide,0,,0.93,12.93385246,0.40283224,1
22,AS/HKN/83D10/2020/9,Assam,Hailakandi,Purbanakshatila slide 1,Purbanakshatila,24.55,92.75,Debris,Slide,Debris,Slide,0,,0.57,12.93385246,0.40283224,1
23,AS/HKN/83D10/2020/10,Assam,Hailakandi,Purbanakshatila slide 2,Purbanakshatila,24.55,92.75,Debris,Slide,Debris,Slide,0,,0.57,12.93385246,0.40283224,1
24,AS/CHR/83D14/2020/2,Assam,Cachar,Maniarkhal Slide,Maniarkhal Pt VII (Tea estate),24.56,92.94,Debris,Slide,Debris,Slide,0,,0.57,16.40983607,0.487502186,1
1834,AR/US/82P02/2022/072,Arunachal Pradesh,Upper Siang,West of Kolung Slide 6,NH-513,28.528778,95.173278,Rock,Slide,Rock,Slide,0,,3.65,17.53991803,0.40713627,1
1835,AR/US/82P02/2022/077,Arunachal Pradesh,Upper Siang,South west of Jengging Slide,NH-513,28.531528,95.050417,Debris,Slide,Debris,Slide,0,,22.19,17.53991803,0.40713627,1
1836,AR/WSI/82L10/2022/63,Arunachal Pradesh,West Siang,"Near Dupu, Kaying-Tato Road",Kaying-Tato Road,28.535474,94.597063,Rock-cum-Debris,Slide,Debris cum Rock,Slide,0,,19.4,18.93540984,0.409689037,1
1837,AR/US/82P02/2022/071,Arunachal Pradesh,Upper Siang,West of Kolung Slide 5,"NH-513(Mariyang-Yingkiong
road)",28.540139,95.168667,Debris,Slide,Debris,Slide,0,,0.36,17.53991803,0.40713627,1
1838,AR/WSI/82L10/2022/64,Arunachal Pradesh,West Siang,Payum-Dupu road Slide,Kaying Tato Road,28.543178,94.633991,Rock-cum-Debris,Slide,Debris cum Rock,Slide,0,,0.82,18.93540984,0.409689037,1
1839,AR/US/82P02/2022/076,Arunachal Pradesh,Upper Siang,Jengging Slide 1,NH-513,28.550472,95.06325,Debris,Slide,Debris,Slide,0,,4.98,17.53991803,0.40713627,1
1840,AR/US/82P02/2022/070,Arunachal Pradesh,Upper Siang,West of Kolung Slide 4,"NH-513 (Mariyang-Yingkiong
road)",28.550694,95.158333,Debris,Slide,Debris,Slide,0,,9.89,17.53991803,0.40713627,1
1809,AP/DV/82P15/2022/133,Arunachal Pradesh,Dibang Valley,"From Hunli 49.8 kms along NH-313
towards Anini",NH-313 (Roing-Anini road),28.481108,95.838317,Debris,Slide,Debris,Slide,0,,7.93,15.50713115,0.399529611,1
1810,AR/US/82P04/2022/047,Arunachal Pradesh,Upper Siang,Mariyang Slide 2,NH-513,28.484056,95.207056,Debris,Slide,Debris,Slide,0,,14.84,17.53991803,0.40713627,1
1811,AP/DV/82P15/2022/130,Arunachal Pradesh,Dibang Valley,"From Hunli 51.2 kms along NH-313
towards Anini",NH-313 (Roing-Anini road),28.487041,95.848265,Debris,Slide,Debris,Slide,0,,29,15.50713115,0.399529611,1
1812,AR/US/82P04/2022/046,Arunachal Pradesh,Upper Siang,Mariyang Slide 1,NH-513,28.4875,95.213417,Debris,Flow,Debris,Flow,0,,4.01,17.53991803,0.40713627,1
1813,AP/LDV/82P16/2022/119,Arunachal Pradesh,Lower Dibang Valley,From Hunli 2.4 km along HMH road,"Hunli-Metengliang-Hayuliang
(HMH) road",28.487904,95.84071,Debris,Slide,Debris,Slide,0,,21.83,18.48991803,0.477602664,1
6,AS/HKN/83D11/2020/3,Assam,Hailakandi,Lalpani slide,NH - 154,24.44,92.56,Debris,Slide,Debris,Slide,0,,0.05,12.93385246,0.40283224,1
11,AS/HKN/83D10/2020/4,Assam,Hailakandi,Dholaikhal slide,Inner Line Reserved Forest,24.51,92.75,Rock,Slide,Rock,Slide,0,,3.14,12.93385246,0.40283224,1
1841,AR/US/82P02/2022/069,Arunachal Pradesh,Upper Siang,West of Kolung Slide 3,"NH-513 (Mariyang-Yingkiong
road)",28.560139,95.149472,Debris,slide,Debris,Slide,0,,11.33,17.53991803,0.40713627,1
1842,AR/US/82P02/2022/068,Arunachal Pradesh,Upper Siang,West of Kolung Slide 2,NH-513,28.56525,95.148333,Debris,Slide,Debris,Slide,0,,10.48,17.53991803,0.40713627,1
1844,AR/US/82P02/2022/066,Arunachal Pradesh,Upper Siang,Northeast of Simong Slide 2,NH-513,28.605528,95.105528,Debris,slide,Debris,Slide,0,,13.39,17.53991803,0.40713627,1
1845,AP/DV/82P/14/2022/LS-104,Arunachal Pradesh,Dibang Valley,Etalin slide,NH-313Etalin to Annini village.,28.606804,95.864088,Debris,Slide,Debris,Slide,0,,15.94,15.50713115,0.399529611,1
1846,AP/E-Siang/82P8/2022/LS39,Arunachal Pradesh,Dibang Valley,LS-39,"NH-13, Pasighat river slide",28.608016,95.854035,Debris,Slide,Debris,Slide,0,,0.15,15.50713115,0.399529611,1
1847,AP/LDV/82P8/2022/LS38,Arunachal Pradesh,Dibang Valley,LS-38,"NH-13, Dambuk slide",28.609263,95.856878,Debris,Slide,Debris,Slide,0,,2.57,15.50713115,0.399529611,1
1848,AR/US/82P02/2022/065,Arunachal Pradesh,Upper Siang,Northeast of Simong Slide 1,NH-513,28.609361,95.088583,Debris,Slide,Debris,Slide,0,,8.58,17.53991803,0.40713627,1
1849,AR/US/82P02/2022/064,Arunachal Pradesh,Upper Siang,Yingkiong road Slide 7,NH-513,28.614667,95.063611,Debris,Slide,Debris,Slide,0,,13.54,17.53991803,0.40713627,1
47,AS/CHR/83D13/2020/5,Assam,Cachar,Nagadun slide,Nagadun,24.96,92.92,Debris,Slide,Debris,Slide,0,,3.19,16.40983607,0.487502186,1
2049,7049,Arunachal Pradesh,Lower Subansiri,Pine Grove,Near BRO Dett,27.622016,93.841176,Soil,slide,Soil,Slide,0,,7.52,16.43934426,0.418713593,1
13,AS/HKN/83D10/2020/5,Assam,Hailakandi,Barthal slide,Bilaipur,24.51,92.71,Debris,Slide,Debris,Slide,0,,0.31,12.93385246,0.40283224,1
12,AS/CHR/83D14/2020/3,Assam,Cachar,Bishnupur Puniyar Slide,Bishnupur Puniyar,24.51,92.9,Debris,Slide,Debris,Slide,0,,0.77,16.40983607,0.487502186,1
9,AS/HKN/83D07/2020/1,Assam,Hailakandi,Maneshwarpur landslide,Maneshwarpur,24.48,92.49,Debris,Slide,Debris,Slide,0,,0.57,12.93385246,0.40283224,1
1856,AP/DV/82P/14/2022/LS-106,Arunachal Pradesh,Dibang Valley,Annini Slide,NH- 313.,28.621593,95.855998,Debris,Slide,Debris,Slide,0,,10.38,15.50713115,0.399529611,1
404,AS/KAR/83G05/2017/3,Assam,Karbi Anglong,Kania Terongaon1,NH36,25.96272,93.46964,Soil,Slide,Soil,Slide,0,,0.41,12.94967213,0.492063559,1
405,ASM/WKA/83C09/2016/8,Assam,West Karbi Anglong,Mt View English LP School,"Chinthong block, Baithalangso",25.965731,92.59267,Earth,Slide,Earth,Slide,0,,1.9,14.97122951,0.486417452,1
407,ASM/WKA/83B08/2017/42,Assam,West Karbi Anglong,Amsoi-Umpanai road slide No.2,"~300 meter South of Silaguri,
Sunani - Umpanai road",25.968083,92.3575,Debris,Slide,Debris,Slide,0,,4.57,14.97122951,0.486417452,1
1850,AR/US/82P02/2022/061,Arunachal Pradesh,Upper Siang,Yingkiong road Slide 4,NH-513,28.615028,95.053306,Soil,Slide,Soil,Slide,0,,12.41,17.53991803,0.40713627,1
1851,AP/LDV/82P11/2022/LS82,Arunachal Pradesh,Dibang Valley,LS-82,NH-13,28.615893,95.859914,Debris,Slide,Debris,Slide,0,,12.61,15.50713115,0.399529611,1
1852,AR/US/82P04/2022/050,Arunachal Pradesh,Upper Siang,Yingkiong road Slide 3,NH-513,28.617333,95.049556,Debris,Slide,Debris,Slide,0,,2.62,17.53991803,0.40713627,1
1853,AR/US/82P02/2022/062,Arunachal Pradesh,Upper Siang,Yingkiong road Slide 5,NH-513,28.617667,95.056444,Soil,Slide,Soil,Slide,0,,9.79,17.53991803,0.40713627,1
1854,AP/DV/82P/14/2022/LS-105,Arunachal Pradesh,Dibang Valley,Annini slide,NN-313,28.618542,95.858124,Debris,Slide,Debris,Slide,0,,8.93,15.50713115,0.399529611,1
1855,AR/US/82P02/2022/063,Arunachal Pradesh,Upper Siang,Yingkiong road Slide 6,NH-513,28.619917,95.057583,Debris,Slide,Debris,Slide,0,,3.29,17.53991803,0.40713627,1
41,AS/DIM/83C16/2018/27,Assam,Cachar,Lowajuri,NH53,24.795892,93.045425,Debris,Slide,Debris,Slide,0,,0.15,16.40983607,0.487502186,1
42,AS/DIM/83C16/2018/28,Assam,Cachar,Lalpani,NH53,24.813648,93.073009,Debris,Slide,Debris,Slide,0,,1.54,16.40983607,0.487502186,1
44,AS/CHR/83D13/2020/9,Assam,Cachar,Haticherra slide,"NH-27(Old NH-54E, Silchar-
Lumding road)",24.93,92.84,Debris,Slide,Debris,Slide,0,,0.21,16.40983607,0.487502186,1
46,AS/CHR/83D13/2020/7,Assam,Cachar,Subong slide,Subong Tea Estate,24.95,92.8,Debris,Slide,Debris,Slide,0,,0.87,16.40983607,0.487502186,1
26,AS/CHR/83D14/2020/6,Assam,Cachar,Pruptal slide,Pruptal,24.62,92.83,Debris,Slide,Debris,Slide,0,,0.36,16.40983607,0.487502186,1
28,AS/HKN/83D10/2020/2,Assam,Hailakandi,BoroJalenga slide,BoroJalenga,24.63,92.74,Debris,Slide,Debris,Slide,0,,1.44,12.93385246,0.40283224,1
7,AS/HKN/83D11/2020/2,Assam,Hailakandi,Garapunjislide,Telecherra,24.46,92.52,Debris,Slide,Debris,Slide,0,,0.05,12.93385246,0.40283224,1
2074,7103,Arunachal Pradesh,Lower Subansiri,Boasimla,Unknown,27.7306,93.9767,Debris,Slide,Debris,Slide,0,,22.14,16.43934426,0.418713593,1
2075,7104,Arunachal Pradesh,Lower Subansiri,Yattap,Unknown,27.7257,93.9656,Debris,Slide,Debris,Slide,0,,20.17,16.43934426,0.418713593,1
2076,7105,Arunachal Pradesh,Lower Subansiri,Yattap,Unknown,27.7231,93.9587,Debris,Slide,Debris,Slide,0,,20.49,16.43934426,0.418713593,1
2071,7100,Arunachal Pradesh,Lower Subansiri,Tajgi,Unknown,27.6712,93.8974,Debris,Slide,Debris,Slide,0,,7.83,16.43934426,0.418713593,1
1701,AP/DV/82P/14/2022/LS-100,Arunachal Pradesh,Lower Dibang Valley,Unknown,NH-313,28.265965,95.560934,Debris,Slide,Debris,Slide,0,,10.78,18.48991803,0.477602664,1
1697,AP/DV/82P/14/2022/LS-98,Arunachal Pradesh,Lower Dibang Valley,Unknown,NH-313,28.265563,95.563438,Debris,Slide,Debris,Slide,0,,16.32,18.48991803,0.477602664,1
2077,7106,Arunachal Pradesh,Lower Subansiri,Repari,Unknown,27.7182,93.947,Debris,Slide,Debris,Slide,0,,14.12,16.43934426,0.418713593,1
851,7198,Assam,Dima Hasao,Unknown,Unknown,25.388977,93.121008,Debris,slide,Debris,Slide,1,2024,1.08,9.72704918,0.454789959,1
853,7203,Assam,Dima Hasao,Unknown,Unknown,25.341478,93.133718,Debris,slide,Debris,Slide,1,2025,0.31,5.23852459,0.364799863,1
1221,ARN/TWG/RBR/2016-17/17,Arunachal Pradesh,Tawang,Rabrang Sinking zone,Unknown,27.58647222,91.89636111,Earth/Soil/Debris,Sinking/subside nce,Debris cum Earth cum Soil,Subsidence,0,,6.46,10.39622951,0.407207821,1
1239,"AP/TAW/78M14-SE/2009-10/AR
1A",Arunachal Pradesh,Tawang,"Tawang Monastery/Arunachal
Pradesh",Unknown,27.584639,91.860917,Rock cum Debris,Unknown,Debris cum Rock,Unknown,0,,7.72,10.39622951,0.407207821,1
1238,"AP/TAW/78M14-SE/2009-10/AR
1C",Arunachal Pradesh,Tawang,"Tawang Monastery/Arunachal
Pradesh",Unknown,27.584639,91.860917,Rock cum Debris,Unknown,Debris cum Rock,Unknown,0,,7.72,10.39622951,0.407207821,1
1237,"AP/TAW/78M14-SE/2009-10/AR
1B",Arunachal Pradesh,Tawang,"Tawang Monastery/Arunachal
Pradesh",Unknown,27.584639,91.860917,Rock cum Debris,Unknown,Debris cum Rock,Unknown,0,,7.72,10.39622951,0.407207821,1
1696,AP/DV/82P/14/2022/LS-97,Arunachal Pradesh,Lower Dibang Valley,Unknown,NH-313,28.265561,95.562854,Debris,Slide,Debris,Slide,0,,13.49,18.48991803,0.477602664,1
1690,AP/LDV/82P/14/2022/LS-96,Arunachal Pradesh,Lower Dibang Valley,Unknown,NH-313,28.264331,95.565798,Debris,Slide,Debris,Slide,0,,19.12,18.48991803,0.477602664,1
1702,AP/DV/82P/14/2022/LS-99,Arunachal Pradesh,Lower Dibang Valley,Unknown,NH-313,28.266271,95.609385,Debris,Slide,Debris,Slide,0,,6.25,18.48991803,0.477602664,1
249,AS/DIH/83G08/2020/6,Assam,Dima Hasao,Unknown,Chhota Laisong-Hegolo road,25.24,93.27,Debris,Slide,Debris,Slide,0,,10.73,8.835655738,0.458326947,1
228,AS/DIH/83G08/2020/12,Assam,Dima Hasao,Unknown,"Data collected from Mahur-
Toulpui road.",25.21,93.25,Debris,Slide,Debris,Slide,0,,12.8,8.835655738,0.458326947,1
229,AS/DIH/83G08/2020/25,Assam,Dima Hasao,Unknown,Laisong Bazar to Hejaichak road,25.21,93.31,Debris,Slide,Debris,Slide,0,,20.9,8.835655738,0.458326947,1
235,AS/DIH/83G08/2020/2,Assam,Dima Hasao,Unknown,"Laisong bazar to Chhota Laisong
road",25.22,93.29,Debris,Slide,Debris,Slide,0,,3.14,8.835655738,0.458326947,1
236,AS/DIH/83G08/2020/7,Assam,Dima Hasao,Unknown,"Along Jenam river, Laisong area",25.22,93.29,Debris,Slide,Debris,Slide,0,,3.14,8.835655738,0.458326947,1
237,AS/DIH/83G08/2020/9,Assam,Dima Hasao,Unknown,Hejaichak to Hangrum road,25.22,93.34,Debris,Slide,Debris,Slide,0,,2.93,8.835655738,0.458326947,1
238,AS/DIH/83G08/2020/10,Assam,Dima Hasao,Unknown,Hejaichak to Hangrum road,25.22,93.34,Debris,Slide,Debris,Slide,0,,2.93,8.835655738,0.458326947,1
239,AS/DIH/83G08/2020/13,Assam,Dima Hasao,Unknown,Hejaichak to Hangrum road,25.22,93.35,Debris,Slide,Debris,Slide,0,,2.62,8.835655738,0.458326947,1
210,AS/DIH/83G08/2020/34,Assam,Dima Hasao,Unknown,"Along Jenam river, Laisong area",25.19,93.3,Rock,Slide,Rock,Slide,0,,5.9,8.835655738,0.458326947,1
486,AS/KAM/78N12/2008/B-4,Assam,Kamrup,Shreebhumi Nagar Slide,Unknown,26.13611,91.74056,Unknown,Topple,Unknown,Topple,0,,0.93,13.51032787,0.482562705,1
446,AS/KAM/83B4/2015/91,Assam,Kamrup,Unknown,"Enroute to Barkasarong,
Kamrup",26.077844,92.035022,Debris,Slide,Debris,Slide,0,,0.93,13.51032787,0.482562705,1
240,AS/DIH/83G08/2020/24,Assam,Dima Hasao,Unknown,Laisong Bazar to Hejaichak road,25.22,93.32,Debris,Slide,Debris,Slide,0,,15.7,8.835655738,0.458326947,1
849,7196,Assam,Dima Hasao,Unknown,Unknown,25.69814,93.129423,Soil,slide,Soil,Slide,1,2025,2.73,8.693442623,0.407574795,1
850,7197,Assam,Dima Hasao,Unknown,Unknown,25.648512,93.121528,Debris,slide,Debris,Slide,1,2025,2.62,8.28852459,0.392340847,1
583,AS/JOR/83J06/2020/1,Assam,Jorhat,Unknown,Bailey Bridge (after Chankijan),26.6,94.34,Rock,Slide,Rock,Slide,0,,0.51,11.91311475,0.484335485,1
579,AS/JOR/83J06/2020/16,Assam,Jorhat,Unknown,NH702D,26.58,94.35,Earth,Slide,Earth,Slide,0,,0.46,11.91311475,0.484335485,1
847,7194,Assam,Kamrup,Unknown,Unknown,26.24698,91.964383,Debris,slide,Debris,Slide,1,2025,0.31,14.00163934,0.466809768,1
578,AS/JOR/83J06/2020/15,Assam,Jorhat,Unknown,NH702D (After Aokum),26.58,94.35,Earth,Slide,Earth,Slide,0,,0.46,11.91311475,0.484335485,1
586,AS/JOR/83J06/2020/14,Assam,Jorhat,Unknown,NH702D (After Tsetapda Gate),26.6,94.35,Rock,Slide,Rock,Slide,0,,1.54,11.91311475,0.484335485,1
855,7211,Assam,West Karbi Anglong,Unknown,Unknown,25.890032,92.621245,Debris,slide,Debris,Slide,1,2024,2.98,13.21229508,0.483777322,1
845,7192,Assam,Kamrup,Unknown,Unknown,26.2272613,91.6922458,Debris,slide,Debris,Slide,1,2008,0.77,21.85327869,0.476262295,1
508,AS/KAM/78N16/2007/B-2,Assam,Kamrup,Salbari Slide,Unknown,26.18917,91.80111,Unknown,Unknown,Unknown,Unknown,0,,1.49,13.51032787,0.482562705,1
505,AS/KAM/78N16/2008/B-3,Assam,Kamrup,Daksin Saraniya Slide,Unknown,26.17806,91.76083,Unknown,Unknown,Unknown,Unknown,0,,0.46,13.51032787,0.482562705,1
515,AS/KAM/78N16/2007/B-1,Assam,Kamrup,Jyoti Nagar Slide,Unknown,26.19167,91.79028,Unknown,Unknown,Unknown,Unknown,0,,2.47,13.51032787,0.482562705,1
569,AS/JOR/83J06/2020/17,Assam,Jorhat,Unknown,NH702D,26.57,94.35,Debris,Slide,Debris,Slide,0,,1.34,11.91311475,0.484335485,1
566,AS/JOR/83J06/2020/20,Assam,Jorhat,Unknown,NH702D,26.56,94.36,Earth,Slide,Earth,Slide,0,,1.39,11.91311475,0.484335485,1
565,AS/JOR/83J06/2020/19,Assam,Jorhat,Unknown,NH702D,26.56,94.36,Debris,Slide,Debris,Slide,0,,1.39,11.91311475,0.484335485,1
564,AS/JOR/83J06/2020/18,Assam,Jorhat,Unknown,Mariani-Chanki Rd,26.56,94.36,Earth,Slide,Earth,Slide,0,,1.39,11.91311475,0.484335485,1
590,AS/UDA/83B01/2021/01,Assam,Udalguri,Unknown,Unknown,26.89074,92.12068,Rock-cum- debris,Falls,Debris cum Rock,Fall,1,2021,0.87,13.7795082,0.276140027,1
589,AS/UDA/83B01/2021/02,Assam,Udalguri,Unknown,Unknown,26.88969,92.12266,Rock-cum- debris,Falls,Debris cum Rock,Fall,1,2021,2.42,13.7795082,0.276140027,1
218,AS/DIH/83G08/2020/43,Assam,Dima Hasao,Unknown,Mahur-Toulpui road.,25.2,93.25,Rock,Slide,Rock,Slide,0,,4.06,8.835655738,0.458326947,1
211,AS/DIH/83G08/2020/40,Assam,Dima Hasao,Unknown,"Along Jenam river, Laisong area",25.19,93.3,Rock,Slide,Rock,Slide,0,,5.9,8.835655738,0.458326947,1
212,AS/DIH/83G08/2020/44,Assam,Dima Hasao,Unknown,"Along Jenam river, Laisong area",25.19,93.3,Rock,Fall,Rock,Fall,0,,5.9,8.835655738,0.458326947,1
217,AS/DIH/83G08/2020/1,Assam,Dima Hasao,Unknown,"Data collected from Mahur-
Toulpui road.",25.2,93.25,Rock,Slide,Rock,Slide,0,,4.06,8.835655738,0.458326947,1
198,AS/DIH/83G08/2020/39,Assam,Dima Hasao,Unknown,"Along Jenam river, Laisong area",25.18,93.3,Rock,Slide,Rock,Slide,0,,6.51,8.835655738,0.458326947,1
197,AS/DIH/83G08/2020/14,Assam,Dima Hasao,Unknown,"Data recorded from Hejaichak
to Hangrum road",25.18,93.33,Debris,Slide,Debris,Slide,0,,11.08,8.835655738,0.458326947,1
247,AS/DIH/83G08/2020/4,Assam,Dima Hasao,Unknown,"Laisong bazar to Chhota Laisong
road",25.24,93.28,Debris,Slide,Debris,Slide,0,,9.39,8.835655738,0.458326947,1
248,AS/DIH/83G08/2020/5,Assam,Dima Hasao,Unknown,"Laisong bazar to Chhota Laisong
road",25.24,93.27,Debris,Slide,Debris,Slide,0,,10.73,8.835655738,0.458326947,1
241,AS/DIH/83G08/2020/47,Assam,Dima Hasao,Unknown,"Laisong bazar to Chhota
Laisong road",25.22,93.29,Rock,Slide,Rock,Slide,0,,3.14,8.835655738,0.458326947,1
244,AS/DIH/83G08/2020/28,Assam,Dima Hasao,Unknown,Kipeilua village,25.23,93.34,Debris,Slide,Debris,Slide,0,,4.62,8.835655738,0.458326947,1
1958,AR/EAK/84E03/2025/15,Arunachal Pradesh,East Kameng,Unknown,NH 13,27.296928,93.088111,Debris,Slide,Debris,Slide,0,,13.58,15.14401639,0.407394775,1
1957,AR/EAK/84E03/2025/14,Arunachal Pradesh,East Kameng,Unknown,NH 13,27.296928,93.088111,Debris,Slide,Debris,Slide,0,,13.58,15.14401639,0.407394775,1
1956,AR/EAK/84E03/2025/13,Arunachal Pradesh,East Kameng,Unknown,NH 13,27.296928,93.088111,Debris,Slide,Debris,Slide,0,,13.58,15.14401639,0.407394775,1
1963,AR/EAK/84E04/2025/20,Arunachal Pradesh,Pakke Kessang,Unknown,NH 13,27.216933,93.066329,Debris,Slide,Debris,Slide,0,,9.03,13.99147541,0.41149498,1
1962,AR/EAK/84E03/2025/19,Arunachal Pradesh,East Kameng,Unknown,NH 13,27.311571,93.046703,Debris,Slide,Debris,Slide,0,,6.41,15.14401639,0.407394775,1
1961,AR/EAK/84E03/2025/18,Arunachal Pradesh,East Kameng,Unknown,NH 13,27.301412,93.051563,Debris,Slide,Debris,Slide,0,,14.6,15.14401639,0.407394775,1
1953,AR/EAK/84E03/2025/10,Arunachal Pradesh,East Kameng,Unknown,NH 13,27.302253,93.050932,Debris,Slide,Debris,Slide,0,,16.28,15.14401639,0.407394775,1
1954,AR/EAK/84E03/2025/11,Arunachal Pradesh,East Kameng,Unknown,NH 13,27.293539,93.050398,Debris,Slide,Debris,Slide,0,,2.06,15.14401639,0.407394775,1
1955,AR/EAK/84E03/2025/12,Arunachal Pradesh,East Kameng,Unknown,NH 13,27.296928,93.088111,Debris,Slide,Debris,Slide,0,,13.58,15.14401639,0.407394775,1
1952,AR/EAK/84E03/2025/09,Arunachal Pradesh,East Kameng,Unknown,NH 13,27.301468,93.053244,Debris,Slide,Debris,Slide,0,,16.23,15.14401639,0.407394775,1
1948,AR/EAK/84E03/2025/05,Arunachal Pradesh,East Kameng,Unknown,NH 13,27.309745,93.047722,Soil,Slide,Soil,Slide,0,,6.91,15.14401639,0.407394775,1
1951,AR/EAK/84E03/2025/08,Arunachal Pradesh,East Kameng,Unknown,NH 13,27.308143,93.059302,Soil,Slide,Soil,Slide,0,,14.07,15.14401639,0.407394775,1
1950,AR/EAK/84E03/2025/07,Arunachal Pradesh,East Kameng,Unknown,NH 13,27.304291,93.052835,Debris,Slide,Debris,Slide,0,,15.85,15.14401639,0.407394775,1
1949,AR/EAK/84E03/2025/06,Arunachal Pradesh,East Kameng,Unknown,NH 13,27.304291,93.052835,Debris,Slide,Debris,Slide,0,,15.85,15.14401639,0.407394775,1
1945,AR/EAK/84E03/2025/02,Arunachal Pradesh,East Kameng,Unknown,NH 13,27.313874,93.045623,Soil,Slide,Soil,Slide,0,,4.47,15.14401639,0.407394775,1
1946,AR/EAK/84E03/2025/03,Arunachal Pradesh,East Kameng,Unknown,NH 13,27.311231,93.04677,Soil,Slide,Soil,Slide,0,,6.41,15.14401639,0.407394775,1
1947,AR/EAK/84E12/2025/04,Arunachal Pradesh,Papum Pare,Unknown,Itanagar-Jote Road,27.059755,93.522666,Debris,Slide,Debris,Slide,0,,0.72,15.31327869,0.492465437,1
1944,AR/EAK/84E03/2025/01,Arunachal Pradesh,East Kameng,Unknown,NH 13,27.322582,93.048256,Debris,Slide,Debris,Slide,0,,7.42,15.14401639,0.407394775,1
188,AS/DIH/83G08/2020/46,Assam,Dima Hasao,Unknown,"Along Jenam river, Laisong area",25.17,93.29,Debris,Slide,Debris,Slide,0,,7.27,8.835655738,0.458326947,1
187,AS/DIH/83G08/2020/15,Assam,Dima Hasao,Unknown,"Data recorded from Hejaichak
to Hangrum road",25.17,93.36,Rock,Slide,Rock,Slide,0,,13.63,8.835655738,0.458326947,1
200,AS/DIH/83G08/2020/42,Assam,Dima Hasao,Unknown,"Along Jenam river, Laisong area",25.18,93.3,Debris,Slide,Debris,Slide,0,,6.51,8.835655738,0.458326947,1
199,AS/DIH/83G08/2020/41,Assam,Dima Hasao,Unknown,"Along Jenam river, Laisong area",25.18,93.3,Debris,Slide,Debris,Slide,0,,6.51,8.835655738,0.458326947,1
2057,7085,Arunachal Pradesh,Lower Subansiri,Cabbage Garden,Unknown,27.6375,93.8555,Soil,Slide,Soil,Slide,0,,10.88,16.43934426,0.418713593,1
2058,7086,Arunachal Pradesh,Lower Subansiri,Unknown,Near Cabbage Garden,27.6387,93.8551,Soil,Slide,Soil,Slide,0,,10.38,16.43934426,0.418713593,1
2051,7052,Arunachal Pradesh,Lower Subansiri,Pine Grove,Unknown,27.623829,93.841776,Debris,slide,Debris,Slide,0,,9.54,16.43934426,0.418713593,1
2052,7053,Arunachal Pradesh,Lower Subansiri,Pine Grove,Unknown,27.623885,93.841824,Debris,slide,Debris,Slide,0,,9.54,16.43934426,0.418713593,1
2053,7079,Arunachal Pradesh,Lower Subansiri,Nenchalya,Unknown,27.631,93.8465,Debris,Slide,Debris,Slide,0,,11.38,16.43934426,0.418713593,1
2037,6999,Arunachal Pradesh,Papum Pare,Unknown,"way to NIT, AP",27.069615,93.550726,Soil,slide,Soil,Slide,0,,9.34,15.31327869,0.492465437,1
2042,7005,Arunachal Pradesh,Papum Pare,Hoj,Unknown,27.2594,93.796312,Debris,Slide,Debris,Slide,0,,9.03,15.31327869,0.492465437,1
2040,7002,Arunachal Pradesh,Papum Pare,Unknown,way to NIT,27.062298,93.531487,Debris,slide,Debris,Slide,0,,2.11,15.31327869,0.492465437,1
2045,7008,Arunachal Pradesh,Papum Pare,Hoj,Unknown,27.270257,93.798647,Debris,Slide,Debris,Slide,0,,7.07,15.31327869,0.492465437,1
2046,7009,Arunachal Pradesh,Papum Pare,Hoj,Unknown,27.274387,93.797815,Debris,Slide,Debris,Slide,0,,8.73,15.31327869,0.492465437,1
2043,7006,Arunachal Pradesh,Papum Pare,Hoj,Unknown,27.267809,93.801259,Debris,Slide,Debris,Slide,0,,1.08,15.31327869,0.492465437,1
2044,7007,Arunachal Pradesh,Papum Pare,Hoj,Unknown,27.269714,93.802353,Debris,Slide,Debris,Slide,0,,1.9,15.31327869,0.492465437,1
2047,7046,Arunachal Pradesh,East Siang,Near Renging,Unknown,28.139996,95.259634,Debris,slide,Debris,Slide,0,,11.77,21.94893443,0.474554235,1
106,AS/DIH/83G08/2020/33,Assam,Dima Hasao,Unknown,"Data taken from P. Songkai to
Natun Songkai road",25.07,93.29,Debris,Slide,Debris,Slide,0,,7.17,8.835655738,0.458326947,1
2050,7051,Arunachal Pradesh,Lower Subansiri,Pine Grove,Unknown,27.622973,93.841316,Debris,slide,Debris,Slide,0,,6.46,16.43934426,0.418713593,1
111,AS/DIH/83G08/2020/31,Assam,Dima Hasao,Unknown,"P. Songkai to Natun Songkai
road",25.1,93.28,Rock,Slide,Rock,Slide,0,,9.03,8.835655738,0.458326947,1
2061,7089,Arunachal Pradesh,Lower Subansiri,Silyo,Unknown,27.6478,93.8737,Debris,Slide,Debris,Slide,0,,5.54,16.43934426,0.418713593,1
2026,6988,Arunachal Pradesh,Papum Pare,1036,Unknown,27.113024,93.606339,Debris,slide,Debris,Slide,0,,17.69,15.31327869,0.492465437,1
2027,6989,Arunachal Pradesh,East Kameng,Parang,Unknown,27.307958,93.498326,Debris,slide,Debris,Slide,0,,6.97,15.14401639,0.407394775,1
2020,6979,Arunachal Pradesh,Papum Pare,Hoj,Unknown,27.257603,93.796335,Debris,Slide,Debris,Slide,0,,9.74,15.31327869,0.492465437,1
2021,6980,Arunachal Pradesh,West Kameng,Near BRO camp,Unknown,27.177138,92.576909,Debris,slide,Debris,Slide,0,,9.49,19.00180328,0.416310861,1
2022,6981,Arunachal Pradesh,West Kameng,NE of BRO camp,Unknown,27.178567,92.583154,Debris,slide,Debris,Slide,0,,9.49,19.00180328,0.416310861,1
1959,AR/EAK/84E03/2025/16,Arunachal Pradesh,East Kameng,Unknown,NH 13,27.296928,93.088111,Debris,Slide,Debris,Slide,0,,9.03,15.14401639,0.407394775,1
1960,AR/EAK/84E03/2025/17,Arunachal Pradesh,East Kameng,Unknown,NH 13,27.296928,93.088111,Debris,Slide,Debris,Slide,0,,9.03,15.14401639,0.407394775,1
1965,AR/EAK/84E03/2025/22,Arunachal Pradesh,East Kameng,Unknown,NH 13,27.296928,93.088111,Debris,Slide,Debris,Slide,0,,9.03,15.14401639,0.407394775,1
1966,AR/EAK/84E03/2025/23,Arunachal Pradesh,East Kameng,Unknown,NH 13,27.296928,93.088111,Debris,Slide,Debris,Slide,0,,9.03,15.14401639,0.407394775,1
1967,AR/EAK/84E03/2025/24,Arunachal Pradesh,East Kameng,Unknown,NH 13,27.296928,93.088111,Debris,Slide,Debris,Slide,0,,9.03,15.14401639,0.407394775,1
1964,AR/EAK/84E04/2025/21,Arunachal Pradesh,Pakke Kessang,Unknown,NH 13,27.216933,93.066329,Debris,Slide,Debris,Slide,0,,5.055,13.99147541,0.41149498,1
1968,AR/EAK/84E03/2025/25,Arunachal Pradesh,East Kameng,Unknown,NH 13,27.296928,93.088111,Debris,Slide,Debris,Slide,0,,9.03,15.14401639,0.407394775,1
1969,AR/EAK/84E12/2025/26,Arunachal Pradesh,Papum Pare,Unknown,Itanagar-Jote Road,27.053976,93.494166,Debris,Slide,Debris,Slide,0,,5.95,15.31327869,0.492465437,1
155,AS/DIH/83G08/2020/20,Assam,Dima Hasao,Unknown,Below Hangrum village.,25.14,93.31,Debris,Slide,Debris,Slide,0,,3.8,8.835655738,0.458326947,1
166,AS/DIH/83G08/2020/21,Assam,Dima Hasao,Unknown,"Data recorded from Hejaichak
to Hangrum road",25.15,93.37,Debris,Slide,Debris,Slide,0,,3.8,8.835655738,0.458326947,1
1995,6827,Arunachal Pradesh,East Kameng,Rillow,Unknown,27.216933,93.066329,Debris,slide,Debris,Slide,0,,9.03,15.14401639,0.407394775,1
1994,6825,Arunachal Pradesh,Papum Pare,Yupia-2,Unknown,27.157291,93.739896,Debris,Slide,Debris,Slide,0,,5.95,15.31327869,0.492465437,1
1978,4526,Arunachal Pradesh,Lower Dibang Valley,Unknown,Beside NH 313,28.194898,95.807336,Debris,slide,Debris,Slide,0,,11.43,18.48991803,0.477602664,1
1970,AR/EAK/84E03/2025/27,Arunachal Pradesh,East Kameng,Unknown,NH 13,27.296928,93.088111,Debris,Slide,Debris,Slide,0,,9.03,15.14401639,0.407394775,1
1971,AR/EAK/84E03/2025/28,Arunachal Pradesh,East Kameng,Unknown,NH 13,27.296928,93.088111,Debris,Slide,Debris,Slide,0,,13.58,15.14401639,0.407394775,1
1972,AR/EAK/84E12/2025/29,Arunachal Pradesh,Papum Pare,Unknown,NH-13,27.213127,92.652213,Debris,Slide,Debris,Slide,0,,9.49,15.31327869,0.492465437,1
1973,AR/EAK/84E12/2025/30,Arunachal Pradesh,Papum Pare,Unknown,NH-13,27.062298,93.531487,Debris,Slide,Debris,Slide,0,,2.11,15.31327869,0.492465437,1
1974,AR/EAK/84E12/2025/31,Arunachal Pradesh,Papum Pare,Unknown,NH- 415,27.109398,93.61692,Debris,Slide,Debris,Slide,0,,14.46,15.31327869,0.492465437,1
1976,4524,Arunachal Pradesh,Lower Dibang Valley,Unknown,Beside NH 313,28.199641,95.811903,Debris,slide,Debris,Slide,0,,12.17,18.48991803,0.477602664,1
1977,4525,Arunachal Pradesh,Lower Dibang Valley,Unknown,Beside NH 313,28.198566,95.813206,Debris,flow,Debris,Flow,0,,12.51,18.48991803,0.477602664,1
1996,6834,Arunachal Pradesh,Papum Pare,Yupia-3,Unknown,27.158579,93.74103,Debris,Slide,Debris,Slide,0,,4.52,15.31327869,0.492465437,1
1984,6808,Arunachal Pradesh,Papum Pare,Yupia-1,Unknown,27.160636,93.738873,Debris,Slide,Debris,Slide,0,,0.26,15.31327869,0.492465437,1
2000,6859,Arunachal Pradesh,Papum Pare,Rono-2,Unknown,27.166864,93.755668,Debris,Slide,Debris,Slide,0,,10.53,15.31327869,0.492465437,1
1999,6843,Arunachal Pradesh,Papum Pare,Rono-1,Unknown,27.166107,93.750907,Debris,Slide,Debris,Slide,0,,9.34,15.31327869,0.492465437,1
1998,6840,Arunachal Pradesh,Papum Pare,Tigdo,Unknown,27.16186,93.747535,Debris,Slide,Debris,Slide,0,,5.95,15.31327869,0.492465437,1
2025,6987,Arunachal Pradesh,Papum Pare,E-21,Unknown,27.109398,93.61692,Debris,slide,Debris,Slide,0,,14.46,15.31327869,0.492465437,1
2017,6976,Arunachal Pradesh,Papum Pare,Hara Hapa -2,Unknown,27.248114,93.805987,Debris,Slide,Debris,Slide,0,,0.82,15.31327869,0.492465437,1
2018,6977,Arunachal Pradesh,Papum Pare,Hara Hapa-3,Unknown,27.252527,93.804341,Debris,Slide,Debris,Slide,0,,4.42,15.31327869,0.492465437,1
2019,6978,Arunachal Pradesh,Papum Pare,Hoj,Unknown,27.25649,93.795077,Debris,Slide,Debris,Slide,0,,10.48,15.31327869,0.492465437,1
2016,6975,Arunachal Pradesh,Papum Pare,Hara Hapa-1,Unknown,27.246268,93.804628,Debris,Slide,Debris,Slide,0,,5.95,15.31327869,0.492465437,1
2012,6971,Arunachal Pradesh,Papum Pare,Jampa -1,Unknown,27.23616,93.807069,Debris,Slide,Debris,Slide,0,,5.95,15.31327869,0.492465437,1
2015,6974,Arunachal Pradesh,Papum Pare,Jampa-4,Unknown,27.239998,93.807194,Debris,Slide,Debris,Slide,0,,0.98,15.31327869,0.492465437,1
2014,6973,Arunachal Pradesh,Papum Pare,Jampa-3,Unknown,27.238406,93.806341,Debris,Slide,Debris,Slide,0,,5.95,15.31327869,0.492465437,1
2013,6972,Arunachal Pradesh,Papum Pare,Jampa-2,Unknown,27.23719,93.80556,Debris,Slide,Debris,Slide,0,,5.95,15.31327869,0.492465437,1
2009,6968,Arunachal Pradesh,Papum Pare,Sopo-3,Unknown,27.228061,93.797954,Debris,Slide,Debris,Slide,0,,5.95,15.31327869,0.492465437,1
2010,6969,Arunachal Pradesh,Papum Pare,Sopo-4,Unknown,27.228511,93.799206,Debris,Slide,Debris,Slide,0,,5.95,15.31327869,0.492465437,1
2011,6970,Arunachal Pradesh,Papum Pare,Sopo-5,Unknown,27.229356,93.800968,Debris,Slide,Debris,Slide,0,,5.95,15.31327869,0.492465437,1
2007,6966,Arunachal Pradesh,Papum Pare,Sopo-1,Unknown,27.20833,93.794568,Debris,Slide,Debris,Slide,0,,5.95,15.31327869,0.492465437,1
2008,6967,Arunachal Pradesh,Papum Pare,Sopo-2,Unknown,27.227449,93.798727,Debris,Slide,Debris,Slide,0,,5.95,15.31327869,0.492465437,1
2003,6960,Arunachal Pradesh,Papum Pare,Chiputa-2,Unknown,27.188151,93.78308,Debris,Slide,Debris,Slide,0,,5.95,15.31327869,0.492465437,1
2002,6959,Arunachal Pradesh,Papum Pare,Chiputa-1,Unknown,27.184921,93.782324,Debris,Slide,Debris,Slide,0,,5.95,15.31327869,0.492465437,1
2001,6861,Arunachal Pradesh,Papum Pare,Rono-3,Unknown,27.169659,93.756277,Debris,Slide,Debris,Slide,0,,5.95,15.31327869,0.492465437,1
2063,7091,Arunachal Pradesh,Lower Subansiri,Unknown,8 Mile Location,27.6394,93.8708,Debris,Slide,Debris,Slide,0,,9.49,16.43934426,0.418713593,1
2062,7090,Arunachal Pradesh,Lower Subansiri,Unknown,Near to Cabbage Garden,27.6402,93.8628,Debris,Slide,Debris,Slide,0,,9.49,16.43934426,0.418713593,1
2059,7087,Arunachal Pradesh,Lower Subansiri,Cabbage Garden,Unknown,27.6384,93.8578,Soil,Slide,Soil,Slide,0,,9.49,16.43934426,0.418713593,1
2060,7088,Arunachal Pradesh,Lower Subansiri,Unknown,Near Cabbage Garden,27.64,93.858,Soil,Slide,Soil,Slide,0,,9.49,16.43934426,0.418713593,1
2055,7083,Arunachal Pradesh,Lower Subansiri,Nechalaya,Unknown,27.636624,93.8485,Soil,Slide,Soil,Slide,0,,9.49,16.43934426,0.418713593,1
2054,7082,Arunachal Pradesh,Lower Subansiri,Nenchalaya,Unknown,27.633,93.8464,Debris,Slide,Debris,Slide,0,,9.49,16.43934426,0.418713593,1
2056,7084,Arunachal Pradesh,Lower Subansiri,Cabbage Garden,Unknown,27.6369,93.853,Debris,Slide,Debris,Slide,0,,9.49,16.43934426,0.418713593,1
2024,6983,Arunachal Pradesh,West Kameng,Near Jamiri village,Unknown,27.184248,92.579624,Debris,slide,Debris,Slide,0,,9.49,19.00180328,0.416310861,1
140,AS/DIH/83G08/2020/17,Assam,Dima Hasao,Unknown,"Along Jenam river, Hangrum
area",25.13,93.27,Debris,Slide,Debris,Slide,0,,3.8,8.835655738,0.458326947,1
2032,6994,Arunachal Pradesh,Papum Pare,Bedhi Bedha,Unknown,27.079763,93.573921,Debris,slide,Debris,Slide,0,,5.95,15.31327869,0.492465437,1
2029,6991,Arunachal Pradesh,West Kameng,Nichiphula,Unknown,27.24867,92.737685,Rock,slide,Rock,Slide,0,,9.49,19.00180328,0.416310861,1
2039,7001,Arunachal Pradesh,West Kameng,Unknown,way to NIT,27.213127,92.652213,Debris,slide,Debris,Slide,0,,9.49,19.00180328,0.416310861,1
2033,6995,Arunachal Pradesh,Papum Pare,Bedhi Beda,Unknown,27.078192,93.572402,Debris,slide,Debris,Slide,0,,6.51,15.31327869,0.492465437,1
113,AS/DIH/83G08/2020/36,Assam,Dima Hasao,Unknown,"P. Songkai to Natun Songkai
road",25.1,93.28,Debris,Slide,Debris,Slide,0,,9.03,8.835655738,0.458326947,1
112,AS/DIH/83G08/2020/32,Assam,Dima Hasao,Unknown,"P. Songkai to Natun Songkai
road",25.1,93.28,Rock,Slide,Rock,Slide,0,,9.03,8.835655738,0.458326947,1
141,AS/DIH/83G08/2020/19,Assam,Dima Hasao,Unknown,"Data recorded from Hangrum to
Songkai road",25.13,93.29,Debris,Slide,Debris,Slide,0,,3.8,8.835655738,0.458326947,1
2023,6982,Arunachal Pradesh,West Kameng,Near BRO camp,Unknown,27.177138,92.576909,Debris,slide,Debris,Slide,0,,9.49,19.00180328,0.416310861,1
2069,7098,Arunachal Pradesh,Lower Subansiri,Unknown,Unknown,27.6756,93.8837,Debris,Slide,Debris,Slide,0,,9.49,16.43934426,0.418713593,1
2073,7102,Arunachal Pradesh,Kamle,Unknown,Unknown,27.763,94.037,Rock,Slide,Rock,Slide,0,,12.41,15.06508197,0.411166291,1
2065,7094,Arunachal Pradesh,Lower Subansiri,Unknown,Unknown,27.649,93.8744,Debris,Slide,Debris,Slide,0,,9.49,16.43934426,0.418713593,1
2068,7097,Arunachal Pradesh,Lower Subansiri,Unknown,Unknown,27.6607,93.8833,Debris,Slide,Debris,Slide,0,,9.49,16.43934426,0.418713593,1
2067,7096,Arunachal Pradesh,Lower Subansiri,Unknown,Unknown,27.66,93.8799,Debris,Slide,Debris,Slide,0,,9.49,16.43934426,0.418713593,1
2066,7095,Arunachal Pradesh,Lower Subansiri,Unknown,Unknown,27.6549,93.8759,Debris,Slide,Debris,Slide,0,,9.49,16.43934426,0.418713593,1
1557,AR/US/82P04/2022/104,Arunachal Pradesh,Upper Siang,Unknown,Unknown,28.178861,95.228056,Debris,Slide,Debris,Slide,0,,5.24,17.53991803,0.40713627,1
613,AS/DIM/83G/4/2025/1,Assam,Dima Hasao,Unknown,Unknown,25.15398187,93.02361022,Debris,Slide,Debris,Slide,0,,3.8,8.835655738,0.458326947,1
2070,7099,Arunachal Pradesh,Lower Subansiri,Unknown,Unknown,27.6784,93.9026,Debris,Slide,Debris,Slide,0,,9.49,16.43934426,0.418713593,1
2072,7101,Arunachal Pradesh,Kamle,Unknown,Unknown,27.7621,94.0563,Rock,Slide,Rock,Slide,0,,12.41,15.06508197,0.411166291,1
1843,AR/US/82P02/2022/067,Arunachal Pradesh,Upper Siang,Unknown,Unknown,28.568694,95.143556,Debris,Slide,Debris,Slide,0,,5.24,17.53991803,0.40713627,1
2079,7387,Arunachal Pradesh,Papum Pare,Unknown,Unknown,27.086102,93.596625,Debris,fall,Debris,Fall,0,,5.95,15.31327869,0.492465437,1
1715,AP/LDV/82P16/2022/152,Arunachal Pradesh,Lower Dibang Valley,Unknown,Unknown,28.27138,95.90606,Rock,Slide,Rock,Slide,0,,11.43,18.48991803,0.477602664,1
1751,AP/LDV/82P16/2022/111,Arunachal Pradesh,Lower Dibang Valley,Unknown,Unknown,28.315484,95.982181,Rock,Slide,Rock,Slide,0,,11.43,18.48991803,0.477602664,1
1936,3290,Arunachal Pradesh,Papum Pare,Unknown,Unknown,27.2575411,93.7963965,Debris,Slide,Debris,Slide,0,,5.95,15.31327869,0.492465437,1
1024,AP/PAP/83E16/2021/13,Arunachal Pradesh,Papum Pare,Unknown,Unknown,27.228167,93.799111,Debris,Slide,Debris,Slide,0,,5.44,15.31327869,0.492465437,1
1188,AR/EK/ 83A14/2020-21/27,Arunachal Pradesh,East Kameng,Unknown,Unknown,27.540917,92.949333,Debris,Slide,Debris,Slide,0,,4.67,15.14401639,0.407394775,1
1997,6837,Arunachal Pradesh,Papum Pare,Unknown,Unknown,27.162502,93.746553,Debris,Slide,Debris,Slide,0,,5.95,15.31327869,0.492465437,1
1986,6810,Arunachal Pradesh,East Kameng,Unknown,Unknown,27.304291,93.052835,Debris,slide,Debris,Slide,0,,9.03,15.14401639,0.407394775,1
1985,6809,Arunachal Pradesh,East Kameng,Unknown,Unknown,27.309745,93.047722,Soil,slide,Soil,Slide,0,,9.03,15.14401639,0.407394775,1
1982,6806,Arunachal Pradesh,East Kameng,Unknown,Unknown,27.313874,93.045623,Soil,slide,Soil,Slide,0,,9.03,15.14401639,0.407394775,1
1983,6807,Arunachal Pradesh,East Kameng,Unknown,Unknown,27.311231,93.04677,Soil,slide,Soil,Slide,0,,9.03,15.14401639,0.407394775,1
1979,4540,Arunachal Pradesh,West Kameng,Unknown,Unknown,27.08386,92.587656,rock,slide,Rock,Slide,0,,9.49,19.00180328,0.416310861,1
1981,6805,Arunachal Pradesh,East Kameng,Unknown,Unknown,27.322582,93.048256,Debris,slide,Debris,Slide,0,,7.42,15.14401639,0.407394775,1
1943,7010,Arunachal Pradesh,Papum Pare,Unknown,Unknown,27.059755,93.522666,Debris,Slide,Debris,Slide,0,,5.95,15.31327869,0.492465437,1
1937,3293,Arunachal Pradesh,Papum Pare,Unknown,Unknown,27.2858578,93.798472,Debris,Slide,Debris,Slide,0,,5.95,15.31327869,0.492465437,1
1942,4691,Arunachal Pradesh,West Kameng,Unknown,Unknown,27.092699,92.58314,Debris,Slide,Debris,Slide,0,,9.49,19.00180328,0.416310861,1
1993,6824,Arunachal Pradesh,East Kameng,Unknown,Unknown,27.311571,93.046703,Debris,slide,Debris,Slide,0,,9.03,15.14401639,0.407394775,1
1987,6812,Arunachal Pradesh,East Kameng,Unknown,Unknown,27.308143,93.059302,Soil,slide,Soil,Slide,0,,14.07,15.14401639,0.407394775,1
1988,6813,Arunachal Pradesh,East Kameng,Unknown,Unknown,27.301468,93.053244,Debris,slide,Debris,Slide,0,,16.23,15.14401639,0.407394775,1
1989,6814,Arunachal Pradesh,East Kameng,Unknown,Unknown,27.302253,93.050932,Debris,slide,Debris,Slide,0,,16.28,15.14401639,0.407394775,1
1990,6815,Arunachal Pradesh,East Kameng,Unknown,Unknown,27.293539,93.050398,Debris,slide,Debris,Slide,0,,2.06,15.14401639,0.407394775,1
1991,6816,Arunachal Pradesh,East Kameng,Unknown,Unknown,27.296928,93.088111,Debris,slide,Debris,Slide,0,,13.58,15.14401639,0.407394775,1
1992,6823,Arunachal Pradesh,East Kameng,Unknown,Unknown,27.301412,93.051563,Debris,slide,Debris,Slide,0,,14.6,15.14401639,0.407394775,1
2030,6992,Arunachal Pradesh,West Kameng,Unknown,Unknown,27.288425,92.769407,Rock,slide,Rock,Slide,0,,8.83,19.00180328,0.416310861,1
2031,6993,Arunachal Pradesh,Papum Pare,Unknown,Unknown,27.080299,93.574089,Debris,slide,Debris,Slide,0,,6.97,15.31327869,0.492465437,1
2004,6961,Arunachal Pradesh,Papum Pare,Unknown,Unknown,27.192865,93.781908,Debris,Slide,Debris,Slide,0,,14.17,15.31327869,0.492465437,1
2006,6965,Arunachal Pradesh,Papum Pare,Unknown,Unknown,27.197293,93.782341,Debris,Slide,Debris,Slide,0,,0.51,15.31327869,0.492465437,1
2005,6962,Arunachal Pradesh,Papum Pare,Unknown,Unknown,27.194916,93.778683,Debris,Slide,Debris,Slide,0,,5.44,15.31327869,0.492465437,1
2034,6996,Arunachal Pradesh,Papum Pare,Unknown,Unknown,27.077728,93.57163,Debris,slide,Debris,Slide,0,,8.73,15.31327869,0.492465437,1
2036,6998,Arunachal Pradesh,Papum Pare,Unknown,Unknown,27.069837,93.5542,Debris,slide,Debris,Slide,0,,4.67,15.31327869,0.492465437,1
2064,7093,Arunachal Pradesh,Lower Subansiri,Unknown,Unknown,27.6451,93.8706,Soil,Slide,Soil,Slide,0,,9.44,16.43934426,0.418713593,1
