State,District,Latitude,Longitude,slope_deg,rainfall_mm,soil_moisture_mm,label
Assam,Hailakandi,24.515944,92.540889,0.26,12.18360656,0.411990437,1
Assam,Hailakandi,24.511306,92.693028,1.65,14.15409836,0.411174863,1
Assam,Hailakandi,24.70364,92.64681,1.03,11.86147541,0.492546107,1
Assam,Hailakandi,24.70656,92.65008,0.93,11.86147541,0.492546107,1
Assam,Karimganj,24.710833,92.481167,0.67,14.93196721,0.484774932,1
Assam,Cachar,24.72192,92.90381,0.67,10.32540984,0.402083675,1
Assam,Cachar,24.57025,92.685,1.18,12.51229508,0.412962773,1
Arunachal Pradesh,Anjaw,28.31211,96.61719,0.41,15.3352459,0.414460383,1
Arunachal Pradesh,Anjaw,28.31658,96.61508,22.67,15.3352459,0.414460383,1
Arunachal Pradesh,Anjaw,28.26786,96.55781,27.64,15.3352459,0.414308402,1
Arunachal Pradesh,Anjaw,28.25897,96.54433,29.78,19.67540984,0.414308402,1
Arunachal Pradesh,Anjaw,28.23969,96.52778,30.66,19.67540984,0.417912227,1
Arunachal Pradesh,Anjaw,28.22328,96.55303,17.73,19.67540984,0.414308402,1
Arunachal Pradesh,Anjaw,28.22381,96.53644,10.53,19.67540984,0.417912227,1
Arunachal Pradesh,Anjaw,28.22408,96.55872,30.7,19.67540984,0.414308402,1
Arunachal Pradesh,Anjaw,28.21483,96.53911,15.13,19.67540984,0.417912227,1
Arunachal Pradesh,Anjaw,28.19597,96.53733,7.27,19.67540984,0.414677937,1
Arunachal Pradesh,Anjaw,28.20867,96.53222,3.29,19.67540984,0.414677937,1
Assam,Cachar,25.02,92.52,4.62,18.22295082,0.493301913,1
Assam,Cachar,24.97,92.72,1.08,33.68196721,0.501383538,1
Arunachal Pradesh,Anjaw,28.14531,96.54897,27.48,19.67540984,0.414677937,1
Arunachal Pradesh,Anjaw,28.15292,96.53858,11.28,17.96967213,0.414677937,1
Arunachal Pradesh,Anjaw,28.16206,96.53061,25.84,17.96967213,0.414677937,1
Arunachal Pradesh,Anjaw,28.10714,96.54489,8.13,19.67540984,0.414677937,1
Arunachal Pradesh,Anjaw,28.11781,96.54906,1.75,19.67540984,0.414677937,1
Arunachal Pradesh,Anjaw,28.05939,96.48397,7.78,21.38196721,0.419771516,1
Arunachal Pradesh,Lohit,28.05989,96.46281,31.08,19.67540984,0.414677937,1
Arunachal Pradesh,Lohit,28.05989,96.46281,31.08,19.67540984,0.414677937,1
Arunachal Pradesh,Anjaw,28.06356,96.50075,2.73,26.44672131,0.421227117,1
Arunachal Pradesh,Anjaw,28.08014,96.52356,27.24,19.67540984,0.414677937,1
Arunachal Pradesh,Anjaw,28.08019,96.54483,21.25,19.67540984,0.414677937,1
Arunachal Pradesh,Lohit,27.96756,96.40214,6.66,12.98114754,0.474393784,1
Arunachal Pradesh,Lohit,27.94083,96.38161,24.23,19.67540984,0.480450137,1
Arunachal Pradesh,Lohit,27.94903,96.39158,13.39,17.96967213,0.480450137,1
Assam,Cachar,24.99,92.45,0.46,12.9852459,0.480949454,1
Assam,Dima Hasao,25.008,93.04,9.34,8.962295082,0.40303791,1
Arunachal Pradesh,Kra Daadi,27.690111,93.632556,3.91,16.80819672,0.41796209,1
Arunachal Pradesh,Tawang,27.599,91.876528,5.39,12.47786885,0.414468238,1
Arunachal Pradesh,Tawang,27.599806,91.876111,4.93,12.47786885,0.417831626,1
Arunachal Pradesh,Tawang,27.590639,91.876806,1.85,12.47786885,0.417831626,1
Arunachal Pradesh,Tawang,27.590639,91.876806,1.85,12.47786885,0.417831626,1
Arunachal Pradesh,Tawang,27.589,91.873194,9.84,15.75081967,0.417831626,1
Arunachal Pradesh,Tawang,27.590556,91.867667,10.09,15.75081967,0.417831626,1
Arunachal Pradesh,Tawang,27.561083,91.911528,21.48,12.47786885,0.419771175,1
Arunachal Pradesh,Papum Pare,27.08130556,93.61283333,3.55,12.30901639,0.407515027,1
Arunachal Pradesh,East Siang,28.14116,95.27472,9.03,19.45327869,0.482266052,1
Arunachal Pradesh,East Siang,28.14251,95.27439,1.6,19.45327869,0.482266052,1
Arunachal Pradesh,Papum Pare,27.03106,93.62292,0.98,12.30901639,0.407515027,1
Arunachal Pradesh,Lower Subansiri,27.339267,93.802581,3.34,10.62131148,0.472007172,1
Assam,Cachar,25.02,92.52,4.62,18.22295082,0.493301913,1
Assam,Cachar,25.029708,92.463967,0.21,19.97622951,0.479297814,1
Assam,Cachar,25.031431,92.463231,3.85,19.97622951,0.479297814,1
Assam,Cachar,25.032119,92.462636,2.78,19.97622951,0.479297814,1
Assam,Cachar,25.032989,92.462214,6.15,19.97622951,0.479297814,1
Assam,Cachar,25.037203,92.450339,3.03,19.97622951,0.479297814,1
Arunachal Pradesh,Lower Subansiri,27.307072,93.806008,24.83,10.62131148,0.472007172,1
Arunachal Pradesh,Lower Subansiri,27.294886,93.803328,6.76,10.62131148,0.472007172,1
Arunachal Pradesh,Lower Subansiri,27.246131,93.804711,0.1,10.62131148,0.414533128,1
Arunachal Pradesh,Lower Subansiri,27.254756,93.801303,3.55,10.62131148,0.414533128,1
Arunachal Pradesh,Lower Subansiri,27.23995,93.806589,1.44,10.62131148,0.414533128,1
Arunachal Pradesh,Lower Subansiri,27.193425,93.780983,9.99,10.62131148,0.414533128,1
Arunachal Pradesh,Papum Pare,27.207659,93.615842,16.94,16.11803279,0.496521516,1
Arunachal Pradesh,Papum Pare,27.1275,93.73164,0.31,14.37295082,0.405471653,1
Arunachal Pradesh,Papum Pare,27.1275,93.73164,0.31,14.37295082,0.405471653,1
Arunachal Pradesh,Papum Pare,27.10736,93.64975,0.87,14.37295082,0.405471653,1
Arunachal Pradesh,West Kameng,27.018342,92.6356,7.02,12.73196721,0.453045082,1
Assam,Dima Hasao,25.211625,93.00113,8.58,10.35819672,0.460121585,1
Assam,Dima Hasao,25.21112,92.999782,9.89,10.35819672,0.460121585,1
Assam,Dima Hasao,25.267553,93.191317,5.59,11.13360656,0.472381148,1
Assam,Dima Hasao,25.266788,93.190998,5.64,11.13360656,0.472381148,1
Assam,Dima Hasao,25.26676,93.1964,6.2,11.22622951,0.471039617,1
Assam,Dima Hasao,25.266142,93.197997,4.21,11.22622951,0.471039617,1
Assam,Dima Hasao,25.265743,93.21778,6.2,8.142622951,0.465192964,1
Assam,Dima Hasao,25.22548,93.023783,11.77,11.44754098,0.471355874,1
Assam,Dima Hasao,25.18846,93.003768,5.8,11.44754098,0.471355874,1
Assam,Dima Hasao,25.20006,92.9972,2.67,10.35819672,0.460121585,1
Assam,Dima Hasao,25.19509,92.9995,1.39,11.44754098,0.471355874,1
Assam,Dima Hasao,25.199617,92.997478,4.52,10.35819672,0.460121585,1
Assam,Dima Hasao,25.18833,93.104922,4.67,10.10081967,0.477033128,1
Assam,Dima Hasao,25.147883,93.085354,6.71,9.57295082,0.477306352,1
Assam,Kamrup,26.166185,91.7147,4.83,13.33360656,0.464561475,1
Assam,Kamrup,26.16616,91.713803,6.31,11.66803279,0.465676571,1
Assam,Kamrup,26.16297,91.7059,8.33,11.66803279,0.465676571,1
Assam,Kamrup,26.17027,91.698,4.06,13.33360656,0.464561475,1
Assam,Dima Hasao,25.117665,92.847709,8.78,13.80983607,0.395636954,1
Assam,Dima Hasao,25.283672,93.301012,3.5,8.092622951,0.477824795,1
Assam,Dima Hasao,25.366255,92.823037,4.21,8.486885246,0.463048156,1
Assam,Dima Hasao,25.134472,93.018972,9.99,10.10081967,0.443344604,1
Assam,Dima Hasao,25.316197,93.006158,4.01,7.959016393,0.432977801,1
Assam,Dima Hasao,25.172918,92.995982,2.62,11.44754098,0.471355874,1
Assam,Dima Hasao,25.319717,93.123028,3.6,10.22868852,0.462210383,1
Assam,Dima Hasao,25.318433,93.115767,5.24,10.22868852,0.462210383,1
Assam,Dima Hasao,25.18919,93.02118,5.13,7.119672131,0.457205601,1
Assam,Karimganj,24.70619444,92.28997222,0.77,14.8204918,0.479254781,1
Assam,Dima Hasao,25.17623,93.01326,3.39,7.119672131,0.457205601,1
Assam,Kamrup,26.19113889,91.82961111,4.21,12.98606557,0.462314208,1
Assam,Kamrup,26.11266667,91.85388889,0.21,10.69918033,0.492427596,1
Assam,Cachar,24.92097,93.07306,1.34,14.1557377,0.410012978,1
Assam,Kamrup,26.19530556,91.76563889,2.47,12.09262295,0.493233607,1
Assam,Kamrup,26.21111111,91.68416667,5.59,17.55983607,0.476386954,1
Assam,Kamrup (Metro),26.19330556,91.77725,6.36,14.87295082,0.489846653,1
Assam,Kamrup (Metro),26.09150556,91.87898611,2.42,12.52704918,0.490298839,1
Assam,Kamrup (Metro),26.21305556,91.6925,7.32,14.93934426,0.490672473,1
Assam,Kamrup (Metro),26.1916,91.80361,0.62,12.09590164,0.48713627,1
Assam,Kamrup (Metro),26.19322,91.77033,5.8,12.09590164,0.48713627,1
Assam,Dima Hasao,25.121,92.915028,16.46,13.07540984,0.452466189,1
Assam,Dima Hasao,25.122,93.025,2.47,8.962295082,0.44445082,1
Assam,Dima Hasao,25.122,93.026,4.32,8.962295082,0.44445082,1
Assam,Dima Hasao,25.123,93.034,7.78,8.962295082,0.44445082,1
Assam,Dima Hasao,25.123,93.033,5.29,8.962295082,0.44445082,1
Assam,Dima Hasao,25.124306,92.904278,19.31,13.07540984,0.452466189,1
Assam,Dima Hasao,25.124583,92.989111,1.75,13.07540984,0.448699454,1
Assam,Dima Hasao,25.134,93.045,5.59,10.04508197,0.44445082,1
Assam,Dima Hasao,25.156583,93.019611,2.93,10.10081967,0.476209699,1
Assam,Dima Hasao,25.135,93.04,6.15,10.04508197,0.44445082,1
Assam,Dima Hasao,25.135,93.04,6.15,10.04508197,0.44445082,1
Assam,Dima Hasao,25.136,93.04,7.52,10.04508197,0.44445082,1
Assam,Dima Hasao,25.137,93.04,5.9,10.04508197,0.44445082,1
Assam,Dima Hasao,25.137,93.034,8.33,10.04508197,0.44445082,1
Assam,Dima Hasao,25.137,93.04,5.9,10.04508197,0.44445082,1
Assam,Dima Hasao,25.137,93.018,8.53,10.04508197,0.44445082,1
Assam,Dima Hasao,25.139,93.025,4.11,10.04508197,0.44445082,1
Assam,Dima Hasao,25.139,93.04,2.16,10.04508197,0.44445082,1
Assam,Dima Hasao,25.139611,93.019556,11.43,10.10081967,0.443344604,1
Assam,Dima Hasao,25.140417,93.020389,11.38,10.04508197,0.44445082,1
Assam,Dima Hasao,25.142,93.04,4.32,10.04508197,0.44445082,1
Assam,Dima Hasao,25.142,93.04,4.32,10.04508197,0.44445082,1
Assam,Kamrup (Metro),26.18789,91.79493,0.21,12.09590164,0.48713627,1
Assam,Dima Hasao,25.17136,93.01102,2.93,7.119672131,0.457205601,1
Assam,Dima Hasao,25.169861,93.002528,0.93,7.119672131,0.457205601,1
Assam,Dima Hasao,25.18972,93.02011,5.54,7.119672131,0.457205601,1
Assam,Dima Hasao,25.18625,93.01629,3.65,7.119672131,0.457205601,1
Assam,Dima Hasao,25.177416,93.00975,0.05,7.119672131,0.457205601,1
Assam,Dima Hasao,25.2316944,93.1614167,2.78,6.663934426,0.43768306,1
Assam,West Karbi Anglong,25.91406,92.49897,4.32,15.54262295,0.49228347,1
Assam,West Karbi Anglong,25.91422,92.49972,2.47,15.54262295,0.49228347,1
Assam,West Karbi Anglong,25.95478,92.51386,4.37,15,0.493295082,1
Assam,West Karbi Anglong,25.95317,92.51353,4.98,15,0.493295082,1
Assam,Kamrup (Metro),26.10591667,91.62283333,0.05,11.13442623,0.482694331,1
Assam,Kamrup (Metro),26.11464,91.83886,2.52,15.05983607,0.474773907,1
Assam,Dima Hasao,25.32069444,93.12733333,3.09,6.972131148,0.454717555,1
Assam,Kamrup (Metro),26.17755556,91.76588889,0.21,15.68606557,0.496560792,1
Arunachal Pradesh,Papum Pare,27.121136,93.762164,3.96,8.190163934,0.360881489,1
Arunachal Pradesh,Lower Dibang Valley,28.38919722,95.92776111,29.12,18.32459016,0.405365437,1
Assam,Dima Hasao,25.14525,93.029167,0.82,10.10081967,0.443344604,1
Assam,Dima Hasao,25.145861,93.024194,6.91,10.10081967,0.443344604,1
Assam,Dima Hasao,25.146306,93.942167,15.8,12.34344262,0.48985485,1
Assam,Dima Hasao,25.146778,93.030972,0.05,10.10081967,0.443344604,1
Assam,Dima Hasao,25.148722,93.031917,3.96,10.10081967,0.443344604,1
Assam,Dima Hasao,25.150694,93.025833,7.98,10.10081967,0.476209699,1
Assam,Dima Hasao,25.155,93.067,0.31,10.04508197,0.478105533,1
Assam,Dima Hasao,25.155,93.067,0.31,10.04508197,0.478105533,1
Assam,Dima Hasao,25.155,93.073,1.6,10.04508197,0.478105533,1
Assam,Dima Hasao,25.155611,93.022222,1.54,10.10081967,0.476209699,1
Assam,Dima Hasao,25.155722,93.022778,1.39,10.10081967,0.476209699,1
Assam,Dima Hasao,25.156,93.018,3.34,10.04508197,0.477334016,1
Assam,Dima Hasao,25.156389,93.018389,3.03,10.10081967,0.476209699,1
Assam,Dima Hasao,25.156694,93.017667,0.1,11.83114754,0.480540642,1
Assam,Dima Hasao,25.157,93.062,0.46,10.04508197,0.478105533,1
Assam,Dima Hasao,25.157,93.066,0.57,10.04508197,0.478105533,1
Assam,Dima Hasao,25.157139,93.017194,0.21,10.10081967,0.476209699,1
Assam,Dima Hasao,25.157361,93.016083,0.93,10.10081967,0.476209699,1
Assam,Dima Hasao,25.159333,93.017,0.21,10.10081967,0.476209699,1
Assam,Dima Hasao,25.163444,93.023167,3.6,10.10081967,0.476209699,1
Assam,Dima Hasao,25.164,93.040194,7.47,10.10081967,0.476209699,1
Assam,Dima Hasao,25.165639,93.025444,2.93,10.10081967,0.476209699,1
Assam,Dima Hasao,25.171889,93.003944,0.41,10.10081967,0.476209699,1
Assam,Dima Hasao,25.175056,93.020417,3.6,10.10081967,0.476209699,1
Assam,Dima Hasao,25.175972,93.020167,3.29,10.10081967,0.476209699,1
Arunachal Pradesh,Papum Pare,27.105253,93.825399,3.65,10.65163934,0.384178962,1
Arunachal Pradesh,Papum Pare,27.121136,93.762164,3.96,8.190163934,0.360881489,1
Assam,Dima Hasao,25.176389,93.116139,0.51,10.10081967,0.477033128,1
Assam,Dima Hasao,25.176917,93.026556,4.83,10.04508197,0.477334016,1
Assam,Dima Hasao,25.177028,93.020889,3.55,10.10081967,0.476209699,1
Assam,Dima Hasao,25.1775,93.026222,7.37,10.04508197,0.477334016,1
Assam,Dima Hasao,25.179861,93.070778,10.09,10.10081967,0.477033128,1
Assam,Dima Hasao,25.184528,93.125639,2.57,8.201639344,0.477033128,1
Assam,Dima Hasao,25.186,93.104,2.26,10.04508197,0.478105533,1
Assam,Dima Hasao,25.18725,93.120556,2.37,10.10081967,0.477033128,1
Assam,Dima Hasao,25.188,93.066,7.62,10.04508197,0.478105533,1
Assam,Dima Hasao,25.188444,93.019667,5.13,10.10081967,0.476209699,1
Assam,Dima Hasao,25.201,93.122,0.77,10.04508197,0.478105533,1
Assam,Dima Hasao,25.204556,93.138889,4.72,8.201639344,0.477033128,1
Assam,Kamrup (Metro),26.17672222,91.76525,0.05,15.68606557,0.496560792,1
Assam,Kamrup (Metro),26.15427778,91.79263889,3.29,15.68606557,0.496560792,1
Assam,Kamrup (Metro),26.15477778,91.77411111,3.75,18.6204918,0.474885587,1
Assam,Kamrup (Metro),26.17672222,91.78672222,0.67,18.6204918,0.474885587,1
Assam,Kamrup (Metro),26.1895,91.78716667,4.88,18.51393443,0.474284495,1
Assam,Dima Hasao,25.40586111,93.11097222,4.26,15.08196721,0.493179303,1
Assam,Dima Hasao,25.39155556,93.11316667,0.05,15.08196721,0.493179303,1
Assam,West Karbi Anglong,25.96664,92.51636,8.93,15,0.493295082,1
Assam,West Karbi Anglong,25.967,92.51617,7.37,15,0.493295082,1
Assam,West Karbi Anglong,25.96458,92.52081,3.44,15,0.493295082,1
Assam,West Karbi Anglong,25.96886,92.51572,9.13,15,0.493295082,1
Assam,West Karbi Anglong,25.97461,92.51375,5.69,15,0.493295082,1
Assam,West Karbi Anglong,25.97664,92.51283,5.08,15,0.493295082,1
Assam,West Karbi Anglong,25.98214,92.51139,4.67,14.09262295,0.492463798,1
Assam,West Karbi Anglong,25.91608,92.50203,4.26,15.54262295,0.49228347,1
Assam,West Karbi Anglong,25.92153,92.50753,1.9,15.54262295,0.49228347,1
Assam,Dima Hasao,25.205528,93.020139,11.38,10.10081967,0.476209699,1
Assam,Dima Hasao,25.206,93.126,14.46,8.267213115,0.478105533,1
Assam,Dima Hasao,25.207389,93.122778,7.02,10.10081967,0.477033128,1
Assam,Dima Hasao,25.208,93.121,7.62,10.04508197,0.478105533,1
Assam,Dima Hasao,25.214944,93.021611,2.62,10.10081967,0.476209699,1
Assam,Dima Hasao,25.216944,93.011361,6.05,10.10081967,0.476209699,1
Assam,Dima Hasao,25.2185,93.013111,4.11,10.10081967,0.476209699,1
Assam,Dima Hasao,25.189556,93.096417,0.72,10.10081967,0.477033128,1
Assam,Dima Hasao,25.193083,93.120417,3.44,10.10081967,0.477033128,1
Assam,Dima Hasao,25.196694,93.018583,0.87,10.10081967,0.476209699,1
Assam,Dima Hasao,25.199722,93.016722,6.81,10.10081967,0.476209699,1
Assam,Dima Hasao,25.224278,93.222861,3.65,8.236885246,0.478339481,1
Assam,Dima Hasao,25.242,93.14,5.24,8.267213115,0.478105533,1
Assam,West Karbi Anglong,25.92525,92.51031,1.18,15.54262295,0.49228347,1
Assam,West Karbi Anglong,25.91936,92.50556,3.03,15.54262295,0.49228347,1
Assam,West Karbi Anglong,25.92103,92.50708,0.72,15.54262295,0.49228347,1
Assam,West Karbi Anglong,25.92233,92.50819,0.31,15.54262295,0.49228347,1
Assam,West Karbi Anglong,25.924,92.50939,0.21,15.54262295,0.49228347,1
Assam,West Karbi Anglong,25.95825,92.51414,0.1,15,0.493295082,1
Assam,West Karbi Anglong,25.96403,92.51631,8.63,15,0.493295082,1
Assam,Dima Hasao,25.17638889,93.11613889,0.51,10.10081967,0.477033128,1
Assam,Dima Hasao,25.1775,93.02622222,7.37,10.10081967,0.476209699,1
Assam,Dima Hasao,25.17691667,93.02655556,4.83,10.10081967,0.476209699,1
Assam,Dima Hasao,25.17702778,93.02088889,3.55,10.10081967,0.476209699,1
Assam,Dima Hasao,25.19308333,93.12041667,3.44,10.10081967,0.477033128,1
Assam,Dima Hasao,25.13447222,93.01897222,9.99,10.10081967,0.443344604,1
Assam,Kamrup (Metro),26.18841667,91.85125,5.29,14.92868852,0.496072746,1
Assam,Kamrup (Metro),26.19244444,91.76422222,2.62,18.51393443,0.474284495,1
Assam,Kamrup (Metro),26.19236111,91.78080556,2.47,11.11721311,0.485831284,1
Assam,Kamrup (Metro),26.15805556,91.71258333,7.02,11.47131148,0.486188525,1
Assam,Kamrup (Metro),26.1755,91.76175,0.51,18.51393443,0.474284495,1
Assam,Kamrup (Metro),26.19038889,91.80994444,4.47,18.51393443,0.474284495,1
Assam,Kamrup (Metro),26.18866667,91.76694444,1.34,18.6204918,0.474885587,1
Assam,West Karbi Anglong,25.91286,92.49797,4.62,15.54262295,0.49228347,1
Assam,Kamrup (Metro),26.19622222,91.76336111,2.31,18.6204918,0.474885587,1
Assam,Dima Hasao,25.15736111,93.01608333,0.93,10.10081967,0.476209699,1
Assam,Dima Hasao,25.23880556,93.03219444,8.18,10.10081967,0.476209699,1
Assam,Dima Hasao,25.19669444,93.01858333,0.87,10.10081967,0.476209699,1
Assam,Dima Hasao,25.18844444,93.01966667,5.13,10.10081967,0.476209699,1
Assam,Dima Hasao,25.20738889,93.12277778,7.02,10.04508197,0.478105533,1
Assam,Dima Hasao,25.17597222,93.02016667,3.29,10.10081967,0.476209699,1
Assam,Dima Hasao,25.17505556,93.02041667,3.6,10.10081967,0.476209699,1
Assam,Dima Hasao,25.17188889,93.02061111,4.78,10.10081967,0.476209699,1
Assam,Dima Hasao,25.16563889,93.02544444,2.93,10.10081967,0.476209699,1
Assam,Dima Hasao,25.417333,93.129083,5.8,11.47213115,0.47256694,1
Assam,Dima Hasao,25.42,93.002,0.77,8.796721311,0.46607138,1
Assam,Dima Hasao,25.16344444,93.02316667,3.6,10.10081967,0.476209699,1
Assam,Dima Hasao,25.15069444,93.02583333,7.98,10.10081967,0.476209699,1
Assam,Dima Hasao,25.14586111,93.02419444,6.91,10.10081967,0.443344604,1
Assam,Dima Hasao,25.14041667,93.02038889,11.38,10.10081967,0.443344604,1
Assam,Dima Hasao,25.13961111,93.01955556,11.43,10.10081967,0.443344604,1
Assam,Kamrup (Metro),26.150124,91.727915,4.11,16.41393443,0.472415984,1
Assam,Dima Hasao,25.18452778,93.12563889,2.57,8.201639344,0.477033128,1
Assam,Dima Hasao,25.143408,93.02995,4.93,9.862295082,0.47505362,1
Assam,Dima Hasao,25.14879,93.031636,3.34,9.862295082,0.47505362,1
Assam,Dima Hasao,25.15144,93.0331,5.29,7.119672131,0.457205601,1
Assam,Dima Hasao,25.15669444,93.01766667,0.1,7.119672131,0.457205601,1
Assam,Dima Hasao,25.20552778,93.02013889,11.38,10.10081967,0.476209699,1
Assam,Dima Hasao,25.24597222,93.02827778,1.08,10.10081967,0.476209699,1
Assam,Dima Hasao,25.21494444,93.02161111,2.62,10.10081967,0.476209699,1
Assam,Dima Hasao,25.2185,93.01311111,4.11,10.10081967,0.476209699,1
Assam,Dima Hasao,25.21694444,93.01136111,6.05,10.10081967,0.476209699,1
Assam,Kamrup (Metro),26.19052,91.77499,3.34,17.73934426,0.476385246,1
Assam,Dima Hasao,25.15933333,93.017,0.21,10.10081967,0.476209699,1
Assam,Dima Hasao,25.23925,93.03152778,7.88,10.10081967,0.476209699,1
Assam,Dima Hasao,25.23297222,93.03325,8.63,10.10081967,0.476209699,1
Assam,Dima Hasao,25.15638889,93.01838889,3.03,10.10081967,0.476209699,1
Assam,Dima Hasao,25.164,93.04019444,7.47,10.10081967,0.476209699,1
Assam,Dima Hasao,25.10638889,92.86480556,3.65,11.78360656,0.471981216,1
Assam,Dima Hasao,25.10941667,92.88075,0.26,9.728688525,0.447262637,1
Assam,Dima Hasao,25.10988889,92.89316667,2.57,9.728688525,0.471981216,1
Assam,Dima Hasao,25.10877778,92.92033333,2.26,9.728688525,0.471981216,1
Assam,Dima Hasao,25.10897222,92.92886111,5.08,9.728688525,0.447262637,1
Assam,Dima Hasao,25.11011111,92.99877778,8.38,9.728688525,0.443344604,1
Assam,Dima Hasao,25.11077778,93.00458333,3.75,9.728688525,0.443344604,1
Assam,Dima Hasao,25.424,93,4.42,8.796721311,0.46607138,1
Assam,Dima Hasao,25.11238889,93.00575,4.72,9.728688525,0.443344604,1
Assam,Dima Hasao,25.14872222,93.03191667,3.96,10.10081967,0.443344604,1
Assam,Dima Hasao,25.14525,93.02916667,0.82,10.10081967,0.443344604,1
Assam,Dima Hasao,25.15572222,93.02277778,1.39,10.10081967,0.476209699,1
Assam,Dima Hasao,25.23230556,93.03333333,7.52,10.10081967,0.476209699,1
Assam,Kamrup (Metro),26.21083333,91.68944444,5.54,14.77991803,0.483023429,1
Assam,Dima Hasao,25.14264,93.03182,2.47,9.862295082,0.47505362,1
Assam,Dima Hasao,25.156833,93.017694,0.1,11.83114754,0.480540642,1
Assam,Dima Hasao,25.1565,93.0151,3.8,7.119672131,0.457205601,1
Assam,Dima Hasao,25.15667,93.01275,6.76,7.119672131,0.457205601,1
Assam,Dima Hasao,25.16367,93.02478,2.93,7.119672131,0.457205601,1
Assam,Dima Hasao,25.16649,93.02289,2.26,7.119672131,0.457205601,1
Assam,Dima Hasao,25.16497,93.02275,3.39,7.119672131,0.457205601,1
Assam,Dima Hasao,25.1655,93.02556,2.93,7.119672131,0.457205601,1
Assam,Dima Hasao,25.16427,92.99788,1.65,7.119672131,0.457205601,1
Assam,Dima Hasao,25.17425,93.00244,1.03,7.119672131,0.457205601,1
Assam,Dima Hasao,25.162667,93.009806,11.87,7.119672131,0.457205601,1
Assam,Dima Hasao,25.16553,93.02172,4.42,7.119672131,0.457205601,1
Assam,Dima Hasao,25.17986111,93.07077778,10.09,10.10081967,0.477033128,1
Assam,Dima Hasao,25.14677778,93.03097222,0.05,10.10081967,0.443344604,1
Assam,Dima Hasao,25.15561111,93.02222222,1.54,10.10081967,0.476209699,1
Assam,Dima Hasao,25.15658333,93.01961111,2.93,10.10081967,0.476209699,1
Assam,Dima Hasao,25.15713889,93.01719444,0.21,10.10081967,0.476209699,1
Assam,Dima Hasao,25.156483,93.018367,3.03,10.10081967,0.476209699,1
Assam,Dima Hasao,25.158138,93.024778,2.67,7.119672131,0.457205601,1
Assam,Dima Hasao,25.24194444,93.14319444,4.88,8.201639344,0.477033128,1
Assam,Dima Hasao,25.41733333,93.12908333,5.8,8.721311475,0.472060109,1
Assam,Dima Hasao,25.17044,93.025325,0.21,7.119672131,0.457205601,1
Assam,Dima Hasao,25.171264,93.020014,6.15,7.119672131,0.457205601,1
Assam,Dima Hasao,25.16804,93.02503,1.18,7.119672131,0.457205601,1
Assam,Dima Hasao,25.178006,93.022825,4.01,9.541803279,0.479941598,1
Assam,Dima Hasao,25.168083,93.024922,0.15,7.119672131,0.457205601,1
Assam,West Karbi Anglong,25.809417,92.474833,2.62,14.37459016,0.478710041,1
Assam,Dima Hasao,25.27480556,93.14555556,9.29,8.201639344,0.47682138,1
Assam,Dima Hasao,25.18955556,93.09641667,0.72,10.10081967,0.477033128,1
Assam,Dima Hasao,25.1638056,93.010861,7.47,7.119672131,0.457205601,1
Assam,Dima Hasao,25.175,93.01967,5.54,7.690983607,0.476118169,1
Assam,Kamrup (Metro),26.19552778,91.78055556,6.86,18.51393443,0.474284495,1
Assam,Dima Hasao,25.17483,93.019861,5.85,7.119672131,0.457205601,1
Assam,Dima Hasao,25.1568056,93.019722,0.26,7.119672131,0.457205601,1
Assam,Dima Hasao,25.162389,93.010222,8.53,7.119672131,0.457205601,1
Assam,Dima Hasao,25.1625278,93.0103333,9.49,7.119672131,0.457205601,1
Assam,Dima Hasao,25.162472,93.01044,8.53,7.119672131,0.457205601,1
Assam,Dima Hasao,25.17175,93.00726,0.82,7.119672131,0.457205601,1
Assam,Dima Hasao,25.16649,93.01092,0.93,7.119672131,0.457205601,1
Assam,Dima Hasao,25.170194,93.007389,0.31,7.119672131,0.457205601,1
Assam,Dima Hasao,25.17144,93.005694,1.96,7.119672131,0.457205601,1
Assam,Dima Hasao,25.16579,93.00948,7.47,7.119672131,0.457205601,1
Assam,Dima Hasao,25.15859,93.01292,5.59,7.119672131,0.457205601,1
Assam,Kamrup (Rural),25.84,91.35,1.18,9.990983607,0.49370526,1
Assam,Kamrup (Metro),26.13441667,91.74875,0.77,18.6204918,0.474091189,1
Assam,Kamrup (Metro),26.10711111,91.78916667,0.57,21.50901639,0.473806694,1
Assam,Kamrup,26.09961111,91.87811111,6.46,22.83360656,0.477259563,1
Assam,Kamrup,26.14944444,91.748,4.88,18.6204918,0.474091189,1
Assam,Dima Hasao,25.15556,93.021583,3.14,7.119672131,0.457205601,1
Assam,Kamrup (Metro),26.11464,91.83886,2.52,15.05983607,0.474773907,1
Assam,Cachar,24.96756,92.74392,1.8,16.19754098,0.47467623,1
Assam,Cachar,24.95794,92.73201,2.88,18.99098361,0.484160519,1
Assam,Cachar,24.95054,92.731458,0.26,18.99098361,0.484160519,1
Assam,Cachar,24.94756,92.73097,1.34,18.99098361,0.484160519,1
Assam,Dima Hasao,25.16736,93.00953,2.62,7.119672131,0.457205601,1
Assam,Dima Hasao,25.16023,93.01084,5.64,7.119672131,0.457205601,1
Assam,Kamrup (Metro),26.37456,91.84561,0.05,14.81967213,0.496485314,1
Assam,Kamrup (Metro),26.19081,91.84528,0.57,14.92868852,0.496072746,1
Assam,Kamrup (Metro),26.192444,91.764222,2.62,18.51393443,0.474284495,1
Assam,Kamrup,26.195306,91.765639,2.47,12.09262295,0.493233607,1
Assam,Kamrup (Metro),26.195528,91.780556,6.86,18.51393443,0.474284495,1
Assam,Kamrup (Metro),26.19622,91.76336,2.31,19.32459016,0.477900273,1
Assam,Kamrup (Metro),26.20536,91.86497,1.39,14.92868852,0.496072746,1
Assam,Nagaon,26.172917,92.762778,12.17,12.8295082,0.472949112,1
Assam,Kamrup (Metro),26.1755,91.76175,0.51,18.51393443,0.474284495,1
Assam,Kamrup (Metro),26.17672,91.76525,0.05,15.68606557,0.496560792,1
Assam,Kamrup (Metro),26.17756,91.76589,0.21,15.68606557,0.496560792,1
Assam,Kamrup (Metro),26.18842,91.85125,5.29,14.92868852,0.496072746,1
Assam,Kamrup (Metro),26.1895,91.787167,4.88,18.51393443,0.474284495,1
Assam,Kamrup (Metro),26.190389,91.809944,4.47,18.51393443,0.474284495,1
Assam,Nagaon,26.119417,92.439972,3.85,26.81147541,0.475751025,1
Assam,Kamrup (Rural),25.91,91.4,0.41,17.64754098,0.497815574,1
Assam,West Karbi Anglong,25.946611,92.305361,2.16,26.87704918,0.47888832,1
Assam,Kamrup (Rural),25.95,91.28,1.6,12.55491803,0.484785178,1
Assam,Kamrup (Metro),26.15428,91.79264,3.29,15.68606557,0.496560792,1
Assam,Nagaon,26.10725,92.44,3.65,17.98196721,0.475302937,1
Assam,Nagaon,26.108417,92.440222,5.49,17.98196721,0.475302937,1
Assam,Dima Hasao,26.11,94.76,17.5,21.81147541,0.494035519,1
Assam,Nagaon,26.110139,92.439333,2.88,22.2442623,0.475599385,1
Assam,Kamrup,26.112667,91.853889,0.21,10.69918033,0.492427596,1
Assam,Nagaon,26.113639,92.441222,5.54,23.0204918,0.47669194,1
Assam,Nagaon,26.116972,92.440083,5.49,22.2442623,0.475599385,1
Assam,Nagaon,26.117111,92.441028,5.24,22.2442623,0.475599385,1
Assam,Nagaon,26.117417,92.438667,4.32,18.65163934,0.476630123,1
Assam,Nagaon,26.118167,92.440944,5.64,22.18606557,0.476885246,1
Assam,Dima Hasao,26.098167,91.881278,6.05,10.69918033,0.492427596,1
Assam,Nagaon,26.101333,92.440556,6.31,20.24016393,0.476615437,1
Assam,West Karbi Anglong,26.012,92.264167,3.7,21.8295082,0.475299863,1
Assam,West Karbi Anglong,26.013528,92.266083,4.21,21.8295082,0.475299863,1
Assam,West Karbi Anglong,26.022833,92.274028,3.7,21.8295082,0.475299863,1
Assam,Nagaon,26.102167,92.440472,5.08,23.0204918,0.47669194,1
Assam,Nagaon,26.102333,92.4415,5.54,22.18606557,0.476885246,1
Assam,Nagaon,26.102667,92.441639,5.85,17.98196721,0.475302937,1
Assam,Nagaon,26.103028,92.440889,5.85,20.24016393,0.476615437,1
Assam,West Karbi Anglong,26.045472,92.457417,1.9,18.65163934,0.476518443,1
Assam,West Karbi Anglong,26.048611,92.432194,0.72,18.65163934,0.475654372,1
Assam,West Karbi Anglong,26.030972,92.474139,1.34,22.2442623,0.475848019,1
Assam,West Karbi Anglong,26.031528,92.472778,1.29,18.65163934,0.476518443,1
Assam,West Karbi Anglong,26.031583,92.47375,1.34,22.2442623,0.475848019,1
Assam,West Karbi Anglong,26.033556,92.468056,3.96,22.2442623,0.475848019,1
Assam,West Karbi Anglong,26.035278,92.470861,1.6,23.0204918,0.478961066,1
Assam,West Karbi Anglong,26.039194,92.4595,3.5,22.2442623,0.475848019,1
Assam,West Karbi Anglong,26.043583,92.440528,2.42,18.65163934,0.475654372,1
Assam,West Karbi Anglong,26.043583,92.452222,5.34,22.2442623,0.475848019,1
Assam,West Karbi Anglong,26.043611,92.440944,2.62,18.65163934,0.475654372,1
Assam,West Karbi Anglong,26.043722,92.441472,2.62,26.81147541,0.475563183,1
Assam,West Karbi Anglong,25.96667,92.356917,2.67,21.8295082,0.475654372,1
Assam,West Karbi Anglong,25.977194,92.354778,0.51,21.8295082,0.475654372,1
Assam,Hailakandi,24.73117,92.64739,0.31,11.86147541,0.492546107,1
Assam,Karimganj,24.78002778,92.45372222,1.54,12.20081967,0.492140369,1
Assam,Karimganj,24.78380556,92.45563889,0.15,12.20081967,0.492140369,1
Assam,Hailakandi,24.79489,92.55506,0.05,12.65819672,0.494373975,1
Assam,Cachar,24.95,92.73,1.75,19.30737705,0.494880464,1
Assam,Cachar,24.62,92.84,0.62,12.87213115,0.404130123,1
Assam,Cachar,24.64,92.98,1.08,14.99590164,0.404481899,1
Assam,Cachar,24.645417,93.005361,4.72,13.79180328,0.411783128,1
Assam,Karimganj,24.659389,92.497361,0.51,13.41065574,0.478529372,1
Assam,Hailakandi,24.478972,92.682861,0.36,14.15409836,0.411174863,1
Arunachal Pradesh,Lower Siang,27.715081,94.692035,3.24,18.53622951,0.40366127,1
Arunachal Pradesh,Papum Pare,27.099285,93.614766,0.77,15.31327869,0.492465437,1
Assam,Hailakandi,24.52,92.53,0.67,12.93385246,0.40283224,1
Assam,Hailakandi,24.27,92.5,0,12.93385246,0.40283224,1
Assam,Hailakandi,24.31,92.56,0.1,12.93385246,0.40283224,1
Assam,Hailakandi,24.32,92.51,2.37,12.93385246,0.40283224,1
Assam,Hailakandi,24.43,92.55,0.1,12.93385246,0.40283224,1
Assam,Karimganj,24.44,92.5,2.62,14.74991803,0.486073531,1
Arunachal Pradesh,West Siang,28.506306,94.873361,20.72,18.93540984,0.409689037,1
Arunachal Pradesh,Upper Siang,28.509,95.177639,4.98,17.53991803,0.40713627,1
Arunachal Pradesh,Upper Siang,28.510528,95.177722,4.21,17.53991803,0.40713627,1
Arunachal Pradesh,Upper Siang,28.512056,95.1805,1.8,17.53991803,0.40713627,1
Arunachal Pradesh,Upper Siang,28.514083,95.178278,1.7,17.53991803,0.40713627,1
Arunachal Pradesh,Upper Siang,28.516083,95.178028,2.67,17.53991803,0.40713627,1
Arunachal Pradesh,Upper Siang,28.522806,95.172639,2.67,17.53991803,0.40713627,1
Arunachal Pradesh,Upper Siang,28.527722,95.173556,3.29,17.53991803,0.40713627,1
Arunachal Pradesh,Shi-Yomi,28.527944,94.309444,8.48,22.71565574,0.418150137,1
Assam,Cachar,24.98,92.72,0.41,16.40983607,0.487502186,1
Assam,Karimganj,24.70619,92.28997,0.77,14.74991803,0.486073531,1
Assam,Hailakandi,24.51,92.64,1.54,12.93385246,0.40283224,1
Assam,Hailakandi,24.53,92.63,0.98,12.93385246,0.40283224,1
Assam,Cachar,24.53,92.84,0.21,16.40983607,0.487502186,1
Assam,Cachar,24.53,92.84,0.21,16.40983607,0.487502186,1
Assam,Hailakandi,24.54,92.63,0.98,12.93385246,0.40283224,1
Assam,Kamrup,26.065167,92.150639,0.15,13.51032787,0.482562705,1
Assam,Kamrup,26.071556,91.734028,0.41,13.51032787,0.482562705,1
Assam,Kamrup,26.077653,91.982292,4.88,13.51032787,0.482562705,1
Assam,Kamrup,26.077806,92.170389,0.05,13.51032787,0.482562705,1
Assam,Kamrup,26.080139,92.032667,1.24,13.51032787,0.482562705,1
Assam,Kamrup,26.083972,92.14525,0.15,13.51032787,0.482562705,1
Assam,West Karbi Anglong,26.03275,92.271861,3.24,14.97122951,0.486417452,1
Assam,West Karbi Anglong,26.036583,92.273056,7.52,14.97122951,0.486417452,1
Assam,West Karbi Anglong,26.039361,92.273806,2.21,14.97122951,0.486417452,1
Assam,Kamrup,26.0405,92.0355,0.87,13.51032787,0.482562705,1
Assam,West Karbi Anglong,26.042139,92.27525,4.01,14.97122951,0.486417452,1
Assam,Kamrup,26.043267,92.055531,14.26,13.51032787,0.482562705,1
Assam,West Karbi Anglong,25.95931,92.51753,1.7,14.97122951,0.486417452,1
Assam,West Karbi Anglong,25.96094,92.60122,2.47,14.97122951,0.486417452,1
Assam,West Karbi Anglong,25.961444,92.341333,8.38,14.97122951,0.486417452,1
Assam,Karbi Anglong,25.96256,93.46922,0.41,12.94967213,0.492063559,1
Assam,West Karbi Anglong,25.86958,92.59411,1.54,14.97122951,0.486417452,1
Assam,Karbi Anglong,25.88494,93.45792,0.31,12.94967213,0.492063559,1
Assam,West Karbi Anglong,25.88692,92.61347,3.5,14.97122951,0.486417452,1
Assam,West Karbi Anglong,25.90653,92.65819,2.52,14.97122951,0.486417452,1
Assam,West Karbi Anglong,25.90692,92.64714,0.93,14.97122951,0.486417452,1
Assam,Kamrup,26.102944,91.862111,13.05,13.51032787,0.482562705,1
Assam,Nagaon,26.105667,92.441,3.24,13.91721311,0.483772541,1
Assam,Kamrup,26.105806,91.62275,0.62,13.51032787,0.482562705,1
Assam,Kamrup (Metro),26.10711,91.78917,0.57,14.77991803,0.483023429,1
Assam,West Karbi Anglong,26.045806,92.450778,3.39,14.97122951,0.486417452,1
Assam,Kamrup,26.050286,91.880072,0.98,13.51032787,0.482562705,1
Assam,Karbi Anglong,26.056083,93.406528,4.72,12.94967213,0.492063559,1
Assam,Karbi Anglong,26.058972,93.406972,0.21,12.94967213,0.492063559,1
Assam,Goalpara,26.061,90.605,1.9,16.84770492,0.303980567,1
Assam,Kamrup,26.061861,92.147889,0.31,13.51032787,0.482562705,1
Assam,Kamrup,26.0641,91.889136,5.08,13.51032787,0.482562705,1
Assam,Kamrup,26.112083,92.091028,0.46,13.51032787,0.482562705,1
Assam,Kamrup,26.115139,91.837833,1.65,13.51032787,0.482562705,1
Assam,Kamrup,26.094578,92.135144,0.93,13.51032787,0.482562705,1
Assam,Nagaon,26.096722,92.43875,9.08,13.91721311,0.483772541,1
Assam,Kamrup,26.097986,91.980589,0.36,13.51032787,0.482562705,1
Assam,Nagaon,26.098222,92.439389,6.91,13.91721311,0.483772541,1
Assam,Kamrup,26.099975,91.876625,7.37,13.51032787,0.482562705,1
Assam,Kamrup,26.10175,92.040222,0.46,13.51032787,0.482562705,1
Assam,West Karbi Anglong,25.98219,92.51892,6.76,14.97122951,0.486417452,1
Assam,Goalpara,26.006,90.595,0.05,16.84770492,0.303980567,1
Assam,West Karbi Anglong,26.016389,92.48225,0.15,14.97122951,0.486417452,1
Assam,West Karbi Anglong,26.024167,92.475,3.24,14.97122951,0.486417452,1
Assam,Karbi Anglong,25.85498,93.56638,0.41,12.94967213,0.492063559,1
Assam,West Karbi Anglong,25.85544,92.57369,6.36,14.97122951,0.486417452,1
Assam,West Karbi Anglong,25.85992,92.72558,0.05,14.97122951,0.486417452,1
Assam,West Karbi Anglong,25.864186,92.571047,0.31,14.97122951,0.486417452,1
Assam,Karbi Anglong,25.84516,93.68408,0.36,12.94967213,0.492063559,1
Assam,Karbi Anglong,25.84541,93.68312,0.36,12.94967213,0.492063559,1
Assam,Karbi Anglong,25.8465,93.687,0.98,12.94967213,0.492063559,1
Assam,Karbi Anglong,25.84782,93.70174,1.7,12.94967213,0.492063559,1
Assam,West Karbi Anglong,25.84875,92.68328,4.37,14.97122951,0.486417452,1
Assam,Kamrup,26.153556,92.038694,0.67,13.51032787,0.482562705,1
Assam,Kamrup (Metro),26.15461,91.80086,6.36,14.77991803,0.483023429,1
Assam,Kamrup (Metro),26.15478,91.77411,3.75,14.77991803,0.483023429,1
Assam,Kamrup,26.155,91.798167,0.36,13.51032787,0.482562705,1
Assam,Kamrup,26.158639,91.921889,11.43,13.51032787,0.482562705,1
Assam,Kamrup,26.159139,91.915583,9.08,13.51032787,0.482562705,1
Assam,Kamrup,26.159333,91.917611,8.48,13.51032787,0.482562705,1
Assam,Nagaon,26.107667,92.44003,2.47,13.91721311,0.483772541,1
Assam,Kamrup,26.109222,91.939,0.1,13.51032787,0.482562705,1
Assam,Kamrup,26.110056,91.908944,1.7,13.51032787,0.482562705,1
Assam,Kamrup,26.110944,91.887917,2.83,13.51032787,0.482562705,1
Assam,Kamrup (Metro),26.18867,91.76694,1.34,14.77991803,0.483023429,1
Assam,Kamrup,26.189306,91.787944,4.93,13.51032787,0.482562705,1
Assam,Kamrup,26.19025,91.806472,2.98,13.51032787,0.482562705,1
Assam,Kamrup,26.121056,91.716389,3.8,13.51032787,0.482562705,1
Assam,Kamrup,26.129583,91.938306,1.44,13.51032787,0.482562705,1
Assam,Kamrup,26.13222,91.83972,1.08,13.51032787,0.482562705,1
Assam,Kamrup (Metro),26.13442,91.7501,0.82,14.77991803,0.483023429,1
Assam,Kamrup,26.149444,91.748,4.88,13.51032787,0.482562705,1
Assam,West Karbi Anglong,25.945,92.66358,2.78,14.97122951,0.486417452,1
Assam,West Karbi Anglong,25.95381,92.60444,8.73,14.97122951,0.486417452,1
Assam,West Karbi Anglong,25.95386,92.60367,10.24,14.97122951,0.486417452,1
Assam,Karbi Anglong,25.95514,93.72997,0.31,12.94967213,0.492063559,1
Assam,Karbi Anglong,25.84267,93.45244,0.87,12.94967213,0.492063559,1
Assam,Karbi Anglong,25.84444,93.45331,1.34,12.94967213,0.492063559,1
Assam,West Karbi Anglong,25.84494,92.61514,2.62,14.97122951,0.486417452,1
Assam,Karbi Anglong,25.84512,93.56682,1.13,12.94967213,0.492063559,1
Assam,Karbi Anglong,26.3477,93.7399,4.78,12.94967213,0.492063559,1
Assam,Karbi Anglong,26.3478,93.7417,2.16,12.94967213,0.492063559,1
Assam,Karbi Anglong,26.34838,93.78208,1.54,12.94967213,0.492063559,1
Assam,Kamrup,26.191667,91.803611,0.51,13.51032787,0.482562705,1
Assam,Goalpara,26.198,90.298,0.72,16.84770492,0.303980567,1
Assam,Dima Hasao,26.20261,91.14528,0,12.87295082,0.464094262,1
Assam,Kamrup,26.205583,91.963222,2.88,13.51032787,0.482562705,1
Assam,Kamrup,26.211111,91.684167,5.59,13.51032787,0.482562705,1
Assam,Morigaon,26.250333,91.976694,3.5,15.43778689,0.486425171,1
Assam,Kamrup,26.256139,91.711583,6.1,13.51032787,0.482562705,1
Assam,Karbi Anglong,26.297306,93.211833,4.88,12.94967213,0.492063559,1
Assam,Karbi Anglong,26.297778,93.211111,3.39,12.94967213,0.492063559,1
Assam,Kamrup,26.1625,91.71444,1.34,13.51032787,0.482562705,1
Assam,Kamrup,26.166583,91.714806,4.83,13.51032787,0.482562705,1
Assam,Kamrup,26.171972,92.002611,1.8,13.51032787,0.482562705,1
Assam,Kamrup (Metro),26.17672,91.78672,0.67,14.77991803,0.483023429,1
Assam,Jorhat,26.55,94.36,1.9,12.60819672,0.48548668,1
Assam,Jorhat,26.55,94.36,1.9,12.60819672,0.48548668,1
Assam,Jorhat,26.55,94.36,1.9,12.60819672,0.48548668,1
Assam,Karbi Anglong,26.298389,93.21625,0.67,12.94967213,0.492063559,1
Assam,Karbi Anglong,26.302944,93.225389,0.62,12.94967213,0.492063559,1
Assam,Karbi Anglong,26.303333,93.225694,0.62,12.94967213,0.492063559,1
Assam,Karbi Anglong,26.307972,93.275722,6.2,12.94967213,0.492063559,1
Assam,Karbi Anglong,26.314847,93.256125,11.53,12.94967213,0.492063559,1
Assam,Karbi Anglong,26.314964,93.256408,11.53,12.94967213,0.492063559,1
Assam,Karbi Anglong,26.323083,93.093167,8.23,12.94967213,0.492063559,1
Assam,Karbi Anglong,26.32685,93.267639,0.62,12.94967213,0.492063559,1
Assam,Karbi Anglong,26.3287,93.269194,0.67,12.94967213,0.492063559,1
Assam,Karbi Anglong,26.339833,93.099972,0.26,12.94967213,0.492063559,1
Assam,Karbi Anglong,26.34075,93.78861,1.75,12.94967213,0.492063559,1
Assam,Karbi Anglong,26.3466,93.7356,3.85,12.94967213,0.492063559,1
Assam,Karbi Anglong,26.347417,93.2982,9.94,12.94967213,0.492063559,1
Assam,Nagaon,26.57455,93.11244,0.87,13.91721311,0.483772541,1
Assam,Nagaon,26.57455,93.11244,0.87,13.91721311,0.483772541,1
Assam,Nagaon,26.57463,93.11297,1.03,13.91721311,0.483772541,1
Assam,Karbi Anglong,26.57708,93.65836,3.03,12.94967213,0.492063559,1
Assam,Karbi Anglong,26.34938,93.78091,2.88,12.94967213,0.492063559,1
Assam,Karbi Anglong,26.35622,93.77941,3.29,12.94967213,0.492063559,1
Assam,Bongaigaon,26.3733,90.5499,2.37,22.98639344,0.411380669,1
Assam,Bongaigaon,26.3848,90.5943,2.62,22.98639344,0.411380669,1
Assam,Bongaigaon,26.394,90.48,0.51,22.98639344,0.411380669,1
Assam,Karbi Anglong,26.483278,93.181306,2.16,12.94967213,0.492063559,1
Assam,Karbi Anglong,26.51925,93.47147,7.98,12.94967213,0.492063559,1
Assam,Karbi Anglong,26.5235,93.28166,0.46,12.94967213,0.492063559,1
Assam,Jorhat,26.54,94.37,0.26,12.60819672,0.48548668,1
Assam,Jorhat,26.54,94.37,0.26,12.60819672,0.48548668,1
Assam,Jorhat,26.54,94.37,0.26,12.60819672,0.48548668,1
Assam,Jorhat,26.55,94.36,1.9,12.60819672,0.48548668,1
Assam,Karbi Anglong,26.59041,93.47616,2.16,12.94967213,0.492063559,1
Assam,Karbi Anglong,26.59416,93.547361,1.49,12.94967213,0.492063559,1
Assam,Jorhat,26.6,94.35,1.54,10.53114754,0.493744877,1
Assam,Jorhat,26.6,94.35,1.54,10.62377049,0.482765369,1
Assam,Karbi Anglong,26.60275,93.48408,1.65,12.94967213,0.492063559,1
Assam,Karbi Anglong,26.60358,93.481,0.67,12.94967213,0.492063559,1
Assam,Sonitpur,26.9174,92.77163,3.7,15.70459016,0.405661441,1
Assam,Sonitpur,26.92013,92.75994,4.06,15.70459016,0.405661441,1
Assam,Jorhat,26.56,94.36,1.39,12.60819672,0.48548668,1
Assam,Jorhat,26.56,94.36,1.39,12.60819672,0.48548668,1
Assam,Jorhat,26.56,94.36,1.39,12.60819672,0.48548668,1
Assam,Nagaon,26.56111,93.04925,1.29,13.91721311,0.483772541,1
Assam,Nagaon,26.56252,93.05658,0.41,13.91721311,0.483772541,1
Assam,Nagaon,26.57411,93.09811,0.41,13.91721311,0.483772541,1
Assam,Nagaon,26.57436,93.10647,0.77,13.91721311,0.483772541,1
Assam,Karbi Anglong,26.57447,93.66297,0.15,12.94967213,0.492063559,1
Arunachal Pradesh,Upper Siang,28.782426,94.810546,11.48,17.53991803,0.40713627,1
Arunachal Pradesh,Dibang Valley,28.783517,95.904106,14.36,15.50713115,0.399529611,1
Arunachal Pradesh,Dibang Valley,28.784231,95.906188,18.01,15.50713115,0.399529611,1
Arunachal Pradesh,Dibang Valley,28.785391,95.892707,1.6,15.50713115,0.399529611,1
Arunachal Pradesh,Dibang Valley,28.786868,95.908637,15.42,15.50713115,0.399529611,1
Arunachal Pradesh,Upper Siang,28.787001,94.81686,6.61,17.53991803,0.40713627,1
Arunachal Pradesh,Upper Siang,28.787486,94.819425,2.16,17.53991803,0.40713627,1
Arunachal Pradesh,Upper Siang,28.787937,94.820098,3.44,17.53991803,0.40713627,1
Arunachal Pradesh,East Siang,28.789647,95.894965,0.77,21.94893443,0.474554235,1
Arunachal Pradesh,Upper Siang,28.793279,94.848477,13.88,17.53991803,0.40713627,1
Arunachal Pradesh,Upper Siang,28.800083,94.842265,12.17,17.53991803,0.40713627,1
Arunachal Pradesh,Dibang Valley,28.808133,95.926984,0.1,15.50713115,0.399529611,1
Arunachal Pradesh,Dibang Valley,28.809244,95.92821,7.02,15.50713115,0.399529611,1
Arunachal Pradesh,Upper Siang,28.810126,94.785508,10.48,17.53991803,0.40713627,1
Assam,Karbi Anglong,26.57719,93.10008,0.67,12.94967213,0.492063559,1
Assam,Karbi Anglong,26.59011,93.57466,1.7,12.94967213,0.492063559,1
Assam,West Karbi Anglong,25.81236,92.55156,4.37,14.97122951,0.486417452,1
Assam,West Karbi Anglong,25.81428,92.55422,0.67,14.97122951,0.486417452,1
Assam,West Karbi Anglong,25.81542,92.5535,1.29,14.97122951,0.486417452,1
Assam,West Karbi Anglong,25.81678,92.71878,8.53,14.97122951,0.486417452,1
Assam,West Karbi Anglong,25.81689,92.71744,6.81,14.97122951,0.486417452,1
Assam,Nagaon,25.81756,93.10886,2.52,11.29016393,0.473439208,1
Assam,West Karbi Anglong,25.81806,92.74872,1.8,14.97122951,0.486417452,1
Assam,West Karbi Anglong,25.82108,92.544,4.52,14.97122951,0.486417452,1
Assam,Sonitpur,26.93819,92.70402,1.96,15.70459016,0.405661441,1
Assam,Sonitpur,26.93855,92.70336,1.75,15.70459016,0.405661441,1
Assam,Sonitpur,26.94755,93.257521,2.93,15.70459016,0.405661441,1
Assam,Sonitpur,26.9498,93.45291,1.08,15.70459016,0.405661441,1
Assam,Sonitpur,26.95052,93.45136,1.39,15.70459016,0.405661441,1
Assam,Sonitpur,26.95266,93.44166,1.6,15.70459016,0.405661441,1
Arunachal Pradesh,Dibang Valley,28.775918,95.874296,0,15.50713115,0.399529611,1
Arunachal Pradesh,Upper Siang,28.779408,94.859327,5.59,17.53991803,0.40713627,1
Assam,Sonitpur,26.9231,92.76755,7.62,15.70459016,0.405661441,1
Assam,Sonitpur,26.92666,92.73966,5.44,15.70459016,0.405661441,1
Assam,Sonitpur,26.93362,92.70757,2.06,15.70459016,0.405661441,1
Assam,Sonitpur,26.93438,92.729,2.57,15.70459016,0.405661441,1
Assam,Sonitpur,26.9358,92.70369,2.98,15.70459016,0.405661441,1
Assam,Sonitpur,26.93586,92.70441,2.42,15.70459016,0.405661441,1
Assam,Sonitpur,26.93597,92.70455,2.42,15.70459016,0.405661441,1
Assam,Sonitpur,26.93641,92.70308,2.01,15.70459016,0.405661441,1
Assam,West Karbi Anglong,25.84967,92.69042,9.79,14.97122951,0.486417452,1
Assam,West Karbi Anglong,25.84992,92.69072,9.79,14.97122951,0.486417452,1
Assam,Karbi Anglong,25.85072,93.56682,0.26,12.94967213,0.492063559,1
Assam,West Karbi Anglong,25.8515,92.69203,9.94,14.97122951,0.486417452,1
Assam,West Karbi Anglong,25.85167,92.58089,3.39,14.97122951,0.486417452,1
Assam,Karbi Anglong,25.85189,93.56633,0.26,12.94967213,0.492063559,1
Assam,Karbi Anglong,25.85487,93.56583,0.41,12.94967213,0.492063559,1
Assam,West Karbi Anglong,25.812,92.55069,5.24,14.97122951,0.486417452,1
Assam,Dima Hasao,25.65167,93.12083,4.42,8.647540984,0.454868852,1
Assam,Dima Hasao,25.65792,93.11811,4.98,8.647540984,0.454868852,1
Assam,Dima Hasao,25.65839,93.11808,3.19,11.29016393,0.467514686,1
Assam,Dima Hasao,25.67153,93.11522,0.57,11.29016393,0.467514686,1
Assam,Dima Hasao,25.72486,93.131083,0.46,10.63770492,0.467514686,1
Assam,Kamrup (Metro),26.15461111,91.80086111,6.36,14.77991803,0.483023429,1
Assam,Kamrup,26.16658333,91.71480556,4.83,13.51032787,0.482562705,1
Assam,Sonitpur,26.9693,92.634,2.62,15.70459016,0.405661441,1
Assam,Sonitpur,26.97013,92.63363,3.44,15.70459016,0.405661441,1
Assam,Sonitpur,26.97041,92.63436,3.44,15.70459016,0.405661441,1
Assam,Sonitpur,26.972889,92.632833,5.95,15.70459016,0.405661441,1
Assam,Cachar,24.57257,92.70357,0.05,12.34016393,0.394523224,1
Assam,Cachar,24.57235,92.70536,0.15,15.90163934,0.401107582,1
Assam,Cachar,24.58585,92.70274,0.31,15.90163934,0.401107582,1
Assam,Sonitpur,26.92088,92.75933,4.98,15.70459016,0.405661441,1
Assam,Sonitpur,26.92216,92.7678,7.52,15.70459016,0.405661441,1
Assam,Dima Hasao,25.446056,93.408583,1.29,8.835655738,0.458326947,1
Assam,Dima Hasao,25.447528,93.364417,3.24,8.835655738,0.458326947,1
Assam,Dima Hasao,25.449056,93.370861,1.24,8.835655738,0.458326947,1
Assam,Dima Hasao,25.452278,93.394333,0.1,8.835655738,0.458326947,1
Assam,Dima Hasao,25.453167,93.394667,1.03,8.835655738,0.458326947,1
Assam,Dima Hasao,25.453528,93.371194,0.1,8.835655738,0.458326947,1
Assam,West Karbi Anglong,25.822458,92.546381,4.11,14.97122951,0.486417452,1
Assam,Karbi Anglong,25.82522,93.4243,0.41,12.94967213,0.492063559,1
Assam,West Karbi Anglong,25.82528,92.54775,3.5,14.97122951,0.486417452,1
Assam,West Karbi Anglong,25.82769,92.55658,0.82,14.97122951,0.486417452,1
Assam,Karbi Anglong,25.83128,93.45257,0.15,12.94967213,0.492063559,1
Assam,Karbi Anglong,25.84152,93.45138,0.41,12.94967213,0.492063559,1
Assam,Dima Hasao,25.569,92.71653,13.1,8.835655738,0.458326947,1
Assam,Dima Hasao,25.57994,92.72822,9.74,8.835655738,0.458326947,1
Assam,Dima Hasao,25.61092,93.09178,1.29,11.5852459,0.471865096,1
Assam,Dima Hasao,25.64897,93.12083,2.52,11.29016393,0.471865096,1
Assam,Dima Hasao,25.437111,93.403639,1.49,8.835655738,0.458326947,1
Assam,Dima Hasao,25.4375,93.404444,0.72,8.835655738,0.458326947,1
Assam,Dima Hasao,25.437722,93.349889,2.93,8.835655738,0.458326947,1
Assam,Dima Hasao,25.438694,93.362583,0.82,8.835655738,0.458326947,1
Assam,Dima Hasao,25.438723,92.912025,1.29,8.835655738,0.458326947,1
Assam,Dima Hasao,25.439372,93.354197,1.34,8.835655738,0.458326947,1
Assam,Dima Hasao,25.441734,92.892033,13.73,8.835655738,0.458326947,1
Assam,Dima Hasao,25.72561,93.13075,0.26,10.63770492,0.467514686,1
Assam,West Karbi Anglong,25.75933,92.52258,0.77,14.97122951,0.486417452,1
Assam,Kamrup (Rural),25.79,91.24,10.09,15.0557377,0.485344604,1
Assam,West Karbi Anglong,25.79939,92.52653,0.41,14.97122951,0.486417452,1
Assam,Karbi Anglong,25.81044,93.58616,0.31,12.94967213,0.492063559,1
Assam,West Karbi Anglong,25.81175,92.55003,5.24,14.97122951,0.486417452,1
Assam,Dima Hasao,25.444167,93.425528,0.72,8.835655738,0.458326947,1
Assam,Dima Hasao,25.444194,93.424694,0.67,8.835655738,0.458326947,1
Assam,Dima Hasao,25.444306,93.423944,0.77,8.835655738,0.458326947,1
Assam,Dima Hasao,25.423438,92.985022,0.87,8.835655738,0.458326947,1
Assam,Dima Hasao,25.423806,93.369722,0.82,8.835655738,0.458326947,1
Assam,Dima Hasao,25.423861,93.369417,0.82,8.835655738,0.458326947,1
Assam,Dima Hasao,25.4255,93.363944,0.93,8.835655738,0.458326947,1
Assam,Dima Hasao,25.425611,93.364444,1.96,8.835655738,0.458326947,1
Assam,Dima Hasao,25.428597,93.312597,2.11,8.835655738,0.458326947,1
Assam,Dima Hasao,25.433903,93.328944,2.57,8.835655738,0.458326947,1
Assam,Dima Hasao,25.453611,93.371389,0.1,8.835655738,0.458326947,1
Assam,Dima Hasao,25.454083,93.375972,0.31,8.835655738,0.458326947,1
Assam,Dima Hasao,25.455333,93.374472,1.13,8.835655738,0.458326947,1
Assam,Dima Hasao,25.462361,93.384306,0.72,8.835655738,0.458326947,1
Assam,Dima Hasao,25.50669,93.10536,1.24,11.5852459,0.467679645,1
Assam,Dima Hasao,25.513567,92.784825,7.83,8.835655738,0.458326947,1
Assam,Dima Hasao,25.51402,92.765435,4.11,8.835655738,0.458326947,1
Assam,Dima Hasao,25.436861,93.404583,1.24,8.835655738,0.458326947,1
Assam,Dima Hasao,25.436972,93.454111,2.01,8.835655738,0.458326947,1
Assam,Dima Hasao,25.405,93.133,3.75,8.835655738,0.458326947,1
Assam,Dima Hasao,25.405,93.372194,1.54,8.835655738,0.458326947,1
Assam,Dima Hasao,25.40837,92.82826,4.21,8.835655738,0.458326947,1
Assam,Dima Hasao,25.408497,93.283436,3.34,8.835655738,0.458326947,1
Assam,Dima Hasao,25.410611,93.284,2.98,8.835655738,0.458326947,1
Assam,Dima Hasao,25.416056,93.284222,3.6,8.835655738,0.458326947,1
Assam,Dima Hasao,25.19972222,93.01672222,6.81,8.835655738,0.458326947,1
Assam,Dima Hasao,25.441757,92.907383,10.09,8.835655738,0.458326947,1
Assam,Dima Hasao,25.443417,93.421444,0.93,8.835655738,0.458326947,1
Assam,Dima Hasao,25.443639,93.431444,0.72,8.835655738,0.458326947,1
Assam,Dima Hasao,25.443861,93.426222,0,8.835655738,0.458326947,1
Assam,Dima Hasao,25.443972,93.422778,0.67,8.835655738,0.458326947,1
Assam,Dima Hasao,25.444028,93.4265,0,8.835655738,0.458326947,1
Assam,Dima Hasao,25.422535,92.989119,0.77,8.835655738,0.458326947,1
Assam,Dima Hasao,25.320232,92.818091,0.62,8.835655738,0.458326947,1
Assam,Dima Hasao,25.323731,92.80751,0.36,8.835655738,0.458326947,1
Assam,Dima Hasao,25.328139,93.334056,5.03,8.835655738,0.458326947,1
Assam,Dima Hasao,25.332083,93.334639,0.51,8.835655738,0.458326947,1
Assam,Dima Hasao,25.336054,92.82053,5.8,8.835655738,0.458326947,1
Assam,Dima Hasao,25.14722,93.03128,0.05,8.835655738,0.458326947,1
Assam,Dima Hasao,25.434031,92.885056,13.34,8.835655738,0.458326947,1
Assam,Dima Hasao,25.435639,93.405944,1.39,8.835655738,0.458326947,1
Assam,Dima Hasao,25.435917,93.455944,1.03,8.835655738,0.458326947,1
Assam,Dima Hasao,25.4365,93.402333,0.98,8.835655738,0.458326947,1
Assam,Dima Hasao,25.436528,93.4065,0.93,8.835655738,0.458326947,1
Assam,Dima Hasao,25.436639,93.405917,0.93,8.835655738,0.458326947,1
Assam,Dima Hasao,25.436694,93.402944,1.6,8.835655738,0.458326947,1
Assam,Dima Hasao,25.402472,93.390444,3.91,8.835655738,0.458326947,1
Assam,Dima Hasao,25.4025,93.392194,2.83,8.835655738,0.458326947,1
Assam,Dima Hasao,25.404,93.132,4.11,8.835655738,0.458326947,1
Arunachal Pradesh,Upper Siang,28.816882,94.791032,4.32,17.53991803,0.40713627,1
Arunachal Pradesh,Upper Siang,28.817009,94.791755,6.46,17.53991803,0.40713627,1
Arunachal Pradesh,Dibang Valley,28.817477,95.922181,4.57,15.50713115,0.399529611,1
Arunachal Pradesh,Dibang Valley,28.822521,95.92931,10.98,15.50713115,0.399529611,1
Arunachal Pradesh,Dibang Valley,28.822525,95.93415,15.56,15.50713115,0.399529611,1
Arunachal Pradesh,Dibang Valley,28.823558,95.882966,5.64,15.50713115,0.399529611,1
Arunachal Pradesh,Dibang Valley,28.823766,95.922046,15.94,15.50713115,0.399529611,1
Assam,Dima Hasao,25.41616,92.778653,19.72,8.835655738,0.458326947,1
Assam,Dima Hasao,25.417528,93.372528,0.82,8.835655738,0.458326947,1
Assam,Dima Hasao,25.420278,93.371306,1.08,8.835655738,0.458326947,1
Assam,Dima Hasao,25.420806,93.371056,1.08,8.835655738,0.458326947,1
Assam,Dima Hasao,25.421333,93.370361,0,8.835655738,0.458326947,1
Assam,Dima Hasao,25.282861,93.296111,8.88,8.835655738,0.458326947,1
Assam,Dima Hasao,25.290089,92.799175,2.52,8.835655738,0.458326947,1
Assam,Dima Hasao,25.308028,93.471028,4.57,8.835655738,0.458326947,1
Assam,Dima Hasao,25.309111,93.470694,3.8,8.835655738,0.458326947,1
Assam,Dima Hasao,25.23,93.29,1.08,11.30819672,0.495145492,1
Assam,Dima Hasao,25.238045,92.801279,5.75,8.835655738,0.458326947,1
Assam,Dima Hasao,25.257696,92.809603,3.8,8.835655738,0.458326947,1
Assam,Dima Hasao,25.263528,93.390611,6.86,8.835655738,0.458326947,1
Assam,Dima Hasao,25.264056,93.409528,15.75,8.835655738,0.458326947,1
Assam,Dima Hasao,25.278472,93.252972,2.98,8.835655738,0.458326947,1
Assam,Dima Hasao,25.18725,93.12055556,2.37,8.835655738,0.458326947,1
Assam,Dima Hasao,25.362583,93.257722,0.72,8.835655738,0.458326947,1
Assam,Dima Hasao,25.369972,93.260306,1.8,8.835655738,0.458326947,1
Assam,Dima Hasao,25.387,93.12,2.62,8.835655738,0.458326947,1
Assam,Dima Hasao,25.394111,93.410417,4.21,8.835655738,0.458326947,1
Assam,Dima Hasao,25.395431,92.990267,4.62,8.835655738,0.458326947,1
Assam,Dima Hasao,25.398083,93.297528,0.31,8.835655738,0.458326947,1
Assam,Dima Hasao,25.402333,93.407583,5.59,8.835655738,0.458326947,1
Arunachal Pradesh,Dibang Valley,28.813805,95.919362,2.21,15.50713115,0.399529611,1
Arunachal Pradesh,Dibang Valley,28.813905,95.920439,2.21,15.50713115,0.399529611,1
Arunachal Pradesh,Dibang Valley,28.873622,95.850285,1.8,15.50713115,0.399529611,1
Arunachal Pradesh,Dibang Valley,28.874939,95.981911,5.29,15.50713115,0.399529611,1
Arunachal Pradesh,Dibang Valley,28.87826,95.847156,17.31,15.50713115,0.399529611,1
Assam,Dima Hasao,25.278917,93.253194,2.98,8.835655738,0.458326947,1
Assam,Dima Hasao,25.21,93.31,20.9,11.30819672,0.495145492,1
Assam,Dima Hasao,25.216881,92.982245,0.26,8.835655738,0.458326947,1
Assam,Dima Hasao,25.19,93.191,11.82,8.835655738,0.458326947,1
Assam,Dima Hasao,25.191,93.192,10.78,8.835655738,0.458326947,1
Arunachal Pradesh,Dibang Valley,28.824703,95.93119,18.39,15.50713115,0.399529611,1
Arunachal Pradesh,Dibang Valley,28.827069,95.9225,20.99,15.50713115,0.399529611,1
Arunachal Pradesh,Upper Siang,28.830097,94.874715,30.32,17.53991803,0.40713627,1
Arunachal Pradesh,Dibang Valley,28.830316,95.877843,5.59,15.50713115,0.399529611,1
Arunachal Pradesh,Dibang Valley,28.830919,95.880901,15.9,15.50713115,0.399529611,1
Arunachal Pradesh,Dibang Valley,28.831619,95.882949,23.67,15.50713115,0.399529611,1
Arunachal Pradesh,Dibang Valley,28.831826,95.882841,19.49,15.50713115,0.399529611,1
Assam,Dima Hasao,25.229556,93.1556,7.42,10.01229508,0.478168716,1
Arunachal Pradesh,Dibang Valley,28.940482,95.82044,8.73,15.50713115,0.399529611,1
Arunachal Pradesh,Dibang Valley,28.9407,95.82058,8.73,15.50713115,0.399529611,1
Arunachal Pradesh,Dibang Valley,28.963981,95.808627,0.93,15.50713115,0.399529611,1
Assam,Dima Hasao,25.189,93.192,10.98,8.835655738,0.458326947,1
Assam,Dima Hasao,25.189,93.226,28.44,8.835655738,0.458326947,1
Assam,Dima Hasao,25.204,93.059,3.55,8.835655738,0.458326947,1
Assam,Dima Hasao,25.205,93.059,5.85,8.835655738,0.458326947,1
Assam,Dima Hasao,25.205,93.008,1.9,8.835655738,0.458326947,1
Arunachal Pradesh,Dibang Valley,28.836083,95.963806,2.06,15.50713115,0.399529611,1
Arunachal Pradesh,Dibang Valley,28.846067,95.865922,9.84,15.50713115,0.399529611,1
Arunachal Pradesh,Dibang Valley,28.852213,95.863907,14.99,15.50713115,0.399529611,1
Arunachal Pradesh,Dibang Valley,28.85641,95.859872,14.89,15.50713115,0.399529611,1
Arunachal Pradesh,Dibang Valley,28.858358,95.858469,14.02,15.50713115,0.399529611,1
Arunachal Pradesh,Dibang Valley,28.863017,95.856703,16.23,15.50713115,0.399529611,1
Arunachal Pradesh,Dibang Valley,28.868037,95.983398,2.47,15.50713115,0.399529611,1
Arunachal Pradesh,Dibang Valley,28.871556,95.852732,3.19,15.50713115,0.399529611,1
Assam,Kamrup,26.158193,91.755807,0.1,13.19836066,0.413524932,1
Arunachal Pradesh,West Kameng,27.084417,92.586622,11.18,19.00180328,0.416310861,1
Arunachal Pradesh,Lower Dibang Valley,28.244256,95.920559,25.59,18.48991803,0.477602664,1
Arunachal Pradesh,West Kameng,27.318647,92.77855,14.41,19.00180328,0.416310861,1
Assam,Dima Hasao,25.118,93.014,1.49,8.835655738,0.458326947,1
Assam,Dima Hasao,25.119,93.017,4.11,8.835655738,0.458326947,1
Assam,Dima Hasao,25.119,93.018,3.03,8.835655738,0.458326947,1
Assam,Dima Hasao,25.12,93.02,0,8.835655738,0.458326947,1
Assam,Dima Hasao,25.12906,92.97418,10.58,8.835655738,0.458326947,1
Assam,Dima Hasao,25.139,93.025,4.11,8.835655738,0.458326947,1
Assam,Dima Hasao,25.14,93.3,10.14,11.30819672,0.495145492,1
Assam,Kamrup (Metro),26.11816667,91.71330556,3.6,14.77991803,0.483023429,1
Assam,Dima Hasao,25.145,93.158,6.61,8.835655738,0.458326947,1
Assam,Dima Hasao,25.169,93.155,12.22,8.835655738,0.458326947,1
Assam,Dima Hasao,25.169,93.156,11.82,8.835655738,0.458326947,1
Arunachal Pradesh,Dibang Valley,28.937833,95.820661,3.6,15.50713115,0.399529611,1
Assam,Dima Hasao,25.11297,92.95433,4.72,8.835655738,0.458326947,1
Arunachal Pradesh,Papum Pare,27.076582,93.569035,5.85,15.31327869,0.492465437,1
Assam,Dima Hasao,25.170425,92.989085,5.69,8.835655738,0.458326947,1
Assam,Dima Hasao,25.412958,93.242826,4.06,8.835655738,0.458326947,1
Assam,Dima Hasao,25.362612,93.216888,2.37,8.835655738,0.458326947,1
Assam,Kamrup (Metro),26.15958333,91.72388889,7.42,14.6704918,0.47292418,1
Assam,Kamrup (Metro),26.15166667,91.73138889,4.67,14.6704918,0.47292418,1
Assam,Kamrup (Metro),26.15544444,91.679,0.05,14.6704918,0.47292418,1
Assam,Dima Hasao,25.10727778,92.88313889,7.72,10.27131148,0.449146175,1
Assam,Dima Hasao,25.10622222,92.8845,6.86,10.27131148,0.449146175,1
Assam,Kamrup,26.14988889,91.77394444,3.24,11.62459016,0.445445014,1
Assam,Kamrup,26.10891667,91.74175,1.44,21.35819672,0.477603825,1
Assam,Kamrup,26.12911111,91.74911111,0.98,20.97540984,0.477603825,1
Assam,Kamrup,26.15333333,91.77711111,1.65,20.97540984,0.476451503,1
Assam,Kamrup,26.15052778,91.72766667,4.11,20.97540984,0.476473019,1
Assam,Kamrup,26.16405556,91.72827778,3.03,20.97540984,0.476473019,1
Assam,Dima Hasao,25.425403,92.982053,3.34,8.835655738,0.458326947,1
Assam,Dima Hasao,25.27898,93.241092,6.86,8.835655738,0.458326947,1
Assam,Dima Hasao,25.10275,92.986944,7.78,8.835655738,0.458326947,1
Assam,Dima Hasao,25.10292,92.986883,7.78,8.835655738,0.458326947,1
Assam,Dima Hasao,25.105414,92.972784,2.93,8.835655738,0.458326947,1
Assam,Dima Hasao,25.106,93.001,9.34,8.835655738,0.458326947,1
Assam,Dima Hasao,25.106956,92.991363,9.03,8.835655738,0.458326947,1
Assam,Dima Hasao,25.107,93.002,6.36,8.835655738,0.458326947,1
Assam,Dima Hasao,25.107546,92.885543,4.21,8.835655738,0.458326947,1
Assam,Dima Hasao,25.108,93.003,4.21,8.835655738,0.458326947,1
Assam,Dima Hasao,25.108759,92.978048,1.54,8.835655738,0.458326947,1
Assam,Dima Hasao,25.108806,92.975139,2.67,8.835655738,0.458326947,1
Assam,Dima Hasao,25.108877,92.929125,5.08,8.835655738,0.458326947,1
Assam,Dima Hasao,25.11219,92.86881,1.03,8.835655738,0.458326947,1
Assam,Dima Hasao,25.11286,92.87756,2.73,8.835655738,0.458326947,1
Arunachal Pradesh,Tirap,26.897502,95.542612,20.4,13.67754098,0.489700376,1
Assam,Dima Hasao,25.241135,93.007627,5.29,8.835655738,0.458326947,1
Assam,Dima Hasao,25.245448,93.003937,0.72,8.835655738,0.458326947,1
Assam,Kamrup,25.757752,91.252285,1.9,20.60245902,0.479001366,1
Assam,Kamrup (Metro),26.238016,91.945953,0.05,14.00163934,0.466809768,1
Assam,Kamrup,25.872268,91.213965,6.46,25.59508197,0.475494877,1
Assam,Kamrup (Metro),26.184324,91.855395,7.67,12.98606557,0.462314208,1
Assam,Kamrup (Metro),26.11956,92.052125,1.39,11.35737705,0.45445082,1
Assam,Dima Hasao,25.313791,93.10552,7.07,8.835655738,0.458326947,1
Assam,Dima Hasao,25.313929,93.10485,6.91,8.835655738,0.458326947,1
Assam,Dima Hasao,25.314558,93.094195,6.76,8.835655738,0.458326947,1
Assam,Dima Hasao,25.24612,93.028292,1.08,8.835655738,0.458326947,1
Assam,Dima Hasao,25.23575,93.033317,5.13,8.835655738,0.458326947,1
Assam,Dima Hasao,25.325408,93.037147,4.06,8.835655738,0.458326947,1
Assam,Dima Hasao,23.333165,93.057945,15.51,8.835655738,0.458326947,1
Assam,Dima Hasao,25.197888,93.02683,5.75,8.835655738,0.458326947,1
Arunachal Pradesh,Tirap,26.976731,95.423103,5.39,13.67754098,0.489700376,1
Arunachal Pradesh,Tirap,26.984318,95.510469,2.21,13.67754098,0.489700376,1
Arunachal Pradesh,Tirap,26.994618,95.486818,6.91,13.67754098,0.489700376,1
Arunachal Pradesh,Tirap,26.994942,95.474591,1.34,13.67754098,0.489700376,1
Arunachal Pradesh,West Kameng,27.018583,92.635667,7.02,19.00180328,0.416310861,1
Arunachal Pradesh,Tirap,27.019379,95.555899,2.37,13.67754098,0.489700376,1
Assam,West Khasi Hills,25.740148,91.224044,2.16,20.60245902,0.477767077,1
Assam,West Karbi Anglong,25.888959,92.61669,3.85,13.21229508,0.483777322,1
Assam,Kamrup (Metro),26.156633,91.938576,4.32,15.83032787,0.475043716,1
Assam,Kamrup (Metro),26.1445,91.7362,0.1,14.77991803,0.483023429,1
Arunachal Pradesh,Longding,26.736494,95.261822,1.6,13.75696721,0.489068272,1
Arunachal Pradesh,Longding,26.799929,95.309533,10.98,13.75696721,0.489068272,1
Arunachal Pradesh,Longding,26.849624,95.320878,1.03,13.75696721,0.489068272,1
Arunachal Pradesh,Longding,26.87859,95.35234,1.08,13.75696721,0.489068272,1
Arunachal Pradesh,Longding,26.881881,95.333027,11.23,13.75696721,0.489068272,1
Arunachal Pradesh,Tirap,26.885896,95.562013,11.77,13.67754098,0.489700376,1
Arunachal Pradesh,Changlang,27.047848,95.729657,20.67,14.19393443,0.485829952,1
Arunachal Pradesh,Changlang,27.057191,95.716883,12.85,14.19393443,0.485829952,1
Arunachal Pradesh,Changlang,27.0611,95.721024,5.59,14.19393443,0.485829952,1
Arunachal Pradesh,Tirap,27.061845,95.614212,3.34,13.67754098,0.489700376,1
Arunachal Pradesh,West Kameng,27.06658,92.59572,4.32,12.29754098,0.449670082,1
Arunachal Pradesh,Changlang,27.068358,95.725306,9.08,14.19393443,0.485829952,1
Arunachal Pradesh,Tirap,27.072206,95.634021,4.21,13.67754098,0.489700376,1
Arunachal Pradesh,Tirap,26.904294,95.549313,1.8,13.67754098,0.489700376,1
Arunachal Pradesh,Longding,26.904445,95.360399,0.77,13.75696721,0.489068272,1
Arunachal Pradesh,Tirap,26.919823,95.545421,3.09,13.67754098,0.489700376,1
Arunachal Pradesh,Longding,26.925697,95.371448,3.24,13.75696721,0.489068272,1
Arunachal Pradesh,Tirap,26.93529,95.37696,3.55,13.67754098,0.489700376,1
Arunachal Pradesh,Tirap,26.936043,95.370996,1.03,13.67754098,0.489700376,1
Arunachal Pradesh,Tirap,26.939232,95.520994,16.23,13.67754098,0.489700376,1
Arunachal Pradesh,Tirap,26.943433,95.385986,0.87,13.67754098,0.489700376,1
Arunachal Pradesh,Tirap,26.952173,95.519402,6.2,13.67754098,0.489700376,1
Arunachal Pradesh,West Kameng,27.086667,92.585278,8.83,14.9942623,0.453098702,1
Arunachal Pradesh,Papum Pare,27.088278,93.66925,0.26,15.31327869,0.492465437,1
Arunachal Pradesh,Changlang,27.089394,95.729849,8.58,14.19393443,0.485829952,1
Arunachal Pradesh,Papum Pare,27.091139,93.615667,3.75,8.013114754,0.467926571,1
Arunachal Pradesh,West Kameng,27.092028,92.597028,0.62,19.00180328,0.416310861,1
Arunachal Pradesh,Changlang,27.093755,95.731806,4.88,14.19393443,0.485829952,1
Arunachal Pradesh,West Kameng,27.093889,92.591389,8.68,14.9942623,0.453098702,1
Arunachal Pradesh,Papum Pare,27.095278,93.615694,2.62,8.013114754,0.467926571,1
Arunachal Pradesh,Tirap,27.032124,95.562208,4.16,13.67754098,0.489700376,1
Arunachal Pradesh,Tirap,27.035069,95.56864,10.24,13.67754098,0.489700376,1
Arunachal Pradesh,West Kameng,27.035278,92.610556,12.61,14.9942623,0.453098702,1
Arunachal Pradesh,West Kameng,27.036111,92.603333,5.29,19.00180328,0.416310861,1
Arunachal Pradesh,Tirap,27.036339,95.564677,9.39,13.67754098,0.489700376,1
Arunachal Pradesh,Changlang,27.039914,95.73282,5.95,14.19393443,0.485829952,1
Arunachal Pradesh,Changlang,27.043883,95.72822,11.23,14.19393443,0.485829952,1
Arunachal Pradesh,Tirap,27.046252,95.592084,0.62,13.67754098,0.489700376,1
Arunachal Pradesh,Upper Siang,28.752815,94.893869,15.51,17.53991803,0.40713627,1
Arunachal Pradesh,Upper Siang,28.754928,94.8954,14.65,17.53991803,0.40713627,1
Arunachal Pradesh,Dibang Valley,28.760937,95.865649,4.88,15.50713115,0.399529611,1
Arunachal Pradesh,Upper Siang,28.762661,94.860138,2.11,17.53991803,0.40713627,1
Arunachal Pradesh,Dibang Valley,28.763514,95.868872,3.7,15.50713115,0.399529611,1
Arunachal Pradesh,Dibang Valley,28.763802,95.868513,3.7,15.50713115,0.399529611,1
Arunachal Pradesh,Dibang Valley,28.772473,95.867921,3.03,15.50713115,0.399529611,1
Arunachal Pradesh,Dibang Valley,28.77363,95.869239,3.44,15.50713115,0.399529611,1
Arunachal Pradesh,Dibang Valley,28.774623,95.89086,10.93,15.50713115,0.399529611,1
Arunachal Pradesh,Dibang Valley,28.775381,95.898382,15.66,15.50713115,0.399529611,1
Arunachal Pradesh,Dibang Valley,28.775779,95.890362,14.6,15.50713115,0.399529611,1
Arunachal Pradesh,Tirap,27.074431,95.638118,3.44,13.67754098,0.489700376,1
Arunachal Pradesh,Papum Pare,27.078472,93.605639,1.08,8.013114754,0.467926571,1
Arunachal Pradesh,Tirap,27.079176,95.638023,9.54,13.67754098,0.489700376,1
Arunachal Pradesh,Tirap,27.083054,95.639328,1.44,13.67754098,0.489700376,1
Arunachal Pradesh,West Kameng,27.086139,92.584361,13.34,19.00180328,0.416310861,1
Arunachal Pradesh,Tirap,27.099707,95.641075,0.98,13.67754098,0.489700376,1
Arunachal Pradesh,Papum Pare,27.101111,93.619222,7.17,8.013114754,0.467926571,1
Arunachal Pradesh,Tirap,27.102163,95.644694,0.77,13.67754098,0.489700376,1
Arunachal Pradesh,Tirap,27.102625,95.645631,2.37,13.67754098,0.489700376,1
Arunachal Pradesh,Papum Pare,27.102944,93.640417,4.93,15.31327869,0.492465437,1
Arunachal Pradesh,Papum Pare,27.103069,93.641778,2.06,15.31327869,0.492465437,1
Arunachal Pradesh,Papum Pare,27.103111,93.634019,1.75,15.31327869,0.492465437,1
Arunachal Pradesh,Papum Pare,27.103444,93.638722,4.01,15.31327869,0.492465437,1
Arunachal Pradesh,West Kameng,27.103639,92.76025,3.55,19.00180328,0.416310861,1
Arunachal Pradesh,Papum Pare,27.103944,93.637611,5.49,15.31327869,0.492465437,1
Arunachal Pradesh,West Kameng,27.105083,92.555222,19.44,19.00180328,0.416310861,1
Arunachal Pradesh,Upper Siang,28.723166,94.959687,16.18,17.53991803,0.40713627,1
Arunachal Pradesh,Upper Siang,28.729371,94.92012,2.88,17.53991803,0.40713627,1
Arunachal Pradesh,Upper Siang,28.740576,94.867317,1.24,17.53991803,0.40713627,1
Arunachal Pradesh,Upper Siang,28.740874,94.866397,4.78,17.53991803,0.40713627,1
Arunachal Pradesh,Upper Siang,28.744078,94.86976,4.16,17.53991803,0.40713627,1
Assam,Dima Hasao,25.060944,92.80675,0.98,8.835655738,0.458326947,1
Assam,Dima Hasao,25.061375,92.795906,5.34,8.835655738,0.458326947,1
Assam,Dima Hasao,25.061417,92.806833,0.98,8.835655738,0.458326947,1
Assam,Dima Hasao,25.061847,92.79345,9.24,8.835655738,0.458326947,1
Assam,Dima Hasao,25.063378,92.795536,7.83,8.835655738,0.458326947,1
Assam,Dima Hasao,25.063472,92.807796,4.57,8.835655738,0.458326947,1
Assam,Dima Hasao,25.072636,92.794514,18.11,8.835655738,0.458326947,1
Assam,Dima Hasao,25.073228,92.814734,3.85,8.835655738,0.458326947,1
Assam,Dima Hasao,25.078935,92.95379,3.03,8.835655738,0.458326947,1
Arunachal Pradesh,West Kameng,27.11375,92.537583,28.84,19.00180328,0.416310861,1
Arunachal Pradesh,Changlang,27.115246,95.670965,3.5,14.19393443,0.485829952,1
Arunachal Pradesh,Changlang,27.115545,95.733337,3.09,14.19393443,0.485829952,1
Arunachal Pradesh,West Kameng,27.115694,92.763028,0.87,19.00180328,0.416310861,1
Arunachal Pradesh,Changlang,27.11587,95.733019,5.13,14.19393443,0.485829952,1
Arunachal Pradesh,Tirap,27.095969,95.634872,9.54,13.67754098,0.489700376,1
Arunachal Pradesh,West Kameng,27.099083,92.626306,1.44,19.00180328,0.416310861,1
Arunachal Pradesh,Papum Pare,27.105556,93.699722,2.98,12.30327869,0.399834016,1
Arunachal Pradesh,Tirap,27.105748,95.654176,6.46,13.67754098,0.489700376,1
Arunachal Pradesh,Papum Pare,27.106472,93.663889,1.7,12.30327869,0.399834016,1
Arunachal Pradesh,Papum Pare,27.106722,93.660111,7.17,15.31327869,0.492465437,1
Arunachal Pradesh,West Kameng,27.106939,92.573544,18.89,19.00180328,0.416310861,1
Arunachal Pradesh,West Kameng,27.1105,92.537444,19.72,19.00180328,0.416310861,1
Arunachal Pradesh,Papum Pare,27.112222,93.694444,4.62,12.30327869,0.399834016,1
Arunachal Pradesh,Changlang,27.112268,95.736125,2.62,14.19393443,0.485829952,1
Arunachal Pradesh,West Kameng,27.112694,92.543472,20.49,19.00180328,0.416310861,1
Arunachal Pradesh,Papum Pare,27.066648,93.536536,3.09,15.31327869,0.492465437,1
Arunachal Pradesh,Papum Pare,27.053976,93.494166,5.39,15.31327869,0.492465437,1
Arunachal Pradesh,East Siang,28.136244,95.245136,6.86,21.94893443,0.474554235,1
Assam,Dima Hasao,25.049917,92.799667,1.6,8.835655738,0.458326947,1
Assam,Dima Hasao,25.054917,92.800333,4.37,8.835655738,0.458326947,1
Assam,Dima Hasao,25.056611,92.801722,0.21,8.835655738,0.458326947,1
Assam,Dima Hasao,25.060088,92.807089,0.05,8.835655738,0.458326947,1
Arunachal Pradesh,Changlang,27.163388,95.746685,17.5,14.19393443,0.485829952,1
Arunachal Pradesh,Papum Pare,27.163556,93.752306,15.7,15.31327869,0.492465437,1
Arunachal Pradesh,West Kameng,27.116194,92.543111,20.85,19.00180328,0.416310861,1
Arunachal Pradesh,Changlang,27.116625,95.669825,7.98,14.19393443,0.485829952,1
Arunachal Pradesh,Changlang,27.122408,95.678718,7.78,14.19393443,0.485829952,1
Arunachal Pradesh,Changlang,27.122872,95.672546,16.13,14.19393443,0.485829952,1
Arunachal Pradesh,Papum Pare,27.123139,93.702139,2.57,15.31327869,0.492465437,1
Arunachal Pradesh,Papum Pare,27.124444,93.742222,0.82,12.30327869,0.399834016,1
Arunachal Pradesh,Changlang,27.125767,95.745585,2.78,14.19393443,0.485829952,1
Arunachal Pradesh,Papum Pare,27.128972,93.705333,2.47,15.31327869,0.492465437,1
Arunachal Pradesh,Changlang,27.12922,95.684101,12.95,14.19393443,0.485829952,1
Arunachal Pradesh,Changlang,27.131129,95.689613,11.57,14.19393443,0.485829952,1
Arunachal Pradesh,Changlang,27.132794,95.687302,21.03,14.19393443,0.485829952,1
Arunachal Pradesh,Changlang,27.132933,95.709803,15.27,14.19393443,0.485829952,1
Arunachal Pradesh,West Kameng,27.134444,92.599611,13.05,19.00180328,0.416310861,1
Arunachal Pradesh,West Kameng,27.1055,92.556278,19.76,19.00180328,0.416310861,1
Arunachal Pradesh,West Kameng,27.182278,92.599889,12.07,19.00180328,0.416310861,1
Arunachal Pradesh,West Kameng,27.183833,92.599333,16.56,19.00180328,0.416310861,1
Arunachal Pradesh,Changlang,27.143343,95.743034,5.64,14.19393443,0.485829952,1
Arunachal Pradesh,Changlang,27.1448,95.742566,5.44,14.19393443,0.485829952,1
Arunachal Pradesh,West Kameng,27.148056,92.613889,27.03,19.00180328,0.416310861,1
Arunachal Pradesh,Changlang,27.150127,95.780208,8.53,14.19393443,0.485829952,1
Arunachal Pradesh,West Kameng,27.152417,92.561778,5.03,19.00180328,0.416310861,1
Arunachal Pradesh,West Kameng,27.153056,92.56175,2.98,19.00180328,0.416310861,1
Arunachal Pradesh,Changlang,27.153826,95.77545,3.6,14.19393443,0.485829952,1
Arunachal Pradesh,Changlang,27.15844,95.755292,10.33,14.19393443,0.485829952,1
Arunachal Pradesh,Changlang,27.158837,95.750303,8.68,14.19393443,0.485829952,1
Arunachal Pradesh,Papum Pare,27.16,93.739167,1.44,15.31327869,0.492465437,1
Arunachal Pradesh,Changlang,27.160065,95.754919,10.78,14.19393443,0.485829952,1
Arunachal Pradesh,East Kameng,27.161806,93.136194,6.15,15.14401639,0.407394775,1
Arunachal Pradesh,Changlang,27.161858,95.757717,9.03,14.19393443,0.485829952,1
Arunachal Pradesh,Changlang,27.163084,95.754775,12.85,14.19393443,0.485829952,1
Arunachal Pradesh,Pakke Kessang,27.208083,93.133472,1.08,13.99147541,0.41149498,1
Arunachal Pradesh,West Kameng,27.208222,92.55475,14.22,19.00180328,0.416310861,1
Arunachal Pradesh,Papum Pare,27.165806,93.751167,12.71,15.31327869,0.492465437,1
Arunachal Pradesh,West Kameng,27.166306,92.587139,16.84,19.00180328,0.416310861,1
Arunachal Pradesh,West Kameng,27.167139,92.587917,17.69,19.00180328,0.416310861,1
Arunachal Pradesh,Changlang,27.172066,95.754546,3.44,14.19393443,0.485829952,1
Arunachal Pradesh,Changlang,27.175606,95.749935,1.24,14.19393443,0.485829952,1
Arunachal Pradesh,East Kameng,27.177667,93.148694,0.98,15.14401639,0.407394775,1
Arunachal Pradesh,East Kameng,27.177667,93.148694,0.98,15.14401639,0.407394775,1
Arunachal Pradesh,East Kameng,27.177667,93.148694,0.98,15.14401639,0.407394775,1
Arunachal Pradesh,East Kameng,27.177667,93.148694,0.98,15.14401639,0.407394775,1
Arunachal Pradesh,East Kameng,27.177667,93.148694,0.98,15.14401639,0.407394775,1
Arunachal Pradesh,East Kameng,27.177667,93.148694,0.98,15.14401639,0.407394775,1
Arunachal Pradesh,East Kameng,27.177667,93.148694,0.98,15.14401639,0.407394775,1
Arunachal Pradesh,East Kameng,27.177667,93.148694,0.98,15.14401639,0.407394775,1
Arunachal Pradesh,Changlang,27.178695,95.735218,7.52,14.19393443,0.485829952,1
Arunachal Pradesh,Papum Pare,27.223667,93.580417,20.08,15.31327869,0.492465437,1
Arunachal Pradesh,Papum Pare,27.225361,93.570278,4.72,15.31327869,0.492465437,1
Arunachal Pradesh,Changlang,27.226901,95.905393,1.34,14.19393443,0.485829952,1
Arunachal Pradesh,Papum Pare,27.228056,93.568972,2.47,15.31327869,0.492465437,1
Arunachal Pradesh,Changlang,27.187767,95.732008,8.93,14.19393443,0.485829952,1
Arunachal Pradesh,Changlang,27.188551,95.703582,0.82,14.19393443,0.485829952,1
Arunachal Pradesh,East Kameng,27.188694,93.136056,12.71,15.14401639,0.407394775,1
Arunachal Pradesh,Changlang,27.190295,95.716317,4.32,14.19393443,0.485829952,1
Arunachal Pradesh,West Kameng,27.190861,92.607806,14.6,19.00180328,0.416310861,1
Arunachal Pradesh,West Kameng,27.191667,92.610111,6.05,19.00180328,0.416310861,1
Arunachal Pradesh,Papum Pare,27.194111,93.780944,9.99,15.31327869,0.492465437,1
Arunachal Pradesh,East Kameng,27.196944,93.139722,6.31,15.14401639,0.407394775,1
Arunachal Pradesh,West Kameng,27.204139,92.529278,14.36,19.00180328,0.416310861,1
Arunachal Pradesh,West Kameng,27.20675,92.537389,23.33,19.00180328,0.416310861,1
Arunachal Pradesh,West Kameng,27.206917,92.537667,25.25,19.00180328,0.416310861,1
Arunachal Pradesh,Papum Pare,27.207583,93.615667,15.03,15.31327869,0.492465437,1
Arunachal Pradesh,Papum Pare,27.240556,93.750417,19.08,15.31327869,0.492465437,1
Arunachal Pradesh,Papum Pare,27.241,93.731417,11.03,15.31327869,0.492465437,1
Arunachal Pradesh,Papum Pare,27.241056,93.749306,17.41,15.31327869,0.492465437,1
Arunachal Pradesh,Papum Pare,27.24125,93.746889,12.02,15.31327869,0.492465437,1
Arunachal Pradesh,Papum Pare,27.242917,93.757222,17.36,15.31327869,0.492465437,1
Arunachal Pradesh,Papum Pare,27.210556,93.628556,18.29,15.31327869,0.492465437,1
Arunachal Pradesh,Papum Pare,27.214778,93.635667,23.54,15.31327869,0.492465437,1
Arunachal Pradesh,East Kameng,27.215611,93.123139,3.34,15.14401639,0.407394775,1
Arunachal Pradesh,East Kameng,27.215944,93.069222,10.09,15.14401639,0.407394775,1
Arunachal Pradesh,Papum Pare,27.216278,93.655639,10.14,15.31327869,0.492465437,1
Arunachal Pradesh,Papum Pare,27.216639,93.691472,14.84,15.31327869,0.492465437,1
Arunachal Pradesh,East Kameng,27.216778,93.074944,9.44,15.14401639,0.407394775,1
Arunachal Pradesh,East Kameng,27.217333,93.064833,10.48,15.14401639,0.407394775,1
Arunachal Pradesh,Papum Pare,27.218611,93.695278,14.12,15.31327869,0.492465437,1
Arunachal Pradesh,Papum Pare,27.22075,93.581167,20.08,15.31327869,0.492465437,1
Arunachal Pradesh,Papum Pare,27.220833,93.698194,8.43,15.31327869,0.492465437,1
Arunachal Pradesh,Changlang,27.257581,95.936353,11.57,14.19393443,0.485829952,1
Arunachal Pradesh,Papum Pare,27.258556,93.778167,13.1,15.31327869,0.492465437,1
Arunachal Pradesh,Papum Pare,27.260222,93.7895,7.37,15.31327869,0.492465437,1
Arunachal Pradesh,Papum Pare,27.260222,93.7895,7.37,15.31327869,0.492465437,1
Arunachal Pradesh,Papum Pare,27.260444,93.7895,7.37,15.31327869,0.492465437,1
Arunachal Pradesh,Papum Pare,27.260722,93.780306,15.66,15.31327869,0.492465437,1
Arunachal Pradesh,Papum Pare,27.234139,93.707861,5.44,15.31327869,0.492465437,1
Arunachal Pradesh,Papum Pare,27.234917,93.536139,11.43,15.31327869,0.492465437,1
Arunachal Pradesh,Papum Pare,27.235306,93.524389,5.85,15.31327869,0.492465437,1
Arunachal Pradesh,Papum Pare,27.236139,93.715694,13.83,15.31327869,0.492465437,1
Arunachal Pradesh,Papum Pare,27.236306,93.807167,2.98,15.31327869,0.492465437,1
Arunachal Pradesh,Papum Pare,27.238222,93.806444,0.15,15.31327869,0.492465437,1
Arunachal Pradesh,Papum Pare,27.238917,93.806083,1.96,15.31327869,0.492465437,1
Arunachal Pradesh,Papum Pare,27.239333,93.745,10.78,15.31327869,0.492465437,1
Arunachal Pradesh,Papum Pare,27.240083,93.745917,11.33,15.31327869,0.492465437,1
Arunachal Pradesh,East Kameng,27.240444,93.064361,4.21,15.14401639,0.407394775,1
Arunachal Pradesh,Changlang,27.275542,95.965859,4.78,14.19393443,0.485829952,1
Arunachal Pradesh,Papum Pare,27.27625,93.795889,7.32,15.31327869,0.492465437,1
Arunachal Pradesh,West Kameng,27.277417,92.425278,4.47,19.00180328,0.416310861,1
Arunachal Pradesh,West Kameng,27.278417,92.426917,7.02,19.00180328,0.416310861,1
Arunachal Pradesh,Papum Pare,27.27925,93.796444,8.23,15.31327869,0.492465437,1
Arunachal Pradesh,Changlang,27.282921,96.122193,5.54,14.19393443,0.485829952,1
Arunachal Pradesh,Changlang,27.287781,95.978389,3.55,14.19393443,0.485829952,1
Arunachal Pradesh,Changlang,27.287855,95.977914,4.62,14.19393443,0.485829952,1
Arunachal Pradesh,Papum Pare,27.246111,93.804667,0.1,15.31327869,0.492465437,1
Arunachal Pradesh,Papum Pare,27.24675,93.765333,4.32,15.31327869,0.492465437,1
Arunachal Pradesh,Papum Pare,27.248167,93.765889,3.44,15.31327869,0.492465437,1
Arunachal Pradesh,West Kameng,27.248722,92.737722,9.39,19.00180328,0.416310861,1
Arunachal Pradesh,Papum Pare,27.2495,93.507833,0.98,15.31327869,0.492465437,1
Arunachal Pradesh,Papum Pare,27.251806,93.504278,11.33,15.31327869,0.492465437,1
Arunachal Pradesh,Papum Pare,27.253778,93.507778,7.12,15.31327869,0.492465437,1
Arunachal Pradesh,East Kameng,27.256917,93.064472,0.26,15.14401639,0.407394775,1
Arunachal Pradesh,East Kameng,27.293806,93.050139,2.06,15.14401639,0.407394775,1
Arunachal Pradesh,Papum Pare,27.294278,93.802056,10.63,15.31327869,0.492465437,1
Arunachal Pradesh,East Kameng,27.294944,93.072417,11.33,15.14401639,0.407394775,1
Arunachal Pradesh,Changlang,27.296223,96.013675,3.7,14.19393443,0.485829952,1
Arunachal Pradesh,East Kameng,27.296611,93.099056,15.42,15.14401639,0.407394775,1
Arunachal Pradesh,East Kameng,27.297167,93.050889,12.85,15.14401639,0.407394775,1
Arunachal Pradesh,Changlang,27.297775,96.002314,3.34,14.19393443,0.485829952,1
Arunachal Pradesh,Changlang,27.298972,96.046398,1.49,14.19393443,0.485829952,1
Arunachal Pradesh,West Kameng,27.266667,92.404389,2.47,19.00180328,0.416310861,1
Arunachal Pradesh,Papum Pare,27.267722,93.80125,1.08,15.31327869,0.492465437,1
Arunachal Pradesh,Changlang,27.268684,96.040751,3.65,14.19393443,0.485829952,1
Arunachal Pradesh,Changlang,27.268973,96.037707,2.67,14.19393443,0.485829952,1
Arunachal Pradesh,Papum Pare,27.269861,93.802361,1.9,15.31327869,0.492465437,1
Arunachal Pradesh,Papum Pare,27.270019,93.799333,5.54,15.31327869,0.492465437,1
Arunachal Pradesh,Changlang,27.273999,95.975506,0.26,14.19393443,0.485829952,1
Arunachal Pradesh,Papum Pare,27.2745,93.797833,8.73,15.31327869,0.492465437,1
Assam,Dima Hasao,25.047417,92.793389,7.07,8.835655738,0.458326947,1
Assam,Dima Hasao,25.04783,92.78931,11.72,8.835655738,0.458326947,1
Assam,Dima Hasao,25.049417,92.796722,6.81,8.835655738,0.458326947,1
Arunachal Pradesh,East Kameng,27.302389,93.055833,10.38,15.14401639,0.407394775,1
Arunachal Pradesh,East Kameng,27.302861,93.050917,17.17,15.14401639,0.407394775,1
Arunachal Pradesh,Changlang,27.302949,96.154621,2.93,14.19393443,0.485829952,1
Arunachal Pradesh,East Kameng,27.304361,93.054611,8.48,15.14401639,0.407394775,1
Arunachal Pradesh,Changlang,27.305527,96.224831,7.62,14.19393443,0.485829952,1
Arunachal Pradesh,Papum Pare,27.307111,93.806306,24.83,15.31327869,0.492465437,1
Arunachal Pradesh,Changlang,27.288125,96.075898,2.73,14.19393443,0.485829952,1
Arunachal Pradesh,Papum Pare,27.291083,93.796806,23.93,15.31327869,0.492465437,1
Arunachal Pradesh,West Kameng,27.291528,92.391778,1.24,19.00180328,0.416310861,1
Arunachal Pradesh,West Kameng,27.292167,92.391889,0.26,19.00180328,0.416310861,1
Arunachal Pradesh,West Kameng,27.292444,92.391861,0.26,19.00180328,0.416310861,1
Arunachal Pradesh,Changlang,27.29268,96.024049,1.8,14.19393443,0.485829952,1
Arunachal Pradesh,West Kameng,27.293806,92.391694,1.7,19.00180328,0.416310861,1
Arunachal Pradesh,Changlang,27.299135,96.010349,0.51,14.19393443,0.485829952,1
Arunachal Pradesh,Changlang,27.299744,95.987092,4.42,14.19393443,0.485829952,1
Arunachal Pradesh,Changlang,27.29976,96.012691,1.49,14.19393443,0.485829952,1
Arunachal Pradesh,Changlang,27.300188,96.010838,0.36,14.19393443,0.485829952,1
Arunachal Pradesh,East Kameng,27.300611,93.093417,10.14,15.14401639,0.407394775,1
Arunachal Pradesh,West Kameng,27.300667,92.391833,10.83,19.00180328,0.416310861,1
Arunachal Pradesh,Papum Pare,27.300833,93.802833,22.32,15.31327869,0.492465437,1
Arunachal Pradesh,Changlang,27.300945,95.992838,4.62,14.19393443,0.485829952,1
Arunachal Pradesh,East Kameng,27.301139,93.091889,11.92,15.14401639,0.407394775,1
Assam,Dima Hasao,25.088389,92.958944,18.29,8.835655738,0.458326947,1
Assam,Dima Hasao,25.034948,92.778753,9.89,8.835655738,0.458326947,1
Assam,Dima Hasao,25.0365,92.780417,8.63,8.835655738,0.458326947,1
Assam,Dima Hasao,25.039722,92.781889,10.63,8.835655738,0.458326947,1
Assam,Dima Hasao,25.041083,92.783111,13.24,8.835655738,0.458326947,1
Assam,Dima Hasao,25.046444,92.789667,12.51,8.835655738,0.458326947,1
Assam,Dima Hasao,25.046778,92.790111,12.56,8.835655738,0.458326947,1
Arunachal Pradesh,East Kameng,27.363833,93.025139,14.65,15.14401639,0.407394775,1
Arunachal Pradesh,Changlang,27.309012,96.158495,6.91,14.19393443,0.485829952,1
Arunachal Pradesh,Changlang,27.313343,96.171327,9.64,14.19393443,0.485829952,1
Arunachal Pradesh,Changlang,27.315904,96.18349,6.46,14.19393443,0.485829952,1
Arunachal Pradesh,East Kameng,27.320083,93.050917,5.95,15.14401639,0.407394775,1
Arunachal Pradesh,East Kameng,27.32025,93.053222,6.41,15.14401639,0.407394775,1
Arunachal Pradesh,West Kameng,27.325278,92.373722,2.26,19.00180328,0.416310861,1
Arunachal Pradesh,Papum Pare,27.325806,93.822389,4.11,15.31327869,0.492465437,1
Arunachal Pradesh,East Kameng,27.325861,93.055472,3.5,15.14401639,0.407394775,1
Arunachal Pradesh,East Kameng,27.327333,93.043611,12.56,15.14401639,0.407394775,1
Arunachal Pradesh,Papum Pare,27.327583,93.813389,10.58,15.31327869,0.492465437,1
Arunachal Pradesh,Papum Pare,27.328528,93.812528,12.36,15.31327869,0.492465437,1
Arunachal Pradesh,East Kameng,27.328611,93.056583,8.08,15.14401639,0.407394775,1
Arunachal Pradesh,Papum Pare,27.334056,93.819417,19.54,15.31327869,0.492465437,1
Arunachal Pradesh,Papum Pare,27.336667,93.820722,15.51,15.31327869,0.492465437,1
Arunachal Pradesh,Papum Pare,27.337028,93.821306,17.03,15.31327869,0.492465437,1
Arunachal Pradesh,East Kameng,27.428833,93.025306,8.48,15.14401639,0.407394775,1
Arunachal Pradesh,Papum Pare,27.339833,93.805167,6.36,15.31327869,0.492465437,1
Arunachal Pradesh,West Kameng,27.340556,92.274944,13.05,19.00180328,0.416310861,1
Arunachal Pradesh,East Kameng,27.342139,93.041583,2.11,15.14401639,0.407394775,1
Arunachal Pradesh,West Kameng,27.345556,92.266389,11.77,15.48770492,0.422793716,1
Arunachal Pradesh,East Kameng,27.34675,93.018528,14.02,15.14401639,0.407394775,1
Arunachal Pradesh,East Kameng,27.34675,93.018528,14.02,15.14401639,0.407394775,1
Arunachal Pradesh,East Kameng,27.34675,93.018528,14.02,15.14401639,0.407394775,1
Arunachal Pradesh,East Kameng,27.347917,93.012194,10.24,15.14401639,0.407394775,1
Arunachal Pradesh,East Kameng,27.347917,93.012194,10.24,15.14401639,0.407394775,1
Arunachal Pradesh,East Kameng,27.357083,93.026361,7.72,15.14401639,0.407394775,1
Arunachal Pradesh,West Kameng,27.358194,92.24325,3.55,19.00180328,0.416310861,1
Arunachal Pradesh,East Kameng,27.361222,93.035778,2.26,15.14401639,0.407394775,1
Arunachal Pradesh,West Kameng,27.362028,92.244028,3.55,19.00180328,0.416310861,1
Arunachal Pradesh,West Kameng,27.362444,92.243972,3.55,19.00180328,0.416310861,1
Arunachal Pradesh,West Kameng,27.363417,92.24375,0.36,19.00180328,0.416310861,1
Arunachal Pradesh,Changlang,27.460656,96.412177,10.33,14.19393443,0.485829952,1
Arunachal Pradesh,West Kameng,27.367611,92.2415,1.39,19.00180328,0.416310861,1
Arunachal Pradesh,West Kameng,27.368333,92.241583,1.8,19.00180328,0.416310861,1
Arunachal Pradesh,East Kameng,27.391639,93.011861,7.52,15.14401639,0.407394775,1
Arunachal Pradesh,West Kameng,27.394306,92.157333,26.91,19.00180328,0.416310861,1
Arunachal Pradesh,West Kameng,27.395444,92.164167,10.33,19.00180328,0.416310861,1
Arunachal Pradesh,West Kameng,27.396722,92.163861,6.56,19.00180328,0.416310861,1
Arunachal Pradesh,West Kameng,27.403722,92.141056,32.31,19.00180328,0.416310861,1
Arunachal Pradesh,West Kameng,27.405861,92.133778,16.56,19.00180328,0.416310861,1
Arunachal Pradesh,West Kameng,27.409778,92.132167,14.6,19.00180328,0.416310861,1
Arunachal Pradesh,East Kameng,27.411944,93.010528,1.6,15.14401639,0.407394775,1
Arunachal Pradesh,East Kameng,27.411944,93.010528,1.6,15.14401639,0.407394775,1
Arunachal Pradesh,East Kameng,27.420722,93.011083,0.87,15.14401639,0.407394775,1
Arunachal Pradesh,East Kameng,27.421139,93.017611,8.98,15.14401639,0.407394775,1
Arunachal Pradesh,East Kameng,27.422111,93.014639,9.24,15.14401639,0.407394775,1
Arunachal Pradesh,East Kameng,27.423722,93.007583,0.62,15.14401639,0.407394775,1
Arunachal Pradesh,East Kameng,27.5335,92.964861,15.66,15.14401639,0.407394775,1
Arunachal Pradesh,West Kameng,27.433056,92.123583,14.89,19.00180328,0.416310861,1
Arunachal Pradesh,East Kameng,27.436722,93.003639,4.52,15.14401639,0.407394775,1
Arunachal Pradesh,East Kameng,27.437333,93.029667,2.52,15.14401639,0.407394775,1
Arunachal Pradesh,East Kameng,27.441028,93.020389,0.93,15.14401639,0.407394775,1
Arunachal Pradesh,West Kameng,27.441361,92.117417,19.12,19.00180328,0.416310861,1
Arunachal Pradesh,East Kameng,27.441694,93.021472,0.77,15.14401639,0.407394775,1
Arunachal Pradesh,Changlang,27.447181,96.439865,4.98,14.19393443,0.485829952,1
Arunachal Pradesh,Changlang,27.449807,96.444466,5.59,14.19393443,0.485829952,1
Arunachal Pradesh,Upper Siang,27.452833,95.239,0.1,17.53991803,0.40713627,1
Arunachal Pradesh,Changlang,27.453197,96.444944,1.03,14.19393443,0.485829952,1
Arunachal Pradesh,Changlang,27.455222,96.440908,7.83,14.19393443,0.485829952,1
Arunachal Pradesh,West Kameng,27.456278,92.109556,15.42,19.00180328,0.416310861,1
Arunachal Pradesh,Changlang,27.458768,96.440093,10.73,14.19393443,0.485829952,1
Arunachal Pradesh,Upper Siang,27.459167,95.233639,0.15,17.53991803,0.40713627,1
Arunachal Pradesh,West Kameng,27.460278,92.110278,5.85,11.76639344,0.417314208,1
Arunachal Pradesh,East Kameng,27.555194,92.966222,13.44,15.14401639,0.407394775,1
Arunachal Pradesh,Changlang,27.460731,96.41975,12.95,14.19393443,0.485829952,1
Arunachal Pradesh,Changlang,27.466137,96.407194,0.21,14.19393443,0.485829952,1
Arunachal Pradesh,Changlang,27.467849,96.409616,8.38,14.19393443,0.485829952,1
Arunachal Pradesh,Changlang,27.470221,96.407798,10.53,14.19393443,0.485829952,1
Arunachal Pradesh,Changlang,27.474408,96.408773,8.83,14.19393443,0.485829952,1
Arunachal Pradesh,Changlang,27.476285,96.40896,4.16,14.19393443,0.485829952,1
Arunachal Pradesh,Changlang,27.476614,96.408544,4.16,14.19393443,0.485829952,1
Arunachal Pradesh,Changlang,27.479141,96.403435,5.85,14.19393443,0.485829952,1
Arunachal Pradesh,West Kameng,27.483667,92.10925,7.62,19.00180328,0.416310861,1
Arunachal Pradesh,West Kameng,27.496333,92.104333,0.57,19.00180328,0.416310861,1
Arunachal Pradesh,West Kameng,27.497222,92.104667,2.06,19.00180328,0.416310861,1
Arunachal Pradesh,West Kameng,27.512278,91.875556,12.66,11.76639344,0.420234973,1
Arunachal Pradesh,East Kameng,27.520111,92.997139,14.94,15.14401639,0.407394775,1
Arunachal Pradesh,East Kameng,27.521083,92.995444,14.41,15.14401639,0.407394775,1
Arunachal Pradesh,East Kameng,27.530556,92.959167,5.85,15.14401639,0.407394775,1
Arunachal Pradesh,Papum Pare,27.08155,93.61438,2.26,15.31327869,0.492465437,1
Arunachal Pradesh,Papum Pare,27.10375,93.61529,8.58,15.31327869,0.492465437,1
Arunachal Pradesh,East Kameng,27.535806,92.930667,6.46,15.14401639,0.407394775,1
Arunachal Pradesh,East Kameng,27.538778,92.988139,13.78,15.14401639,0.407394775,1
Arunachal Pradesh,East Kameng,27.539694,92.991306,16.65,15.14401639,0.407394775,1
Arunachal Pradesh,East Kameng,27.542083,92.946,1.85,15.14401639,0.407394775,1
Arunachal Pradesh,East Kameng,27.542389,92.946306,1.85,15.14401639,0.407394775,1
Arunachal Pradesh,East Kameng,27.542639,92.954417,16.32,15.14401639,0.407394775,1
Arunachal Pradesh,East Kameng,27.543472,92.95525,17.78,15.14401639,0.407394775,1
Arunachal Pradesh,East Kameng,27.543778,92.982806,14.26,15.14401639,0.407394775,1
Arunachal Pradesh,East Kameng,27.544667,92.958806,19.03,15.14401639,0.407394775,1
Arunachal Pradesh,East Kameng,27.546278,92.981472,10.93,15.14401639,0.407394775,1
Arunachal Pradesh,East Kameng,27.549389,92.979028,0.41,15.14401639,0.407394775,1
Arunachal Pradesh,East Kameng,27.550389,92.964861,12.95,15.14401639,0.407394775,1
Arunachal Pradesh,East Kameng,27.552639,92.965861,14.6,15.14401639,0.407394775,1
Arunachal Pradesh,East Kameng,27.553611,92.975583,2.88,15.14401639,0.407394775,1
Arunachal Pradesh,East Kameng,27.566131,92.973072,15.85,15.14401639,0.407394775,1
Arunachal Pradesh,East Kameng,27.566611,92.967639,16.94,15.14401639,0.407394775,1
Arunachal Pradesh,East Kameng,27.568028,92.993944,5.59,15.14401639,0.407394775,1
Arunachal Pradesh,East Kameng,27.568778,92.966583,19.54,15.14401639,0.407394775,1
Arunachal Pradesh,East Kameng,27.571111,92.965556,23.15,15.14401639,0.407394775,1
Arunachal Pradesh,East Kameng,27.574306,92.999556,9.03,15.14401639,0.407394775,1
Arunachal Pradesh,East Kameng,27.555389,92.960778,2.98,15.14401639,0.407394775,1
Arunachal Pradesh,East Kameng,27.555583,92.963028,2.88,15.14401639,0.407394775,1
Arunachal Pradesh,East Kameng,27.555611,92.962194,2.67,15.14401639,0.407394775,1
Arunachal Pradesh,Kra Daadi,27.5806,93.6348,5.29,21.27295082,0.415996209,1
Arunachal Pradesh,Papum Pare,27.1929,93.7802,11.67,15.31327869,0.492465437,1
Arunachal Pradesh,Papum Pare,27.1076,93.6413,0.36,15.31327869,0.492465437,1
Arunachal Pradesh,Papum Pare,27.07925,93.59430556,0.67,15.31327869,0.492465437,1
Arunachal Pradesh,Papum Pare,27.13469444,93.74347222,0,15.31327869,0.492465437,1
Arunachal Pradesh,Papum Pare,27.09589,93.62284,3.75,15.31327869,0.492465437,1
Arunachal Pradesh,Papum Pare,27.083117,93.601735,0.1,15.31327869,0.492465437,1
Arunachal Pradesh,Tawang,27.583611,91.973056,30.09,10.39622951,0.407207821,1
Arunachal Pradesh,Tawang,27.586694,91.871444,10.19,15.75081967,0.417831626,1
Arunachal Pradesh,Tawang,27.587417,91.886944,5.08,12.47786885,0.419771175,1
Arunachal Pradesh,Tawang,27.587417,91.886944,5.08,12.47786885,0.419771175,1
Arunachal Pradesh,Tawang,27.587611,91.894167,1.96,12.47786885,0.419771175,1
Arunachal Pradesh,Tawang,27.58925,91.795667,33.22,15.75081967,0.417831626,1
Arunachal Pradesh,Tawang,27.589417,91.861444,11.28,15.75081967,0.417831626,1
Arunachal Pradesh,Tawang,27.589889,91.881194,4.37,12.47786885,0.417831626,1
Arunachal Pradesh,Papum Pare,27.10215,93.61371,6.25,15.31327869,0.492465437,1
Arunachal Pradesh,Tawang,27.58741667,91.88694444,5.08,12.47786885,0.419771175,1
Arunachal Pradesh,Tawang,27.58741667,91.88694444,5.08,12.47786885,0.419771175,1
Arunachal Pradesh,Tawang,27.59152778,91.88044444,2.47,12.47786885,0.417831626,1
Arunachal Pradesh,Tawang,27.50994444,91.85486111,14.79,15.75081967,0.419757855,1
Arunachal Pradesh,East Kameng,27.561111,92.965278,4.52,15.14401639,0.407394775,1
Arunachal Pradesh,East Kameng,27.562917,92.983139,9.08,15.14401639,0.407394775,1
Arunachal Pradesh,East Kameng,27.563167,92.975139,16.61,15.14401639,0.407394775,1
Arunachal Pradesh,Tawang,27.591417,91.973083,12.12,10.39622951,0.407207821,1
Arunachal Pradesh,Tawang,27.591528,91.880444,2.47,12.47786885,0.417831626,1
Arunachal Pradesh,Tawang,27.591806,91.865028,9.34,15.75081967,0.417831626,1
Arunachal Pradesh,Tawang,27.591833,91.865056,9.34,15.75081967,0.417831626,1
Arunachal Pradesh,Tawang,27.592639,91.867528,10.09,15.75081967,0.417831626,1
Arunachal Pradesh,Tawang,27.592667,91.866222,10.14,15.75081967,0.414468238,1
Arunachal Pradesh,Tawang,27.593139,91.873889,2.26,15.75081967,0.414468238,1
Arunachal Pradesh,Tawang,27.593361,91.879444,2.83,12.47786885,0.417831626,1
Arunachal Pradesh,Tawang,27.594833,91.866417,10.33,15.75081967,0.414468238,1
Arunachal Pradesh,Tawang,27.594861,91.866444,10.33,15.75081967,0.414468238,1
Arunachal Pradesh,Tawang,27.595167,91.895444,14.7,12.47786885,0.419771175,1
Arunachal Pradesh,Tawang,27.596278,91.894333,9.74,12.47786885,0.419771175,1
Arunachal Pradesh,Tawang,27.596639,91.878972,4.78,12.47786885,0.417831626,1
Arunachal Pradesh,Tawang,27.576806,91.993444,10.83,10.39622951,0.407207821,1
Arunachal Pradesh,Tawang,27.579,91.868639,6.91,15.75081967,0.419771175,1
Arunachal Pradesh,Tawang,27.58006,91.97728,5.69,10.32540984,0.417162568,1
Arunachal Pradesh,Kra Daadi,27.758806,93.609167,13.49,21.27295082,0.415996209,1
Arunachal Pradesh,Tawang,27.596639,91.878972,4.78,12.47786885,0.417831626,1
Arunachal Pradesh,Lower Subansiri,27.62225,93.840778,5.08,16.43934426,0.418713593,1
Arunachal Pradesh,Lower Subansiri,27.622972,93.841361,6.46,16.43934426,0.418713593,1
Arunachal Pradesh,Kra Daadi,27.637611,93.637722,8.18,21.27295082,0.415996209,1
Arunachal Pradesh,Lower Subansiri,27.63825,93.857583,12.46,16.43934426,0.418713593,1
Arunachal Pradesh,Lower Subansiri,27.649194,93.874,13.68,16.43934426,0.418713593,1
Arunachal Pradesh,Kra Daadi,27.652167,93.632417,0.51,21.27295082,0.415996209,1
Arunachal Pradesh,Lower Subansiri,27.656,93.877472,13.1,16.43934426,0.418713593,1
Arunachal Pradesh,West Siang,27.662194,94.702667,14.55,18.93540984,0.409689037,1
Arunachal Pradesh,West Siang,27.664972,94.693861,10.24,18.93540984,0.409689037,1
Arunachal Pradesh,Lower Subansiri,27.665417,93.892222,0.31,16.43934426,0.418713593,1
Arunachal Pradesh,Lower Subansiri,27.666556,93.891861,4.78,16.43934426,0.418713593,1
Arunachal Pradesh,Kra Daadi,27.668278,93.629472,4.26,21.27295082,0.415996209,1
Arunachal Pradesh,Kra Daadi,27.668611,93.63,4.78,21.27295082,0.415996209,1
Arunachal Pradesh,Tawang,27.591389,91.9025,9.49,12.47786885,0.419771175,1
Arunachal Pradesh,Kra Daadi,27.78,93.456231,0.15,21.27295082,0.415996209,1
Arunachal Pradesh,Kra Daadi,27.781792,93.477942,18.62,21.27295082,0.415996209,1
Arunachal Pradesh,West Siang,27.683889,94.682444,0.98,18.93540984,0.409689037,1
Arunachal Pradesh,West Siang,27.688,94.67875,1.39,18.93540984,0.409689037,1
Arunachal Pradesh,West Siang,27.688583,94.681,0.21,18.93540984,0.409689037,1
Arunachal Pradesh,West Siang,27.703222,94.67275,1.03,18.93540984,0.409689037,1
Arunachal Pradesh,West Siang,27.70625,94.673833,1.75,18.93540984,0.409689037,1
Arunachal Pradesh,West Siang,27.720444,94.721528,2.01,18.93540984,0.409689037,1
Arunachal Pradesh,Kamle,27.751917,94.023472,17.73,15.06508197,0.411166291,1
Arunachal Pradesh,West Siang,27.752611,94.7175,2.47,18.93540984,0.409689037,1
Arunachal Pradesh,Kamle,27.754056,94.018528,19.99,15.06508197,0.411166291,1
Arunachal Pradesh,West Siang,27.754806,94.715444,10.14,18.93540984,0.409689037,1
Arunachal Pradesh,Kra Daadi,27.756511,93.417861,1.03,21.27295082,0.415996209,1
Arunachal Pradesh,Kra Daadi,27.756778,93.436761,15.47,21.27295082,0.415996209,1
Arunachal Pradesh,West Siang,27.757417,94.716167,13.34,18.93540984,0.409689037,1
Arunachal Pradesh,Lower Subansiri,27.758611,93.997222,6.51,16.43934426,0.418713593,1
Arunachal Pradesh,Kurung Kumey,27.801194,93.541667,7.83,18.74229508,0.408839173,1
Arunachal Pradesh,Kurung Kumey,27.803972,93.543083,9.34,18.74229508,0.408839173,1
Arunachal Pradesh,Kamle,27.758889,94.059833,16.8,15.06508197,0.411166291,1
Arunachal Pradesh,Kamle,27.759361,94.047083,8.83,15.06508197,0.411166291,1
Arunachal Pradesh,West Siang,27.759556,94.712333,0.72,18.93540984,0.409689037,1
Arunachal Pradesh,West Siang,27.760194,94.712278,2.01,18.93540984,0.409689037,1
Arunachal Pradesh,Lower Subansiri,27.760889,93.990806,2.16,16.43934426,0.418713593,1
Arunachal Pradesh,Lower Subansiri,27.760917,93.995583,8.83,16.43934426,0.418713593,1
Arunachal Pradesh,West Siang,27.762,94.712278,5.29,18.93540984,0.409689037,1
Arunachal Pradesh,Kra Daadi,27.763444,93.608278,19.86,21.27295082,0.415996209,1
Arunachal Pradesh,Lower Subansiri,27.763722,93.992333,14.79,16.43934426,0.418713593,1
Arunachal Pradesh,Kra Daadi,27.772194,93.59325,19.26,21.27295082,0.415996209,1
Arunachal Pradesh,Lower Subansiri,27.773556,93.969778,7.17,16.43934426,0.418713593,1
Arunachal Pradesh,Kra Daadi,27.773847,93.595528,26.99,21.27295082,0.415996209,1
Arunachal Pradesh,West Siang,27.773972,94.7135,2.67,18.93540984,0.409689037,1
Arunachal Pradesh,West Siang,27.777278,94.715583,1.6,18.93540984,0.409689037,1
Arunachal Pradesh,Upper Subansiri,27.827806,93.972167,10.14,15.7304918,0.414625717,1
Arunachal Pradesh,Lower Subansiri,27.82925,93.911194,19.99,16.43934426,0.418713593,1
Arunachal Pradesh,Kurung Kumey,27.782139,93.546139,10.19,18.74229508,0.408839173,1
Arunachal Pradesh,Kra Daadi,27.783667,93.600806,9.64,21.27295082,0.415996209,1
Arunachal Pradesh,West Siang,27.786833,94.720111,2.37,18.93540984,0.409689037,1
Arunachal Pradesh,West Siang,27.788194,94.724194,1.13,18.93540984,0.409689037,1
Arunachal Pradesh,Kurung Kumey,27.788389,93.526528,14.41,18.74229508,0.408839173,1
Arunachal Pradesh,Kurung Kumey,27.788639,93.539667,4.88,18.74229508,0.408839173,1
Arunachal Pradesh,Lower Siang,27.790489,94.958147,15.08,18.53622951,0.40366127,1
Arunachal Pradesh,Upper Siang,27.793761,94.959097,4.67,17.53991803,0.40713627,1
Arunachal Pradesh,West Siang,27.793917,94.728806,0.46,18.93540984,0.409689037,1
Arunachal Pradesh,West Siang,27.794333,94.73075,0.67,18.93540984,0.409689037,1
Arunachal Pradesh,Kra Daadi,27.794583,93.597306,22.1,21.27295082,0.415996209,1
Arunachal Pradesh,West Siang,27.797389,94.735333,7.37,18.93540984,0.409689037,1
Arunachal Pradesh,Upper Subansiri,27.797806,93.96175,22.76,15.7304918,0.414625717,1
Arunachal Pradesh,Kurung Kumey,27.801194,93.541944,7.83,18.74229508,0.408839173,1
Arunachal Pradesh,West Siang,27.858889,94.78875,3.96,18.93540984,0.409689037,1
Arunachal Pradesh,West Siang,27.858972,94.783917,7.67,18.93540984,0.409689037,1
Arunachal Pradesh,West Siang,27.804361,94.715056,8.58,18.93540984,0.409689037,1
Arunachal Pradesh,West Siang,27.804944,94.719861,8.58,18.93540984,0.409689037,1
Arunachal Pradesh,Kamle,27.813833,94.134333,3.55,15.06508197,0.411166291,1
Arunachal Pradesh,Kurung Kumey,27.814806,93.521,6.91,18.74229508,0.408839173,1
Arunachal Pradesh,Kamle,27.81975,94.138722,4.47,15.06508197,0.411166291,1
Arunachal Pradesh,Upper Subansiri,27.81975,93.945556,12.31,15.7304918,0.414625717,1
Arunachal Pradesh,West Siang,27.821278,94.730278,18.15,18.93540984,0.409689037,1
Arunachal Pradesh,Kamle,27.821861,94.104806,0.46,15.06508197,0.411166291,1
Arunachal Pradesh,West Siang,27.821889,94.730417,18.34,18.93540984,0.409689037,1
Arunachal Pradesh,Kamle,27.822556,94.135417,12.41,15.06508197,0.411166291,1
Arunachal Pradesh,West Siang,27.823139,94.732972,20.45,18.93540984,0.409689037,1
Arunachal Pradesh,West Siang,27.824889,94.739556,23.15,18.93540984,0.409689037,1
Arunachal Pradesh,West Siang,27.825694,94.747,15.23,18.93540984,0.409689037,1
Arunachal Pradesh,Upper Subansiri,27.827472,93.972556,10.73,15.7304918,0.414625717,1
Arunachal Pradesh,Kurung Kumey,27.897722,93.406306,15.13,18.74229508,0.408839173,1
Arunachal Pradesh,Kurung Kumey,27.898806,93.408444,23.24,18.74229508,0.408839173,1
Arunachal Pradesh,Kamle,27.8305,94.157444,16.42,15.06508197,0.411166291,1
Arunachal Pradesh,Lower Subansiri,27.830944,93.917028,19.63,16.43934426,0.418713593,1
Arunachal Pradesh,Kurung Kumey,27.83275,93.504417,3.03,18.74229508,0.408839173,1
Arunachal Pradesh,Upper Subansiri,27.833306,93.978611,1.29,15.7304918,0.414625717,1
Arunachal Pradesh,West Siang,27.834083,94.768972,4.37,18.93540984,0.409689037,1
Arunachal Pradesh,Lower Subansiri,27.8345,93.933694,12.51,16.43934426,0.418713593,1
Arunachal Pradesh,Upper Subansiri,27.83875,93.977278,17.64,15.7304918,0.414625717,1
Arunachal Pradesh,Upper Subansiri,27.83975,93.977444,18.76,15.7304918,0.414625717,1
Arunachal Pradesh,West Siang,27.839817,94.778642,11.57,18.93540984,0.409689037,1
Arunachal Pradesh,Upper Subansiri,27.840167,93.980861,8.68,15.7304918,0.414625717,1
Arunachal Pradesh,West Siang,27.840972,94.771167,12.22,18.93540984,0.409689037,1
Arunachal Pradesh,Upper Subansiri,27.844444,93.973944,15.51,15.7304918,0.414625717,1
Arunachal Pradesh,West Siang,27.847111,94.783139,5.9,18.93540984,0.409689037,1
Arunachal Pradesh,Kurung Kumey,27.854583,93.484722,8.08,18.74229508,0.408839173,1
Arunachal Pradesh,Lepa Rada,27.914944,94.721806,13.88,19.09811475,0.412407445,1
Arunachal Pradesh,Lohit,27.91636,96.33392,9.03,17.96967213,0.480450137,1
Arunachal Pradesh,West Siang,27.859444,94.789222,1.6,18.93540984,0.409689037,1
Arunachal Pradesh,Kurung Kumey,27.863722,93.473389,2.26,18.74229508,0.408839173,1
Arunachal Pradesh,Kurung Kumey,27.866083,93.467306,12.76,18.74229508,0.408839173,1
Arunachal Pradesh,Kurung Kumey,27.86775,93.465861,19.95,18.74229508,0.408839173,1
Arunachal Pradesh,West Siang,27.868667,94.787083,3.39,18.93540984,0.409689037,1
Arunachal Pradesh,West Siang,27.870361,94.817861,6.91,18.93540984,0.409689037,1
Arunachal Pradesh,Kurung Kumey,27.872722,93.456306,13.44,18.74229508,0.408839173,1
Arunachal Pradesh,Kurung Kumey,27.874667,93.452917,11.77,18.74229508,0.408839173,1
Arunachal Pradesh,Lohit,27.87469,96.35986,4.88,17.26721311,0.479092213,1
Arunachal Pradesh,Lohit,27.87825,96.36614,25.46,21.83196721,0.479092213,1
Arunachal Pradesh,Kurung Kumey,27.882056,93.444333,7.42,18.74229508,0.408839173,1
Arunachal Pradesh,Lohit,27.89311,96.36336,9.89,21.83196721,0.484461749,1
Arunachal Pradesh,West Siang,27.893389,94.842194,25.08,18.93540984,0.409689037,1
Arunachal Pradesh,West Siang,27.897361,94.844111,25.12,18.93540984,0.409689037,1
Assam,Cachar,25.01,92.75,5.69,16.40983607,0.487502186,1
Assam,Cachar,25.01,92.75,5.69,16.40983607,0.487502186,1
Assam,Cachar,25.01,92.73,15.75,16.40983607,0.487502186,1
Assam,Dima Hasao,25.010379,92.75482,1.13,8.835655738,0.458326947,1
Assam,Dima Hasao,25.01856,92.77011,1.18,8.835655738,0.458326947,1
Assam,Dima Hasao,25.019029,92.770549,1.18,8.835655738,0.458326947,1
Arunachal Pradesh,Lohit,27.90475,96.34811,7.17,17.96967213,0.474393784,1
Arunachal Pradesh,Lohit,27.90581,96.35933,5.9,21.83196721,0.484461749,1
Arunachal Pradesh,Lohit,27.90664,96.35964,10.58,17.96967213,0.480450137,1
Arunachal Pradesh,Lohit,27.90772,96.34517,3.09,21.83196721,0.484461749,1
Arunachal Pradesh,Lohit,27.90814,96.36028,13,17.96967213,0.480450137,1
Arunachal Pradesh,Lepa Rada,27.909278,94.736111,0.72,19.09811475,0.412407445,1
Arunachal Pradesh,Lepa Rada,27.910417,94.739528,12.17,19.09811475,0.412407445,1
Arunachal Pradesh,Lohit,27.91164,96.34269,11.33,21.83196721,0.484461749,1
Arunachal Pradesh,Lepa Rada,27.912806,94.726972,4.06,19.09811475,0.412407445,1
Arunachal Pradesh,Lepa Rada,27.913333,94.737472,4.57,19.09811475,0.412407445,1
Arunachal Pradesh,Lower Dibang Valley,27.944389,95.117586,4.93,18.48991803,0.477602664,1
Arunachal Pradesh,Lepa Rada,27.944444,94.692528,2.21,19.09811475,0.412407445,1
Arunachal Pradesh,Lower Dibang Valley,27.951306,95.074056,0.87,18.48991803,0.477602664,1
Arunachal Pradesh,Lohit,27.95603,96.40267,13.2,17.26721311,0.479092213,1
Arunachal Pradesh,Kurung Kumey,27.903389,93.370361,19.95,18.74229508,0.408839173,1
Arunachal Pradesh,Kurung Kumey,27.903417,93.371722,22.85,18.74229508,0.408839173,1
Arunachal Pradesh,Lohit,27.90417,96.35869,5.85,21.83196721,0.484461749,1
Arunachal Pradesh,Lohit,27.90467,96.35917,4.21,17.96967213,0.480450137,1
Assam,Dima Hasao,25.049444,92.79725,6.81,8.835655738,0.458326947,1
Assam,Cachar,24.99,92.6,2.83,16.40983607,0.487502186,1
Assam,Cachar,24.99,92.75,5.08,16.40983607,0.487502186,1
Assam,Cachar,24.993,93.161583,1.75,16.40983607,0.487502186,1
Assam,Cachar,24.99561,93.16261,0.62,16.40983607,0.487502186,1
Assam,Cachar,25,92.43,2.16,16.40983607,0.487502186,1
Assam,Dima Hasao,25.003,93.164,2.83,8.835655738,0.458326947,1
Assam,Cachar,25.01,92.75,5.69,16.40983607,0.487502186,1
Arunachal Pradesh,Anjaw,27.98728,96.41208,21.66,17.96967213,0.474393784,1
Arunachal Pradesh,Lepa Rada,27.995889,94.525941,11.43,19.09811475,0.412407445,1
Arunachal Pradesh,Upper Subansiri,28.003861,94.201944,1.49,15.7304918,0.414625717,1
Arunachal Pradesh,Upper Subansiri,28.005389,94.201306,2.78,15.7304918,0.414625717,1
Arunachal Pradesh,Anjaw,28.00611,96.42872,15.8,21.38196721,0.479092213,1
Arunachal Pradesh,Lohit,27.91647,96.33161,11.57,17.96967213,0.480450137,1
Arunachal Pradesh,Lohit,27.91669,96.33833,9.79,17.96967213,0.480450137,1
Arunachal Pradesh,Lohit,27.91886,96.33156,26.33,21.83196721,0.431773224,1
Arunachal Pradesh,Lohit,27.91897,96.33108,26.33,17.96967213,0.426830943,1
Arunachal Pradesh,Lepa Rada,27.933611,94.703472,0.41,19.09811475,0.412407445,1
Arunachal Pradesh,Lepa Rada,27.937861,94.702139,2.57,19.09811475,0.412407445,1
Arunachal Pradesh,Lepa Rada,27.938056,94.700306,3.29,19.09811475,0.412407445,1
Arunachal Pradesh,Lohit,27.93967,96.38097,25.08,21.38196721,0.484461749,1
Arunachal Pradesh,Lepa Rada,27.94175,94.695694,0,19.09811475,0.412407445,1
Arunachal Pradesh,Lepa Rada,27.942917,94.694528,0.15,19.09811475,0.412407445,1
Arunachal Pradesh,Lepa Rada,28.022667,94.574294,2.06,19.09811475,0.412407445,1
Arunachal Pradesh,Anjaw,28.023491,96.440972,2.67,41.4942623,0.419982206,1
Arunachal Pradesh,Lepa Rada,28.024169,94.582184,2.67,19.09811475,0.412407445,1
Arunachal Pradesh,Lepa Rada,28.024691,94.553634,11.38,19.09811475,0.412407445,1
Arunachal Pradesh,East Siang,28.025611,95.271179,2.01,21.94893443,0.474554235,1
Arunachal Pradesh,Lepa Rada,28.026515,94.590918,1.18,19.09811475,0.412407445,1
Arunachal Pradesh,Lepa Rada,28.026733,94.593471,0.82,19.09811475,0.412407445,1
Arunachal Pradesh,Lohit,27.95672,96.39697,19.54,21.83196721,0.484461749,1
Arunachal Pradesh,Lepa Rada,27.957306,94.68625,0.46,19.09811475,0.412407445,1
Arunachal Pradesh,Lohit,27.95964,96.40178,16.04,17.26721311,0.479092213,1
Arunachal Pradesh,Lohit,27.96325,96.40097,4.11,17.26721311,0.479092213,1
Arunachal Pradesh,Upper Subansiri,27.965819,94.293672,10.98,15.7304918,0.414625717,1
Arunachal Pradesh,Lohit,27.96756,96.40189,6.66,12.98114754,0.474393784,1
Arunachal Pradesh,Lohit,27.968,96.39822,1.44,17.26721311,0.479092213,1
Arunachal Pradesh,Shi-Yomi,27.979306,94.228528,1.85,22.71565574,0.418150137,1
Arunachal Pradesh,Anjaw,27.98333,96.40433,25.46,29.64672131,0.479726434,1
Arunachal Pradesh,Anjaw,28.05997,96.48664,14.22,21.38196721,0.419771516,1
Arunachal Pradesh,Anjaw,28.06006,96.44636,33.54,21.38196721,0.433224727,1
Arunachal Pradesh,Anjaw,28.06131,96.49256,21.88,21.38196721,0.419771516,1
Arunachal Pradesh,Anjaw,28.06244,96.49775,3.5,21.38196721,0.419771516,1
Arunachal Pradesh,Anjaw,28.063,96.49914,3.24,21.38196721,0.419771516,1
Arunachal Pradesh,Anjaw,28.06964,96.50025,13.88,21.38196721,0.419771516,1
Arunachal Pradesh,Anjaw,28.079818,96.46838,28,41.4942623,0.419982206,1
Arunachal Pradesh,Anjaw,28.080151,96.472541,29.12,41.4942623,0.419982206,1
Arunachal Pradesh,Upper Siang,28.013167,95.239333,9.79,17.53991803,0.40713627,1
Arunachal Pradesh,Lepa Rada,28.013577,94.568456,0.57,19.09811475,0.412407445,1
Arunachal Pradesh,Lepa Rada,28.014765,94.569467,0.26,19.09811475,0.412407445,1
Arunachal Pradesh,Anjaw,28.01992,96.443,12.71,21.38196721,0.479092213,1
Arunachal Pradesh,West Siang,28.021678,94.536256,2.67,18.93540984,0.409689037,1
Arunachal Pradesh,West Siang,28.022249,94.535672,4.62,18.93540984,0.409689037,1
Arunachal Pradesh,Anjaw,28.022471,96.440489,10.93,41.4942623,0.419982206,1
Arunachal Pradesh,Anjaw,28.082576,96.464869,8.98,41.4942623,0.419982206,1
Arunachal Pradesh,Anjaw,28.082618,96.465189,8.83,41.4942623,0.419982206,1
Arunachal Pradesh,Anjaw,28.083417,96.461433,20.22,41.4942623,0.419982206,1
Arunachal Pradesh,Anjaw,28.084252,96.459672,26.38,41.4942623,0.419982206,1
Arunachal Pradesh,Anjaw,28.088159,96.458999,30.55,41.4942623,0.419982206,1
Arunachal Pradesh,Anjaw,28.089549,96.457818,29.43,41.4942623,0.419982206,1
Arunachal Pradesh,Anjaw,28.090087,96.454067,23.5,41.4942623,0.419982206,1
Arunachal Pradesh,Anjaw,28.0907,96.45238,21.92,41.4942623,0.419982206,1
Arunachal Pradesh,Anjaw,28.09311,96.53622,1.34,26.44672131,0.421227117,1
Arunachal Pradesh,East Siang,28.093514,95.272526,7.72,21.94893443,0.474554235,1
Arunachal Pradesh,East Siang,28.094144,95.282568,7.47,21.94893443,0.474554235,1
Arunachal Pradesh,Anjaw,28.094359,96.453058,28.04,41.4942623,0.419982206,1
Arunachal Pradesh,Anjaw,28.095602,96.453246,27.6,41.4942623,0.419982206,1
Arunachal Pradesh,East Siang,28.095632,95.281371,7.72,21.94893443,0.474554235,1
Arunachal Pradesh,Lepa Rada,28.029848,94.616455,0.05,19.09811475,0.412407445,1
Arunachal Pradesh,East Siang,28.033278,95.235383,0,21.94893443,0.474554235,1
Arunachal Pradesh,East Siang,28.097285,95.28003,9.19,21.94893443,0.474554235,1
Arunachal Pradesh,East Siang,28.099376,95.27268,1.75,21.94893443,0.474554235,1
Arunachal Pradesh,East Siang,28.099647,95.28567,0.67,21.94893443,0.474554235,1
Arunachal Pradesh,East Siang,28.099657,95.287831,1.85,21.94893443,0.474554235,1
Arunachal Pradesh,East Siang,28.099705,95.284891,1.29,21.94893443,0.474554235,1
Arunachal Pradesh,East Siang,28.099858,95.282975,2.57,21.94893443,0.474554235,1
Arunachal Pradesh,Anjaw,28.100244,96.448173,11.28,41.4942623,0.419982206,1
Arunachal Pradesh,Anjaw,28.100284,96.449538,16.51,41.4942623,0.419982206,1
Arunachal Pradesh,Anjaw,28.100914,96.449162,13.83,41.4942623,0.419982206,1
Arunachal Pradesh,East Siang,28.101031,95.282364,1.49,21.94893443,0.474554235,1
Arunachal Pradesh,East Siang,28.101692,95.271861,1.96,21.94893443,0.474554235,1
Arunachal Pradesh,Anjaw,28.102005,96.448473,10.38,41.4942623,0.419982206,1
Arunachal Pradesh,East Siang,28.103902,95.27946,1.9,21.94893443,0.474554235,1
Arunachal Pradesh,Anjaw,28.105572,96.447685,1.34,41.4942623,0.419982206,1
Arunachal Pradesh,Anjaw,28.080301,96.472247,30.82,41.4942623,0.419982206,1
Arunachal Pradesh,Anjaw,28.08061,96.51294,26.29,21.38196721,0.419771516,1
Arunachal Pradesh,Anjaw,28.105952,96.447724,2.31,41.4942623,0.419982206,1
Arunachal Pradesh,Anjaw,28.106321,96.447245,0.93,41.4942623,0.419982206,1
Arunachal Pradesh,East Siang,28.106358,95.268592,1.18,21.94893443,0.474554235,1
Arunachal Pradesh,East Siang,28.109161,95.269084,3.03,21.94893443,0.474554235,1
Arunachal Pradesh,Anjaw,28.11142,96.54528,12.26,26.44672131,0.421227117,1
Arunachal Pradesh,East Siang,28.113119,95.270938,5.29,21.94893443,0.474554235,1
Arunachal Pradesh,East Siang,28.113846,95.273389,5.49,21.94893443,0.474554235,1
Arunachal Pradesh,East Siang,28.114617,95.273722,4.72,21.94893443,0.474554235,1
Arunachal Pradesh,East Siang,28.114742,95.273582,4.72,21.94893443,0.474554235,1
Arunachal Pradesh,Anjaw,28.11594,96.54689,9.94,26.44672131,0.421227117,1
Arunachal Pradesh,East Siang,28.117222,95.273075,1.29,21.94893443,0.474554235,1
Arunachal Pradesh,East Siang,28.131694,95.136186,8.88,21.94893443,0.474554235,1
Arunachal Pradesh,West Siang,28.133611,95.11125,6.1,18.93540984,0.409689037,1
Arunachal Pradesh,Siang,28.133611,95.11125,6.1,22.60081967,0.41259457,1
Arunachal Pradesh,East Siang,28.097043,95.274751,1.13,21.94893443,0.474554235,1
Arunachal Pradesh,East Siang,28.097163,95.270824,3.75,21.94893443,0.474554235,1
Arunachal Pradesh,East Siang,28.160664,95.446755,8.88,21.94893443,0.474554235,1
Arunachal Pradesh,East Siang,28.160853,95.446925,9.69,21.94893443,0.474554235,1
Arunachal Pradesh,West Siang,28.133778,94.788,0.1,18.93540984,0.409689037,1
Arunachal Pradesh,West Siang,28.133963,94.611953,3.09,18.93540984,0.409689037,1
Arunachal Pradesh,West Siang,28.134238,94.620133,5.44,18.93540984,0.409689037,1
Arunachal Pradesh,East Siang,28.135056,95.145444,0.26,21.94893443,0.474554235,1
Arunachal Pradesh,West Siang,28.137762,94.62431,9.03,18.93540984,0.409689037,1
Arunachal Pradesh,East Siang,28.138811,95.254821,10.53,21.94893443,0.474554235,1
Arunachal Pradesh,East Siang,28.14005,95.266592,17.5,21.94893443,0.474554235,1
Arunachal Pradesh,East Siang,28.140639,95.292122,14.84,21.94893443,0.474554235,1
Arunachal Pradesh,East Siang,28.140915,95.266966,16.89,21.94893443,0.474554235,1
Arunachal Pradesh,West Siang,28.141139,94.786583,2.93,18.93540984,0.409689037,1
Arunachal Pradesh,East Siang,28.141514,95.289198,24.44,21.94893443,0.474554235,1
Arunachal Pradesh,East Siang,28.142304,95.288126,26.87,21.94893443,0.474554235,1
Arunachal Pradesh,East Siang,28.1425,95.239194,4.57,21.94893443,0.474554235,1
Arunachal Pradesh,East Siang,28.142551,95.287886,26.54,21.94893443,0.474554235,1
Arunachal Pradesh,East Siang,28.169611,95.240639,19.63,21.94893443,0.474554235,1
Arunachal Pradesh,Lower Dibang Valley,28.171187,95.833166,7.83,18.48991803,0.477602664,1
Arunachal Pradesh,Lower Dibang Valley,28.173434,95.836605,5.75,18.48991803,0.477602664,1
Arunachal Pradesh,West Siang,28.174806,95.025111,0.82,18.93540984,0.409689037,1
Arunachal Pradesh,Siang,28.174806,95.025111,0.82,22.60081967,0.41259457,1
Arunachal Pradesh,East Siang,28.143839,95.285971,27.68,21.94893443,0.474554235,1
Arunachal Pradesh,East Siang,28.145306,95.239167,1.29,21.94893443,0.474554235,1
Arunachal Pradesh,East Siang,28.145629,95.275805,8.33,21.94893443,0.474554235,1
Arunachal Pradesh,East Siang,28.145847,95.273686,8.43,21.94893443,0.474554235,1
Arunachal Pradesh,East Siang,28.147806,95.224833,14.31,21.94893443,0.474554235,1
Arunachal Pradesh,East Siang,28.14787,95.279987,22.5,21.94893443,0.474554235,1
Arunachal Pradesh,East Siang,28.148417,95.277964,20.58,21.94893443,0.474554235,1
Arunachal Pradesh,East Siang,28.149568,95.277177,13.49,21.94893443,0.474554235,1
Arunachal Pradesh,East Siang,28.150741,95.275122,7.83,21.94893443,0.474554235,1
Arunachal Pradesh,East Siang,28.153028,95.218294,22.14,21.94893443,0.474554235,1
Arunachal Pradesh,East Siang,28.154111,95.181694,6.05,21.94893443,0.474554235,1
Arunachal Pradesh,East Siang,28.186582,95.471126,9.84,21.94893443,0.474554235,1
Arunachal Pradesh,Upper Siang,28.1915,95.225917,0.21,17.53991803,0.40713627,1
Arunachal Pradesh,West Siang,28.192217,94.713927,4.88,18.93540984,0.409689037,1
Arunachal Pradesh,Siang,28.192444,94.984917,20.58,22.60081967,0.41259457,1
Arunachal Pradesh,Lower Dibang Valley,28.192581,95.804085,0.93,18.48991803,0.477602664,1
Arunachal Pradesh,East Siang,28.162497,95.441244,11.67,21.94893443,0.474554235,1
Arunachal Pradesh,East Siang,28.16317,95.450433,8.83,21.94893443,0.474554235,1
Arunachal Pradesh,East Siang,28.163322,95.459813,4.01,21.94893443,0.474554235,1
Arunachal Pradesh,East Siang,28.163691,95.458,8.23,21.94893443,0.474554235,1
Arunachal Pradesh,West Siang,28.16425,94.792417,4.72,18.93540984,0.409689037,1
Arunachal Pradesh,East Siang,28.165684,95.462909,2.67,21.94893443,0.474554235,1
Arunachal Pradesh,East Siang,28.165711,95.46208,0.77,21.94893443,0.474554235,1
Arunachal Pradesh,East Siang,28.167982,95.431764,14.99,21.94893443,0.474554235,1
Arunachal Pradesh,East Siang,28.169389,95.235722,8.73,21.94893443,0.474554235,1
Arunachal Pradesh,Anjaw,28.16939,96.52578,9.29,19.67540984,0.414677937,1
Arunachal Pradesh,East Siang,28.169583,95.223917,2.57,21.94893443,0.474554235,1
Assam,Cachar,24.97,92.72,1.08,16.40983607,0.487502186,1
Assam,Cachar,24.97,92.72,1.08,16.40983607,0.487502186,1
Assam,Cachar,24.97228,93.03289,1.08,16.40983607,0.487502186,1
Assam,Cachar,24.97692,93.033,0.1,16.40983607,0.487502186,1
Assam,Cachar,24.97714,93.03344,1.08,16.40983607,0.487502186,1
Assam,Cachar,24.98,92.75,6.51,16.40983607,0.487502186,1
Assam,Cachar,24.98,92.96,10.14,16.40983607,0.487502186,1
Arunachal Pradesh,East Siang,28.175079,95.469602,0.21,21.94893443,0.474554235,1
Arunachal Pradesh,East Siang,28.175556,95.221861,2.11,21.94893443,0.474554235,1
Arunachal Pradesh,East Siang,28.175659,95.470804,0.57,21.94893443,0.474554235,1
Arunachal Pradesh,East Siang,28.179262,95.477068,7.52,21.94893443,0.474554235,1
Arunachal Pradesh,Upper Siang,28.181139,95.225944,1.29,17.53991803,0.40713627,1
Arunachal Pradesh,East Siang,28.181365,95.470102,5.34,21.94893443,0.474554235,1
Arunachal Pradesh,East Siang,28.181834,95.469828,3.65,21.94893443,0.474554235,1
Arunachal Pradesh,Anjaw,28.18439,96.53453,6.76,19.67540984,0.414677937,1
Arunachal Pradesh,Anjaw,28.18525,96.53256,8.18,26.44672131,0.421227117,1
Arunachal Pradesh,Lower Dibang Valley,28.201838,95.812004,18.99,18.48991803,0.477602664,1
Arunachal Pradesh,West Siang,28.202667,94.828417,3.03,18.93540984,0.409689037,1
Arunachal Pradesh,Lower Dibang Valley,28.202844,95.811201,21.21,18.48991803,0.477602664,1
Arunachal Pradesh,Lower Dibang Valley,28.205003,95.813193,19.17,18.48991803,0.477602664,1
Arunachal Pradesh,Lower Dibang Valley,28.20737,95.81005,17.13,18.48991803,0.477602664,1
Arunachal Pradesh,Lower Dibang Valley,28.207699,95.809197,16.8,18.48991803,0.477602664,1
Arunachal Pradesh,Lower Dibang Valley,28.207796,95.807742,20.54,18.48991803,0.477602664,1
Arunachal Pradesh,West Siang,28.208389,94.830667,5.95,18.93540984,0.409689037,1
Arunachal Pradesh,East Siang,28.174973,95.469402,0.1,21.94893443,0.474554235,1
Assam,Cachar,24.96,92.7,0.05,16.40983607,0.487502186,1
Assam,Cachar,24.96,92.7,0.05,16.40983607,0.487502186,1
Assam,Cachar,24.96,92.95,1.6,16.40983607,0.487502186,1
Assam,Cachar,24.96,92.66,1.44,16.40983607,0.487502186,1
Assam,Cachar,24.96,92.66,1.44,16.40983607,0.487502186,1
Assam,Cachar,24.96,92.98,1.9,16.40983607,0.487502186,1
Assam,Cachar,24.97,92.76,2.67,16.40983607,0.487502186,1
Arunachal Pradesh,Upper Siang,28.213028,95.232528,8.58,17.53991803,0.40713627,1
Arunachal Pradesh,Lower Dibang Valley,28.215014,95.799764,7.12,18.48991803,0.477602664,1
Arunachal Pradesh,Lower Dibang Valley,28.215206,95.793704,3.8,18.48991803,0.477602664,1
Arunachal Pradesh,Lower Dibang Valley,28.215862,95.795227,4.52,18.48991803,0.477602664,1
Arunachal Pradesh,Lower Dibang Valley,28.215926,95.799557,0.98,18.48991803,0.477602664,1
Arunachal Pradesh,Lower Dibang Valley,28.216253,95.796393,4.42,18.48991803,0.477602664,1
Arunachal Pradesh,Lower Dibang Valley,28.216997,95.790585,7.67,18.48991803,0.477602664,1
Arunachal Pradesh,Lower Dibang Valley,28.217204,95.789599,6.15,18.48991803,0.477602664,1
Arunachal Pradesh,Lower Dibang Valley,28.217543,95.792489,11.18,18.48991803,0.477602664,1
Arunachal Pradesh,Lower Dibang Valley,28.217595,95.793032,12.56,18.48991803,0.477602664,1
Arunachal Pradesh,Lower Dibang Valley,28.193864,95.805469,0.62,18.48991803,0.477602664,1
Arunachal Pradesh,Upper Siang,28.1945,95.227917,9.39,17.53991803,0.40713627,1
Arunachal Pradesh,Lower Dibang Valley,28.194651,95.807085,2.73,18.48991803,0.477602664,1
Arunachal Pradesh,Lower Dibang Valley,28.198018,95.810448,9.03,18.48991803,0.477602664,1
Arunachal Pradesh,Upper Siang,28.199389,95.230278,4.47,17.53991803,0.40713627,1
Arunachal Pradesh,Lower Dibang Valley,28.199873,95.811883,12.17,18.48991803,0.477602664,1
Arunachal Pradesh,Lower Dibang Valley,28.219976,95.799065,16.28,18.48991803,0.477602664,1
Arunachal Pradesh,Lower Dibang Valley,28.223825,95.829105,25.75,18.48991803,0.477602664,1
Arunachal Pradesh,West Siang,28.225583,94.889167,3.6,18.93540984,0.409689037,1
Arunachal Pradesh,West Siang,28.226722,94.895611,7.93,18.93540984,0.409689037,1
Arunachal Pradesh,Siang,28.22675,94.225111,3.29,22.60081967,0.41259457,1
Arunachal Pradesh,Lower Dibang Valley,28.227703,95.781369,11.77,18.48991803,0.477602664,1
Arunachal Pradesh,East Siang,28.227891,95.541082,1.18,21.94893443,0.474554235,1
Arunachal Pradesh,Anjaw,28.22797,96.54606,31.57,19.67540984,0.417912227,1
Arunachal Pradesh,West Siang,28.228528,94.904278,4.32,18.93540984,0.409689037,1
Arunachal Pradesh,Lower Dibang Valley,28.229114,95.780019,13.05,18.48991803,0.477602664,1
Arunachal Pradesh,Lower Dibang Valley,28.229809,95.779855,14.65,18.48991803,0.477602664,1
Arunachal Pradesh,Lower Dibang Valley,28.209018,95.80348,18.62,18.48991803,0.477602664,1
Arunachal Pradesh,Lower Dibang Valley,28.209062,95.806755,25.54,18.48991803,0.477602664,1
Arunachal Pradesh,Lower Dibang Valley,28.212211,95.801273,15.99,18.48991803,0.477602664,1
Arunachal Pradesh,Lower Dibang Valley,28.212275,95.802589,16.65,18.48991803,0.477602664,1
Arunachal Pradesh,Lower Dibang Valley,28.21267,95.803194,12.8,18.48991803,0.477602664,1
Arunachal Pradesh,West Siang,28.232472,94.914889,1.03,18.93540984,0.409689037,1
Arunachal Pradesh,Lower Dibang Valley,28.234199,95.777037,9.03,18.48991803,0.477602664,1
Arunachal Pradesh,West Siang,28.234833,94.972278,24.49,18.93540984,0.409689037,1
Arunachal Pradesh,West Siang,28.235361,94.933333,2.93,18.93540984,0.409689037,1
Arunachal Pradesh,Lower Dibang Valley,28.237008,95.776204,8.73,18.48991803,0.477602664,1
Arunachal Pradesh,West Siang,28.237361,94.954808,21.43,18.93540984,0.409689037,1
Arunachal Pradesh,Lower Dibang Valley,28.237425,95.897823,13.49,18.48991803,0.477602664,1
Arunachal Pradesh,East Siang,28.237716,95.535611,9.64,21.94893443,0.474554235,1
Arunachal Pradesh,Lower Dibang Valley,28.238144,95.774758,8.13,18.48991803,0.477602664,1
Arunachal Pradesh,Lower Dibang Valley,28.238615,95.893348,12.71,18.48991803,0.477602664,1
Arunachal Pradesh,Lower Dibang Valley,28.238692,95.892681,11.43,18.48991803,0.477602664,1
Arunachal Pradesh,Lower Dibang Valley,28.239482,95.774559,3.96,18.48991803,0.477602664,1
Arunachal Pradesh,Lower Dibang Valley,28.240442,95.774201,1.13,18.48991803,0.477602664,1
Arunachal Pradesh,Lower Dibang Valley,28.240521,95.866592,16.46,18.48991803,0.477602664,1
Arunachal Pradesh,Lower Dibang Valley,28.218539,95.794022,15.18,18.48991803,0.477602664,1
Arunachal Pradesh,Lower Dibang Valley,28.21909,95.791084,12.07,18.48991803,0.477602664,1
Arunachal Pradesh,Lower Dibang Valley,28.24175,95.925012,24.06,18.48991803,0.477602664,1
Arunachal Pradesh,Lower Dibang Valley,28.242214,95.923556,23.67,18.48991803,0.477602664,1
Arunachal Pradesh,Upper Siang,28.242389,94.220861,26.66,17.53991803,0.40713627,1
Arunachal Pradesh,East Siang,28.242444,95.536828,19.86,21.94893443,0.474554235,1
Arunachal Pradesh,Lower Dibang Valley,28.242782,95.922731,25.92,18.48991803,0.477602664,1
Arunachal Pradesh,East Siang,28.242969,95.537549,22.1,21.94893443,0.474554235,1
Arunachal Pradesh,Lower Dibang Valley,28.242997,95.772144,2.88,18.48991803,0.477602664,1
Arunachal Pradesh,Lower Dibang Valley,28.243182,95.921338,28.44,18.48991803,0.477602664,1
Arunachal Pradesh,Lower Dibang Valley,28.243322,95.921911,27.24,18.48991803,0.477602664,1
Arunachal Pradesh,East Siang,28.243417,95.538216,23.71,21.94893443,0.474554235,1
Arunachal Pradesh,Lower Dibang Valley,28.243461,95.894049,13.92,18.48991803,0.477602664,1
Arunachal Pradesh,Lower Dibang Valley,28.244851,95.773499,1.24,18.48991803,0.477602664,1
Arunachal Pradesh,Lower Dibang Valley,28.244966,95.914872,17.17,18.48991803,0.477602664,1
Arunachal Pradesh,Lower Dibang Valley,28.244975,95.914094,19.08,18.48991803,0.477602664,1
Arunachal Pradesh,Lower Dibang Valley,28.245016,95.77363,0.62,18.48991803,0.477602664,1
Arunachal Pradesh,Anjaw,28.23153,96.54272,18.25,19.67540984,0.417912227,1
Arunachal Pradesh,Lower Dibang Valley,28.246304,95.889037,5.39,18.48991803,0.477602664,1
Arunachal Pradesh,Lower Dibang Valley,28.246512,95.541646,15.47,18.48991803,0.477602664,1
Arunachal Pradesh,Lower Dibang Valley,28.249718,95.546273,7.07,18.48991803,0.477602664,1
Arunachal Pradesh,Lower Dibang Valley,28.251139,95.55011,2.52,18.48991803,0.477602664,1
Arunachal Pradesh,Anjaw,28.25203,96.54264,21.08,15.3352459,0.414308402,1
Arunachal Pradesh,Lower Dibang Valley,28.252176,95.775797,14.02,18.48991803,0.477602664,1
Arunachal Pradesh,Lower Dibang Valley,28.252507,95.781741,6.2,18.48991803,0.477602664,1
Arunachal Pradesh,Lower Dibang Valley,28.253453,95.908055,11.82,18.48991803,0.477602664,1
Arunachal Pradesh,Lower Dibang Valley,28.253915,95.578439,7.17,18.48991803,0.477602664,1
Arunachal Pradesh,Lower Dibang Valley,28.254509,95.581558,8.23,18.48991803,0.477602664,1
Arunachal Pradesh,Lower Dibang Valley,28.255059,95.576996,13.29,18.48991803,0.477602664,1
Arunachal Pradesh,Lower Dibang Valley,28.255261,95.582613,9.03,18.48991803,0.477602664,1
Arunachal Pradesh,Lower Dibang Valley,28.255355,95.551658,7.32,18.48991803,0.477602664,1
Arunachal Pradesh,Lower Dibang Valley,28.255703,95.55061,12.36,18.48991803,0.477602664,1
Arunachal Pradesh,Lower Dibang Valley,28.255967,95.907144,6.1,18.48991803,0.477602664,1
Arunachal Pradesh,Lower Dibang Valley,28.241041,95.866387,14.65,18.48991803,0.477602664,1
Arunachal Pradesh,Lower Dibang Valley,28.256126,95.576152,8.78,18.48991803,0.477602664,1
Arunachal Pradesh,Lower Dibang Valley,28.256397,95.550978,10.93,18.48991803,0.477602664,1
Arunachal Pradesh,Lower Dibang Valley,28.256434,95.57515,6.31,18.48991803,0.477602664,1
Arunachal Pradesh,Lower Dibang Valley,28.25701,95.551656,6.86,18.48991803,0.477602664,1
Arunachal Pradesh,Lower Dibang Valley,28.257258,95.777764,16.98,18.48991803,0.477602664,1
Arunachal Pradesh,Lower Dibang Valley,28.25736,95.55087,9.84,18.48991803,0.477602664,1
Arunachal Pradesh,Lower Dibang Valley,28.257991,95.781619,7.42,18.48991803,0.477602664,1
Arunachal Pradesh,Lower Dibang Valley,28.258122,95.55209,2.83,18.48991803,0.477602664,1
Arunachal Pradesh,Lower Dibang Valley,28.258144,95.551252,5.8,18.48991803,0.477602664,1
Arunachal Pradesh,Lower Dibang Valley,28.259524,95.780336,8.23,18.48991803,0.477602664,1
Arunachal Pradesh,Lower Dibang Valley,28.259561,95.568965,16.51,18.48991803,0.477602664,1
Arunachal Pradesh,East Siang,28.260051,94.984752,4.06,21.94893443,0.474554235,1
Arunachal Pradesh,Lower Dibang Valley,28.26053,95.904556,1.7,18.48991803,0.477602664,1
Arunachal Pradesh,Lower Dibang Valley,28.261147,95.567331,17.31,18.48991803,0.477602664,1
Arunachal Pradesh,Lower Dibang Valley,28.261379,95.566909,17.31,18.48991803,0.477602664,1
Arunachal Pradesh,Lower Dibang Valley,28.245371,95.774057,0.62,18.48991803,0.477602664,1
Arunachal Pradesh,Lower Dibang Valley,28.26825,95.555457,2.26,18.48991803,0.477602664,1
Arunachal Pradesh,Lower Dibang Valley,28.269062,95.610767,9.24,18.48991803,0.477602664,1
Arunachal Pradesh,Lower Dibang Valley,28.261999,95.56626,16.8,18.48991803,0.477602664,1
Arunachal Pradesh,Lower Dibang Valley,28.262338,95.565698,17.17,18.48991803,0.477602664,1
Arunachal Pradesh,Anjaw,28.2625,96.5465,23.46,24.98196721,0.420789959,1
Arunachal Pradesh,Lower Dibang Valley,28.262806,95.565421,17.78,18.48991803,0.477602664,1
Arunachal Pradesh,Lower Dibang Valley,28.262879,95.551911,2.78,18.48991803,0.477602664,1
Arunachal Pradesh,Lower Dibang Valley,28.262989,95.59932,6.56,18.48991803,0.477602664,1
Arunachal Pradesh,Lower Dibang Valley,28.263228,95.570962,17.5,18.48991803,0.477602664,1
Arunachal Pradesh,Lower Dibang Valley,28.263468,95.570661,21.66,18.48991803,0.477602664,1
Arunachal Pradesh,Lower Dibang Valley,28.263731,95.551326,4.16,18.48991803,0.477602664,1
Arunachal Pradesh,Lower Dibang Valley,28.2646,95.571519,19.44,18.48991803,0.477602664,1
Arunachal Pradesh,Lower Dibang Valley,28.264888,95.550575,4.83,18.48991803,0.477602664,1
Arunachal Pradesh,Anjaw,28.26522,96.57889,29.04,15.3352459,0.414308402,1
Arunachal Pradesh,Lower Dibang Valley,28.265266,95.56964,19.49,18.48991803,0.477602664,1
Arunachal Pradesh,Lower Dibang Valley,28.265532,95.549321,2.98,18.48991803,0.477602664,1
Arunachal Pradesh,Upper Siang,28.693837,94.973784,3.5,17.53991803,0.40713627,1
Arunachal Pradesh,Upper Siang,28.694531,95.001999,12.95,17.53991803,0.40713627,1
Arunachal Pradesh,Upper Siang,28.694778,95.001887,12.95,17.53991803,0.40713627,1
Arunachal Pradesh,Upper Siang,28.706748,94.985298,21.97,17.53991803,0.40713627,1
Arunachal Pradesh,Upper Siang,28.716426,94.969346,14.6,17.53991803,0.40713627,1
Arunachal Pradesh,Upper Siang,28.720187,94.971636,14.65,17.53991803,0.40713627,1
Arunachal Pradesh,Lower Dibang Valley,28.265803,95.570892,20.08,18.48991803,0.477602664,1
Arunachal Pradesh,Lower Dibang Valley,28.265836,95.563875,15.27,18.48991803,0.477602664,1
Arunachal Pradesh,East Siang,28.265963,94.983464,6.61,21.94893443,0.474554235,1
Arunachal Pradesh,Lower Dibang Valley,28.266795,95.607261,7.67,18.48991803,0.477602664,1
Arunachal Pradesh,Lower Dibang Valley,28.266807,95.789109,7.67,18.48991803,0.477602664,1
Arunachal Pradesh,Upper Siang,28.266889,95.21425,16.28,17.53991803,0.40713627,1
Arunachal Pradesh,Lower Dibang Valley,28.267216,95.559542,11.48,18.48991803,0.477602664,1
Arunachal Pradesh,Lower Dibang Valley,28.267526,95.561048,4.37,18.48991803,0.477602664,1
Arunachal Pradesh,Lower Dibang Valley,28.267726,95.551477,2.16,18.48991803,0.477602664,1
Arunachal Pradesh,Anjaw,28.26814,96.55728,22.76,15.3352459,0.414308402,1
Arunachal Pradesh,West Siang,28.2823,94.863031,5.18,18.93540984,0.409689037,1
Arunachal Pradesh,Anjaw,28.28331,96.58094,3.5,41.4942623,0.419982206,1
Arunachal Pradesh,Anjaw,28.28386,96.58275,10.24,15.3352459,0.414308402,1
Arunachal Pradesh,Lower Dibang Valley,28.286447,95.920837,17.73,18.48991803,0.477602664,1
Arunachal Pradesh,East Siang,28.287317,94.947651,1.29,21.94893443,0.474554235,1
Arunachal Pradesh,Anjaw,28.28778,96.57928,27.11,15.3352459,0.414308402,1
Arunachal Pradesh,Dibang Valley,28.62267,95.856377,15.85,15.50713115,0.399529611,1
Arunachal Pradesh,Upper Siang,28.622722,95.043528,5.24,17.53991803,0.40713627,1
Arunachal Pradesh,Dibang Valley,28.625048,95.857251,9.34,15.50713115,0.399529611,1
Arunachal Pradesh,Dibang Valley,28.625114,95.852703,7.22,15.50713115,0.399529611,1
Arunachal Pradesh,Upper Siang,28.626972,95.035722,2.93,17.53991803,0.40713627,1
Arunachal Pradesh,Dibang Valley,28.628208,95.85647,5.08,15.50713115,0.399529611,1
Arunachal Pradesh,Upper Siang,28.632361,95.037917,9.34,17.53991803,0.40713627,1
Arunachal Pradesh,Upper Siang,28.633861,95.023806,3.34,17.53991803,0.40713627,1
Arunachal Pradesh,Dibang Valley,28.638336,95.856331,29.27,15.50713115,0.399529611,1
Arunachal Pradesh,Upper Siang,28.639389,95.033639,13.63,17.53991803,0.40713627,1
Arunachal Pradesh,Lower Dibang Valley,28.308943,95.966462,15.94,18.48991803,0.477602664,1
Arunachal Pradesh,Dibang Valley,28.309002,95.754702,18.06,15.50713115,0.399529611,1
Arunachal Pradesh,Lower Dibang Valley,28.309676,95.967453,18.25,18.48991803,0.477602664,1
Arunachal Pradesh,Lower Dibang Valley,28.30984,95.984084,8.13,18.48991803,0.477602664,1
Arunachal Pradesh,Lower Dibang Valley,28.309975,95.952909,4.11,18.48991803,0.477602664,1
Arunachal Pradesh,Upper Siang,28.3105,95.197472,7.93,17.53991803,0.40713627,1
Arunachal Pradesh,West Siang,28.310626,94.675637,3.19,18.93540984,0.409689037,1
Arunachal Pradesh,East Siang,28.269497,94.982531,6.46,21.94893443,0.474554235,1
Arunachal Pradesh,Lower Dibang Valley,28.26986,95.610757,9.54,18.48991803,0.477602664,1
Arunachal Pradesh,Upper Siang,28.272,95.208417,13.15,17.53991803,0.40713627,1
Arunachal Pradesh,Lower Dibang Valley,28.273544,95.789425,4.01,18.48991803,0.477602664,1
Arunachal Pradesh,Anjaw,28.27378,96.57031,29.16,24.98196721,0.420789959,1
Arunachal Pradesh,East Siang,28.274019,94.962496,2.06,21.94893443,0.474554235,1
Arunachal Pradesh,Lower Dibang Valley,28.277716,95.789358,9.89,18.48991803,0.477602664,1
Arunachal Pradesh,East Siang,28.280246,94.953896,0.93,21.94893443,0.474554235,1
Arunachal Pradesh,Upper Siang,28.2805,95.201556,0.21,17.53991803,0.40713627,1
Arunachal Pradesh,Lower Dibang Valley,28.319141,95.956918,0.98,18.48991803,0.477602664,1
Arunachal Pradesh,Dibang Valley,28.321143,95.779346,15.13,15.50713115,0.399529611,1
Arunachal Pradesh,Dibang Valley,28.32225,95.780295,9.59,15.50713115,0.399529611,1
Arunachal Pradesh,Upper Siang,28.322889,95.203694,8.88,17.53991803,0.40713627,1
Arunachal Pradesh,Dibang Valley,28.327545,95.783923,2.42,15.50713115,0.399529611,1
Arunachal Pradesh,Dibang Valley,28.330336,95.794313,3.44,15.50713115,0.399529611,1
Arunachal Pradesh,Dibang Valley,28.335249,95.788465,10.38,15.50713115,0.399529611,1
Arunachal Pradesh,Lower Dibang Valley,28.289254,95.785468,3.7,18.48991803,0.477602664,1
Arunachal Pradesh,Upper Siang,28.291556,95.199111,1.6,17.53991803,0.40713627,1
Arunachal Pradesh,Dibang Valley,28.291703,95.77618,3.65,15.50713115,0.399529611,1
Arunachal Pradesh,Lower Dibang Valley,28.296668,95.92282,8.13,18.48991803,0.477602664,1
Arunachal Pradesh,Dibang Valley,28.297476,95.791016,7.17,15.50713115,0.399529611,1
Arunachal Pradesh,Upper Siang,28.301694,95.195361,1.18,17.53991803,0.40713627,1
Arunachal Pradesh,East Siang,28.303771,94.948727,6.15,21.94893443,0.474554235,1
Arunachal Pradesh,Lower Dibang Valley,28.308592,95.971041,11.53,18.48991803,0.477602664,1
Arunachal Pradesh,Lower Dibang Valley,28.308841,95.973238,11.72,18.48991803,0.477602664,1
Arunachal Pradesh,Upper Siang,28.366417,95.221194,7.93,17.53991803,0.40713627,1
Arunachal Pradesh,Upper Siang,28.378694,95.230667,1.85,17.53991803,0.40713627,1
Arunachal Pradesh,Upper Siang,28.384833,95.233806,1.03,17.53991803,0.40713627,1
Arunachal Pradesh,Upper Siang,28.386722,95.240833,3.29,17.53991803,0.40713627,1
Arunachal Pradesh,Upper Siang,28.386806,95.240111,4.88,17.53991803,0.40713627,1
Arunachal Pradesh,Upper Siang,28.399111,95.241361,1.6,17.53991803,0.40713627,1
Arunachal Pradesh,Upper Siang,28.402139,95.243944,4.26,17.53991803,0.40713627,1
Arunachal Pradesh,Upper Siang,28.402417,95.245944,7.42,17.53991803,0.40713627,1
Arunachal Pradesh,Upper Siang,28.412722,95.247722,4.32,17.53991803,0.40713627,1
Arunachal Pradesh,Upper Siang,28.415028,95.247083,2.52,17.53991803,0.40713627,1
Arunachal Pradesh,Lower Dibang Valley,28.31085,95.979868,7.22,18.48991803,0.477602664,1
Arunachal Pradesh,Lower Dibang Valley,28.312731,95.975665,11.62,18.48991803,0.477602664,1
Arunachal Pradesh,Lower Dibang Valley,28.312795,95.97654,9.74,18.48991803,0.477602664,1
Arunachal Pradesh,Lower Dibang Valley,28.313528,95.966611,17.87,18.48991803,0.477602664,1
Arunachal Pradesh,Lower Dibang Valley,28.314581,95.966345,16.84,18.48991803,0.477602664,1
Arunachal Pradesh,Lower Dibang Valley,28.31731,95.956718,3.03,18.48991803,0.477602664,1
Arunachal Pradesh,West Siang,28.436019,94.668744,4.67,18.93540984,0.409689037,1
Arunachal Pradesh,Dibang Valley,28.438898,95.85009,6.31,15.50713115,0.399529611,1
Arunachal Pradesh,West Siang,28.439344,94.669332,18.06,18.93540984,0.409689037,1
Arunachal Pradesh,West Siang,28.440082,94.66913,21.08,18.93540984,0.409689037,1
Arunachal Pradesh,West Siang,28.443016,94.664795,18.2,18.93540984,0.409689037,1
Arunachal Pradesh,West Siang,28.443033,94.668074,20.9,18.93540984,0.409689037,1
Arunachal Pradesh,Dibang Valley,28.448428,95.855303,11.97,15.50713115,0.399529611,1
Arunachal Pradesh,Dibang Valley,28.450374,95.855884,13.92,15.50713115,0.399529611,1
Arunachal Pradesh,Upper Siang,28.452528,95.239333,0.72,17.53991803,0.40713627,1
Arunachal Pradesh,Dibang Valley,28.454481,95.854029,8.88,15.50713115,0.399529611,1
Arunachal Pradesh,Dibang Valley,28.455284,95.854018,7.07,15.50713115,0.399529611,1
Arunachal Pradesh,East Siang,28.335376,94.956509,10.73,21.94893443,0.474554235,1
Arunachal Pradesh,Dibang Valley,28.33836,95.781715,4.26,15.50713115,0.399529611,1
Arunachal Pradesh,East Siang,28.342551,94.987136,21.74,21.94893443,0.474554235,1
Arunachal Pradesh,West Siang,28.355501,94.679544,6.71,18.93540984,0.409689037,1
Arunachal Pradesh,Lower Dibang Valley,28.359553,95.948576,12.8,18.48991803,0.477602664,1
Arunachal Pradesh,Dibang Valley,28.464936,95.852312,7.62,15.50713115,0.399529611,1
Arunachal Pradesh,Dibang Valley,28.469481,95.849951,15.8,15.50713115,0.399529611,1
Arunachal Pradesh,Upper Siang,28.470167,95.233333,11.23,17.53991803,0.40713627,1
Arunachal Pradesh,Dibang Valley,28.471388,95.852234,11.08,15.50713115,0.399529611,1
Arunachal Pradesh,Dibang Valley,28.472858,95.858449,22.76,15.50713115,0.399529611,1
Arunachal Pradesh,Dibang Valley,28.472863,95.858934,22.76,15.50713115,0.399529611,1
Arunachal Pradesh,Dibang Valley,28.472919,95.857932,22.5,15.50713115,0.399529611,1
Arunachal Pradesh,Dibang Valley,28.472966,95.857242,22.01,15.50713115,0.399529611,1
Arunachal Pradesh,Dibang Valley,28.474093,95.847423,2.47,15.50713115,0.399529611,1
Arunachal Pradesh,Dibang Valley,28.476722,95.841356,7.98,15.50713115,0.399529611,1
Arunachal Pradesh,Dibang Valley,28.479902,95.839317,4.72,15.50713115,0.399529611,1
Arunachal Pradesh,West Siang,28.42636,94.6774,11.57,18.93540984,0.409689037,1
Arunachal Pradesh,West Siang,28.427393,94.674582,12.61,18.93540984,0.409689037,1
Arunachal Pradesh,West Siang,28.429931,94.6778,5.34,18.93540984,0.409689037,1
Arunachal Pradesh,West Siang,28.430622,94.674225,11.03,18.93540984,0.409689037,1
Arunachal Pradesh,Dibang Valley,28.434292,95.876106,23.63,15.50713115,0.399529611,1
Arunachal Pradesh,Dibang Valley,28.488264,95.842761,28.88,15.50713115,0.399529611,1
Arunachal Pradesh,Dibang Valley,28.489492,95.845459,32.46,15.50713115,0.399529611,1
Arunachal Pradesh,Upper Siang,28.490278,95.203194,7.47,17.53991803,0.40713627,1
Arunachal Pradesh,Dibang Valley,28.490519,95.832301,2.31,15.50713115,0.399529611,1
Arunachal Pradesh,Dibang Valley,28.490727,95.833473,1.29,15.50713115,0.399529611,1
Arunachal Pradesh,Upper Siang,28.4915,95.202944,9.19,17.53991803,0.40713627,1
Arunachal Pradesh,Dibang Valley,28.494378,95.825225,6,15.50713115,0.399529611,1
Arunachal Pradesh,Dibang Valley,28.497294,95.827044,7.02,15.50713115,0.399529611,1
Arunachal Pradesh,Upper Siang,28.497917,95.191639,9.08,17.53991803,0.40713627,1
Arunachal Pradesh,Dibang Valley,28.498405,95.827217,0.26,15.50713115,0.399529611,1
Arunachal Pradesh,Dibang Valley,28.498464,95.828278,3.8,15.50713115,0.399529611,1
Arunachal Pradesh,West Siang,28.455655,94.680282,0,18.93540984,0.409689037,1
Arunachal Pradesh,West Siang,28.455769,94.680664,0,18.93540984,0.409689037,1
Arunachal Pradesh,Dibang Valley,28.457775,95.853489,3.44,15.50713115,0.399529611,1
Arunachal Pradesh,West Siang,28.459267,94.680108,7.37,18.93540984,0.409689037,1
Arunachal Pradesh,Dibang Valley,28.462314,95.849136,0.05,15.50713115,0.399529611,1
Assam,Hailakandi,24.55,92.74,0.93,12.93385246,0.40283224,1
Assam,Hailakandi,24.55,92.75,0.57,12.93385246,0.40283224,1
Assam,Hailakandi,24.55,92.75,0.57,12.93385246,0.40283224,1
Assam,Cachar,24.56,92.94,0.57,16.40983607,0.487502186,1
Arunachal Pradesh,Upper Siang,28.528778,95.173278,3.65,17.53991803,0.40713627,1
Arunachal Pradesh,Upper Siang,28.531528,95.050417,22.19,17.53991803,0.40713627,1
Arunachal Pradesh,West Siang,28.535474,94.597063,19.4,18.93540984,0.409689037,1
Arunachal Pradesh,Upper Siang,28.540139,95.168667,0.36,17.53991803,0.40713627,1
Arunachal Pradesh,West Siang,28.543178,94.633991,0.82,18.93540984,0.409689037,1
Arunachal Pradesh,Upper Siang,28.550472,95.06325,4.98,17.53991803,0.40713627,1
Arunachal Pradesh,Upper Siang,28.550694,95.158333,9.89,17.53991803,0.40713627,1
Arunachal Pradesh,Dibang Valley,28.481108,95.838317,7.93,15.50713115,0.399529611,1
Arunachal Pradesh,Upper Siang,28.484056,95.207056,14.84,17.53991803,0.40713627,1
Arunachal Pradesh,Dibang Valley,28.487041,95.848265,29,15.50713115,0.399529611,1
Arunachal Pradesh,Upper Siang,28.4875,95.213417,4.01,17.53991803,0.40713627,1
Arunachal Pradesh,Lower Dibang Valley,28.487904,95.84071,21.83,18.48991803,0.477602664,1
Assam,Hailakandi,24.44,92.56,0.05,12.93385246,0.40283224,1
Assam,Hailakandi,24.51,92.75,3.14,12.93385246,0.40283224,1
Arunachal Pradesh,Upper Siang,28.560139,95.149472,11.33,17.53991803,0.40713627,1
Arunachal Pradesh,Upper Siang,28.56525,95.148333,10.48,17.53991803,0.40713627,1
Arunachal Pradesh,Upper Siang,28.605528,95.105528,13.39,17.53991803,0.40713627,1
Arunachal Pradesh,Dibang Valley,28.606804,95.864088,15.94,15.50713115,0.399529611,1
Arunachal Pradesh,Dibang Valley,28.608016,95.854035,0.15,15.50713115,0.399529611,1
Arunachal Pradesh,Dibang Valley,28.609263,95.856878,2.57,15.50713115,0.399529611,1
Arunachal Pradesh,Upper Siang,28.609361,95.088583,8.58,17.53991803,0.40713627,1
Arunachal Pradesh,Upper Siang,28.614667,95.063611,13.54,17.53991803,0.40713627,1
Assam,Cachar,24.96,92.92,3.19,16.40983607,0.487502186,1
Arunachal Pradesh,Lower Subansiri,27.622016,93.841176,7.52,16.43934426,0.418713593,1
Assam,Hailakandi,24.51,92.71,0.31,12.93385246,0.40283224,1
Assam,Cachar,24.51,92.9,0.77,16.40983607,0.487502186,1
Assam,Hailakandi,24.48,92.49,0.57,12.93385246,0.40283224,1
Arunachal Pradesh,Dibang Valley,28.621593,95.855998,10.38,15.50713115,0.399529611,1
Assam,Karbi Anglong,25.96272,93.46964,0.41,12.94967213,0.492063559,1
Assam,West Karbi Anglong,25.965731,92.59267,1.9,14.97122951,0.486417452,1
Assam,West Karbi Anglong,25.968083,92.3575,4.57,14.97122951,0.486417452,1
Arunachal Pradesh,Upper Siang,28.615028,95.053306,12.41,17.53991803,0.40713627,1
Arunachal Pradesh,Dibang Valley,28.615893,95.859914,12.61,15.50713115,0.399529611,1
Arunachal Pradesh,Upper Siang,28.617333,95.049556,2.62,17.53991803,0.40713627,1
Arunachal Pradesh,Upper Siang,28.617667,95.056444,9.79,17.53991803,0.40713627,1
Arunachal Pradesh,Dibang Valley,28.618542,95.858124,8.93,15.50713115,0.399529611,1
Arunachal Pradesh,Upper Siang,28.619917,95.057583,3.29,17.53991803,0.40713627,1
Assam,Cachar,24.795892,93.045425,0.15,16.40983607,0.487502186,1
Assam,Cachar,24.813648,93.073009,1.54,16.40983607,0.487502186,1
Assam,Cachar,24.93,92.84,0.21,16.40983607,0.487502186,1
Assam,Cachar,24.95,92.8,0.87,16.40983607,0.487502186,1
Assam,Cachar,24.62,92.83,0.36,16.40983607,0.487502186,1
Assam,Hailakandi,24.63,92.74,1.44,12.93385246,0.40283224,1
Assam,Hailakandi,24.46,92.52,0.05,12.93385246,0.40283224,1
Arunachal Pradesh,Lower Subansiri,27.7306,93.9767,22.14,16.43934426,0.418713593,1
Arunachal Pradesh,Lower Subansiri,27.7257,93.9656,20.17,16.43934426,0.418713593,1
Arunachal Pradesh,Lower Subansiri,27.7231,93.9587,20.49,16.43934426,0.418713593,1
Arunachal Pradesh,Lower Subansiri,27.6712,93.8974,7.83,16.43934426,0.418713593,1
Arunachal Pradesh,Lower Dibang Valley,28.265965,95.560934,10.78,18.48991803,0.477602664,1
Arunachal Pradesh,Lower Dibang Valley,28.265563,95.563438,16.32,18.48991803,0.477602664,1
Arunachal Pradesh,Lower Subansiri,27.7182,93.947,14.12,16.43934426,0.418713593,1
Assam,Dima Hasao,25.388977,93.121008,1.08,9.72704918,0.454789959,1
Assam,Dima Hasao,25.341478,93.133718,0.31,5.23852459,0.364799863,1
Arunachal Pradesh,Tawang,27.58647222,91.89636111,6.46,10.39622951,0.407207821,1
Arunachal Pradesh,Tawang,27.584639,91.860917,7.72,10.39622951,0.407207821,1
Arunachal Pradesh,Tawang,27.584639,91.860917,7.72,10.39622951,0.407207821,1
Arunachal Pradesh,Tawang,27.584639,91.860917,7.72,10.39622951,0.407207821,1
Arunachal Pradesh,Lower Dibang Valley,28.265561,95.562854,13.49,18.48991803,0.477602664,1
Arunachal Pradesh,Lower Dibang Valley,28.264331,95.565798,19.12,18.48991803,0.477602664,1
Arunachal Pradesh,Lower Dibang Valley,28.266271,95.609385,6.25,18.48991803,0.477602664,1
Assam,Dima Hasao,25.24,93.27,10.73,8.835655738,0.458326947,1
Assam,Dima Hasao,25.21,93.25,12.8,8.835655738,0.458326947,1
Assam,Dima Hasao,25.21,93.31,20.9,8.835655738,0.458326947,1
Assam,Dima Hasao,25.22,93.29,3.14,8.835655738,0.458326947,1
Assam,Dima Hasao,25.22,93.29,3.14,8.835655738,0.458326947,1
Assam,Dima Hasao,25.22,93.34,2.93,8.835655738,0.458326947,1
Assam,Dima Hasao,25.22,93.34,2.93,8.835655738,0.458326947,1
Assam,Dima Hasao,25.22,93.35,2.62,8.835655738,0.458326947,1
Assam,Dima Hasao,25.19,93.3,5.9,8.835655738,0.458326947,1
Assam,Kamrup,26.13611,91.74056,0.93,13.51032787,0.482562705,1
Assam,Kamrup,26.077844,92.035022,0.93,13.51032787,0.482562705,1
Assam,Dima Hasao,25.22,93.32,15.7,8.835655738,0.458326947,1
Assam,Dima Hasao,25.69814,93.129423,2.73,8.693442623,0.407574795,1
Assam,Dima Hasao,25.648512,93.121528,2.62,8.28852459,0.392340847,1
Assam,Jorhat,26.6,94.34,0.51,11.91311475,0.484335485,1
Assam,Jorhat,26.58,94.35,0.46,11.91311475,0.484335485,1
Assam,Kamrup,26.24698,91.964383,0.31,14.00163934,0.466809768,1
Assam,Jorhat,26.58,94.35,0.46,11.91311475,0.484335485,1
Assam,Jorhat,26.6,94.35,1.54,11.91311475,0.484335485,1
Assam,West Karbi Anglong,25.890032,92.621245,2.98,13.21229508,0.483777322,1
Assam,Kamrup,26.2272613,91.6922458,0.77,21.85327869,0.476262295,1
Assam,Kamrup,26.18917,91.80111,1.49,13.51032787,0.482562705,1
Assam,Kamrup,26.17806,91.76083,0.46,13.51032787,0.482562705,1
Assam,Kamrup,26.19167,91.79028,2.47,13.51032787,0.482562705,1
Assam,Jorhat,26.57,94.35,1.34,11.91311475,0.484335485,1
Assam,Jorhat,26.56,94.36,1.39,11.91311475,0.484335485,1
Assam,Jorhat,26.56,94.36,1.39,11.91311475,0.484335485,1
Assam,Jorhat,26.56,94.36,1.39,11.91311475,0.484335485,1
Assam,Udalguri,26.89074,92.12068,0.87,13.7795082,0.276140027,1
Assam,Udalguri,26.88969,92.12266,2.42,13.7795082,0.276140027,1
Assam,Dima Hasao,25.2,93.25,4.06,8.835655738,0.458326947,1
Assam,Dima Hasao,25.19,93.3,5.9,8.835655738,0.458326947,1
Assam,Dima Hasao,25.19,93.3,5.9,8.835655738,0.458326947,1
Assam,Dima Hasao,25.2,93.25,4.06,8.835655738,0.458326947,1
Assam,Dima Hasao,25.18,93.3,6.51,8.835655738,0.458326947,1
Assam,Dima Hasao,25.18,93.33,11.08,8.835655738,0.458326947,1
Assam,Dima Hasao,25.24,93.28,9.39,8.835655738,0.458326947,1
Assam,Dima Hasao,25.24,93.27,10.73,8.835655738,0.458326947,1
Assam,Dima Hasao,25.22,93.29,3.14,8.835655738,0.458326947,1
Assam,Dima Hasao,25.23,93.34,4.62,8.835655738,0.458326947,1
Arunachal Pradesh,East Kameng,27.296928,93.088111,13.58,15.14401639,0.407394775,1
Arunachal Pradesh,East Kameng,27.296928,93.088111,13.58,15.14401639,0.407394775,1
Arunachal Pradesh,East Kameng,27.296928,93.088111,13.58,15.14401639,0.407394775,1
Arunachal Pradesh,Pakke Kessang,27.216933,93.066329,9.03,13.99147541,0.41149498,1
Arunachal Pradesh,East Kameng,27.311571,93.046703,6.41,15.14401639,0.407394775,1
Arunachal Pradesh,East Kameng,27.301412,93.051563,14.6,15.14401639,0.407394775,1
Arunachal Pradesh,East Kameng,27.302253,93.050932,16.28,15.14401639,0.407394775,1
Arunachal Pradesh,East Kameng,27.293539,93.050398,2.06,15.14401639,0.407394775,1
Arunachal Pradesh,East Kameng,27.296928,93.088111,13.58,15.14401639,0.407394775,1
Arunachal Pradesh,East Kameng,27.301468,93.053244,16.23,15.14401639,0.407394775,1
Arunachal Pradesh,East Kameng,27.309745,93.047722,6.91,15.14401639,0.407394775,1
Arunachal Pradesh,East Kameng,27.308143,93.059302,14.07,15.14401639,0.407394775,1
Arunachal Pradesh,East Kameng,27.304291,93.052835,15.85,15.14401639,0.407394775,1
Arunachal Pradesh,East Kameng,27.304291,93.052835,15.85,15.14401639,0.407394775,1
Arunachal Pradesh,East Kameng,27.313874,93.045623,4.47,15.14401639,0.407394775,1
Arunachal Pradesh,East Kameng,27.311231,93.04677,6.41,15.14401639,0.407394775,1
Arunachal Pradesh,Papum Pare,27.059755,93.522666,0.72,15.31327869,0.492465437,1
Arunachal Pradesh,East Kameng,27.322582,93.048256,7.42,15.14401639,0.407394775,1
Assam,Dima Hasao,25.17,93.29,7.27,8.835655738,0.458326947,1
Assam,Dima Hasao,25.17,93.36,13.63,8.835655738,0.458326947,1
Assam,Dima Hasao,25.18,93.3,6.51,8.835655738,0.458326947,1
Assam,Dima Hasao,25.18,93.3,6.51,8.835655738,0.458326947,1
Arunachal Pradesh,Lower Subansiri,27.6375,93.8555,10.88,16.43934426,0.418713593,1
Arunachal Pradesh,Lower Subansiri,27.6387,93.8551,10.38,16.43934426,0.418713593,1
Arunachal Pradesh,Lower Subansiri,27.623829,93.841776,9.54,16.43934426,0.418713593,1
Arunachal Pradesh,Lower Subansiri,27.623885,93.841824,9.54,16.43934426,0.418713593,1
Arunachal Pradesh,Lower Subansiri,27.631,93.8465,11.38,16.43934426,0.418713593,1
Arunachal Pradesh,Papum Pare,27.069615,93.550726,9.34,15.31327869,0.492465437,1
Arunachal Pradesh,Papum Pare,27.2594,93.796312,9.03,15.31327869,0.492465437,1
Arunachal Pradesh,Papum Pare,27.062298,93.531487,2.11,15.31327869,0.492465437,1
Arunachal Pradesh,Papum Pare,27.270257,93.798647,7.07,15.31327869,0.492465437,1
Arunachal Pradesh,Papum Pare,27.274387,93.797815,8.73,15.31327869,0.492465437,1
Arunachal Pradesh,Papum Pare,27.267809,93.801259,1.08,15.31327869,0.492465437,1
Arunachal Pradesh,Papum Pare,27.269714,93.802353,1.9,15.31327869,0.492465437,1
Arunachal Pradesh,East Siang,28.139996,95.259634,11.77,21.94893443,0.474554235,1
Assam,Dima Hasao,25.07,93.29,7.17,8.835655738,0.458326947,1
Arunachal Pradesh,Lower Subansiri,27.622973,93.841316,6.46,16.43934426,0.418713593,1
Assam,Dima Hasao,25.1,93.28,9.03,8.835655738,0.458326947,1
Arunachal Pradesh,Lower Subansiri,27.6478,93.8737,5.54,16.43934426,0.418713593,1
Arunachal Pradesh,Papum Pare,27.113024,93.606339,17.69,15.31327869,0.492465437,1
Arunachal Pradesh,East Kameng,27.307958,93.498326,6.97,15.14401639,0.407394775,1
Arunachal Pradesh,Papum Pare,27.257603,93.796335,9.74,15.31327869,0.492465437,1
Arunachal Pradesh,West Kameng,27.177138,92.576909,9.49,19.00180328,0.416310861,1
Arunachal Pradesh,West Kameng,27.178567,92.583154,9.49,19.00180328,0.416310861,1
Arunachal Pradesh,East Kameng,27.296928,93.088111,9.03,15.14401639,0.407394775,1
Arunachal Pradesh,East Kameng,27.296928,93.088111,9.03,15.14401639,0.407394775,1
Arunachal Pradesh,East Kameng,27.296928,93.088111,9.03,15.14401639,0.407394775,1
Arunachal Pradesh,East Kameng,27.296928,93.088111,9.03,15.14401639,0.407394775,1
Arunachal Pradesh,East Kameng,27.296928,93.088111,9.03,15.14401639,0.407394775,1
Arunachal Pradesh,Pakke Kessang,27.216933,93.066329,5.055,13.99147541,0.41149498,1
Arunachal Pradesh,East Kameng,27.296928,93.088111,9.03,15.14401639,0.407394775,1
Arunachal Pradesh,Papum Pare,27.053976,93.494166,5.95,15.31327869,0.492465437,1
Assam,Dima Hasao,25.14,93.31,3.8,8.835655738,0.458326947,1
Assam,Dima Hasao,25.15,93.37,3.8,8.835655738,0.458326947,1
Arunachal Pradesh,East Kameng,27.216933,93.066329,9.03,15.14401639,0.407394775,1
Arunachal Pradesh,Papum Pare,27.157291,93.739896,5.95,15.31327869,0.492465437,1
Arunachal Pradesh,Lower Dibang Valley,28.194898,95.807336,11.43,18.48991803,0.477602664,1
Arunachal Pradesh,East Kameng,27.296928,93.088111,9.03,15.14401639,0.407394775,1
Arunachal Pradesh,East Kameng,27.296928,93.088111,13.58,15.14401639,0.407394775,1
Arunachal Pradesh,Papum Pare,27.213127,92.652213,9.49,15.31327869,0.492465437,1
Arunachal Pradesh,Papum Pare,27.062298,93.531487,2.11,15.31327869,0.492465437,1
Arunachal Pradesh,Papum Pare,27.109398,93.61692,14.46,15.31327869,0.492465437,1
Arunachal Pradesh,Lower Dibang Valley,28.199641,95.811903,12.17,18.48991803,0.477602664,1
Arunachal Pradesh,Lower Dibang Valley,28.198566,95.813206,12.51,18.48991803,0.477602664,1
Arunachal Pradesh,Papum Pare,27.158579,93.74103,4.52,15.31327869,0.492465437,1
Arunachal Pradesh,Papum Pare,27.160636,93.738873,0.26,15.31327869,0.492465437,1
Arunachal Pradesh,Papum Pare,27.166864,93.755668,10.53,15.31327869,0.492465437,1
Arunachal Pradesh,Papum Pare,27.166107,93.750907,9.34,15.31327869,0.492465437,1
Arunachal Pradesh,Papum Pare,27.16186,93.747535,5.95,15.31327869,0.492465437,1
Arunachal Pradesh,Papum Pare,27.109398,93.61692,14.46,15.31327869,0.492465437,1
Arunachal Pradesh,Papum Pare,27.248114,93.805987,0.82,15.31327869,0.492465437,1
Arunachal Pradesh,Papum Pare,27.252527,93.804341,4.42,15.31327869,0.492465437,1
Arunachal Pradesh,Papum Pare,27.25649,93.795077,10.48,15.31327869,0.492465437,1
Arunachal Pradesh,Papum Pare,27.246268,93.804628,5.95,15.31327869,0.492465437,1
Arunachal Pradesh,Papum Pare,27.23616,93.807069,5.95,15.31327869,0.492465437,1
Arunachal Pradesh,Papum Pare,27.239998,93.807194,0.98,15.31327869,0.492465437,1
Arunachal Pradesh,Papum Pare,27.238406,93.806341,5.95,15.31327869,0.492465437,1
Arunachal Pradesh,Papum Pare,27.23719,93.80556,5.95,15.31327869,0.492465437,1
Arunachal Pradesh,Papum Pare,27.228061,93.797954,5.95,15.31327869,0.492465437,1
Arunachal Pradesh,Papum Pare,27.228511,93.799206,5.95,15.31327869,0.492465437,1
Arunachal Pradesh,Papum Pare,27.229356,93.800968,5.95,15.31327869,0.492465437,1
Arunachal Pradesh,Papum Pare,27.20833,93.794568,5.95,15.31327869,0.492465437,1
Arunachal Pradesh,Papum Pare,27.227449,93.798727,5.95,15.31327869,0.492465437,1
Arunachal Pradesh,Papum Pare,27.188151,93.78308,5.95,15.31327869,0.492465437,1
Arunachal Pradesh,Papum Pare,27.184921,93.782324,5.95,15.31327869,0.492465437,1
Arunachal Pradesh,Papum Pare,27.169659,93.756277,5.95,15.31327869,0.492465437,1
Arunachal Pradesh,Lower Subansiri,27.6394,93.8708,9.49,16.43934426,0.418713593,1
Arunachal Pradesh,Lower Subansiri,27.6402,93.8628,9.49,16.43934426,0.418713593,1
Arunachal Pradesh,Lower Subansiri,27.6384,93.8578,9.49,16.43934426,0.418713593,1
Arunachal Pradesh,Lower Subansiri,27.64,93.858,9.49,16.43934426,0.418713593,1
Arunachal Pradesh,Lower Subansiri,27.636624,93.8485,9.49,16.43934426,0.418713593,1
Arunachal Pradesh,Lower Subansiri,27.633,93.8464,9.49,16.43934426,0.418713593,1
Arunachal Pradesh,Lower Subansiri,27.6369,93.853,9.49,16.43934426,0.418713593,1
Arunachal Pradesh,West Kameng,27.184248,92.579624,9.49,19.00180328,0.416310861,1
Assam,Dima Hasao,25.13,93.27,3.8,8.835655738,0.458326947,1
Arunachal Pradesh,Papum Pare,27.079763,93.573921,5.95,15.31327869,0.492465437,1
Arunachal Pradesh,West Kameng,27.24867,92.737685,9.49,19.00180328,0.416310861,1
Arunachal Pradesh,West Kameng,27.213127,92.652213,9.49,19.00180328,0.416310861,1
Arunachal Pradesh,Papum Pare,27.078192,93.572402,6.51,15.31327869,0.492465437,1
Assam,Dima Hasao,25.1,93.28,9.03,8.835655738,0.458326947,1
Assam,Dima Hasao,25.1,93.28,9.03,8.835655738,0.458326947,1
Assam,Dima Hasao,25.13,93.29,3.8,8.835655738,0.458326947,1
Arunachal Pradesh,West Kameng,27.177138,92.576909,9.49,19.00180328,0.416310861,1
Arunachal Pradesh,Lower Subansiri,27.6756,93.8837,9.49,16.43934426,0.418713593,1
Arunachal Pradesh,Kamle,27.763,94.037,12.41,15.06508197,0.411166291,1
Arunachal Pradesh,Lower Subansiri,27.649,93.8744,9.49,16.43934426,0.418713593,1
Arunachal Pradesh,Lower Subansiri,27.6607,93.8833,9.49,16.43934426,0.418713593,1
Arunachal Pradesh,Lower Subansiri,27.66,93.8799,9.49,16.43934426,0.418713593,1
Arunachal Pradesh,Lower Subansiri,27.6549,93.8759,9.49,16.43934426,0.418713593,1
Arunachal Pradesh,Upper Siang,28.178861,95.228056,5.24,17.53991803,0.40713627,1
Assam,Dima Hasao,25.15398187,93.02361022,3.8,8.835655738,0.458326947,1
Arunachal Pradesh,Lower Subansiri,27.6784,93.9026,9.49,16.43934426,0.418713593,1
Arunachal Pradesh,Kamle,27.7621,94.0563,12.41,15.06508197,0.411166291,1
Arunachal Pradesh,Upper Siang,28.568694,95.143556,5.24,17.53991803,0.40713627,1
Arunachal Pradesh,Papum Pare,27.086102,93.596625,5.95,15.31327869,0.492465437,1
Arunachal Pradesh,Lower Dibang Valley,28.27138,95.90606,11.43,18.48991803,0.477602664,1
Arunachal Pradesh,Lower Dibang Valley,28.315484,95.982181,11.43,18.48991803,0.477602664,1
Arunachal Pradesh,Papum Pare,27.2575411,93.7963965,5.95,15.31327869,0.492465437,1
Arunachal Pradesh,Papum Pare,27.228167,93.799111,5.44,15.31327869,0.492465437,1
Arunachal Pradesh,East Kameng,27.540917,92.949333,4.67,15.14401639,0.407394775,1
Arunachal Pradesh,Papum Pare,27.162502,93.746553,5.95,15.31327869,0.492465437,1
Arunachal Pradesh,East Kameng,27.304291,93.052835,9.03,15.14401639,0.407394775,1
Arunachal Pradesh,East Kameng,27.309745,93.047722,9.03,15.14401639,0.407394775,1
Arunachal Pradesh,East Kameng,27.313874,93.045623,9.03,15.14401639,0.407394775,1
Arunachal Pradesh,East Kameng,27.311231,93.04677,9.03,15.14401639,0.407394775,1
Arunachal Pradesh,West Kameng,27.08386,92.587656,9.49,19.00180328,0.416310861,1
Arunachal Pradesh,East Kameng,27.322582,93.048256,7.42,15.14401639,0.407394775,1
Arunachal Pradesh,Papum Pare,27.059755,93.522666,5.95,15.31327869,0.492465437,1
Arunachal Pradesh,Papum Pare,27.2858578,93.798472,5.95,15.31327869,0.492465437,1
Arunachal Pradesh,West Kameng,27.092699,92.58314,9.49,19.00180328,0.416310861,1
Arunachal Pradesh,East Kameng,27.311571,93.046703,9.03,15.14401639,0.407394775,1
Arunachal Pradesh,East Kameng,27.308143,93.059302,14.07,15.14401639,0.407394775,1
Arunachal Pradesh,East Kameng,27.301468,93.053244,16.23,15.14401639,0.407394775,1
Arunachal Pradesh,East Kameng,27.302253,93.050932,16.28,15.14401639,0.407394775,1
Arunachal Pradesh,East Kameng,27.293539,93.050398,2.06,15.14401639,0.407394775,1
Arunachal Pradesh,East Kameng,27.296928,93.088111,13.58,15.14401639,0.407394775,1
Arunachal Pradesh,East Kameng,27.301412,93.051563,14.6,15.14401639,0.407394775,1
Arunachal Pradesh,West Kameng,27.288425,92.769407,8.83,19.00180328,0.416310861,1
Arunachal Pradesh,Papum Pare,27.080299,93.574089,6.97,15.31327869,0.492465437,1
Arunachal Pradesh,Papum Pare,27.192865,93.781908,14.17,15.31327869,0.492465437,1
Arunachal Pradesh,Papum Pare,27.197293,93.782341,0.51,15.31327869,0.492465437,1
Arunachal Pradesh,Papum Pare,27.194916,93.778683,5.44,15.31327869,0.492465437,1
Arunachal Pradesh,Papum Pare,27.077728,93.57163,8.73,15.31327869,0.492465437,1
Arunachal Pradesh,Papum Pare,27.069837,93.5542,4.67,15.31327869,0.492465437,1
Arunachal Pradesh,Lower Subansiri,27.6451,93.8706,9.44,16.43934426,0.418713593,1
Arunachal Pradesh,Anjaw,28.28128384,96.27316585,14.65,41.57762616,0.380630261,0
Arunachal Pradesh,Anjaw,28.31107634,96.70446284,29.9,42.98489919,0.437042857,0
Arunachal Pradesh,Anjaw,28.25272744,96.67811211,23.28,38.18053989,0.452780983,0
Arunachal Pradesh,Anjaw,28.04968862,96.71708272,0.98,44.47427504,0.404148485,0
Arunachal Pradesh,Anjaw,28.11879092,96.60871135,31.68,44.05086026,0.423081278,0
Arunachal Pradesh,Anjaw,28.29268734,96.67438613,17.13,45.37104387,0.403300911,0
Arunachal Pradesh,Anjaw,28.3779114,96.40482315,11.62,40.94628523,0.416650426,0
Arunachal Pradesh,Anjaw,28.30921034,96.36504899,23.37,41.53054252,0.421779168,0
Arunachal Pradesh,Anjaw,28.2590863,96.33405696,7.83,43.60790213,0.453955645,0
Arunachal Pradesh,Anjaw,27.96872282,96.46943151,4.98,40.21779207,0.446551117,0
Arunachal Pradesh,Anjaw,28.06135092,96.38136519,12.02,39.18061633,0.44682839,0
Arunachal Pradesh,Anjaw,27.89225532,96.6263379,0.15,41.21677434,0.45503245,0
Arunachal Pradesh,Anjaw,28.28562242,96.34090847,14.02,41.70468494,0.45243593,0
Arunachal Pradesh,Anjaw,28.24712268,96.43223831,26.91,45.16883445,0.43129236,0
Arunachal Pradesh,Anjaw,28.33831546,96.27899331,20.22,42.82026448,0.407862423,0
Arunachal Pradesh,Anjaw,28.07629002,96.71653131,5.64,40.12285559,0.38768563,0
Arunachal Pradesh,Anjaw,28.21833665,96.46248767,36.21,38.02830206,0.405762291,0
Arunachal Pradesh,Anjaw,27.90123799,96.55199839,16.7,39.43610009,0.397796286,0
Arunachal Pradesh,Anjaw,28.03416494,96.30734421,11.13,41.50813704,0.434786433,0
Arunachal Pradesh,Anjaw,28.22406916,96.4383983,11.33,37.58499251,0.41107889,0
Arunachal Pradesh,Anjaw,27.93744394,96.50993887,4.21,38.93311965,0.407652041,0
Arunachal Pradesh,Anjaw,28.28524747,96.70565264,22.01,41.80218806,0.400538734,0
Arunachal Pradesh,Anjaw,28.31927631,96.32723245,29.93,38.98133,0.402470605,0
Arunachal Pradesh,Anjaw,28.04697804,96.6065138,32.71,42.57627965,0.40356346,0
Arunachal Pradesh,Anjaw,28.11793848,96.35763168,22.54,39.62571816,0.378660519,0
Arunachal Pradesh,Anjaw,27.99910021,96.3047536,17.27,44.89482438,0.455796506,0
Arunachal Pradesh,Anjaw,28.23413992,96.3388053,28.16,42.43934693,0.382626673,0
Arunachal Pradesh,Anjaw,28.18828765,96.34420138,2.52,40.31148278,0.391555999,0
Arunachal Pradesh,Anjaw,28.00233587,96.55933539,15.08,38.31089858,0.449051796,0
Arunachal Pradesh,Anjaw,28.30136388,96.44033379,19.4,38.27565168,0.392649423,0
Arunachal Pradesh,Anjaw,28.1665958,96.7260593,12.26,40.64323355,0.434396147,0
Arunachal Pradesh,Anjaw,28.19617852,96.68677509,18.89,44.49682074,0.454601361,0
Arunachal Pradesh,Anjaw,28.23797434,96.28418747,11.28,43.56458439,0.407520692,0
Arunachal Pradesh,Anjaw,28.20999838,96.32990178,18.34,42.32429918,0.426097473,0
Arunachal Pradesh,Anjaw,28.2608963,96.74880284,18.99,38.19704248,0.442274449,0
Arunachal Pradesh,Anjaw,27.93083089,96.46173549,28.6,38.40039752,0.458109222,0
Arunachal Pradesh,Anjaw,28.15604562,96.68735698,3.91,39.82592192,0.385687774,0
Arunachal Pradesh,Anjaw,28.07321276,96.69010904,26.21,43.28708984,0.3787565,0
Arunachal Pradesh,Anjaw,28.14031145,96.37829728,21.08,40.10934904,0.415181271,0
Arunachal Pradesh,Anjaw,28.15175891,96.42412055,31,41.27117978,0.455700185,0
Arunachal Pradesh,Anjaw,27.91850021,96.25677036,3.7,39.99033781,0.424997539,0
Arunachal Pradesh,Anjaw,28.02829158,96.64104148,32.09,41.12614759,0.427461754,0
Arunachal Pradesh,Anjaw,28.26894729,96.40539358,26,39.98958213,0.397821414,0
Arunachal Pradesh,Anjaw,28.13693598,96.66266144,24.87,40.24930088,0.4051741,0
Arunachal Pradesh,Anjaw,28.27393025,96.66534753,2.88,45.24215217,0.39840539,0
Arunachal Pradesh,Anjaw,27.95985153,96.52035915,25.96,40.25525182,0.455688053,0
Arunachal Pradesh,Anjaw,28.22931414,96.68264107,12.17,42.74805917,0.453261395,0
Arunachal Pradesh,Anjaw,28.1787282,96.59470599,21.97,40.14212127,0.441049399,0
Arunachal Pradesh,Anjaw,28.09189163,96.37361872,18.34,39.3055449,0.453012136,0
Arunachal Pradesh,Anjaw,28.32121189,96.42211121,17.45,37.83157325,0.394005166,0
Assam,Bongaigaon,26.15449544,90.70591885,0.26,22.92437296,0.389817229,0
Assam,Bongaigaon,26.29693647,90.43678592,0.05,23.30791492,0.401375797,0
Assam,Bongaigaon,26.42602971,90.39614993,0.31,23.39114559,0.403435513,0
Assam,Bongaigaon,26.59984006,90.41762766,0.15,21.84390699,0.435964453,0
Assam,Bongaigaon,26.19346301,90.68848947,0.21,23.59153515,0.429917724,0
Assam,Bongaigaon,26.60481781,90.49380095,0.1,22.51324818,0.401949599,0
Assam,Bongaigaon,26.29371036,90.48672443,2.78,22.01246475,0.410186026,0
Assam,Bongaigaon,26.45108543,90.74444052,0.05,22.39507614,0.390254656,0
Assam,Bongaigaon,26.61976662,90.44210721,0.1,20.83233581,0.428518977,0
Assam,Bongaigaon,26.445852,90.63652268,0.93,22.26829268,0.447730835,0
Assam,Bongaigaon,26.24575536,90.74490015,0.1,24.39089273,0.427723236,0
Assam,Bongaigaon,26.35676207,90.3722015,0.05,22.96132947,0.445414724,0
Assam,Bongaigaon,26.41138361,90.78312362,0.31,24.40579255,0.452395217,0
Assam,Bongaigaon,26.38397085,90.75297424,0.36,21.10656993,0.372236222,0
Assam,Bongaigaon,26.24851919,90.45077253,0.05,22.23067756,0.380498574,0
Assam,Bongaigaon,26.29847413,90.39072672,0.15,20.90423866,0.433082586,0
Assam,Bongaigaon,26.46612996,90.35199549,0.26,25.13890385,0.380976985,0
Assam,Bongaigaon,26.27451516,90.32680956,0.36,23.83181894,0.452098026,0
Assam,Bongaigaon,26.26259446,90.63773026,10.73,23.96840034,0.385326646,0
Assam,Bongaigaon,26.26132252,90.7855792,0.31,23.48219814,0.410287813,0
Assam,Bongaigaon,26.45750502,90.69191433,0,24.81111224,0.432200847,0
Assam,Bongaigaon,26.49301026,90.75137813,0.26,22.94943114,0.451482551,0
Assam,Bongaigaon,26.50090719,90.40210783,0.15,22.70459078,0.384937832,0
Assam,Bongaigaon,26.27410307,90.36160852,0,24.06146267,0.377913304,0
Assam,Bongaigaon,26.56418452,90.3318445,0.21,21.32945338,0.391522812,0
Assam,Bongaigaon,26.58642291,90.5817243,0.1,22.35212144,0.38621838,0
Assam,Bongaigaon,26.53851036,90.74092488,0.26,21.34467458,0.447743349,0
Assam,Bongaigaon,26.486955,90.46387134,0.31,21.77037753,0.42913774,0
Assam,Bongaigaon,26.36720036,90.39892446,0.26,24.58814172,0.434251977,0
Assam,Bongaigaon,26.57722753,90.4980823,0.05,23.1747203,0.406892813,0
Assam,Bongaigaon,26.54690223,90.44673364,0.1,20.77407983,0.409832021,0
Assam,Bongaigaon,26.28817161,90.51700005,10.88,24.70845187,0.43053717,0
Assam,Bongaigaon,26.14103771,90.6760728,0.1,22.60327095,0.411181226,0
Assam,Bongaigaon,26.20400186,90.76004016,0.05,23.66234946,0.415251837,0
Assam,Bongaigaon,26.54996764,90.42227517,0.1,23.35094498,0.377596458,0
Assam,Bongaigaon,26.62777921,90.6188938,0,22.99052951,0.391989623,0
Assam,Bongaigaon,26.53849409,90.65159353,0.26,25.16010565,0.433393787,0
Assam,Bongaigaon,26.60095362,90.46382169,0.31,23.57373274,0.38087389,0
Assam,Bongaigaon,26.45937721,90.32660634,0.05,23.77600422,0.428864758,0
Assam,Bongaigaon,26.30515358,90.66857112,0.15,23.59831566,0.43877117,0
Assam,Bongaigaon,26.15584612,90.46576085,0.26,23.88923618,0.409199958,0
Assam,Bongaigaon,26.23768877,90.55724332,0.41,24.22643924,0.387425993,0
Assam,Bongaigaon,26.32058252,90.56612318,0.05,23.3265456,0.446219057,0
Assam,Bongaigaon,26.1602772,90.7773801,0.1,25.00002694,0.385382287,0
Assam,Bongaigaon,26.28962067,90.64133298,6.31,24.9532911,0.399495327,0
Assam,Bongaigaon,26.2130408,90.4405352,0,23.16230453,0.433288569,0
Assam,Bongaigaon,26.15464905,90.63353548,0.05,23.43575742,0.422532533,0
Assam,Bongaigaon,26.21705695,90.46746622,0.15,21.99661323,0.450357255,0
Assam,Bongaigaon,26.60797483,90.59755615,0.05,21.12001955,0.37661438,0
Assam,Bongaigaon,26.63266312,90.69300155,0.1,23.65330225,0.418634757,0
Assam,Cachar,24.78774352,92.63534028,0.05,15.99515638,0.493388083,0
Assam,Cachar,24.87417664,92.62561894,0.36,14.93918405,0.458878027,0
Assam,Cachar,24.67506802,92.59317314,0.15,15.79486607,0.519901511,0
Assam,Cachar,24.7446396,92.56266959,0.31,16.36262702,0.525002928,0
Assam,Cachar,24.87674544,92.69310681,0.05,16.40610955,0.499183264,0
Assam,Cachar,24.7005976,92.95144107,0,16.97813555,0.507976234,0
Assam,Cachar,24.66373083,92.89422557,0.15,16.73983163,0.518485481,0
Assam,Cachar,24.7581314,92.74220212,0.72,14.94867378,0.441984892,0
Assam,Cachar,24.80858963,92.86864163,0.1,18.00345076,0.499608217,0
Assam,Cachar,24.70118263,92.83850847,0.15,16.64038499,0.506758031,0
Assam,Cachar,25.0017357,92.89715512,1.7,17.61986778,0.519100161,0
Assam,Cachar,25.09212578,92.64219443,9.79,15.80440283,0.451749823,0
Assam,Cachar,24.7964936,92.7115067,0.41,17.81262848,0.511232487,0
Assam,Cachar,24.89765267,92.98891875,0.26,15.83055361,0.502636373,0
Assam,Cachar,24.76026506,92.80547571,0.21,15.28708877,0.450351616,0
Assam,Cachar,24.86016196,92.67657848,0,17.40418216,0.49213939,0
Assam,Cachar,24.80545571,92.82729586,0.51,15.31294144,0.469195519,0
Assam,Cachar,24.83538428,92.99578321,0.67,16.70542162,0.464421114,0
Assam,Cachar,24.73028643,92.78127146,0.36,16.61248695,0.469337488,0
Assam,Cachar,24.7820394,92.90270185,0.41,17.97299159,0.475399709,0
Assam,Cachar,24.84032354,92.86787972,0.26,16.40799454,0.481516422,0
Assam,Cachar,25.06652685,92.72066784,0.87,15.90280392,0.511084827,0
Assam,Cachar,25.07280392,92.55987017,11.38,16.54322948,0.489049669,0
Assam,Cachar,24.87574502,92.81254752,0,17.40407495,0.514510863,0
Assam,Cachar,24.80598013,92.98900214,0.05,17.17974002,0.446291359,0
Assam,Cachar,24.91194829,92.89444143,1.65,17.73688663,0.508193164,0
Assam,Cachar,24.79756263,92.74437674,0.1,15.32094993,0.452100176,0
Assam,Cachar,24.67377674,92.69101734,0.36,16.90135731,0.461211863,0
Assam,Cachar,24.71441064,92.80968605,0.1,17.60490349,0.442658541,0
Assam,Cachar,24.84183851,92.82778448,0.1,17.55391947,0.4970078,0
Assam,Cachar,24.74962974,92.95175007,0.1,16.19629075,0.498486346,0
Assam,Cachar,24.7064208,92.71911735,0.41,17.20120261,0.445088366,0
Assam,Cachar,24.85204397,92.65276617,0.41,15.53653664,0.491100856,0
Assam,Cachar,24.75131349,92.59212682,0.1,15.18301636,0.474503498,0
Assam,Cachar,24.70260378,93.00729354,0.26,17.58930131,0.528562433,0
Assam,Cachar,24.91632633,92.67578013,0,17.89222846,0.505114389,0
Assam,Cachar,24.99082127,92.84560983,3.55,16.66781087,0.497770869,0
Assam,Cachar,25.03266388,92.68550544,10.93,15.21485906,0.488535191,0
Assam,Cachar,25.07658812,92.69741944,13.63,17.92827351,0.511451112,0
Assam,Cachar,25.1082025,92.5703246,4.21,17.30738362,0.502489364,0
Assam,Cachar,24.74887686,92.98731377,0.36,16.23847985,0.494261996,0
Assam,Cachar,24.74289378,92.79900239,0.1,17.01022293,0.458044655,0
Assam,Cachar,24.84987921,92.92410588,0.98,17.41428746,0.499678985,0
Assam,Cachar,24.91185532,92.61511501,0.21,15.81387549,0.470218297,0
Assam,Cachar,25.00268365,92.8672674,7.17,15.71181842,0.530878412,0
Assam,Cachar,24.71791493,92.53294949,0.72,16.90360414,0.528656254,0
Assam,Cachar,24.90210349,92.91588303,0.21,17.14211512,0.516919073,0
Assam,Cachar,25.11982713,92.59998954,10.38,16.24342674,0.531357267,0
Assam,Cachar,24.81336611,92.64845733,0.15,16.50290345,0.513166802,0
Assam,Cachar,24.66953834,92.79367312,0.05,16.38433541,0.442534519,0
Arunachal Pradesh,Changlang,27.119336,96.14814036,8.38,14.20508949,0.463933999,0
Arunachal Pradesh,Changlang,27.37093535,95.71832285,1.29,15.34472557,0.476021829,0
Arunachal Pradesh,Changlang,27.09750902,96.02636791,15.66,14.4678506,0.447393367,0
Arunachal Pradesh,Changlang,27.01651918,95.8366228,9.69,13.66960392,0.52403057,0
Arunachal Pradesh,Changlang,27.44468304,96.15660345,0.21,14.78910962,0.514500234,0
Arunachal Pradesh,Changlang,27.18242125,95.9855314,6.86,13.0819712,0.525813382,0
Arunachal Pradesh,Changlang,27.20513565,96.12991381,2.57,14.90932725,0.524165208,0
Arunachal Pradesh,Changlang,27.01690619,95.86545327,3.19,14.81854102,0.463327936,0
Arunachal Pradesh,Changlang,27.47479907,96.13412695,0.15,15.54117277,0.437360774,0
Arunachal Pradesh,Changlang,27.08651341,95.91675711,2.01,13.03739825,0.44676393,0
Arunachal Pradesh,Changlang,27.42998099,95.85479531,0.1,13.99285017,0.508918484,0
Arunachal Pradesh,Changlang,27.08279664,96.00870948,7.52,13.92776001,0.493288091,0
Arunachal Pradesh,Changlang,27.069455,96.12714916,10.43,13.12974265,0.502326097,0
Arunachal Pradesh,Changlang,27.06077081,96.04909409,4.67,14.57598095,0.47115479,0
Arunachal Pradesh,Changlang,27.36774454,96.09990714,3.24,13.60647923,0.503082412,0
Arunachal Pradesh,Changlang,27.3704104,96.13068364,1.8,14.31084661,0.474433384,0
Arunachal Pradesh,Changlang,27.42997381,95.93888048,0.05,13.17747974,0.527608296,0
Arunachal Pradesh,Changlang,27.05171794,96.11781876,14.41,13.22286731,0.47896446,0
Arunachal Pradesh,Changlang,27.22262931,96.19620518,1.7,15.30644461,0.505378794,0
Arunachal Pradesh,Changlang,27.46460229,95.87865672,0.05,14.34861308,0.488422889,0
Arunachal Pradesh,Changlang,27.03206129,95.79670773,1.13,14.00998442,0.439626453,0
Arunachal Pradesh,Changlang,27.03974847,96.04489776,3.8,14.02478588,0.482873663,0
Arunachal Pradesh,Changlang,27.02918313,95.98663332,11.62,14.173968,0.47816201,0
Arunachal Pradesh,Changlang,27.29190501,95.81787131,0.31,14.50052187,0.482980818,0
Arunachal Pradesh,Changlang,27.42535585,96.05542165,0.1,15.5280153,0.439692946,0
Arunachal Pradesh,Changlang,27.04945035,96.00725829,6.15,13.76043138,0.524951163,0
Arunachal Pradesh,Changlang,27.44397724,95.97010322,0,14.82862118,0.484459491,0
Arunachal Pradesh,Changlang,27.08154145,95.8714815,4.98,14.9503107,0.44984194,0
Arunachal Pradesh,Changlang,27.33073865,95.93105746,6.81,15.55186236,0.51947629,0
Arunachal Pradesh,Changlang,27.24630671,95.82034577,0.57,15.30543721,0.480686214,0
Arunachal Pradesh,Changlang,27.17706192,96.11296663,0.31,13.26648149,0.459354231,0
Arunachal Pradesh,Changlang,27.09134496,96.04629112,12.9,15.45934332,0.476436524,0
Arunachal Pradesh,Changlang,27.16168099,95.92057335,1.65,12.98096346,0.529160772,0
Arunachal Pradesh,Changlang,27.48555922,95.82962542,0.21,13.97453383,0.517139955,0
Arunachal Pradesh,Changlang,27.33779548,95.77158757,0.05,13.59770241,0.525344348,0
Arunachal Pradesh,Changlang,27.25266112,96.19017729,4.16,14.48709367,0.511216087,0
Arunachal Pradesh,Changlang,27.12528246,96.20118183,7.62,14.93875056,0.439585243,0
Arunachal Pradesh,Changlang,27.14851505,96.06783801,5.9,14.84688052,0.473095606,0
Arunachal Pradesh,Changlang,27.06356291,96.19235678,17.03,15.01572099,0.512045906,0
Arunachal Pradesh,Changlang,27.07550449,96.16400305,8.18,15.14528184,0.495649424,0
Arunachal Pradesh,Changlang,27.44989944,96.18655649,2.47,13.57889313,0.506995677,0
Arunachal Pradesh,Changlang,27.17031487,96.14023677,5.59,14.76538758,0.447886311,0
Arunachal Pradesh,Changlang,27.02293691,96.11051645,12.61,13.32970711,0.533696547,0
Arunachal Pradesh,Changlang,27.45525413,95.72301858,0.05,14.66083801,0.533437086,0
Arunachal Pradesh,Changlang,27.0083418,95.97153525,4.57,14.01335352,0.532454131,0
Arunachal Pradesh,Changlang,27.44816203,95.99945226,0.1,15.47139264,0.518276578,0
Arunachal Pradesh,Changlang,27.42393405,95.74078833,0.21,14.30275353,0.457064869,0
Arunachal Pradesh,Changlang,27.46028356,95.78631752,0.1,14.04149001,0.516121315,0
Arunachal Pradesh,Changlang,27.42026254,96.17404227,3.34,15.43488462,0.523533986,0
Arunachal Pradesh,Changlang,27.34967211,96.08067698,0.05,15.09985212,0.487062279,0
Arunachal Pradesh,Dibang Valley,28.47348886,96.10319981,24.87,16.45515953,0.397441696,0
Arunachal Pradesh,Dibang Valley,28.58947116,95.74622033,22.32,15.52837949,0.37123228,0
Arunachal Pradesh,Dibang Valley,28.80948559,96.07825378,5.8,15.14875427,0.434979153,0
Arunachal Pradesh,Dibang Valley,28.64059535,96.04771562,13.1,15.98447656,0.383468966,0
Arunachal Pradesh,Dibang Valley,28.43117213,95.78460748,14.7,16.9702027,0.426358128,0
Arunachal Pradesh,Dibang Valley,28.49611612,95.90620429,20.17,14.24607656,0.426259056,0
Arunachal Pradesh,Dibang Valley,28.56717312,96.01697872,8.13,15.54984337,0.372708942,0
Arunachal Pradesh,Dibang Valley,28.70865427,95.69018649,7.72,16.92973161,0.427911068,0
Arunachal Pradesh,Dibang Valley,28.57606023,95.69830987,37.07,15.6677387,0.363282371,0
Arunachal Pradesh,Dibang Valley,28.61087367,95.78091946,34.43,15.29234489,0.363240394,0
Arunachal Pradesh,Dibang Valley,28.61456076,96.00442859,31.75,14.09199173,0.388108956,0
Arunachal Pradesh,Dibang Valley,28.87042118,95.65072817,11.82,14.30510765,0.427640347,0
Arunachal Pradesh,Dibang Valley,28.40423276,95.66301352,29.19,15.88109208,0.375029734,0
Arunachal Pradesh,Dibang Valley,28.88405525,96.05720631,14.12,14.04862377,0.408076254,0
Arunachal Pradesh,Dibang Valley,28.46945104,95.67872965,1.03,16.8439397,0.438199912,0
Arunachal Pradesh,Dibang Valley,28.76500011,96.10412953,26.58,14.05182311,0.422729933,0
Arunachal Pradesh,Dibang Valley,28.66661319,96.0181278,31.46,14.02291625,0.411246047,0
Arunachal Pradesh,Dibang Valley,28.81245577,95.67158291,7.42,15.36598553,0.397228538,0
Arunachal Pradesh,Dibang Valley,28.76947933,95.73997691,3.85,14.07755063,0.382158478,0
Arunachal Pradesh,Dibang Valley,28.72866937,95.80978626,19.72,15.55235371,0.412841041,0
Arunachal Pradesh,Dibang Valley,28.79435372,96.01736273,18.57,16.75308801,0.36632079,0
Arunachal Pradesh,Dibang Valley,28.65959558,95.98985727,0.15,14.22110267,0.417111689,0
Arunachal Pradesh,Dibang Valley,28.66737506,96.09111863,25.25,14.05154141,0.412209077,0
Arunachal Pradesh,Dibang Valley,28.70303776,96.06849551,29.51,14.29019087,0.369669533,0
Arunachal Pradesh,Dibang Valley,28.57453486,95.96388303,3.14,15.5950341,0.42804544,0
Arunachal Pradesh,Dibang Valley,28.74205698,96.10111641,7.88,14.35717317,0.40567205,0
Arunachal Pradesh,Dibang Valley,28.58339687,96.00486617,18.11,16.2843114,0.363311435,0
Arunachal Pradesh,Dibang Valley,28.46910853,96.02126404,12.31,16.73578718,0.367465016,0
Arunachal Pradesh,Dibang Valley,28.8702032,95.75716505,10.73,15.36026146,0.379467202,0
Arunachal Pradesh,Dibang Valley,28.59111699,96.05555099,5.8,14.96930762,0.429925941,0
Arunachal Pradesh,Dibang Valley,28.51481367,96.06492414,21.52,14.84966465,0.407001993,0
Arunachal Pradesh,Dibang Valley,28.49805284,95.9355768,26.13,16.27589271,0.424409285,0
Arunachal Pradesh,Dibang Valley,28.41030917,96.07838735,30.82,14.45140911,0.422530865,0
Arunachal Pradesh,Dibang Valley,28.40304482,95.97827714,17.36,14.44403993,0.407272903,0
Arunachal Pradesh,Dibang Valley,28.58087496,95.92209878,8.13,16.70671958,0.371601788,0
Arunachal Pradesh,Dibang Valley,28.50054016,95.71079727,14.89,17.03330267,0.420150499,0
Arunachal Pradesh,Dibang Valley,28.59732908,95.95991614,3.24,16.00311839,0.389568816,0
Arunachal Pradesh,Dibang Valley,28.56127922,96.06042438,7.78,16.80497771,0.437049,0
Arunachal Pradesh,Dibang Valley,28.70906616,96.00407947,14.65,14.4160044,0.392140235,0
Arunachal Pradesh,Dibang Valley,28.57784339,95.64132809,9.29,16.79288124,0.431693227,0
Arunachal Pradesh,Dibang Valley,28.79081084,96.05929375,1.44,16.42896841,0.436085936,0
Arunachal Pradesh,Dibang Valley,28.41987703,96.04148814,5.08,14.5715238,0.374960442,0
Arunachal Pradesh,Dibang Valley,28.79171336,95.69182102,5.9,14.86906948,0.381551234,0
Arunachal Pradesh,Dibang Valley,28.55270148,95.96124005,28.32,15.23146429,0.38429226,0
Arunachal Pradesh,Dibang Valley,28.70771848,95.62333062,11.72,16.82200689,0.386469344,0
Arunachal Pradesh,Dibang Valley,28.80505458,95.7377866,7.37,15.08593329,0.371017946,0
Arunachal Pradesh,Dibang Valley,28.79893103,95.80292382,6.61,16.08000774,0.411980058,0
Arunachal Pradesh,Dibang Valley,28.44149476,96.0502229,4.57,14.04597335,0.403780668,0
Arunachal Pradesh,Dibang Valley,28.55215495,95.87911124,26.17,16.73389071,0.371363401,0
Arunachal Pradesh,Dibang Valley,28.73139617,95.93556636,20.67,15.4969554,0.415490884,0
Assam,Dima Hasao,25.44326926,93.19526661,3.29,9.000339663,0.427790771,0
Assam,Dima Hasao,25.06031362,92.87415534,7.27,8.867918914,0.440785758,0
Assam,Dima Hasao,25.24352977,92.93986665,3.03,9.298390151,0.448159496,0
Assam,Dima Hasao,25.04842208,92.99609619,2.16,8.052154443,0.471004617,0
Assam,Dima Hasao,25.07152381,93.14083552,9.44,9.654993829,0.466982699,0
Assam,Dima Hasao,25.02748212,92.84733933,3.8,9.5075848,0.487865442,0
Assam,Dima Hasao,25.04620201,93.22580748,5.34,8.934192381,0.428159886,0
Assam,Dima Hasao,25.0730635,93.11202118,9.39,9.579390047,0.48905995,0
Assam,Dima Hasao,25.28543554,92.86794295,11.82,8.589300204,0.492886626,0
Assam,Dima Hasao,25.01761819,93.23150496,2.11,8.687047824,0.437012947,0
Assam,Dima Hasao,25.0732119,93.22690638,15.56,9.215975025,0.473088647,0
Assam,Dima Hasao,25.46439628,93.17569863,3.5,9.031246575,0.501143667,0
Assam,Dima Hasao,25.096114,93.17600842,3.5,8.02244517,0.432062342,0
Assam,Dima Hasao,25.35722088,92.91197686,3.5,8.507266642,0.500047903,0
Assam,Dima Hasao,25.19988257,92.9091452,0.72,8.109036853,0.492314194,0
Assam,Dima Hasao,25.46680021,93.04898095,1.44,9.524225061,0.497003735,0
Assam,Dima Hasao,25.45835115,93.24864271,2.16,8.700908788,0.464561498,0
Assam,Dima Hasao,25.2995656,92.88246144,4.98,8.294815562,0.47310938,0
Assam,Dima Hasao,25.31252597,92.92456127,2.16,9.276280246,0.444621452,0
Assam,Dima Hasao,25.01454504,93.26200932,3.65,8.502634184,0.434114245,0
Assam,Dima Hasao,25.36851519,92.94187977,0.1,8.424544413,0.439162363,0
Assam,Dima Hasao,25.38550492,92.9240347,2.93,9.394057327,0.465474997,0
Assam,Dima Hasao,24.98881507,93.08668262,6,8.409098168,0.424714215,0
Assam,Dima Hasao,25.21557222,92.85898505,2.98,9.438352971,0.434545845,0
Assam,Dima Hasao,25.4748708,93.27889997,9.24,8.092433803,0.434090056,0
Assam,Dima Hasao,25.06256391,93.03489973,9.29,8.280015783,0.427410854,0
Assam,Dima Hasao,25.04429385,92.90313656,20.99,7.960816177,0.478709821,0
Assam,Dima Hasao,25.28749387,92.92955185,3.85,8.788204713,0.451271234,0
Assam,Dima Hasao,25.07769571,93.2049291,17.59,8.481197892,0.446713297,0
Assam,Dima Hasao,25.25500199,92.89847832,8.58,9.220026261,0.469758027,0
Assam,Dima Hasao,25.37185536,93.0514698,3.55,9.221389327,0.486751047,0
Assam,Dima Hasao,25.02200924,93.33490541,8.03,8.455792665,0.443761648,0
Assam,Dima Hasao,25.10092486,93.14646527,1.9,9.508187868,0.427083861,0
Assam,Dima Hasao,25.34386056,92.95379092,2.21,8.059465868,0.433289219,0
Assam,Dima Hasao,24.98721748,93.21270335,6.51,9.313165105,0.433088926,0
Assam,Dima Hasao,24.99079857,93.26979944,2.01,9.474581773,0.441885397,0
Assam,Dima Hasao,25.10321513,93.12518379,13.73,9.106791994,0.459541368,0
Assam,Dima Hasao,25.1957594,92.8854183,2.78,8.603188073,0.471741337,0
Assam,Dima Hasao,25.00350373,93.10643631,20.17,8.528716106,0.479418423,0
Assam,Dima Hasao,25.17290828,92.93622611,7.78,9.140779191,0.474782982,0
Assam,Dima Hasao,25.08969207,93.09558342,1.7,8.629871343,0.440491827,0
Assam,Dima Hasao,25.09417449,93.21456995,17.03,9.074765321,0.448139644,0
Assam,Dima Hasao,25.28005432,92.89639023,1.96,8.882090012,0.487946748,0
Assam,Dima Hasao,25.48006916,93.23538485,8.63,9.432557305,0.434814476,0
Assam,Dima Hasao,25.46329009,93.21079033,6.36,9.438091843,0.419143092,0
Assam,Dima Hasao,25.06488031,93.17814101,12.17,9.634186269,0.427181784,0
Assam,Dima Hasao,25.36187339,92.89271686,2.26,9.570267756,0.447649135,0
Assam,Dima Hasao,25.31757435,92.94688953,12.85,8.574772867,0.497449483,0
Assam,Dima Hasao,25.1635548,92.84024816,7.62,9.700165737,0.464775289,0
Assam,Dima Hasao,25.02991198,92.98160982,10.73,9.206783894,0.481643937,0
Arunachal Pradesh,East Kameng,27.40096085,93.11646295,1.75,14.31947428,0.425819766,0
Arunachal Pradesh,East Kameng,27.43119068,93.0813201,18.8,15.70978304,0.420245736,0
Arunachal Pradesh,East Kameng,27.53551757,93.22551734,22.93,15.94783816,0.386251529,0
Arunachal Pradesh,East Kameng,27.60851774,93.05473623,7.22,14.53263411,0.371163775,0
Arunachal Pradesh,East Kameng,27.19516154,92.94038141,24.27,15.40355918,0.441655606,0
Arunachal Pradesh,East Kameng,27.40714253,92.90579591,9.08,15.98349032,0.43044979,0
Arunachal Pradesh,East Kameng,27.42779842,93.23856713,1.39,15.35386054,0.377488761,0
Arunachal Pradesh,East Kameng,27.41468255,93.18286172,8.43,14.81553732,0.413284826,0
Arunachal Pradesh,East Kameng,27.4912024,93.20144716,18.48,14.34282466,0.40588657,0
Arunachal Pradesh,East Kameng,27.43014204,92.93798337,2.73,15.975125,0.430186007,0
Arunachal Pradesh,East Kameng,27.4470464,93.16290877,12.8,14.03289134,0.378086178,0
Arunachal Pradesh,East Kameng,27.27200829,93.18791601,14.17,14.64204912,0.418560749,0
Arunachal Pradesh,East Kameng,27.52210797,93.0836062,5.8,14.96887548,0.369667488,0
Arunachal Pradesh,East Kameng,27.19733066,92.9155966,7.67,15.08285031,0.386534771,0
Arunachal Pradesh,East Kameng,27.17175088,93.05391668,5.49,13.79555281,0.377037528,0
Arunachal Pradesh,East Kameng,27.56974055,93.0867324,0.46,15.31607832,0.412811821,0
Arunachal Pradesh,East Kameng,27.19791771,92.81472046,2.26,15.4981171,0.402266417,0
Arunachal Pradesh,East Kameng,27.12160253,93.23519684,6.91,14.80836614,0.43697422,0
Arunachal Pradesh,East Kameng,27.53148983,92.86971334,18.06,15.44885168,0.388047827,0
Arunachal Pradesh,East Kameng,27.34384667,93.25434466,6.31,14.758287,0.39248987,0
Arunachal Pradesh,East Kameng,27.14955371,92.88830436,8.68,16.19123617,0.382465729,0
Arunachal Pradesh,East Kameng,27.55898596,93.25472266,2.93,14.09062441,0.445312138,0
Arunachal Pradesh,East Kameng,27.50028862,93.09719207,4.83,15.19090864,0.42615534,0
Arunachal Pradesh,East Kameng,27.15094688,93.230854,19.26,15.81538078,0.388927037,0
Arunachal Pradesh,East Kameng,27.42035467,92.84239117,12.12,15.91755789,0.389890724,0
Arunachal Pradesh,East Kameng,27.22777714,93.20798381,1.18,16.47866142,0.423902849,0
Arunachal Pradesh,East Kameng,27.53570483,93.25828066,24.44,14.15517672,0.436587054,0
Arunachal Pradesh,East Kameng,27.20814733,92.88533061,18.8,14.50525283,0.383863182,0
Arunachal Pradesh,East Kameng,27.4711577,93.09426642,12.36,14.33993519,0.383948816,0
Arunachal Pradesh,East Kameng,27.16416166,92.84745576,16.32,13.96734868,0.369422446,0
Arunachal Pradesh,East Kameng,27.60664139,93.09941407,14.55,15.67214134,0.447362314,0
Arunachal Pradesh,East Kameng,27.2723376,93.28757894,19.86,15.14667869,0.435758788,0
Arunachal Pradesh,East Kameng,27.14466991,92.91773624,14.31,15.93696584,0.435339889,0
Arunachal Pradesh,East Kameng,27.15535715,93.25556523,13.39,15.11921467,0.415498127,0
Arunachal Pradesh,East Kameng,27.58420327,93.06996843,2.11,15.50514077,0.428213524,0
Arunachal Pradesh,East Kameng,27.21104793,92.84801885,2.83,16.00633728,0.436212359,0
Arunachal Pradesh,East Kameng,27.35428551,92.89347343,32.68,15.51103901,0.382320311,0
Arunachal Pradesh,East Kameng,27.33238036,92.96371924,7.78,15.4517635,0.413986763,0
Arunachal Pradesh,East Kameng,27.25060187,92.95220585,12.51,15.68085504,0.441548937,0
Arunachal Pradesh,East Kameng,27.42546661,93.21356815,10.43,15.9976009,0.372120791,0
Arunachal Pradesh,East Kameng,27.23954835,93.01111317,7.67,14.15333248,0.389913731,0
Arunachal Pradesh,East Kameng,27.28199427,92.88095961,23.93,14.22084096,0.415089042,0
Arunachal Pradesh,East Kameng,27.24673521,92.8780751,30.4,15.76619805,0.376376222,0
Arunachal Pradesh,East Kameng,27.43417218,92.86941687,0.41,16.53808511,0.377138953,0
Arunachal Pradesh,East Kameng,27.4061243,93.14836942,24.06,15.89524999,0.388176287,0
Arunachal Pradesh,East Kameng,27.56270206,93.28215988,22.93,14.89991042,0.400182607,0
Arunachal Pradesh,East Kameng,27.21481536,93.27736044,14.02,14.61155501,0.441052194,0
Arunachal Pradesh,East Kameng,27.18192078,93.19983157,10.09,15.01079908,0.437922442,0
Arunachal Pradesh,East Kameng,27.3023146,92.84338171,13.1,16.51021497,0.417367233,0
Arunachal Pradesh,East Kameng,27.29290532,93.2022216,17.55,15.21882429,0.392589905,0
Arunachal Pradesh,East Siang,28.10014014,95.05305287,4.72,21.13121226,0.46998051,0
Arunachal Pradesh,East Siang,28.27940157,95.04447948,17.78,21.37235308,0.503965291,0
Arunachal Pradesh,East Siang,28.07096996,95.34363505,0,20.93969344,0.505897073,0
Arunachal Pradesh,East Siang,28.40047484,95.16609354,11.97,22.46564139,0.521324008,0
Arunachal Pradesh,East Siang,28.08554958,95.07349024,2.98,21.11984115,0.499884141,0
Arunachal Pradesh,East Siang,28.34155031,95.38729203,27.72,20.79388442,0.452642448,0
Arunachal Pradesh,East Siang,28.36468493,95.49189531,3.39,21.60958024,0.521560901,0
Arunachal Pradesh,East Siang,28.05044649,95.45337525,0.51,20.09043486,0.513587111,0
Arunachal Pradesh,East Siang,28.21148451,95.36023143,15.66,19.97927727,0.463872457,0
Arunachal Pradesh,East Siang,28.01169832,95.52235322,0.15,22.69124688,0.512601222,0
Arunachal Pradesh,East Siang,28.24996905,95.34104907,21.97,20.33460363,0.458806705,0
Arunachal Pradesh,East Siang,28.27953763,95.47846044,25.16,21.7771897,0.441145461,0
Arunachal Pradesh,East Siang,28.08410279,95.45800917,0.57,20.43108443,0.446926616,0
Arunachal Pradesh,East Siang,28.14001508,95.34478944,13.73,20.71676771,0.486503231,0
Arunachal Pradesh,East Siang,28.24450173,95.47054047,31.49,23.08777187,0.516106605,0
Arunachal Pradesh,East Siang,27.96624113,95.39141642,0.05,21.14442866,0.514963733,0
Arunachal Pradesh,East Siang,28.01471664,95.05485595,25.33,24.09105891,0.521703491,0
Arunachal Pradesh,East Siang,27.96166547,95.3388944,0.26,24.08636425,0.430506504,0
Arunachal Pradesh,East Siang,28.39564816,95.13188745,10.73,22.95942434,0.510825861,0
Arunachal Pradesh,East Siang,28.05248455,95.06615055,4.47,21.21519601,0.460399908,0
Arunachal Pradesh,East Siang,28.37887149,95.13928234,21.39,23.01704443,0.512841965,0
Arunachal Pradesh,East Siang,28.28112505,95.29927993,17.55,23.73220846,0.464574092,0
Arunachal Pradesh,East Siang,28.05291406,95.5093621,0.46,21.33255519,0.473548685,0
Arunachal Pradesh,East Siang,28.20382653,95.32208758,5.34,23.04534574,0.432471018,0
Arunachal Pradesh,East Siang,28.04267369,95.47245196,0,21.35784055,0.440128263,0
Arunachal Pradesh,East Siang,28.28878098,95.49794228,22.93,19.94260271,0.477857227,0
Arunachal Pradesh,East Siang,28.40531334,95.53669665,13.1,23.51636946,0.443399993,0
Arunachal Pradesh,East Siang,28.08009414,95.40367857,0.82,22.65927567,0.431164012,0
Arunachal Pradesh,East Siang,28.3232967,95.27781085,14.99,23.50501196,0.433701942,0
Arunachal Pradesh,East Siang,28.07048378,95.05466302,12.56,24.03429538,0.514873332,0
Arunachal Pradesh,East Siang,28.20429348,95.13848731,15.7,20.45965878,0.440562391,0
Arunachal Pradesh,East Siang,28.09712351,95.5267484,0.41,22.79840676,0.454485286,0
Arunachal Pradesh,East Siang,28.25226897,95.06051134,3.96,23.85079824,0.458814949,0
Arunachal Pradesh,East Siang,27.93289041,95.2006522,0,22.19744111,0.506682622,0
Arunachal Pradesh,East Siang,28.22503124,95.12731183,27.28,20.59977955,0.468066739,0
Arunachal Pradesh,East Siang,28.06272069,95.36385579,0.05,19.88117821,0.504671285,0
Arunachal Pradesh,East Siang,27.97584619,95.30702566,0,19.79640907,0.463063855,0
Arunachal Pradesh,East Siang,28.11654907,95.0438413,7.78,22.26061101,0.43262977,0
Arunachal Pradesh,East Siang,28.32474227,95.49301258,18.85,21.25492119,0.428978063,0
Arunachal Pradesh,East Siang,28.34496889,95.0618348,12.61,23.97716248,0.435641011,0
Arunachal Pradesh,East Siang,27.97473223,95.50597832,0.46,22.08448847,0.436835583,0
Arunachal Pradesh,East Siang,28.39692703,95.04201821,10.24,22.64780455,0.500740368,0
Arunachal Pradesh,East Siang,28.18937079,95.34152694,8.93,20.98351858,0.508439387,0
Arunachal Pradesh,East Siang,27.92499182,95.52745534,0.1,20.2016356,0.469003006,0
Arunachal Pradesh,East Siang,28.27894537,95.37761709,23.84,21.74719075,0.511794938,0
Arunachal Pradesh,East Siang,28.12666619,95.39610629,1.39,20.33571707,0.477881935,0
Arunachal Pradesh,East Siang,28.03899485,95.40787314,0.36,19.95209448,0.440153641,0
Arunachal Pradesh,East Siang,28.36556103,95.38213619,5.75,22.62408803,0.505882814,0
Arunachal Pradesh,East Siang,28.35771582,95.41190757,33.44,22.49100485,0.494833178,0
Arunachal Pradesh,East Siang,28.04010626,95.1183013,17.55,23.32184301,0.47816736,0
Assam,Goalpara,25.95508594,90.27043076,0.05,18.32960427,0.317017116,0
Assam,Goalpara,25.91501721,90.50145212,4.06,16.56655395,0.286872549,0
Assam,Goalpara,26.09489249,90.67484769,0.1,15.8218926,0.289559816,0
Assam,Goalpara,26.06581481,90.26658382,0.15,18.08953834,0.277154823,0
Assam,Goalpara,26.29732306,90.26953013,0.57,17.57506573,0.275784657,0
Assam,Goalpara,26.0200125,90.35199852,0.05,15.61329947,0.321521624,0
Assam,Goalpara,25.87294702,90.45618899,4.57,16.66953251,0.291944144,0
Assam,Goalpara,26.18101239,90.45198023,0,16.98169319,0.33228551,0
Assam,Goalpara,25.94596773,90.41411146,0,16.09589173,0.319317975,0
Assam,Goalpara,25.83847418,90.26765517,0.51,15.42320575,0.28860527,0
Assam,Goalpara,25.97320613,90.6713383,0.1,16.92505973,0.320878474,0
Assam,Goalpara,25.99940756,90.41736347,0.31,18.24949978,0.302114919,0
Assam,Goalpara,26.02927206,90.67616535,0,17.67739222,0.282476427,0
Assam,Goalpara,26.19643071,90.48577208,0,15.5861902,0.290974705,0
Assam,Goalpara,25.9322715,90.65892191,0.51,17.86389282,0.286802519,0
Assam,Goalpara,26.27841035,90.44577381,0.15,17.55079851,0.32689422,0
Assam,Goalpara,25.976534,90.31458641,0.21,17.49376331,0.321629596,0
Assam,Goalpara,26.24881066,90.57927298,0.31,17.81158839,0.29474385,0
Assam,Goalpara,26.05067704,90.44873336,1.18,15.6297208,0.32528451,0
Assam,Goalpara,26.20992118,90.60042923,0.26,15.54199155,0.309135591,0
Assam,Goalpara,25.89733919,90.65174013,0.15,16.41321217,0.285140352,0
Assam,Goalpara,26.08521052,90.38959452,0,16.29626852,0.281609596,0
Assam,Goalpara,26.33078114,90.31060503,4.37,16.38266646,0.29360206,0
Assam,Goalpara,26.10755301,90.5601709,0.67,16.4888311,0.323324287,0
Assam,Goalpara,26.11228628,90.66434604,0.1,15.18151913,0.29151728,0
Assam,Goalpara,26.17349744,90.66121654,0.05,15.79767918,0.289532815,0
Assam,Goalpara,25.92294781,90.53060327,0.57,16.39829414,0.329071005,0
Assam,Goalpara,26.12498714,90.60657784,0.15,18.52446121,0.278258175,0
Assam,Goalpara,26.16506322,90.36710627,0.1,16.12916679,0.331276302,0
Assam,Goalpara,26.17908156,90.54560701,1.18,17.12104776,0.292133521,0
Assam,Goalpara,25.98762496,90.43666955,0.57,18.47865065,0.330187527,0
Assam,Goalpara,26.24232914,90.61882251,0.31,17.85330442,0.314841613,0
Assam,Goalpara,26.06568673,90.70752038,0.15,17.08482178,0.290494675,0
Assam,Goalpara,26.09689346,90.29375854,0,17.35858141,0.279823409,0
Assam,Goalpara,26.21330081,90.35031756,0.05,16.71827386,0.32141451,0
Assam,Goalpara,26.12800086,90.26870711,0,17.99253433,0.327078506,0
Assam,Goalpara,26.26375366,90.68790572,0.21,17.46055475,0.306966714,0
Assam,Goalpara,26.14387608,90.49663742,0.31,16.44442938,0.314676485,0
Assam,Goalpara,26.15225099,90.3260495,0,17.63632778,0.296999735,0
Assam,Goalpara,26.21882075,90.25078522,0.1,15.59539844,0.279931613,0
Assam,Goalpara,25.86590297,90.5652872,6.71,15.29338602,0.273956337,0
Assam,Goalpara,26.25366142,90.38204847,0.31,17.49039115,0.288869323,0
Assam,Goalpara,26.04704521,90.36438613,0.46,16.36092833,0.316450892,0
Assam,Goalpara,26.31888631,90.25499461,0.46,15.80077629,0.296815959,0
Assam,Goalpara,26.05276162,90.34295765,0.26,16.12488999,0.331118111,0
Assam,Goalpara,26.27056917,90.40410183,0.72,15.20771683,0.302626995,0
Assam,Goalpara,25.95635504,90.37952207,1.54,16.21515974,0.29154569,0
Assam,Goalpara,25.89992289,90.53316716,0.15,17.810064,0.320780665,0
Assam,Goalpara,26.01696115,90.38406441,0.1,16.01476461,0.303560046,0
Assam,Goalpara,26.02594785,90.65105774,0.05,17.07732751,0.28915717,0
Assam,Hailakandi,24.65069857,92.37764158,0.98,12.02383563,0.398717417,0
Assam,Hailakandi,24.48346371,92.79981055,0.15,12.372808,0.428288606,0
Assam,Hailakandi,24.39655255,92.58618792,2.73,12.72516775,0.371607218,0
Assam,Hailakandi,24.39387099,92.60649834,1.6,11.66831793,0.442760641,0
Assam,Hailakandi,24.37593547,92.7840083,1.03,14.02602263,0.414280158,0
Assam,Hailakandi,24.36757006,92.70628836,0.26,14.10319561,0.43397753,0
Assam,Hailakandi,24.60509772,92.51846386,0.1,13.92098557,0.392775244,0
Assam,Hailakandi,24.42643688,92.783764,2.06,14.11527944,0.422440477,0
Assam,Hailakandi,24.31711777,92.44552303,1.29,12.49251735,0.369947959,0
Assam,Hailakandi,24.73143963,92.75566162,0.1,13.20350606,0.372586412,0
Assam,Hailakandi,24.30836426,92.69902329,13.05,13.70564239,0.367283788,0
Assam,Hailakandi,24.44935667,92.4077175,0.26,12.96629098,0.38219685,0
Assam,Hailakandi,24.61337321,92.48996274,0.36,14.12670213,0.372227051,0
Assam,Hailakandi,24.35129982,92.73901402,2.52,13.43574746,0.427698442,0
Assam,Hailakandi,24.740687,92.38624447,0,13.91712437,0.403361481,0
Assam,Hailakandi,24.31663338,92.83593359,5.34,12.01332937,0.425209381,0
Assam,Hailakandi,24.63416779,92.64463705,0.05,14.17685664,0.388846086,0
Assam,Hailakandi,24.69270068,92.54427412,0.15,14.03653345,0.386732024,0
Assam,Hailakandi,24.51910097,92.44480592,0.31,12.48452664,0.369682746,0
Assam,Hailakandi,24.60189149,92.46650646,0.1,12.04325684,0.422421591,0
Assam,Hailakandi,24.42253133,92.41003137,0.26,12.13016141,0.403432169,0
Assam,Hailakandi,24.35977967,92.76998351,1.7,13.62488992,0.385000045,0
Assam,Hailakandi,24.64539896,92.68487735,0.05,12.79737502,0.367073414,0
Assam,Hailakandi,24.32249385,92.779683,3.14,13.62753821,0.422455134,0
Assam,Hailakandi,24.38996443,92.84621172,1.44,13.93825166,0.369591216,0
Assam,Hailakandi,24.58299504,92.78964186,1.8,12.07193995,0.413939865,0
Assam,Hailakandi,24.38483945,92.66620088,2.93,13.17442119,0.363723369,0
Assam,Hailakandi,24.28341931,92.7436928,2.57,13.75424054,0.424611422,0
Assam,Hailakandi,24.62556468,92.38516507,0,13.79313227,0.442169652,0
Assam,Hailakandi,24.28183389,92.44527233,0.26,11.68284454,0.382449446,0
Assam,Hailakandi,24.68617489,92.86673072,0,13.80566318,0.434992575,0
Assam,Hailakandi,24.60265328,92.41379158,0.15,12.21367979,0.39859977,0
Assam,Hailakandi,24.75068,92.53888537,0.93,13.71860651,0.377623986,0
Assam,Hailakandi,24.44556431,92.82525239,2.06,12.06597113,0.432360417,0
Assam,Hailakandi,24.35114907,92.42373903,0.1,14.08677067,0.380108005,0
Assam,Hailakandi,24.3454117,92.62177908,0.67,11.84964229,0.417917898,0
Assam,Hailakandi,24.40981099,92.45443854,0.62,12.26084926,0.377943446,0
Assam,Hailakandi,24.46760379,92.78199673,2.57,12.16381123,0.374227955,0
Assam,Hailakandi,24.73334041,92.43208748,0.87,13.27993941,0.42219157,0
Assam,Hailakandi,24.42720374,92.81527387,0.98,13.84019367,0.371581401,0
Assam,Hailakandi,24.61327126,92.58145217,0.26,13.72252391,0.41408393,0
Assam,Hailakandi,24.57615707,92.42582728,0.05,14.06692691,0.384377066,0
Assam,Hailakandi,24.41082293,92.7515665,1.39,12.43576755,0.386926713,0
Assam,Hailakandi,24.36353519,92.45436933,0.82,13.45990077,0.371730077,0
Assam,Hailakandi,24.52252561,92.40970308,0,13.25817947,0.37442172,0
Assam,Hailakandi,24.40226095,92.42487028,0.15,13.6617798,0.362697212,0
Assam,Hailakandi,24.54823965,92.44557226,0.1,14.13741906,0.417359849,0
Assam,Hailakandi,24.7653528,92.70096889,1.6,13.06585109,0.431469827,0
Assam,Hailakandi,24.45634472,92.75198166,2.52,13.96164632,0.378764535,0
Assam,Hailakandi,24.55847294,92.3751991,0.57,12.90189348,0.374142488,0
Assam,Jorhat,26.51240117,94.29433654,1.03,13.03876895,0.448187819,0
Assam,Jorhat,26.44043087,94.6012018,4.67,12.06074523,0.481389857,0
Assam,Jorhat,26.76076763,94.1662143,0.26,11.03987636,0.507705007,0
Assam,Jorhat,26.66594759,94.23843106,0,10.90582437,0.478930214,0
Assam,Jorhat,26.76380697,94.11350346,0,11.66740669,0.496368162,0
Assam,Jorhat,26.68410197,94.44085585,0.21,12.60387731,0.527578113,0
Assam,Jorhat,26.78186816,94.50801847,0.05,12.69102448,0.479939338,0
Assam,Jorhat,26.53753005,94.43701235,5.39,11.15391829,0.491945522,0
Assam,Jorhat,26.72844916,94.21719553,0.15,12.57697302,0.458693187,0
Assam,Jorhat,26.80371294,94.32579777,0.31,12.26318953,0.448258785,0
Assam,Jorhat,26.38308729,94.19209454,1.96,12.57192186,0.472028106,0
Assam,Jorhat,26.31681885,94.18949728,9.29,12.91602412,0.454416782,0
Assam,Jorhat,26.77353881,94.30729111,0.15,11.42506516,0.476812274,0
Assam,Jorhat,26.34166426,94.44163698,2.52,12.15550474,0.458114895,0
Assam,Jorhat,26.66106999,94.27381749,0,12.01721928,0.467568742,0
Assam,Jorhat,26.51730175,94.4545729,5.24,11.5002457,0.505561916,0
Assam,Jorhat,26.79151476,94.44102197,0.26,12.97411816,0.437301421,0
Assam,Jorhat,26.63028391,94.19193733,0.26,10.99742909,0.513900302,0
Assam,Jorhat,26.31564956,94.45284697,6.81,11.56922047,0.464699763,0
Assam,Jorhat,26.70874553,94.21729094,0.31,11.27710333,0.532453172,0
Assam,Jorhat,26.32072649,94.37496967,4.11,10.7885072,0.490453322,0
Assam,Jorhat,26.44074429,94.13162477,0.05,11.76821567,0.503101924,0
Assam,Jorhat,26.32504319,94.53700748,8.08,10.82950257,0.464405251,0
Assam,Jorhat,26.42266922,94.18595845,2.01,10.92977188,0.517214833,0
Assam,Jorhat,26.38693032,94.58821995,12.31,11.91666148,0.463302848,0
Assam,Jorhat,26.6070189,94.21055753,0.15,11.29342739,0.491892084,0
Assam,Jorhat,26.69634624,94.39498651,0.21,12.60625132,0.49574227,0
Assam,Jorhat,26.44267099,94.32610495,12.17,11.39881181,0.474851817,0
Assam,Jorhat,26.51388247,94.1953033,0.05,12.86117854,0.464845813,0
Assam,Jorhat,26.77810027,94.15822636,0.05,11.55011419,0.43972306,0
Assam,Jorhat,26.38499876,94.26362163,0.57,12.79738492,0.445977931,0
Assam,Jorhat,26.40151578,94.39450855,6.91,13.00527565,0.500019757,0
Assam,Jorhat,26.40760077,94.22273857,0.36,10.75851679,0.492656786,0
Assam,Jorhat,26.4670276,94.13695431,0.05,11.58348266,0.494193525,0
Assam,Jorhat,26.75833669,94.35280069,0.1,13.07838906,0.531311146,0
Assam,Jorhat,26.45461888,94.34324147,2.78,12.0727547,0.451625968,0
Assam,Jorhat,26.78911848,94.28680365,0.1,11.82767284,0.531117615,0
Assam,Jorhat,26.53818803,94.5549352,0.21,10.85249357,0.519045512,0
Assam,Jorhat,26.36747215,94.31877114,5.9,12.36805934,0.476200728,0
Assam,Jorhat,26.63739266,94.58966002,3.96,12.48376077,0.502576922,0
Assam,Jorhat,26.81150689,94.39388511,0,11.71580048,0.492342385,0
Assam,Jorhat,26.79733482,94.48245667,0.67,12.90340603,0.443321335,0
Assam,Jorhat,26.71886607,94.5983623,0.98,11.95400611,0.521175455,0
Assam,Jorhat,26.6916093,94.55491032,2.78,11.88006133,0.530723175,0
Assam,Jorhat,26.35121986,94.25323061,5.59,11.32709564,0.512053231,0
Assam,Jorhat,26.63759952,94.11627115,0.1,12.1470315,0.528082014,0
Assam,Jorhat,26.49732214,94.12033125,0,12.62836557,0.488994345,0
Assam,Jorhat,26.61256749,94.59461172,10.28,11.68131298,0.486397113,0
Assam,Jorhat,26.46815301,94.52037657,3.39,11.25181609,0.444751842,0
Assam,Jorhat,26.56782867,94.57605432,8.98,11.15976741,0.44117111,0
Arunachal Pradesh,Kamle,27.55998078,94.15103018,15.8,14.90812806,0.381520883,0
Arunachal Pradesh,Kamle,27.87105809,94.19887072,8.03,16.04537367,0.397802649,0
Arunachal Pradesh,Kamle,27.61676028,94.31436487,3.7,15.62198938,0.434697661,0
Arunachal Pradesh,Kamle,27.67858363,94.15727704,21.12,15.36476927,0.430391967,0
Arunachal Pradesh,Kamle,28.02045985,94.32607754,9.39,14.04252531,0.372367956,0
Arunachal Pradesh,Kamle,27.58399189,93.93310356,3.24,14.43015204,0.371360549,0
Arunachal Pradesh,Kamle,27.64674892,94.31097536,9.99,14.04710801,0.448016198,0
Arunachal Pradesh,Kamle,27.89706839,94.00058717,9.69,14.23006822,0.409547662,0
Arunachal Pradesh,Kamle,27.94697419,94.1227038,14.36,14.51788557,0.372678049,0
Arunachal Pradesh,Kamle,27.60515394,94.11221505,11.13,14.69217558,0.45079433,0
Arunachal Pradesh,Kamle,27.58543387,94.23650844,3.19,13.7301112,0.39868708,0
Arunachal Pradesh,Kamle,27.56657501,94.28293948,7.47,14.69450106,0.415278958,0
Arunachal Pradesh,Kamle,27.57097638,94.06404932,9.24,15.70234413,0.411270849,0
Arunachal Pradesh,Kamle,28.00091733,93.97787564,27.64,15.84029468,0.449500276,0
Arunachal Pradesh,Kamle,28.0302491,94.28300353,0.15,14.13120617,0.431171163,0
Arunachal Pradesh,Kamle,27.67834677,94.06664482,14.89,15.24966937,0.408700113,0
Arunachal Pradesh,Kamle,27.91402983,93.84774161,17.41,14.2144642,0.396686673,0
Arunachal Pradesh,Kamle,27.59907073,94.08634367,10.58,16.25478534,0.409079912,0
Arunachal Pradesh,Kamle,27.98158715,93.90660573,24.27,16.5010192,0.381618352,0
Arunachal Pradesh,Kamle,27.55983433,93.95185914,6.15,14.07595277,0.407436827,0
Arunachal Pradesh,Kamle,27.89095353,94.22012843,9.79,15.98317721,0.42520072,0
Arunachal Pradesh,Kamle,27.9552256,94.0968238,22.14,15.18784228,0.419535011,0
Arunachal Pradesh,Kamle,27.66454182,94.13956884,8.63,16.30139108,0.372190387,0
Arunachal Pradesh,Kamle,27.57902309,94.18285106,21.03,14.30883739,0.439588806,0
Arunachal Pradesh,Kamle,27.63612446,93.9600681,3.39,15.63438836,0.425455916,0
Arunachal Pradesh,Kamle,27.63919851,94.27194409,5.08,16.29341204,0.448113155,0
Arunachal Pradesh,Kamle,27.69781303,94.28519111,18.66,15.65823648,0.404146973,0
Arunachal Pradesh,Kamle,27.77240314,94.25222972,19.54,16.3758678,0.450290776,0
Arunachal Pradesh,Kamle,27.89866502,93.92084709,4.93,16.26658487,0.371212661,0
Arunachal Pradesh,Kamle,27.60160827,94.01784447,13.39,14.68151668,0.451677481,0
Arunachal Pradesh,Kamle,27.93216571,94.32790313,2.42,15.83719971,0.440668204,0
Arunachal Pradesh,Kamle,27.91802507,94.27479473,5.8,14.25380908,0.446733008,0
Arunachal Pradesh,Kamle,27.65991205,94.24877486,8.48,13.86863954,0.381165974,0
Arunachal Pradesh,Kamle,27.95217457,93.9993405,29.97,15.64287414,0.421731673,0
Arunachal Pradesh,Kamle,28.03442181,94.11620858,17.13,15.44174789,0.431547153,0
Arunachal Pradesh,Kamle,27.74548361,94.14684023,26.79,13.83655541,0.43409889,0
Arunachal Pradesh,Kamle,27.97721922,93.95861583,24.32,15.63003184,0.412765096,0
Arunachal Pradesh,Kamle,27.77838079,93.90991846,0.87,15.75038398,0.404621518,0
Arunachal Pradesh,Kamle,27.8142152,94.20977843,15.13,13.61323895,0.429864302,0
Arunachal Pradesh,Kamle,27.98711205,94.01920873,15.99,14.36485814,0.412088349,0
Arunachal Pradesh,Kamle,27.63041944,93.99114372,2.11,13.75839661,0.382733637,0
Arunachal Pradesh,Kamle,27.61799622,94.13749237,13.58,16.27419818,0.420926422,0
Arunachal Pradesh,Kamle,27.56899441,94.10872876,16.94,15.32908564,0.404947605,0
Arunachal Pradesh,Kamle,27.76062967,93.84019698,15.8,13.76985713,0.435082099,0
Arunachal Pradesh,Kamle,27.62329556,94.17172191,2.93,14.79260607,0.428492711,0
Arunachal Pradesh,Kamle,27.72091134,94.29871178,11.08,13.70841434,0.396821947,0
Arunachal Pradesh,Kamle,28.00372727,94.11768229,14.51,14.4618598,0.437463671,0
Arunachal Pradesh,Kamle,27.98275864,94.04973035,5.8,15.34202304,0.439571023,0
Arunachal Pradesh,Kamle,27.94681484,94.18552417,14.17,15.71678135,0.436459839,0
Arunachal Pradesh,Kamle,27.59078473,93.91356055,6.25,13.71067422,0.449271621,0
Assam,Kamrup,25.92270275,91.77276052,1.13,13.10544848,0.520904442,0
Assam,Kamrup,25.91560523,91.64773854,7.12,13.9361737,0.465497312,0
Assam,Kamrup,26.35825264,91.70409885,0.41,13.78667303,0.453596855,0
Assam,Kamrup,26.37151829,92.03705465,0.21,13.25804086,0.514461807,0
Assam,Kamrup,26.03146363,91.67827474,2.83,14.20619544,0.435065434,0
Assam,Kamrup,26.19528729,91.63280433,0.36,12.17753263,0.451997631,0
Assam,Kamrup,25.9557921,92.01294007,0.15,14.47035421,0.522102541,0
Assam,Kamrup,26.03930806,91.80792231,0.36,12.71123893,0.475727237,0
Assam,Kamrup,25.98243082,91.80360399,1.24,14.24850117,0.458740098,0
Assam,Kamrup,25.88354685,92.01980171,0.82,12.85614038,0.44354123,0
Assam,Kamrup,25.95901334,91.79332856,0.93,14.39801289,0.498056996,0
Assam,Kamrup,26.29965473,91.84475242,0.21,12.73494259,0.513417681,0
Assam,Kamrup,25.94086298,91.77105872,1.13,14.71708336,0.519719143,0
Assam,Kamrup,26.3045706,91.76831856,0.31,14.19452371,0.459059984,0
Assam,Kamrup,26.27287519,91.81962643,1.29,13.23924516,0.488045221,0
Assam,Kamrup,25.96861326,91.7743809,6.76,13.23529534,0.449385158,0
Assam,Kamrup,25.9955415,92.01415027,9.34,12.47591274,0.492515866,0
Assam,Kamrup,25.93631973,91.59144515,0.93,14.84706134,0.507241988,0
Assam,Kamrup,25.92046116,91.92034604,10.88,14.53615397,0.440901875,0
Assam,Kamrup,25.95265144,91.64461734,14.07,13.25719426,0.468144615,0
Assam,Kamrup,26.31595433,91.66690076,0.05,12.38873551,0.498723982,0
Assam,Kamrup,25.92059165,92.01781773,3.09,12.38802347,0.496532215,0
Assam,Kamrup,26.25453306,91.82561415,0.1,13.72098313,0.470561335,0
Assam,Kamrup,26.34756635,91.79156209,0.05,13.47641023,0.462835212,0
Assam,Kamrup,25.99640804,91.75824762,1.65,14.55936518,0.48452306,0
Assam,Kamrup,26.01807258,91.6380391,0.98,13.4440476,0.489209361,0
Assam,Kamrup,25.95356761,92.06582799,0.87,13.72217754,0.524896775,0
Assam,Kamrup,26.29825112,91.972824,0,13.65973609,0.498344985,0
Assam,Kamrup,26.01272922,91.81380166,5.18,14.83303278,0.518779083,0
Assam,Kamrup,25.98809231,91.87426068,0.51,13.06229281,0.453476097,0
Assam,Kamrup,25.92032647,91.96233829,8.53,13.92782215,0.44244735,0
Assam,Kamrup,26.29916118,92.08093457,0,13.05552278,0.489415068,0
Assam,Kamrup,26.31478501,92.03956849,0.1,13.75163781,0.489890224,0
Assam,Kamrup,26.20325555,91.60780743,0.26,13.33203713,0.497032878,0
Assam,Kamrup,26.30526045,91.79591914,0.15,13.08036169,0.505103623,0
Assam,Kamrup,25.9832684,91.92668995,0.15,13.41414473,0.516569313,0
Assam,Kamrup,25.96086544,91.71192675,2.57,14.5198021,0.461271853,0
Assam,Kamrup,26.33749228,91.71707819,0.15,12.43913234,0.513633976,0
Assam,Kamrup,25.99288261,92.05164461,0.98,14.20244323,0.518002176,0
Assam,Kamrup,25.93417224,91.99154701,0.98,14.06003168,0.523949631,0
Assam,Kamrup,26.25469281,91.62054852,0,13.97730864,0.437071624,0
Assam,Kamrup,25.99877318,91.72743058,0.62,12.58660382,0.512993762,0
Assam,Kamrup,26.25721341,91.77586392,0.1,13.37847499,0.44262068,0
Assam,Kamrup,26.31950334,91.93101492,0.1,13.14330001,0.518656562,0
Assam,Kamrup,25.88526212,91.65027368,3.29,13.01321693,0.477770086,0
Assam,Kamrup,26.37038667,91.66395041,0.41,12.51192793,0.448681864,0
Assam,Kamrup,26.24221894,92.08716535,0.05,14.0660369,0.475171375,0
Assam,Kamrup,26.22000854,92.07566096,0,12.83035962,0.444369697,0
Assam,Kamrup,26.34584652,91.94097375,0.05,12.4396645,0.459497074,0
Assam,Kamrup,26.08725087,91.66967252,1.49,14.07077358,0.492877981,0
Assam,Kamrup (Metro),26.06931926,91.66332101,0.1,14.77016222,0.478878279,0
Assam,Kamrup (Metro),26.31998046,91.59799985,0.1,14.38294149,0.46431545,0
Assam,Kamrup (Metro),26.35800707,91.73547858,0.1,15.54626978,0.526447899,0
Assam,Kamrup (Metro),26.34149914,91.91564517,0,13.38561311,0.443083834,0
Assam,Kamrup (Metro),25.94426792,91.9490022,1.24,15.06480869,0.527519987,0
Assam,Kamrup (Metro),26.41398459,91.63161446,0.15,13.78537029,0.476886437,0
Assam,Kamrup (Metro),26.00902012,91.99584794,0.57,13.90991381,0.515857137,0
Assam,Kamrup (Metro),26.38483861,91.59069489,0.21,15.50747167,0.51369997,0
Assam,Kamrup (Metro),26.05047544,91.60714851,3.8,15.61054674,0.498834206,0
Assam,Kamrup (Metro),26.30399715,91.5394964,0,13.34428594,0.501303219,0
Assam,Kamrup (Metro),26.00816523,91.91692122,1.96,15.46945641,0.453068542,0
Assam,Kamrup (Metro),26.00604154,91.9759853,3.09,14.68345918,0.466246098,0
Assam,Kamrup (Metro),26.29594509,91.68280342,0,14.19523801,0.510401901,0
Assam,Kamrup (Metro),25.97139327,91.57064026,4.67,15.52609742,0.441802316,0
Assam,Kamrup (Metro),25.95499017,91.87643727,10.83,13.86933601,0.457467956,0
Assam,Kamrup (Metro),25.96615188,91.98430717,1.13,15.30567618,0.46309632,0
Assam,Kamrup (Metro),26.30115349,91.6443055,0.26,16.04928757,0.507748224,0
Assam,Kamrup (Metro),26.38382584,91.73139154,0.05,13.57055694,0.530192282,0
Assam,Kamrup (Metro),26.02453364,91.71068486,0.26,13.80178538,0.441860509,0
Assam,Kamrup (Metro),26.39818268,91.92436494,0.26,14.35968626,0.517762969,0
Assam,Kamrup (Metro),26.10809977,91.56366114,0.05,15.64058924,0.529675167,0
Assam,Kamrup (Metro),26.02753939,91.98098988,0.77,15.07928088,0.502119614,0
Assam,Kamrup (Metro),26.19883247,91.5484492,3.65,15.53493684,0.451983135,0
Assam,Kamrup (Metro),26.32319682,91.76511711,0,14.13002351,0.498816977,0
Assam,Kamrup (Metro),26.33142088,91.68163034,0.31,13.39986242,0.508970511,0
Assam,Kamrup (Metro),26.37993794,91.92028822,0,14.73952954,0.506013498,0
Assam,Kamrup (Metro),25.93223993,91.65624925,0.67,15.07601087,0.49293898,0
Assam,Kamrup (Metro),26.05631152,91.58740835,0.1,14.88465797,0.522801437,0
Assam,Kamrup (Metro),26.38436807,91.55920509,0.26,15.46124079,0.451185677,0
Assam,Kamrup (Metro),25.96465138,91.9180238,3.8,14.46681806,0.446556826,0
Assam,Kamrup (Metro),26.30057554,91.61127957,0.26,14.26097459,0.435333826,0
Assam,Kamrup (Metro),26.33913069,91.98112854,0.31,16.14849432,0.494350921,0
Assam,Kamrup (Metro),26.28461356,91.90969718,0.21,13.71120833,0.520072897,0
Assam,Kamrup (Metro),25.97888118,91.674015,0.31,13.44081662,0.435136602,0
Assam,Kamrup (Metro),26.39225134,91.94798625,0.05,13.79023382,0.495399589,0
Assam,Kamrup (Metro),26.40069152,91.61539064,0.26,14.76157137,0.48362316,0
Assam,Kamrup (Metro),26.3942067,91.77724377,0.05,14.8829807,0.455373801,0
Assam,Kamrup (Metro),26.28472697,91.7733344,0.1,15.47601867,0.469595254,0
Assam,Kamrup (Metro),26.00726516,91.78336252,0.26,14.58516248,0.443301744,0
Assam,Kamrup (Metro),26.30478267,92.00679829,0,13.31139582,0.509740183,0
Assam,Kamrup (Metro),25.99396068,91.94792974,4.83,14.73423207,0.444664744,0
Assam,Kamrup (Metro),26.15086506,91.54794741,0.31,13.910552,0.486988313,0
Assam,Kamrup (Metro),26.00117842,91.85768556,2.52,13.80699788,0.518388823,0
Assam,Kamrup (Metro),25.97272142,91.64274037,0.31,15.12298597,0.496426289,0
Assam,Kamrup (Metro),26.24426642,91.60061983,0.21,16.11970802,0.522385071,0
Assam,Kamrup (Metro),26.01421679,91.56637716,0.57,14.43868798,0.529883584,0
Assam,Kamrup (Metro),26.39760958,91.69896541,0.05,14.19466424,0.515113162,0
Assam,Kamrup (Metro),26.40574274,91.98233368,0.15,14.31135258,0.530981745,0
Assam,Kamrup (Metro),26.22648688,92.02162183,0.05,15.90032917,0.476974605,0
Assam,Kamrup (Metro),26.32142324,91.74312587,1.39,16.04253538,0.45288431,0
Assam,Kamrup (Rural),25.91837643,91.23127154,0.51,16.02433522,0.491625858,0
Assam,Kamrup (Rural),25.9398155,91.51149601,2.37,15.44264962,0.45969744,0
Assam,Kamrup (Rural),26.01228451,91.10504604,0.15,15.81153255,0.474137255,0
Assam,Kamrup (Rural),25.63708788,91.33430256,0,15.82530499,0.464193451,0
Assam,Kamrup (Rural),25.63575786,91.16200342,0.46,15.34568871,0.479527759,0
Assam,Kamrup (Rural),25.62913403,91.36353293,11.97,13.56631594,0.509138456,0
Assam,Kamrup (Rural),25.87918433,91.2738751,12.31,14.51640254,0.465898144,0
Assam,Kamrup (Rural),25.9060709,91.48226071,4.62,15.30330167,0.523781578,0
Assam,Kamrup (Rural),25.68641766,91.08914151,1.49,14.81850933,0.465417717,0
Assam,Kamrup (Rural),25.98986449,91.44557189,0.1,13.88047195,0.460335099,0
Assam,Kamrup (Rural),25.67677449,91.43945069,6.86,15.04155334,0.482705943,0
Assam,Kamrup (Rural),25.84355247,91.56548985,0.1,16.4516195,0.51003308,0
Assam,Kamrup (Rural),25.72288654,91.16585843,4.52,15.11661017,0.527010472,0
Assam,Kamrup (Rural),25.85205254,91.08634558,0.62,14.09362661,0.48036653,0
Assam,Kamrup (Rural),26.0535805,91.45458801,0.21,14.90314922,0.515142015,0
Assam,Kamrup (Rural),25.93641228,91.2070697,0.21,15.57129146,0.485354054,0
Assam,Kamrup (Rural),25.6975259,91.4253883,10.24,15.30099871,0.500571928,0
Assam,Kamrup (Rural),26.04040475,91.49969355,0.21,15.31622643,0.480712343,0
Assam,Kamrup (Rural),25.81190617,91.08673228,3.85,13.85676535,0.481920685,0
Assam,Kamrup (Rural),25.99927074,91.22280234,0.1,13.93752002,0.456234266,0
Assam,Kamrup (Rural),26.03030542,91.10350751,0.05,15.7437695,0.519041773,0
Assam,Kamrup (Rural),25.75319744,91.47036751,7.78,15.97229494,0.494918882,0
Assam,Kamrup (Rural),26.05942876,91.29748693,0.05,14.08197846,0.508248368,0
Assam,Kamrup (Rural),25.88997001,91.45359481,0.31,14.2369053,0.443248674,0
Assam,Kamrup (Rural),25.80519412,91.3096556,2.57,13.97723029,0.524944095,0
Assam,Kamrup (Rural),25.98165276,91.52337462,0.72,14.90666187,0.444126937,0
Assam,Kamrup (Rural),25.75791981,91.40902039,15.08,16.53405316,0.443214965,0
Assam,Kamrup (Rural),25.74126199,91.31608628,5.39,13.88441486,0.467979543,0
Assam,Kamrup (Rural),26.03706782,91.31886321,2.47,13.57163574,0.504186094,0
Assam,Kamrup (Rural),25.65083799,91.45321725,10.14,14.44930803,0.481168544,0
Assam,Kamrup (Rural),25.72822981,91.54943022,11.48,13.98749401,0.51148645,0
Assam,Kamrup (Rural),25.8886645,91.10512904,0.21,14.05083608,0.519813839,0
Assam,Kamrup (Rural),25.81590648,91.15036705,1.85,15.37309493,0.497882747,0
Assam,Kamrup (Rural),25.96351922,91.35449516,6.76,14.23688165,0.448922539,0
Assam,Kamrup (Rural),25.67401003,91.38377932,5.54,14.98411476,0.491208349,0
Assam,Kamrup (Rural),26.08813939,91.42705261,0.31,15.44571001,0.47758326,0
Assam,Kamrup (Rural),26.09375665,91.47311832,0.62,14.21624143,0.47269097,0
Assam,Kamrup (Rural),25.6393185,91.48273049,9.64,15.1202044,0.479434734,0
Assam,Kamrup (Rural),26.06180601,91.53042089,0.1,15.12573322,0.459541769,0
Assam,Kamrup (Rural),25.71575428,91.3667772,3.24,15.56283767,0.506624671,0
Assam,Kamrup (Rural),25.64876089,91.09974413,1.49,14.08987738,0.528197754,0
Assam,Kamrup (Rural),25.71997174,91.50634243,18.01,15.25989064,0.441937547,0
Assam,Kamrup (Rural),25.78345604,91.32490536,15.47,15.71750394,0.533263414,0
Assam,Kamrup (Rural),25.92164432,91.07051212,0.05,15.69715195,0.459836794,0
Assam,Kamrup (Rural),25.81966398,91.51545203,1.44,14.93988601,0.459604772,0
Assam,Kamrup (Rural),25.9514528,91.56063904,1.13,15.13311814,0.519837273,0
Assam,Kamrup (Rural),25.70017531,91.37823312,0.51,14.1997846,0.506826611,0
Assam,Kamrup (Rural),25.70273535,91.33372891,1.08,15.61004266,0.456301777,0
Assam,Kamrup (Rural),25.65484173,91.31851674,1.34,15.63028776,0.484520477,0
Assam,Kamrup (Rural),26.01991783,91.49073859,0.05,15.32745845,0.461579948,0
Assam,Karbi Anglong,26.13394809,93.29114772,4.52,12.82866112,0.534465573,0
Assam,Karbi Anglong,26.16921183,93.5607384,1.44,13.51247326,0.537650765,0
Assam,Karbi Anglong,26.29474963,93.70070415,2.21,14.12567409,0.536159672,0
Assam,Karbi Anglong,26.4253242,93.58994644,4.67,13.51899452,0.471372828,0
Assam,Karbi Anglong,26.00117731,93.67496849,0.05,12.73230194,0.527370117,0
Assam,Karbi Anglong,26.17162748,93.64868221,6.1,12.70598131,0.454132934,0
Assam,Karbi Anglong,26.21669954,93.22294584,5.59,11.79780708,0.469393566,0
Assam,Karbi Anglong,26.14794371,93.25175929,0.87,13.88475038,0.525377569,0
Assam,Karbi Anglong,26.23730539,93.41602025,1.54,13.27599294,0.473534046,0
Assam,Karbi Anglong,26.14675093,93.33111442,0.62,12.89950275,0.457741529,0
Assam,Karbi Anglong,26.1707857,93.36801692,1.6,11.91785032,0.495247461,0
Assam,Karbi Anglong,26.33152735,93.53080206,4.83,12.72231989,0.520125964,0
Assam,Karbi Anglong,26.37373224,93.47393396,4.42,13.36511505,0.457967408,0
Assam,Karbi Anglong,26.21541608,93.59412617,3.5,12.98161007,0.482238461,0
Assam,Karbi Anglong,26.0343868,93.47385724,2.83,12.28523703,0.498287426,0
Assam,Karbi Anglong,26.44294112,93.62681015,1.39,13.12560244,0.512764875,0
Assam,Karbi Anglong,25.99236979,93.36546548,1.08,13.06842393,0.510251073,0
Assam,Karbi Anglong,26.01044495,93.34602156,5.8,12.04384219,0.453719087,0
Assam,Karbi Anglong,26.07973452,93.59435698,3.34,11.93654708,0.516827482,0
Assam,Karbi Anglong,26.40904322,93.22862402,3.6,12.31963649,0.479672251,0
Assam,Karbi Anglong,26.23285825,93.64255632,4.16,13.10676638,0.507149529,0
Assam,Karbi Anglong,26.00172359,93.24809168,0.51,13.56618215,0.534930487,0
Assam,Karbi Anglong,26.43908716,93.40432011,7.22,12.7760484,0.47353664,0
Assam,Karbi Anglong,26.2567593,93.55941784,2.62,12.33771794,0.479152976,0
Assam,Karbi Anglong,26.10642876,93.72100905,0.36,12.64928874,0.469678014,0
Assam,Karbi Anglong,26.07726488,93.70152185,0.15,12.75176174,0.44307115,0
Assam,Karbi Anglong,26.43013744,93.42930379,3.8,12.88266088,0.481650502,0
Assam,Karbi Anglong,26.09769243,93.45765656,7.07,13.2634144,0.48923385,0
Assam,Karbi Anglong,26.25926167,93.32823345,3.29,14.19253488,0.500357672,0
Assam,Karbi Anglong,25.99122912,93.56365881,3.5,12.53139714,0.451707781,0
Assam,Karbi Anglong,25.96062564,93.31911029,0.87,13.48317601,0.467016117,0
Assam,Karbi Anglong,26.08104322,93.65616113,0.05,13.00370895,0.540842491,0
Assam,Karbi Anglong,26.34736185,93.37229501,0.1,11.81340395,0.456871456,0
Assam,Karbi Anglong,26.31404721,93.36458292,9.59,12.87976088,0.452043432,0
Assam,Karbi Anglong,26.09937669,93.69238354,0.31,11.83461181,0.482921147,0
Assam,Karbi Anglong,26.02150869,93.53697982,5.29,12.36535769,0.512453242,0
Assam,Karbi Anglong,26.01628434,93.37386451,2.06,12.82229558,0.526303334,0
Assam,Karbi Anglong,26.33552542,93.59303718,5.03,12.6985285,0.539434246,0
Assam,Karbi Anglong,26.28452302,93.52932807,5.8,12.9078729,0.534107906,0
Assam,Karbi Anglong,26.19921602,93.48367701,6.25,12.55395214,0.487943352,0
Assam,Karbi Anglong,26.01651735,93.58055512,4.78,12.91010931,0.541219319,0
Assam,Karbi Anglong,26.39381748,93.43575391,4.57,13.29727127,0.501574205,0
Assam,Karbi Anglong,26.13042583,93.66679608,1.6,13.13905866,0.503256555,0
Assam,Karbi Anglong,26.03230804,93.69408278,0.46,11.90382398,0.518691942,0
Assam,Karbi Anglong,26.04860206,93.29218172,6.61,13.88901257,0.462334612,0
Assam,Karbi Anglong,26.16331681,93.52744624,5.95,12.67169213,0.465925621,0
Assam,Karbi Anglong,26.10693395,93.25737203,0.31,12.31672559,0.449812218,0
Assam,Karbi Anglong,26.40769659,93.54900964,2.31,12.76230385,0.500875181,0
Assam,Karbi Anglong,26.12224242,93.43690298,0.21,13.44878017,0.519550657,0
Assam,Karbi Anglong,26.06210532,93.33251619,2.73,14.12380595,0.540269225,0
Assam,Karimganj,24.65076126,92.18187081,0.31,13.83718918,0.52935524,0
Assam,Karimganj,24.84215034,92.36772057,0.1,13.9748812,0.472022142,0
Assam,Karimganj,24.63547902,92.55647884,0,15.13391707,0.498357433,0
Assam,Karimganj,24.67647984,92.21597697,0.1,14.95232293,0.476597145,0
Assam,Karimganj,24.64477278,92.40181484,1.24,13.97519374,0.440143276,0
Assam,Karimganj,24.6012968,92.60457511,0.05,14.37034065,0.512719116,0
Assam,Karimganj,24.88403241,92.49080526,0.36,14.7453256,0.495980718,0
Assam,Karimganj,24.43573692,92.27083662,1.18,15.90303633,0.53394368,0
Assam,Karimganj,24.60460495,92.29097983,0.31,15.65007415,0.494289155,0
Assam,Karimganj,24.80428137,92.19230066,0.05,15.23956781,0.504388217,0
Assam,Karimganj,24.49063956,92.27394645,0.26,13.57582204,0.47640112,0
Assam,Karimganj,24.84760981,92.49748538,0.15,16.12697841,0.43975854,0
Assam,Karimganj,24.67268532,92.55540757,0.1,13.95806695,0.518694974,0
Assam,Karimganj,24.8691971,92.22982093,0.21,14.34655854,0.530704443,0
Assam,Karimganj,24.67643225,92.39486412,0.41,14.14674955,0.453906979,0
Assam,Karimganj,24.58000292,92.3544193,0.67,15.49157127,0.47805883,0
Assam,Karimganj,24.47620831,92.23537326,0.15,15.02064501,0.44354292,0
Assam,Karimganj,24.76790955,92.24074137,0.41,15.19092156,0.460424688,0
Assam,Karimganj,24.61063198,92.62817143,0.26,16.13186734,0.533077536,0
Assam,Karimganj,24.50340235,92.29817322,2.16,15.73400995,0.507376022,0
Assam,Karimganj,24.78212591,92.33894663,0.46,14.72655251,0.50489298,0
Assam,Karimganj,24.81255059,92.60433606,0.1,15.52419418,0.499094443,0
Assam,Karimganj,24.66570337,92.31295849,0.05,15.95088938,0.499503016,0
Assam,Karimganj,24.73864415,92.35257411,0.26,14.2187804,0.448227376,0
Assam,Karimganj,24.7998568,92.32302757,0.26,14.19339269,0.45297255,0
Assam,Karimganj,24.74003317,92.2339594,1.75,14.99218439,0.466897068,0
Assam,Karimganj,24.83518244,92.39403066,0.46,16.13548241,0.474539396,0
Assam,Karimganj,24.45297532,92.31386073,0.36,15.77090295,0.45495421,0
Assam,Karimganj,24.5993624,92.22716314,0.67,14.63328412,0.462137883,0
Assam,Karimganj,24.57521569,92.53891194,1.6,14.85576038,0.474387564,0
Assam,Karimganj,24.53818209,92.47209164,0.21,15.3663303,0.488239289,0
Assam,Karimganj,24.62615919,92.60327546,0.26,16.17810579,0.476316553,0
Assam,Karimganj,24.77272933,92.36285086,0.21,16.01827242,0.44222893,0
Assam,Karimganj,24.88084851,92.28822472,0.1,14.78207972,0.526963445,0
Assam,Karimganj,24.87633002,92.60398418,0.36,15.87846266,0.455942219,0
Assam,Karimganj,24.63676065,92.24035618,0.57,13.6087217,0.511890662,0
Assam,Karimganj,24.85687912,92.29669353,0.15,16.11897941,0.522775685,0
Assam,Karimganj,24.72289797,92.59189076,0.51,15.32180383,0.450135691,0
Assam,Karimganj,24.8093353,92.30009953,0.67,13.78142345,0.440611963,0
Assam,Karimganj,24.80616612,92.38253795,0.1,15.51446553,0.470198999,0
Assam,Karimganj,24.903397,92.35169432,0,15.20413916,0.521113438,0
Assam,Karimganj,24.55507412,92.56712255,0.05,14.46545967,0.446886535,0
Assam,Karimganj,24.76001644,92.51807593,0.21,14.91714619,0.508611381,0
Assam,Karimganj,24.92066284,92.34011895,0.05,13.97518588,0.486208635,0
Assam,Karimganj,24.56102068,92.50307013,0.46,14.52573287,0.451756676,0
Assam,Karimganj,24.89846704,92.325777,0.41,14.89837024,0.473142718,0
Assam,Karimganj,24.54652109,92.26651791,0.36,14.74473061,0.533099019,0
Assam,Karimganj,24.5962425,92.43559628,0,14.74437457,0.517408545,0
Assam,Karimganj,24.77746745,92.20149114,0.1,16.02511425,0.462680717,0
Assam,Karimganj,24.78383052,92.2553479,0.05,15.77458933,0.449466079,0
Arunachal Pradesh,Kra Daadi,27.57758086,93.72380073,8.28,23.30592282,0.40095475,0
Arunachal Pradesh,Kra Daadi,27.89964873,93.59183672,5.44,22.2472873,0.423027861,0
Arunachal Pradesh,Kra Daadi,27.94096755,93.81839991,24.74,22.42630226,0.443037207,0
Arunachal Pradesh,Kra Daadi,27.55305314,93.78199474,4.67,20.47390088,0.397992006,0
Arunachal Pradesh,Kra Daadi,27.69043019,93.44489886,3.55,19.24745689,0.382225337,0
Arunachal Pradesh,Kra Daadi,27.94870105,93.7335287,22.89,20.33345686,0.450171423,0
Arunachal Pradesh,Kra Daadi,27.95010042,93.51670533,3.34,21.79697292,0.448356256,0
Arunachal Pradesh,Kra Daadi,27.62552163,93.44266199,21.21,23.35068856,0.450689374,0
Arunachal Pradesh,Kra Daadi,27.83220331,93.76227863,5.69,19.57593797,0.429302936,0
Arunachal Pradesh,Kra Daadi,27.68688944,93.81392017,12.12,19.19857414,0.425627202,0
Arunachal Pradesh,Kra Daadi,27.79369169,93.70476387,0.26,22.01293467,0.436733256,0
Arunachal Pradesh,Kra Daadi,27.70307326,93.51694248,19.31,23.06225591,0.437094034,0
Arunachal Pradesh,Kra Daadi,27.49850825,93.34005264,6.25,21.70520774,0.41861101,0
Arunachal Pradesh,Kra Daadi,27.55940783,93.520605,9.54,19.57626557,0.404313323,0
Arunachal Pradesh,Kra Daadi,27.55161536,93.67704162,16.56,21.83388417,0.421298658,0
Arunachal Pradesh,Kra Daadi,27.52765683,93.7533356,3.75,20.08132896,0.41945438,0
Arunachal Pradesh,Kra Daadi,27.66463754,93.76557245,4.11,21.71259895,0.453718161,0
Arunachal Pradesh,Kra Daadi,27.97182439,93.79194634,14.41,19.60356294,0.413859903,0
Arunachal Pradesh,Kra Daadi,27.60752209,93.38610502,9.64,23.07791391,0.41432124,0
Arunachal Pradesh,Kra Daadi,27.75461879,93.79241825,18.62,19.54482243,0.424985701,0
Arunachal Pradesh,Kra Daadi,27.49155117,93.43643427,19.54,22.96058492,0.375058938,0
Arunachal Pradesh,Kra Daadi,27.52459188,93.71050363,14.7,21.14497348,0.435836572,0
Arunachal Pradesh,Kra Daadi,27.53009832,93.78315903,6.25,22.10521414,0.435012349,0
Arunachal Pradesh,Kra Daadi,27.96624605,93.55566519,16.32,19.96712434,0.386503663,0
Arunachal Pradesh,Kra Daadi,27.84695717,93.78596583,19.08,20.89839046,0.43576527,0
Arunachal Pradesh,Kra Daadi,27.94568932,93.3321716,30.32,21.88655563,0.406260953,0
Arunachal Pradesh,Kra Daadi,27.78187907,93.66845793,6.36,23.1562056,0.385509174,0
Arunachal Pradesh,Kra Daadi,27.50188531,93.46060845,2.73,21.61211543,0.434079953,0
Arunachal Pradesh,Kra Daadi,27.63314399,93.54380486,6,19.34311707,0.424163368,0
Arunachal Pradesh,Kra Daadi,27.95707272,93.70127202,30.74,19.24887944,0.452527898,0
Arunachal Pradesh,Kra Daadi,27.5825284,93.41382517,10.38,22.45323133,0.430574404,0
Arunachal Pradesh,Kra Daadi,27.47950506,93.34804708,7.83,22.39233801,0.453977989,0
Arunachal Pradesh,Kra Daadi,27.97374283,93.45586179,18.94,19.68987572,0.389788923,0
Arunachal Pradesh,Kra Daadi,27.86963748,93.58045818,17.92,19.6569709,0.419133562,0
Arunachal Pradesh,Kra Daadi,27.48870215,93.6245989,18.43,21.37861706,0.444185762,0
Arunachal Pradesh,Kra Daadi,27.51046643,93.73220344,7.37,21.8837225,0.428365061,0
Arunachal Pradesh,Kra Daadi,27.6723535,93.50212445,6.31,19.74681078,0.410780091,0
Arunachal Pradesh,Kra Daadi,27.54890248,93.82160303,4.42,21.88873261,0.438988476,0
Arunachal Pradesh,Kra Daadi,27.69265172,93.54835581,9.99,20.27489826,0.421479916,0
Arunachal Pradesh,Kra Daadi,27.71265832,93.47734261,11.48,22.16349482,0.425104876,0
Arunachal Pradesh,Kra Daadi,27.75327972,93.34327057,20.13,20.97095949,0.448893088,0
Arunachal Pradesh,Kra Daadi,27.49342951,93.668427,0.72,21.42049429,0.414744516,0
Arunachal Pradesh,Kra Daadi,27.7736089,93.784458,15.99,23.07021601,0.45549976,0
Arunachal Pradesh,Kra Daadi,27.57147272,93.32924241,8.38,19.71177514,0.446042766,0
Arunachal Pradesh,Kra Daadi,27.92439399,93.75246252,5.64,20.87730142,0.412670619,0
Arunachal Pradesh,Kra Daadi,27.81496259,93.82050513,7.02,23.08453586,0.416553955,0
Arunachal Pradesh,Kra Daadi,27.9599507,93.42829255,18.11,21.47144256,0.392112798,0
Arunachal Pradesh,Kra Daadi,27.65820692,93.39560035,8.43,19.21823749,0.389214984,0
Arunachal Pradesh,Kra Daadi,27.91940772,93.54287754,11.92,20.49247934,0.433275784,0
Arunachal Pradesh,Kra Daadi,27.61734955,93.75965549,5.95,20.95469172,0.425348025,0
Arunachal Pradesh,Kurung Kumey,28.02574149,93.56765073,8.48,18.64826007,0.420413996,0
Arunachal Pradesh,Kurung Kumey,28.07064247,93.46991545,4.57,19.57684575,0.436084683,0
Arunachal Pradesh,Kurung Kumey,27.89382253,93.7005366,10.24,18.42186304,0.398736802,0
Arunachal Pradesh,Kurung Kumey,28.01793271,93.41607046,3.03,18.36766929,0.412489299,0
Arunachal Pradesh,Kurung Kumey,27.97313327,93.31567185,24.95,18.72391327,0.444029022,0
Arunachal Pradesh,Kurung Kumey,27.97994637,93.36985695,2.78,17.69891467,0.441463647,0
Arunachal Pradesh,Kurung Kumey,28.08285809,93.36758039,3.29,17.25551347,0.371998122,0
Arunachal Pradesh,Kurung Kumey,27.76828632,93.32122272,2.31,19.76194,0.399862016,0
Arunachal Pradesh,Kurung Kumey,27.59878306,93.48768697,20.35,17.88056616,0.391636861,0
Arunachal Pradesh,Kurung Kumey,27.60705874,93.52581861,14.55,20.27228463,0.385812291,0
Arunachal Pradesh,Kurung Kumey,28.0209741,93.62907716,25.79,17.42605822,0.378161969,0
Arunachal Pradesh,Kurung Kumey,27.82609977,93.34595237,4.26,17.46549817,0.419799604,0
Arunachal Pradesh,Kurung Kumey,28.05787086,93.48852623,11.72,19.21337639,0.386904046,0
Arunachal Pradesh,Kurung Kumey,28.02235833,93.51384714,14.46,20.14865171,0.443187664,0
Arunachal Pradesh,Kurung Kumey,28.03783947,93.59845874,12.85,20.24563192,0.410883077,0
Arunachal Pradesh,Kurung Kumey,27.90713226,93.639623,12.56,17.45810224,0.419844025,0
Arunachal Pradesh,Kurung Kumey,27.9781344,93.28417106,26.99,17.92990265,0.389754064,0
Arunachal Pradesh,Kurung Kumey,28.0851502,93.24557202,3.85,18.13935635,0.417494305,0
Arunachal Pradesh,Kurung Kumey,27.87381118,93.69649079,18.34,17.62072649,0.42734677,0
Arunachal Pradesh,Kurung Kumey,28.08430938,93.51461722,5.34,18.93144634,0.374011098,0
Arunachal Pradesh,Kurung Kumey,27.72312326,93.50113752,21.34,18.65936543,0.370569081,0
Arunachal Pradesh,Kurung Kumey,27.68862229,93.47426402,0.26,16.88004872,0.421899721,0
Arunachal Pradesh,Kurung Kumey,28.04075485,93.30370532,14.22,20.43047455,0.434162868,0
Arunachal Pradesh,Kurung Kumey,27.62896729,93.23878594,19.95,20.29513655,0.43436077,0
Arunachal Pradesh,Kurung Kumey,27.92777522,93.59791678,11.72,19.74321544,0.39256068,0
Arunachal Pradesh,Kurung Kumey,27.66318088,93.22846114,13.1,18.05429872,0.41320109,0
Arunachal Pradesh,Kurung Kumey,27.93970049,93.31087833,0.26,17.55612531,0.394841572,0
Arunachal Pradesh,Kurung Kumey,28.00699873,93.3247931,10.38,17.8171351,0.440709557,0
Arunachal Pradesh,Kurung Kumey,27.6301426,93.41001032,17.45,18.3201398,0.415755407,0
Arunachal Pradesh,Kurung Kumey,27.84135025,93.30199807,21.12,19.02649601,0.400815934,0
Arunachal Pradesh,Kurung Kumey,27.91244294,93.23283711,13.83,18.52974655,0.439863404,0
Arunachal Pradesh,Kurung Kumey,28.09667463,93.60828255,10.98,17.85461378,0.389666003,0
Arunachal Pradesh,Kurung Kumey,27.86217943,93.3038007,2.67,18.3933228,0.422660061,0
Arunachal Pradesh,Kurung Kumey,28.03982144,93.70438654,7.22,19.01627859,0.401044849,0
Arunachal Pradesh,Kurung Kumey,27.71646772,93.70599184,4.62,18.7864894,0.428464766,0
Arunachal Pradesh,Kurung Kumey,27.8376775,93.23768585,8.03,19.13272871,0.373185884,0
Arunachal Pradesh,Kurung Kumey,27.64892141,93.41916909,2.16,20.40360883,0.422035258,0
Arunachal Pradesh,Kurung Kumey,27.60749507,93.71472359,11.28,19.56477235,0.395800492,0
Arunachal Pradesh,Kurung Kumey,27.94860228,93.58948026,7.67,20.48186042,0.437832251,0
Arunachal Pradesh,Kurung Kumey,27.96796039,93.66589446,21.61,20.35035306,0.419903271,0
Arunachal Pradesh,Kurung Kumey,28.00075241,93.5236528,3.09,19.91909615,0.420364741,0
Arunachal Pradesh,Kurung Kumey,28.03833406,93.48667767,11.77,17.16841136,0.384973244,0
Arunachal Pradesh,Kurung Kumey,27.95999502,93.60590512,18.29,19.92737736,0.386670605,0
Arunachal Pradesh,Kurung Kumey,27.6945887,93.36669722,25.84,17.64899013,0.397689148,0
Arunachal Pradesh,Kurung Kumey,27.99285711,93.38895659,16.46,17.21182523,0.426641906,0
Arunachal Pradesh,Kurung Kumey,27.6631903,93.56347075,10.68,19.43204753,0.424128585,0
Arunachal Pradesh,Kurung Kumey,27.85855936,93.3634845,29.97,18.8276663,0.410113975,0
Arunachal Pradesh,Kurung Kumey,27.6711665,93.35941534,11.72,17.80531652,0.418088061,0
Arunachal Pradesh,Kurung Kumey,27.9875085,93.47046895,25.88,20.57032349,0.436397847,0
Arunachal Pradesh,Kurung Kumey,27.85351193,93.67620537,22.54,19.77554317,0.417909358,0
Arunachal Pradesh,Lepa Rada,28.16445849,94.52826931,3.7,18.46518658,0.423693284,0
Arunachal Pradesh,Lepa Rada,27.97518778,94.78964581,7.37,20.12746706,0.421307265,0
Arunachal Pradesh,Lepa Rada,27.80319248,94.82970166,2.37,18.46572189,0.438265024,0
Arunachal Pradesh,Lepa Rada,28.14270331,94.42206046,25.75,20.79207144,0.373729367,0
Arunachal Pradesh,Lepa Rada,27.77884707,94.82147143,5.29,20.1250795,0.392064117,0
Arunachal Pradesh,Lepa Rada,27.95126144,94.42962184,6.31,20.29075649,0.408093069,0
Arunachal Pradesh,Lepa Rada,27.86736291,94.54842521,2.37,18.25235273,0.437713557,0
Arunachal Pradesh,Lepa Rada,27.78092528,94.44312748,4.32,20.92138014,0.409692734,0
Arunachal Pradesh,Lepa Rada,28.07651781,94.79575459,6.51,18.16005039,0.445822084,0
Arunachal Pradesh,Lepa Rada,28.17976256,94.45713269,0.51,19.02723581,0.378508397,0
Arunachal Pradesh,Lepa Rada,27.72229389,94.48724385,5.85,18.52998684,0.397443263,0
Arunachal Pradesh,Lepa Rada,28.07315623,94.86889356,1.03,18.87477533,0.372968479,0
Arunachal Pradesh,Lepa Rada,28.21088385,94.76593849,15.9,17.83466155,0.420013025,0
Arunachal Pradesh,Lepa Rada,27.96639912,94.85745318,8.33,18.85970386,0.390217854,0
Arunachal Pradesh,Lepa Rada,27.75169807,94.46596158,4.06,17.20709036,0.390131742,0
Arunachal Pradesh,Lepa Rada,28.03508738,94.45945105,21.17,17.94236412,0.389729059,0
Arunachal Pradesh,Lepa Rada,27.77142859,94.64896974,0.36,18.89966168,0.452885068,0
Arunachal Pradesh,Lepa Rada,27.77677781,94.58029726,0.51,20.45317795,0.438392425,0
Arunachal Pradesh,Lepa Rada,27.82265795,94.90157646,7.78,17.65402085,0.406807846,0
Arunachal Pradesh,Lepa Rada,28.1523179,94.55533943,6.31,17.33072995,0.428718751,0
Arunachal Pradesh,Lepa Rada,28.0521199,94.82229512,2.73,17.51044534,0.393883772,0
Arunachal Pradesh,Lepa Rada,27.80854224,94.85792329,13.29,17.53101217,0.412700626,0
Arunachal Pradesh,Lepa Rada,28.12093368,94.86842687,2.16,18.56680397,0.374699113,0
Arunachal Pradesh,Lepa Rada,27.79300342,94.80884798,16.51,20.72448478,0.452717394,0
Arunachal Pradesh,Lepa Rada,27.98704746,94.85474884,18.8,18.82414494,0.375431167,0
Arunachal Pradesh,Lepa Rada,28.2058741,94.60092572,11.08,17.33799131,0.40856008,0
Arunachal Pradesh,Lepa Rada,27.92449664,94.42179482,4.83,20.95385809,0.433010207,0
Arunachal Pradesh,Lepa Rada,27.78243371,94.54989565,4.98,18.08340538,0.378576486,0
Arunachal Pradesh,Lepa Rada,27.85449791,94.50041828,12.66,20.86780918,0.393825265,0
Arunachal Pradesh,Lepa Rada,27.98887009,94.88144043,13.1,20.92011405,0.378014652,0
Arunachal Pradesh,Lepa Rada,28.03835979,94.43542604,15.37,20.41039435,0.452142708,0
Arunachal Pradesh,Lepa Rada,27.8295275,94.49453357,18.85,17.66933073,0.449859536,0
Arunachal Pradesh,Lepa Rada,27.76052621,94.79437524,0.62,19.94896653,0.374070965,0
Arunachal Pradesh,Lepa Rada,27.94501782,94.86497271,11.92,20.5514783,0.396523075,0
Arunachal Pradesh,Lepa Rada,28.03043653,94.69124357,3.8,19.81452553,0.450658236,0
Arunachal Pradesh,Lepa Rada,28.13388109,94.51890215,1.03,20.98249321,0.417461975,0
Arunachal Pradesh,Lepa Rada,27.90340098,94.42341259,17.64,18.3969573,0.403190733,0
Arunachal Pradesh,Lepa Rada,27.91810779,94.55591449,8.18,18.05443294,0.404567248,0
Arunachal Pradesh,Lepa Rada,27.82635533,94.52575059,7.17,20.64146664,0.379633225,0
Arunachal Pradesh,Lepa Rada,27.88452424,94.47245893,27.68,18.51869681,0.423198123,0
Arunachal Pradesh,Lepa Rada,28.00255828,94.83931348,5.75,17.33228227,0.375315432,0
Arunachal Pradesh,Lepa Rada,28.07660407,94.54855827,4.06,18.76627979,0.395331148,0
Arunachal Pradesh,Lepa Rada,28.16716305,94.41185962,5.75,17.20185962,0.421245068,0
Arunachal Pradesh,Lepa Rada,27.74341083,94.56267351,3.6,17.77542255,0.398802084,0
Arunachal Pradesh,Lepa Rada,28.04983116,94.67658931,5.95,19.37629998,0.404531548,0
Arunachal Pradesh,Lepa Rada,28.11407466,94.49771564,6.1,17.97386613,0.41189086,0
Arunachal Pradesh,Lepa Rada,27.94687045,94.4839927,22.41,18.84748174,0.41919788,0
Arunachal Pradesh,Lepa Rada,27.98263294,94.45137763,4.47,20.71736468,0.374289521,0
Arunachal Pradesh,Lepa Rada,27.75793681,94.51473679,12.36,19.47401968,0.414487954,0
Arunachal Pradesh,Lepa Rada,28.054897,94.48861871,3.65,18.14736164,0.389999901,0
Arunachal Pradesh,Lohit,28.14434566,96.21574309,3.24,21.008436,0.460369863,0
Arunachal Pradesh,Lohit,27.75618181,96.48544282,33.76,21.58403674,0.450462387,0
Arunachal Pradesh,Lohit,27.94624445,96.54384145,18.52,21.57817755,0.448056465,0
Arunachal Pradesh,Lohit,27.74503378,96.51885392,16.75,21.09266412,0.395662147,0
Arunachal Pradesh,Lohit,27.81804171,96.45822322,21.88,20.56857211,0.43655713,0
Arunachal Pradesh,Lohit,27.95559453,96.60228397,21.03,21.44305722,0.439204139,0
Arunachal Pradesh,Lohit,27.8709459,96.2596445,0.15,20.69706079,0.403059717,0
Arunachal Pradesh,Lohit,27.92223781,96.15097478,0.57,20.44968667,0.401378007,0
Arunachal Pradesh,Lohit,27.81062839,96.12836936,0.26,22.69536309,0.423586328,0
Arunachal Pradesh,Lohit,28.05754838,96.23226051,24.53,20.07891744,0.434321462,0
Arunachal Pradesh,Lohit,28.065641,96.27129104,5.49,24.30269717,0.404070448,0
Arunachal Pradesh,Lohit,27.92689794,96.53645663,5.64,21.1554155,0.453937808,0
Arunachal Pradesh,Lohit,27.69772305,96.56479738,7.72,24.36970799,0.446871883,0
Arunachal Pradesh,Lohit,27.83673751,96.29362108,0.1,20.17027507,0.419662391,0
Arunachal Pradesh,Lohit,27.72537029,96.16953677,0.1,22.78117263,0.447792924,0
Arunachal Pradesh,Lohit,27.7492443,96.42438391,29.58,21.84867727,0.409428428,0
Arunachal Pradesh,Lohit,27.88658024,96.4807112,15.47,21.75050037,0.439036906,0
Arunachal Pradesh,Lohit,27.68904328,96.14200047,0.93,22.1772049,0.395112949,0
Arunachal Pradesh,Lohit,27.69810384,96.29364772,0.21,22.5346653,0.405475901,0
Arunachal Pradesh,Lohit,27.71812291,96.46754449,12.51,23.32963365,0.414792099,0
Arunachal Pradesh,Lohit,27.72106304,96.4112875,0.26,20.43999379,0.447041315,0
Arunachal Pradesh,Lohit,27.95482248,96.49246944,15.37,22.44481101,0.384945045,0
Arunachal Pradesh,Lohit,27.69767397,96.1832552,0.93,23.32165829,0.403617461,0
Arunachal Pradesh,Lohit,27.96789144,96.16366614,0.93,24.05243531,0.39126234,0
Arunachal Pradesh,Lohit,27.73042415,96.3455472,9.39,21.88161523,0.39265722,0
Arunachal Pradesh,Lohit,27.78824625,96.18397177,0.05,20.15922058,0.413383022,0
Arunachal Pradesh,Lohit,28.04449793,96.18724916,16.09,21.03580148,0.412630228,0
Arunachal Pradesh,Lohit,28.03007671,96.13829057,6.81,22.89368965,0.459696065,0
Arunachal Pradesh,Lohit,28.08125468,96.1853752,14.6,21.52038095,0.390410677,0
Arunachal Pradesh,Lohit,27.78297629,96.23063597,0.26,21.17356845,0.385585669,0
Arunachal Pradesh,Lohit,27.73532784,96.55874068,14.89,20.43571816,0.406134126,0
Arunachal Pradesh,Lohit,28.04378519,96.58515788,16.51,22.30212454,0.451539144,0
Arunachal Pradesh,Lohit,27.71006271,96.3696258,13.1,24.01580437,0.426095555,0
Arunachal Pradesh,Lohit,27.8627915,96.59287894,28.16,20.56204194,0.461049855,0
Arunachal Pradesh,Lohit,27.92299884,96.19725076,0.51,21.16634282,0.418330372,0
Arunachal Pradesh,Lohit,27.87789366,96.5323684,17.45,22.28895492,0.414368262,0
Arunachal Pradesh,Lohit,28.14528316,96.32124525,4.72,21.45870981,0.430395389,0
Arunachal Pradesh,Lohit,28.18343615,96.16015748,10.58,20.17681777,0.386997994,0
Arunachal Pradesh,Lohit,28.14431427,96.35563564,19.49,23.12058303,0.460276694,0
Arunachal Pradesh,Lohit,27.79770053,96.42502855,9.54,23.69493769,0.461021277,0
Arunachal Pradesh,Lohit,27.81767813,96.55234016,23.71,23.90270649,0.459123996,0
Arunachal Pradesh,Lohit,28.15146986,96.60814568,22.93,20.59024556,0.393909516,0
Arunachal Pradesh,Lohit,27.90370442,96.19735,0.1,20.93136987,0.415124007,0
Arunachal Pradesh,Lohit,27.9861851,96.14570654,0.36,22.18996816,0.442693621,0
Arunachal Pradesh,Lohit,27.77083517,96.19476464,0.1,23.21219592,0.43434013,0
Arunachal Pradesh,Lohit,27.81395767,96.52688012,17.31,23.78213135,0.402038097,0
Arunachal Pradesh,Lohit,27.81201724,96.17323636,0.21,22.0085102,0.4535081,0
Arunachal Pradesh,Lohit,27.82811749,96.42579569,14.99,22.82331004,0.415537872,0
Arunachal Pradesh,Lohit,27.77301869,96.16554043,0.1,20.66846832,0.433854001,0
Arunachal Pradesh,Lohit,27.85995443,96.16886739,0.05,21.48333672,0.397187952,0
Arunachal Pradesh,Longding,27.04607052,95.20142898,0.31,14.64758322,0.535388794,0
Arunachal Pradesh,Longding,26.60581804,95.24091881,5.59,14.8770713,0.46280983,0
Arunachal Pradesh,Longding,27.0329243,95.37285356,0.36,14.02112595,0.530915924,0
Arunachal Pradesh,Longding,26.839757,95.19986552,6.97,15.03410166,0.44736455,0
Arunachal Pradesh,Longding,26.79630167,95.45354502,12.51,12.74436158,0.494252209,0
Arunachal Pradesh,Longding,27.0687429,95.41528238,0.57,13.23957418,0.473241936,0
Arunachal Pradesh,Longding,26.99466055,95.34303641,0.87,12.63558093,0.443058481,0
Arunachal Pradesh,Longding,26.68052109,95.47940154,4.26,12.44445789,0.475222494,0
Arunachal Pradesh,Longding,27.01925451,95.2322247,6,14.94259473,0.530527022,0
Arunachal Pradesh,Longding,26.98297144,95.36013572,6.86,13.98629951,0.492610313,0
Arunachal Pradesh,Longding,26.97926032,95.12338073,0.36,14.48502371,0.493403789,0
Arunachal Pradesh,Longding,26.78641418,95.19263837,4.52,14.64033664,0.448033735,0
Arunachal Pradesh,Longding,26.70703266,95.44976098,15.32,13.81149192,0.440330088,0
Arunachal Pradesh,Longding,26.75319452,95.41730405,11.53,13.82306579,0.533738879,0
Arunachal Pradesh,Longding,26.86374704,95.16990508,14.31,14.15031171,0.478166727,0
Arunachal Pradesh,Longding,27.02673952,95.1808177,0.51,13.18588298,0.479866992,0
Arunachal Pradesh,Longding,26.64522624,95.56475462,11.08,12.61674802,0.465018683,0
Arunachal Pradesh,Longding,26.88318643,95.13911455,1.7,12.41092396,0.448427542,0
Arunachal Pradesh,Longding,27.05743348,95.23541468,0.46,12.76118384,0.531843623,0
Arunachal Pradesh,Longding,26.62393469,95.41168185,10.93,13.55412357,0.498619552,0
Arunachal Pradesh,Longding,26.89299915,95.17868165,5.18,13.68899044,0.536265793,0
Arunachal Pradesh,Longding,27.01626099,95.39226622,3.29,14.90711112,0.442357866,0
Arunachal Pradesh,Longding,26.60757035,95.43992139,7.88,14.35068568,0.44126917,0
Arunachal Pradesh,Longding,26.69693513,95.49592086,12.31,12.5207765,0.442548102,0
Arunachal Pradesh,Longding,27.06275756,95.30758711,0.82,13.07517037,0.527668962,0
Arunachal Pradesh,Longding,26.77112604,95.47791148,5.44,13.08401138,0.46647768,0
Arunachal Pradesh,Longding,26.94216395,95.23037555,1.03,14.08393895,0.461411192,0
Arunachal Pradesh,Longding,26.61687745,95.36640745,5.39,12.83282349,0.508845171,0
Arunachal Pradesh,Longding,26.70592724,95.30577207,2.42,14.90157382,0.444858065,0
Arunachal Pradesh,Longding,27.08901999,95.32818316,5.03,14.15056885,0.467983557,0
Arunachal Pradesh,Longding,27.00504078,95.15788506,0.31,14.70160611,0.504297739,0
Arunachal Pradesh,Longding,26.65456332,95.20782206,4.88,14.66919828,0.509665018,0
Arunachal Pradesh,Longding,26.96070975,95.29500151,1.85,13.49571942,0.447163773,0
Arunachal Pradesh,Longding,26.60952703,95.57347741,2.31,13.39336039,0.453330104,0
Arunachal Pradesh,Longding,26.80806791,95.49054841,2.93,14.31177388,0.536408787,0
Arunachal Pradesh,Longding,27.06959851,95.20484097,0.31,14.50000175,0.518944472,0
Arunachal Pradesh,Longding,26.77324785,95.42669364,13.58,14.36327214,0.47220652,0
Arunachal Pradesh,Longding,26.72691314,95.54864036,0.51,14.40958937,0.519458898,0
Arunachal Pradesh,Longding,26.65320018,95.47274706,19.44,12.4031651,0.45922778,0
Arunachal Pradesh,Longding,26.72562224,95.38601411,21.34,13.75637214,0.473096589,0
Arunachal Pradesh,Longding,26.96518092,95.27035381,2.78,13.05288993,0.505648717,0
Arunachal Pradesh,Longding,26.94272456,95.17543284,11.62,14.14121203,0.443003542,0
Arunachal Pradesh,Longding,27.02369475,95.29862363,7.22,12.39645941,0.523249337,0
Arunachal Pradesh,Longding,26.88945028,95.11700473,6.25,13.61813445,0.532043642,0
Arunachal Pradesh,Longding,27.08394283,95.17736761,0.05,13.80471536,0.477880756,0
Arunachal Pradesh,Longding,26.75456986,95.53645267,11.13,14.56333028,0.470046074,0
Arunachal Pradesh,Longding,27.02873469,95.42474291,3.75,13.58735413,0.501233178,0
Arunachal Pradesh,Longding,26.67663158,95.15763576,1.49,12.45467673,0.477337014,0
Arunachal Pradesh,Longding,26.67376633,95.53958708,22.19,14.61522565,0.518197617,0
Arunachal Pradesh,Longding,27.06946539,95.52637579,1.13,12.8719184,0.479324668,0
Arunachal Pradesh,Lower Dibang Valley,28.1937006,95.74189663,0.21,20.09489531,0.507105697,0
Arunachal Pradesh,Lower Dibang Valley,28.43127068,95.73307181,20.99,19.536954,0.504722404,0
Arunachal Pradesh,Lower Dibang Valley,28.45694383,95.62513912,11.28,18.08930034,0.52299094,0
Arunachal Pradesh,Lower Dibang Valley,28.43552877,95.663221,16.89,17.74423098,0.496421151,0
Arunachal Pradesh,Lower Dibang Valley,28.03298428,95.63161749,0.1,19.40616282,0.524402229,0
Arunachal Pradesh,Lower Dibang Valley,28.30587464,95.85502971,14.6,16.89826001,0.435915265,0
Arunachal Pradesh,Lower Dibang Valley,28.09817441,95.84184793,1.08,18.77348776,0.511724745,0
Arunachal Pradesh,Lower Dibang Valley,28.47597573,95.6260746,23.19,20.11457121,0.49460242,0
Arunachal Pradesh,Lower Dibang Valley,28.47118134,95.98902825,9.29,20.20983565,0.443659552,0
Arunachal Pradesh,Lower Dibang Valley,28.06556609,95.64450534,0.51,18.05670004,0.481775792,0
Arunachal Pradesh,Lower Dibang Valley,28.07055235,95.69746537,0.21,18.04950562,0.487845173,0
Arunachal Pradesh,Lower Dibang Valley,28.49760335,95.64731276,0.87,17.6761479,0.453343854,0
Arunachal Pradesh,Lower Dibang Valley,28.04626064,95.55290908,0.15,17.28864519,0.432428106,0
Arunachal Pradesh,Lower Dibang Valley,28.11469824,95.669386,0.15,18.09510776,0.455100219,0
Arunachal Pradesh,Lower Dibang Valley,28.00548683,95.60339447,0.36,17.73175976,0.496007654,0
Arunachal Pradesh,Lower Dibang Valley,28.03213503,95.81667741,0.51,20.13301703,0.492321759,0
Arunachal Pradesh,Lower Dibang Valley,28.01685486,95.98237972,0.51,17.86243184,0.486579056,0
Arunachal Pradesh,Lower Dibang Valley,28.38783731,95.77311577,17.92,18.48498739,0.453877139,0
Arunachal Pradesh,Lower Dibang Valley,28.11025628,95.80740656,0.98,19.80313403,0.454637712,0
Arunachal Pradesh,Lower Dibang Valley,28.33859862,95.68796408,16.46,16.81014507,0.482593061,0
Arunachal Pradesh,Lower Dibang Valley,28.47901357,95.91294981,13.34,20.03561261,0.520614712,0
Arunachal Pradesh,Lower Dibang Valley,28.07578608,95.83387068,0.67,20.07913012,0.473637795,0
Arunachal Pradesh,Lower Dibang Valley,28.45559618,95.52813692,34.57,18.66669735,0.439759857,0
Arunachal Pradesh,Lower Dibang Valley,28.03796129,95.60649369,0.1,17.0550624,0.492855579,0
Arunachal Pradesh,Lower Dibang Valley,28.32817061,95.85592164,22.85,17.04619117,0.506710625,0
Arunachal Pradesh,Lower Dibang Valley,28.39074086,95.74175835,21.61,19.33381878,0.518134322,0
Arunachal Pradesh,Lower Dibang Valley,28.41119201,95.72332262,30.47,19.01582446,0.492975102,0
Arunachal Pradesh,Lower Dibang Valley,28.38774345,95.85792273,11.13,18.5199614,0.478933245,0
Arunachal Pradesh,Lower Dibang Valley,28.14864865,95.97248616,14.75,18.29758905,0.444046768,0
Arunachal Pradesh,Lower Dibang Valley,28.49307183,95.75782438,16.13,18.40311714,0.4440389,0
Arunachal Pradesh,Lower Dibang Valley,28.49033415,95.95460422,7.67,19.18191671,0.439284043,0
Arunachal Pradesh,Lower Dibang Valley,28.22509205,95.67152935,0.51,17.46887577,0.475628237,0
Arunachal Pradesh,Lower Dibang Valley,28.44705215,95.71761583,26.13,18.30845544,0.50800119,0
Arunachal Pradesh,Lower Dibang Valley,28.34883474,95.59948816,3.96,16.90354372,0.501517353,0
Arunachal Pradesh,Lower Dibang Valley,28.19619772,95.97592028,2.42,18.48513548,0.521429154,0
Arunachal Pradesh,Lower Dibang Valley,28.16978493,95.90159879,24.06,18.14167464,0.518718007,0
Arunachal Pradesh,Lower Dibang Valley,28.18075934,95.57638836,0.51,20.19094113,0.509628621,0
Arunachal Pradesh,Lower Dibang Valley,28.47086394,95.6496156,1.18,20.24938891,0.500713511,0
Arunachal Pradesh,Lower Dibang Valley,28.04277632,95.98087539,1.18,19.06683445,0.491845741,0
Arunachal Pradesh,Lower Dibang Valley,28.09260305,95.55492406,0.46,19.00024777,0.483010746,0
Arunachal Pradesh,Lower Dibang Valley,28.32806036,95.65633942,23.46,18.41202318,0.478478097,0
Arunachal Pradesh,Lower Dibang Valley,28.20204238,95.71206327,0.21,18.23622861,0.507976052,0
Arunachal Pradesh,Lower Dibang Valley,28.05820099,95.79347146,0.51,20.21702496,0.437635348,0
Arunachal Pradesh,Lower Dibang Valley,28.03009877,95.9279879,0.41,19.75862224,0.450495928,0
Arunachal Pradesh,Lower Dibang Valley,28.12673062,95.63141684,0.31,18.38313386,0.431925858,0
Arunachal Pradesh,Lower Dibang Valley,28.05171298,95.58115676,0.67,18.4241018,0.486582371,0
Arunachal Pradesh,Lower Dibang Valley,28.18234353,95.94720173,14.36,16.90796217,0.467608176,0
Arunachal Pradesh,Lower Dibang Valley,28.44167825,95.98190894,22.1,16.69546032,0.479037379,0
Arunachal Pradesh,Lower Dibang Valley,28.32915049,95.54050885,8.23,17.1668788,0.525284792,0
Arunachal Pradesh,Lower Dibang Valley,28.44740874,95.59026551,7.12,17.13823577,0.438698123,0
Arunachal Pradesh,Lower Siang,27.53489292,95.00900447,0.1,19.18507525,0.439315987,0
Arunachal Pradesh,Lower Siang,27.91591272,95.03247301,1.85,16.9346556,0.442305332,0
Arunachal Pradesh,Lower Siang,27.87385733,94.57795883,9.24,19.26097052,0.373622555,0
Arunachal Pradesh,Lower Siang,27.95967633,94.76549078,15.13,18.82295245,0.366641102,0
Arunachal Pradesh,Lower Siang,27.88048836,94.65803183,20.49,17.43223151,0.379250021,0
Arunachal Pradesh,Lower Siang,27.64538228,94.59516599,4.11,18.56576483,0.43450118,0
Arunachal Pradesh,Lower Siang,27.75676691,95.05556348,0.05,19.71865964,0.435320799,0
Arunachal Pradesh,Lower Siang,27.64431328,94.95493564,0.1,19.75868715,0.442214271,0
Arunachal Pradesh,Lower Siang,27.57571093,94.98071415,0.1,17.42543242,0.3979006,0
Arunachal Pradesh,Lower Siang,27.77542637,94.87509464,3.09,19.4536009,0.407681166,0
Arunachal Pradesh,Lower Siang,27.63300893,94.78774562,0.1,18.11202204,0.441330316,0
Arunachal Pradesh,Lower Siang,27.71784099,94.92881607,0.1,17.08320062,0.405145599,0
Arunachal Pradesh,Lower Siang,27.78790781,94.89992843,11.72,18.76350289,0.371306976,0
Arunachal Pradesh,Lower Siang,27.87652887,94.91801701,7.32,18.07296485,0.429964015,0
Arunachal Pradesh,Lower Siang,27.51044158,94.73469988,0,18.82287845,0.366279375,0
Arunachal Pradesh,Lower Siang,27.69515107,95.06760268,0.05,18.54397612,0.399798727,0
Arunachal Pradesh,Lower Siang,27.53501258,94.73985714,0.46,17.82891161,0.402330132,0
Arunachal Pradesh,Lower Siang,27.51895949,94.9370387,0,17.63464301,0.367010012,0
Arunachal Pradesh,Lower Siang,27.5631721,94.61885375,0.05,18.65368868,0.38261808,0
Arunachal Pradesh,Lower Siang,27.90880288,94.58777208,11.03,19.40482943,0.424599949,0
Arunachal Pradesh,Lower Siang,27.9699027,94.63276371,8.28,19.65641587,0.412206724,0
Arunachal Pradesh,Lower Siang,27.92827757,94.90519991,5.24,18.47074346,0.408476642,0
Arunachal Pradesh,Lower Siang,27.59624226,94.62080319,0.41,19.2689658,0.379391895,0
Arunachal Pradesh,Lower Siang,27.70976991,94.99003341,0.1,18.14183473,0.385729167,0
Arunachal Pradesh,Lower Siang,27.85324947,94.94001232,1.49,19.00878667,0.427336503,0
Arunachal Pradesh,Lower Siang,27.56637516,94.74037547,0,16.91971292,0.399642608,0
Arunachal Pradesh,Lower Siang,27.58222829,94.77138784,0.05,19.35652209,0.403411698,0
Arunachal Pradesh,Lower Siang,27.76066166,94.84672798,10.53,18.67481076,0.376963726,0
Arunachal Pradesh,Lower Siang,27.55645807,95.06050123,0,19.16881492,0.439939742,0
Arunachal Pradesh,Lower Siang,27.5079517,94.83307911,0,17.18050748,0.381402099,0
Arunachal Pradesh,Lower Siang,27.93726862,94.7876973,24.19,18.83092472,0.380805034,0
Arunachal Pradesh,Lower Siang,27.63837105,94.89392685,0,18.73574125,0.374483468,0
Arunachal Pradesh,Lower Siang,27.61199992,94.59406117,0.93,18.38427755,0.443982906,0
Arunachal Pradesh,Lower Siang,27.72199083,94.60901714,1.7,17.95916368,0.365537475,0
Arunachal Pradesh,Lower Siang,27.66031534,94.62638667,17.92,19.81851208,0.409283357,0
Arunachal Pradesh,Lower Siang,27.69894134,95.0438358,0.1,17.35839484,0.438589499,0
Arunachal Pradesh,Lower Siang,27.98546482,94.75651418,13.92,18.73311116,0.441332601,0
Arunachal Pradesh,Lower Siang,27.89405802,94.95751858,2.78,19.49930685,0.439911373,0
Arunachal Pradesh,Lower Siang,27.71638893,95.02537598,0,17.84726924,0.380564692,0
Arunachal Pradesh,Lower Siang,27.93261508,94.99138173,3.39,17.55531559,0.3728021,0
Arunachal Pradesh,Lower Siang,27.69474269,94.86050761,0.1,17.01342757,0.381772265,0
Arunachal Pradesh,Lower Siang,27.54259086,94.81141541,0.05,19.24569125,0.37081901,0
Arunachal Pradesh,Lower Siang,27.87094943,94.99173225,2.83,19.4615579,0.381368179,0
Arunachal Pradesh,Lower Siang,27.56601419,94.68814141,0.21,18.90381346,0.374025644,0
Arunachal Pradesh,Lower Siang,27.87248601,94.63194483,3.03,16.70667565,0.418000616,0
Arunachal Pradesh,Lower Siang,27.65852286,94.98096596,0,19.46197818,0.382804152,0
Arunachal Pradesh,Lower Siang,27.63050975,94.63620521,4.37,19.40655175,0.422768549,0
Arunachal Pradesh,Lower Siang,27.59572553,94.84349791,0.05,19.46735187,0.413531513,0
Arunachal Pradesh,Lower Siang,27.80363332,94.59311597,6.05,19.92645748,0.419056077,0
Arunachal Pradesh,Lower Siang,27.54336721,94.62886676,0.1,18.4614515,0.378497743,0
Arunachal Pradesh,Lower Subansiri,27.47317078,93.72925164,10.33,15.50044768,0.390996893,0
Arunachal Pradesh,Lower Subansiri,27.496957,93.94572579,5.34,15.15591068,0.423572222,0
Arunachal Pradesh,Lower Subansiri,27.41072125,93.74805537,7.93,16.14943342,0.436240625,0
Arunachal Pradesh,Lower Subansiri,27.38176133,94.07334605,1.39,16.62121035,0.381339553,0
Arunachal Pradesh,Lower Subansiri,27.37101859,93.75817196,0.62,15.82178631,0.401655272,0
Arunachal Pradesh,Lower Subansiri,27.86612036,94.08430938,12.56,15.50650772,0.413891707,0
Arunachal Pradesh,Lower Subansiri,27.4761549,93.64229919,7.72,15.85450047,0.447843478,0
Arunachal Pradesh,Lower Subansiri,27.43597099,93.67635167,1.75,17.13133782,0.404193246,0
Arunachal Pradesh,Lower Subansiri,27.60904177,93.93560607,12.56,15.46761221,0.396233091,0
Arunachal Pradesh,Lower Subansiri,27.87050722,93.76931031,21.74,16.31460249,0.431295459,0
Arunachal Pradesh,Lower Subansiri,27.53791346,94.04752548,19.35,15.47699911,0.412383133,0
Arunachal Pradesh,Lower Subansiri,27.47666101,94.04684733,13.83,15.13852072,0.438528466,0
Arunachal Pradesh,Lower Subansiri,27.7129927,93.77715822,2.57,16.54398006,0.415490414,0
Arunachal Pradesh,Lower Subansiri,27.48808071,93.83915129,9.19,15.24522033,0.408482029,0
Arunachal Pradesh,Lower Subansiri,27.59363479,93.98363596,22.5,15.43978093,0.380503168,0
Arunachal Pradesh,Lower Subansiri,27.40918364,93.88894553,0.51,15.92772239,0.444211341,0
Arunachal Pradesh,Lower Subansiri,27.83990004,93.82357991,18.85,17.39050964,0.403173826,0
Arunachal Pradesh,Lower Subansiri,27.78195395,93.88187022,18.29,16.12996873,0.418175183,0
Arunachal Pradesh,Lower Subansiri,27.37844654,93.65852484,16.51,15.28426604,0.45314112,0
Arunachal Pradesh,Lower Subansiri,27.52081948,94.10352671,2.21,15.92802388,0.43250154,0
Arunachal Pradesh,Lower Subansiri,27.46457366,94.00172621,23.02,15.52940301,0.417650222,0
Arunachal Pradesh,Lower Subansiri,27.71099885,93.8402303,16.23,16.67662383,0.400432967,0
Arunachal Pradesh,Lower Subansiri,27.51092311,93.65708968,0.62,16.73525673,0.439781435,0
Arunachal Pradesh,Lower Subansiri,27.60535682,93.7789537,7.83,16.68525974,0.423316207,0
Arunachal Pradesh,Lower Subansiri,27.5054636,94.08428002,11.62,15.17354768,0.406559749,0
Arunachal Pradesh,Lower Subansiri,27.7446026,93.86455723,26.33,14.90291378,0.436054408,0
Arunachal Pradesh,Lower Subansiri,27.65898591,94.10019267,18.94,16.31829318,0.39106852,0
Arunachal Pradesh,Lower Subansiri,27.57281643,93.768053,4.01,17.0942078,0.41041119,0
Arunachal Pradesh,Lower Subansiri,27.73024718,93.72524406,5.18,15.74358927,0.408734575,0
Arunachal Pradesh,Lower Subansiri,27.43761664,93.89482823,9.34,17.9029658,0.450819688,0
Arunachal Pradesh,Lower Subansiri,27.66674512,93.70987441,0.1,17.7102518,0.458365601,0
Arunachal Pradesh,Lower Subansiri,27.38067389,93.92616213,0.93,16.50250596,0.429250664,0
Arunachal Pradesh,Lower Subansiri,27.40225706,94.03759705,18.66,17.44504778,0.429407237,0
Arunachal Pradesh,Lower Subansiri,27.6831889,93.99769513,10.83,15.14499133,0.420494944,0
Arunachal Pradesh,Lower Subansiri,27.73278715,93.89543462,4.16,15.30372124,0.409756804,0
Arunachal Pradesh,Lower Subansiri,27.56355401,93.889757,9.69,17.35282921,0.449780121,0
Arunachal Pradesh,Lower Subansiri,27.69961344,93.74662724,12.9,17.78701221,0.399019017,0
Arunachal Pradesh,Lower Subansiri,27.44437309,93.97678326,15.08,17.56621888,0.423119042,0
Arunachal Pradesh,Lower Subansiri,27.64830857,93.71224859,7.22,15.37989342,0.391770763,0
Arunachal Pradesh,Lower Subansiri,27.41340582,93.77256674,5.85,15.09633947,0.384924776,0
Arunachal Pradesh,Lower Subansiri,27.57847361,93.81641575,4.11,17.37404517,0.447726989,0
Arunachal Pradesh,Lower Subansiri,27.63979591,94.07228102,1.49,15.44588195,0.449370002,0
Arunachal Pradesh,Lower Subansiri,27.37733011,93.95363217,5.24,17.15871307,0.40664037,0
Arunachal Pradesh,Lower Subansiri,27.84361882,93.64268754,5.69,18.07273998,0.384977839,0
Arunachal Pradesh,Lower Subansiri,27.51859375,93.84926068,1.54,15.05660169,0.424071235,0
Arunachal Pradesh,Lower Subansiri,27.39670992,93.66718162,5.08,16.76492876,0.388405591,0
Arunachal Pradesh,Lower Subansiri,27.51855813,93.92908093,1.65,16.67090541,0.423219284,0
Arunachal Pradesh,Lower Subansiri,27.58195531,93.70256923,0.26,15.59447871,0.44666156,0
Arunachal Pradesh,Lower Subansiri,27.59843614,93.74043739,16.75,17.24719459,0.41728878,0
Arunachal Pradesh,Lower Subansiri,27.53794044,93.8447631,1.85,16.69948787,0.391796791,0
Assam,Morigaon,26.2423728,92.22595159,0.05,16.87265929,0.450299925,0
Assam,Morigaon,26.42846142,92.08529562,0,15.29221388,0.531745718,0
Assam,Morigaon,26.42437237,91.85080154,0.1,15.22473787,0.526422493,0
Assam,Morigaon,26.49080969,91.87770934,0.31,14.11551433,0.494157594,0
Assam,Morigaon,26.33595128,91.89066945,0.1,15.39771539,0.497691379,0
Assam,Morigaon,26.27911742,91.88732689,0,14.38617872,0.460751456,0
Assam,Morigaon,26.16910811,92.15700507,0.15,13.96773454,0.533303356,0
Assam,Morigaon,26.45440988,91.8649733,0.15,15.32267975,0.516987155,0
Assam,Morigaon,26.24684698,92.15778492,0.05,14.21619091,0.440735024,0
Assam,Morigaon,26.40583208,92.00494914,0.05,14.77938045,0.528180373,0
Assam,Morigaon,26.43514899,92.21053004,0,15.16569463,0.513706409,0
Assam,Morigaon,26.43857385,91.89210766,0.1,14.85861283,0.523004025,0
Assam,Morigaon,26.47924179,92.07171873,0,16.92811242,0.503374844,0
Assam,Morigaon,26.48317014,91.99591232,0,15.36382521,0.468017374,0
Assam,Morigaon,26.41806075,91.94855799,0.41,16.96419689,0.471368628,0
Assam,Morigaon,26.46451339,91.82390245,0.05,15.45889675,0.505307482,0
Assam,Morigaon,26.38570433,92.1152331,0.05,15.70039972,0.482873837,0
Assam,Morigaon,26.37370408,91.96974862,0,14.66388744,0.524996636,0
Assam,Morigaon,26.32199936,92.19094526,0,16.30428242,0.515862042,0
Assam,Morigaon,26.3827199,92.22010722,0,15.00057919,0.464547918,0
Assam,Morigaon,26.33372212,92.14019889,0.15,16.20611854,0.500330911,0
Assam,Morigaon,26.49517482,92.13206629,0.26,14.55654572,0.486593186,0
Assam,Morigaon,26.48073096,92.21633659,0.05,15.49034981,0.452832297,0
Assam,Morigaon,26.47640666,91.73962723,0.1,14.43023006,0.501189649,0
Assam,Morigaon,26.21285723,92.21449438,0,15.39956715,0.50260993,0
Assam,Morigaon,26.17670713,92.19097877,0.05,16.20455456,0.511501651,0
Assam,Morigaon,26.46271077,92.03677633,0,16.42404933,0.52798631,0
Assam,Morigaon,26.23560904,91.82003364,0.46,14.64373878,0.505550457,0
Assam,Morigaon,26.49700171,92.05014718,0.26,16.58534854,0.511382189,0
Assam,Morigaon,26.04573335,91.93689722,2.83,16.89005145,0.470170013,0
Assam,Morigaon,26.33674152,92.1140062,0,14.85400405,0.44268739,0
Assam,Morigaon,26.11410046,92.2252461,9.29,14.25726383,0.529312377,0
Assam,Morigaon,26.45928667,92.19080459,0.05,15.98300088,0.484222998,0
Assam,Morigaon,26.29348196,92.02715539,0,15.99926501,0.482067036,0
Assam,Morigaon,26.25645408,91.87487105,0,14.83942834,0.516694784,0
Assam,Morigaon,26.49670815,91.91319747,0.05,13.90173651,0.44791339,0
Assam,Morigaon,26.00929745,92.14515192,1.13,15.52966847,0.506023079,0
Assam,Morigaon,26.00865521,92.10946516,4.88,16.97496248,0.51644749,0
Assam,Morigaon,26.47701061,91.80209216,0,14.09925858,0.472328073,0
Assam,Morigaon,26.33463127,92.17279013,0,15.18262134,0.461447744,0
Assam,Morigaon,26.47273052,92.10201233,0.26,16.57840469,0.474304765,0
Assam,Morigaon,26.1964095,92.19929578,0.26,14.5230646,0.487979376,0
Assam,Morigaon,26.41889551,91.76584522,0.21,15.93031299,0.453540617,0
Assam,Morigaon,26.39176947,92.16695511,0,15.17524538,0.481330711,0
Assam,Morigaon,26.41621954,92.05015519,0.05,13.95739848,0.500278243,0
Assam,Morigaon,26.49431759,91.97788094,0.05,14.3949878,0.47968314,0
Assam,Morigaon,26.21062456,92.04651725,0.05,15.41992946,0.466005128,0
Assam,Morigaon,26.31014023,92.14866258,0.1,15.25327462,0.437858439,0
Assam,Morigaon,26.37014693,91.76199214,0,16.52289864,0.445445498,0
Assam,Morigaon,26.35606337,92.02524049,0.21,16.35154365,0.438180194,0
Assam,Nagaon,26.34796205,92.71861,0.1,14.00772435,0.469583002,0
Assam,Nagaon,26.2105029,92.50860256,0.05,15.30485005,0.482653059,0
Assam,Nagaon,26.09936791,92.5206732,1.75,13.30656898,0.451973476,0
Assam,Nagaon,26.13991092,92.4884624,1.7,14.98916336,0.487149737,0
Assam,Nagaon,26.3237569,92.71438981,0.05,13.77776373,0.465738286,0
Assam,Nagaon,26.26503257,92.39872559,0.05,13.55181203,0.525343728,0
Assam,Nagaon,25.98937261,92.42797898,1.65,13.96035874,0.481832075,0
Assam,Nagaon,26.22075624,92.78629715,0.1,15.11198567,0.444880756,0
Assam,Nagaon,26.04138582,92.56285256,2.31,14.56846969,0.493670868,0
Assam,Nagaon,26.46737899,92.42674044,0.05,14.282315,0.491340425,0
Assam,Nagaon,26.39090223,92.74207134,0.41,14.89271467,0.497313215,0
Assam,Nagaon,26.26014882,92.48123721,0.36,13.66685883,0.454044597,0
Assam,Nagaon,26.05724183,92.51909067,2.01,13.33085466,0.510422637,0
Assam,Nagaon,26.32189957,92.57183307,0.57,13.19773936,0.443323045,0
Assam,Nagaon,26.0110265,92.70861554,0,13.73847518,0.509595515,0
Assam,Nagaon,26.06934921,92.81257534,0.26,13.06336536,0.499975239,0
Assam,Nagaon,26.29596799,92.47297418,0.41,13.29239032,0.531392613,0
Assam,Nagaon,26.33782002,92.6470578,0,12.75628974,0.501759709,0
Assam,Nagaon,26.15688696,92.58603931,0.05,12.65233222,0.487718716,0
Assam,Nagaon,26.41404107,92.57598992,0.15,14.07346108,0.484722331,0
Assam,Nagaon,26.22948144,92.50239728,0.05,14.78947496,0.479342433,0
Assam,Nagaon,26.36095754,92.59555955,0.05,14.38950346,0.511916394,0
Assam,Nagaon,25.98922004,92.8189978,0.36,13.00499353,0.507207842,0
Assam,Nagaon,26.1081875,92.75008446,0.26,14.92581638,0.444882479,0
Assam,Nagaon,26.010007,92.66100078,0.05,15.00451246,0.492945916,0
Assam,Nagaon,26.29083815,92.40334597,0.21,14.93190155,0.512896886,0
Assam,Nagaon,26.19714162,92.56973495,0.15,12.86545174,0.487090587,0
Assam,Nagaon,26.45195717,92.81419784,0.1,12.86879738,0.484902207,0
Assam,Nagaon,26.27004636,92.73523543,0.46,15.21940435,0.518759551,0
Assam,Nagaon,26.12351705,92.53501448,0.05,13.89512858,0.528586492,0
Assam,Nagaon,26.34857095,92.43623751,0.05,15.18609063,0.528601517,0
Assam,Nagaon,25.97153619,92.43667902,9.54,13.8880694,0.519080087,0
Assam,Nagaon,25.99938369,92.88342472,0,12.9808902,0.445282779,0
Assam,Nagaon,26.45351189,92.4561713,0.21,14.9014956,0.530877933,0
Assam,Nagaon,26.14542045,92.61367111,0.05,14.6227255,0.51240278,0
Assam,Nagaon,26.18989174,92.42401982,0,13.180922,0.479220798,0
Assam,Nagaon,26.28767786,92.65471066,0.36,15.11931064,0.525294904,0
Assam,Nagaon,26.22854063,92.67605229,0.31,13.50732027,0.483383254,0
Assam,Nagaon,26.13203291,92.5866691,0,12.62674257,0.504143011,0
Assam,Nagaon,26.03672897,92.81756867,0.05,13.95814347,0.468505791,0
Assam,Nagaon,26.29863682,92.81155443,0.26,14.04897357,0.459972249,0
Assam,Nagaon,26.07164281,92.78202118,0.1,12.81407016,0.479857092,0
Assam,Nagaon,26.44386123,92.86566915,0,14.57630687,0.509589813,0
Assam,Nagaon,26.44163075,92.66898954,0.21,13.40171372,0.509454999,0
Assam,Nagaon,26.0563037,92.70682217,0.15,14.91808295,0.520823462,0
Assam,Nagaon,26.21276622,92.43628508,0.05,13.38124396,0.461956777,0
Assam,Nagaon,26.34222937,92.86153543,0.1,12.67779752,0.483825047,0
Assam,Nagaon,26.36040983,92.41076414,0,13.73086674,0.439659918,0
Assam,Nagaon,26.03990835,92.85784142,0,12.66376247,0.452925319,0
Assam,Nagaon,26.1927676,92.47543905,0.41,15.06987114,0.510059996,0
Arunachal Pradesh,Pakke Kessang,27.45931734,93.14238339,5.8,14.19575896,0.382905152,0
Arunachal Pradesh,Pakke Kessang,27.0685684,93.20287833,26.09,15.06629768,0.446856514,0
Arunachal Pradesh,Pakke Kessang,27.24951786,92.97812875,4.98,14.3958371,0.43144724,0
Arunachal Pradesh,Pakke Kessang,27.38412244,93.29231056,11.13,14.47111745,0.405100791,0
Arunachal Pradesh,Pakke Kessang,27.07990972,93.18015383,10.88,14.68945186,0.393590596,0
Arunachal Pradesh,Pakke Kessang,27.24003065,93.24134156,0.1,13.58386843,0.418095566,0
Arunachal Pradesh,Pakke Kessang,27.45162841,93.26198036,8.33,13.18477689,0.42774444,0
Arunachal Pradesh,Pakke Kessang,27.18897272,93.30196477,5.85,13.39804457,0.396986517,0
Arunachal Pradesh,Pakke Kessang,27.12175577,93.19782383,6.31,12.76339283,0.429793067,0
Arunachal Pradesh,Pakke Kessang,27.1566083,93.28517452,7.78,14.55345459,0.418888205,0
Arunachal Pradesh,Pakke Kessang,27.21567982,92.95491152,20.13,13.66768116,0.414663672,0
Arunachal Pradesh,Pakke Kessang,27.16014268,93.20817302,8.53,13.17809855,0.372049459,0
Arunachal Pradesh,Pakke Kessang,27.18837227,92.87947343,26,14.14511107,0.372792426,0
Arunachal Pradesh,Pakke Kessang,27.33484355,93.20278148,7.02,12.90807312,0.422156029,0
Arunachal Pradesh,Pakke Kessang,27.03922126,92.99425748,2.83,14.97129572,0.442721922,0
Arunachal Pradesh,Pakke Kessang,27.17779489,93.25124398,8.53,14.14685621,0.396929151,0
Arunachal Pradesh,Pakke Kessang,27.35839013,93.17410668,8.13,14.51192131,0.409211342,0
Arunachal Pradesh,Pakke Kessang,26.98711465,93.23117219,0.46,15.31152381,0.41614959,0
Arunachal Pradesh,Pakke Kessang,26.97234241,92.95735681,2.98,13.09043361,0.390338759,0
Arunachal Pradesh,Pakke Kessang,27.3462064,92.84329497,20.72,12.87430852,0.428514907,0
Arunachal Pradesh,Pakke Kessang,27.10815351,93.10579227,16.89,12.86795746,0.41509328,0
Arunachal Pradesh,Pakke Kessang,26.96541833,92.84816743,2.78,13.33275902,0.435478509,0
Arunachal Pradesh,Pakke Kessang,27.36006701,93.13372574,2.16,14.96643596,0.409477985,0
Arunachal Pradesh,Pakke Kessang,26.96944764,92.9174547,2.47,14.92516401,0.370444266,0
Arunachal Pradesh,Pakke Kessang,27.06275419,92.98490426,4.67,14.23985451,0.389505038,0
Arunachal Pradesh,Pakke Kessang,27.0074225,93.1798961,3.55,14.43325318,0.403186084,0
Arunachal Pradesh,Pakke Kessang,27.25322297,93.1971931,7.42,13.10914349,0.420191845,0
Arunachal Pradesh,Pakke Kessang,27.40943312,93.30318115,5.85,13.2508767,0.43344735,0
Arunachal Pradesh,Pakke Kessang,27.01235169,93.25967994,3.65,14.82119279,0.418108473,0
Arunachal Pradesh,Pakke Kessang,27.31236787,93.32917892,4.37,13.63718339,0.429593702,0
Arunachal Pradesh,Pakke Kessang,27.0313759,93.33700762,1.65,14.37859024,0.403350103,0
Arunachal Pradesh,Pakke Kessang,27.10502108,92.9987726,6.1,15.17937195,0.441730424,0
Arunachal Pradesh,Pakke Kessang,27.07179597,93.0552794,18.57,14.74141888,0.403824543,0
Arunachal Pradesh,Pakke Kessang,27.01900116,92.85147876,1.24,14.68817501,0.408657974,0
Arunachal Pradesh,Pakke Kessang,27.33449238,92.89215877,4.93,13.90715005,0.395681133,0
Arunachal Pradesh,Pakke Kessang,27.0795602,92.84476588,14.22,14.00340462,0.434683442,0
Arunachal Pradesh,Pakke Kessang,27.16261745,92.97049317,16.61,14.057286,0.452218062,0
Arunachal Pradesh,Pakke Kessang,26.9789156,93.3288691,10.83,14.79854669,0.396178978,0
Arunachal Pradesh,Pakke Kessang,27.08112212,93.3025483,17.97,13.76760755,0.41693424,0
Arunachal Pradesh,Pakke Kessang,27.37821774,93.10671995,7.07,14.87448242,0.386382985,0
Arunachal Pradesh,Pakke Kessang,27.17615699,92.93640772,24.53,13.81532474,0.405820327,0
Arunachal Pradesh,Pakke Kessang,27.44550949,93.22146748,21.57,15.18795157,0.417815331,0
Arunachal Pradesh,Pakke Kessang,27.455276,93.30531893,14.31,14.29982454,0.398163631,0
Arunachal Pradesh,Pakke Kessang,26.96688282,93.17733589,0.1,13.25966091,0.384995936,0
Arunachal Pradesh,Pakke Kessang,27.06605298,93.27251638,22.45,12.66247998,0.371530022,0
Arunachal Pradesh,Pakke Kessang,27.13141692,93.06178456,14.55,14.93402865,0.440444176,0
Arunachal Pradesh,Pakke Kessang,27.29359547,93.31189285,10.73,14.58469439,0.382974333,0
Arunachal Pradesh,Pakke Kessang,27.24962473,93.26398953,23.5,15.2342068,0.408092019,0
Arunachal Pradesh,Pakke Kessang,26.98532381,93.05733716,1.34,14.57433793,0.436985763,0
Arunachal Pradesh,Pakke Kessang,27.29398244,92.86170876,21.88,13.14433707,0.386200546,0
Arunachal Pradesh,Papum Pare,27.33535288,93.59402172,11.38,14.7389859,0.503872465,0
Arunachal Pradesh,Papum Pare,27.34869748,93.72961224,14.02,15.14533928,0.477985734,0
Arunachal Pradesh,Papum Pare,27.35812679,93.93673636,16.42,13.85052602,0.480645059,0
Arunachal Pradesh,Papum Pare,27.34547519,93.55318586,5.85,15.40627768,0.491897654,0
Arunachal Pradesh,Papum Pare,27.25045465,93.93464093,2.62,14.86912104,0.474846688,0
Arunachal Pradesh,Papum Pare,27.42589947,93.55932601,4.78,16.3991191,0.460358688,0
Arunachal Pradesh,Papum Pare,27.43305563,93.63629512,9.69,15.37089003,0.452004681,0
Arunachal Pradesh,Papum Pare,26.99648742,93.59020975,4.01,15.85971024,0.47485135,0
Arunachal Pradesh,Papum Pare,27.00699379,93.93558275,0.26,15.5160222,0.474527472,0
Arunachal Pradesh,Papum Pare,27.37700499,93.87889208,26,15.21292944,0.479470824,0
Arunachal Pradesh,Papum Pare,27.10974694,93.94471115,0,13.82541089,0.500705542,0
Arunachal Pradesh,Papum Pare,27.21321079,93.85251564,0.67,14.51284677,0.529803074,0
Arunachal Pradesh,Papum Pare,27.41871959,93.86525913,32.89,16.30867648,0.445868646,0
Arunachal Pradesh,Papum Pare,27.30533024,93.93495613,1.44,14.71421483,0.514429655,0
Arunachal Pradesh,Papum Pare,27.40615575,93.54365456,17.17,14.24496754,0.49951655,0
Arunachal Pradesh,Papum Pare,27.11237692,93.48274779,15.94,13.9158578,0.519696942,0
Arunachal Pradesh,Papum Pare,27.03319473,93.87571353,0.31,15.57455116,0.513798111,0
Arunachal Pradesh,Papum Pare,27.15928066,93.59499943,14.99,15.8520122,0.506921545,0
Arunachal Pradesh,Papum Pare,27.37263059,93.58374777,6.05,14.08347754,0.462079082,0
Arunachal Pradesh,Papum Pare,27.01367314,93.45130713,7.78,16.83601573,0.480029852,0
Arunachal Pradesh,Papum Pare,27.39783911,93.78724098,6.66,16.33027714,0.517149479,0
Arunachal Pradesh,Papum Pare,27.41768559,93.51174944,9.03,15.17654584,0.478467235,0
Arunachal Pradesh,Papum Pare,27.15603319,93.57387516,9.03,15.31103873,0.488608517,0
Arunachal Pradesh,Papum Pare,27.13920721,93.53321162,10.63,16.15809294,0.526166569,0
Arunachal Pradesh,Papum Pare,26.97883429,93.61749423,0.46,14.65133993,0.44751546,0
Arunachal Pradesh,Papum Pare,27.1634482,93.51478598,2.31,16.18064729,0.501773209,0
Arunachal Pradesh,Papum Pare,26.95450981,93.84220436,0.05,15.68526105,0.526035139,0
Arunachal Pradesh,Papum Pare,27.04294052,93.70389077,4.83,14.45863462,0.488232086,0
Arunachal Pradesh,Papum Pare,27.32852627,93.63499773,6.2,15.67622647,0.513884554,0
Arunachal Pradesh,Papum Pare,27.32486103,93.73437249,22.76,15.0645052,0.488756993,0
Arunachal Pradesh,Papum Pare,27.29728219,93.59005415,1.39,15.88814695,0.537415179,0
Arunachal Pradesh,Papum Pare,27.33699674,93.65292381,15.23,16.01388569,0.472256994,0
Arunachal Pradesh,Papum Pare,27.16375829,93.91566556,0.21,13.89058008,0.452000802,0
Arunachal Pradesh,Papum Pare,26.99198704,93.85000534,0,15.7949522,0.47979927,0
Arunachal Pradesh,Papum Pare,27.13559275,93.46419197,4.42,14.97963212,0.513316287,0
Arunachal Pradesh,Papum Pare,27.41321841,93.64405179,11.33,15.34830371,0.481931096,0
Arunachal Pradesh,Papum Pare,27.20853757,93.88725034,1.9,16.261304,0.530236514,0
Arunachal Pradesh,Papum Pare,27.27833083,93.86547433,4.67,15.29411737,0.497934679,0
Arunachal Pradesh,Papum Pare,27.13550495,93.87508605,0.57,16.03946379,0.533939676,0
Arunachal Pradesh,Papum Pare,27.40730757,93.82856536,6.05,15.58086839,0.478503489,0
Arunachal Pradesh,Papum Pare,27.38364931,93.82561971,29.04,15.26543349,0.449062383,0
Arunachal Pradesh,Papum Pare,27.21069306,93.94285687,0,14.38741056,0.458258397,0
Arunachal Pradesh,Papum Pare,27.17834537,93.5567059,17.41,16.12520475,0.449004172,0
Arunachal Pradesh,Papum Pare,27.05373088,93.87254001,0.26,14.9533692,0.450589701,0
Arunachal Pradesh,Papum Pare,27.13378392,93.55894381,3.65,16.23870487,0.516420919,0
Arunachal Pradesh,Papum Pare,27.40275506,93.58219291,5.64,15.6793003,0.475908465,0
Arunachal Pradesh,Papum Pare,27.10427519,93.507686,14.94,15.53031564,0.500831845,0
Arunachal Pradesh,Papum Pare,27.03451576,93.74048056,1.44,16.50783188,0.471567106,0
Arunachal Pradesh,Papum Pare,27.0875033,93.90454739,0.1,16.20377045,0.536200408,0
Arunachal Pradesh,Papum Pare,27.28129732,93.67717523,10.38,15.48240533,0.497390224,0
Arunachal Pradesh,Shi-Yomi,28.4479924,94.21349271,12.71,23.51830555,0.402446343,0
Arunachal Pradesh,Shi-Yomi,28.21939988,94.09484265,7.52,20.63815175,0.425918246,0
Arunachal Pradesh,Shi-Yomi,28.43749273,94.17154863,15.37,21.0254019,0.400480536,0
Arunachal Pradesh,Shi-Yomi,28.10193056,94.07470329,25.75,22.68834162,0.379274685,0
Arunachal Pradesh,Shi-Yomi,28.35797239,94.16240297,24.87,23.10636884,0.393335414,0
Arunachal Pradesh,Shi-Yomi,28.16645321,94.30025405,17.08,23.75492455,0.428289019,0
Arunachal Pradesh,Shi-Yomi,28.24046533,94.07725178,28.2,20.77638945,0.386058593,0
Arunachal Pradesh,Shi-Yomi,28.03215903,94.35721744,9.74,20.84601589,0.377663966,0
Arunachal Pradesh,Shi-Yomi,28.27294577,94.32875932,15.8,23.11521908,0.384517804,0
Arunachal Pradesh,Shi-Yomi,28.057148,94.43932268,18.76,21.65185234,0.417976032,0
Arunachal Pradesh,Shi-Yomi,28.30401422,94.38698414,12.12,21.7973148,0.402894832,0
Arunachal Pradesh,Shi-Yomi,28.42110667,94.23899421,5.29,22.87257953,0.405918649,0
Arunachal Pradesh,Shi-Yomi,28.39475086,94.14504464,17.36,22.2189201,0.451113012,0
Arunachal Pradesh,Shi-Yomi,28.50143367,94.20390899,16.94,21.19319228,0.43938509,0
Arunachal Pradesh,Shi-Yomi,28.13664183,94.13856549,2.37,21.37005151,0.377811152,0
Arunachal Pradesh,Shi-Yomi,28.2760788,94.4622741,18.39,22.68101408,0.44802526,0
Arunachal Pradesh,Shi-Yomi,28.23127929,94.12644372,8.08,22.98464932,0.420873915,0
Arunachal Pradesh,Shi-Yomi,28.35594594,94.13698315,24.91,24.23537479,0.396321694,0
Arunachal Pradesh,Shi-Yomi,28.24451942,94.28488926,15.23,24.34743475,0.398757188,0
Arunachal Pradesh,Shi-Yomi,28.00926416,94.35451925,21.88,23.90305675,0.414010003,0
Arunachal Pradesh,Shi-Yomi,28.46244388,94.24777118,0.57,20.61658032,0.398065075,0
Arunachal Pradesh,Shi-Yomi,28.16581955,94.2796657,14.31,22.73660805,0.384452301,0
Arunachal Pradesh,Shi-Yomi,28.44711034,94.51603186,3.34,24.60029612,0.432859176,0
Arunachal Pradesh,Shi-Yomi,28.06596592,94.12178007,0.36,22.96015542,0.436978823,0
Arunachal Pradesh,Shi-Yomi,28.38428959,94.33210671,19.67,24.71561325,0.40933705,0
Arunachal Pradesh,Shi-Yomi,28.47157453,94.41054918,13.2,24.2632767,0.409486365,0
Arunachal Pradesh,Shi-Yomi,28.40687417,94.05833431,8.93,24.87586997,0.406702162,0
Arunachal Pradesh,Shi-Yomi,28.41843259,94.40699927,14.6,22.0237564,0.452174004,0
Arunachal Pradesh,Shi-Yomi,28.35369898,94.30755951,22.89,24.91321222,0.457900866,0
Arunachal Pradesh,Shi-Yomi,28.11797099,94.12907535,6.2,23.93135423,0.378309537,0
Arunachal Pradesh,Shi-Yomi,28.12159829,94.39053815,3.09,21.13671728,0.398398729,0
Arunachal Pradesh,Shi-Yomi,28.05238937,94.28832362,9.08,23.97255516,0.405979567,0
Arunachal Pradesh,Shi-Yomi,28.49705247,94.49352453,17.97,20.91270602,0.418571991,0
Arunachal Pradesh,Shi-Yomi,28.22519549,94.03696309,34.22,21.73411548,0.398088354,0
Arunachal Pradesh,Shi-Yomi,28.3013547,94.49258397,24.4,23.03615752,0.440587285,0
Arunachal Pradesh,Shi-Yomi,28.01811714,94.14453333,4.78,22.93731481,0.376513123,0
Arunachal Pradesh,Shi-Yomi,28.38501279,94.42567941,19.17,21.96052003,0.390924993,0
Arunachal Pradesh,Shi-Yomi,28.44037625,94.45146022,9.49,22.5915367,0.398354702,0
Arunachal Pradesh,Shi-Yomi,28.1758013,94.16191653,2.37,21.08071096,0.403385822,0
Arunachal Pradesh,Shi-Yomi,28.42487985,94.10327999,21.74,20.89217635,0.391536526,0
Arunachal Pradesh,Shi-Yomi,28.33507221,94.31579742,3.6,22.95717244,0.418406477,0
Arunachal Pradesh,Shi-Yomi,28.12093166,94.20951637,16.09,24.87134546,0.443545634,0
Arunachal Pradesh,Shi-Yomi,28.3601617,94.22909015,4.62,23.867152,0.377101346,0
Arunachal Pradesh,Shi-Yomi,28.12554013,94.33263259,14.6,24.18991026,0.409622765,0
Arunachal Pradesh,Shi-Yomi,28.07683422,94.40383247,2.78,22.8573246,0.408236248,0
Arunachal Pradesh,Shi-Yomi,28.29099679,94.22405428,3.29,22.29998315,0.404531786,0
Arunachal Pradesh,Shi-Yomi,28.33396656,94.40190007,3.29,22.67872563,0.456362941,0
Arunachal Pradesh,Shi-Yomi,28.12470817,94.41448026,19.44,22.33492234,0.451267708,0
Arunachal Pradesh,Shi-Yomi,28.19292472,94.09710243,14.17,22.99536416,0.414322097,0
Arunachal Pradesh,Shi-Yomi,28.20615065,94.46261634,2.21,24.66936738,0.435920083,0
Arunachal Pradesh,Siang,28.38462054,95.0060131,9.54,20.83040748,0.374061267,0
Arunachal Pradesh,Siang,28.38957296,94.78862664,18.01,23.5257202,0.435834821,0
Arunachal Pradesh,Siang,27.97875212,94.94372756,11.43,22.49699613,0.412693584,0
Arunachal Pradesh,Siang,28.3550535,94.88761939,8.68,21.58835871,0.412740614,0
Arunachal Pradesh,Siang,28.02423455,94.97925058,23.84,24.44921851,0.390097307,0
Arunachal Pradesh,Siang,28.32242483,94.75877865,9.29,21.6663306,0.379762984,0
Arunachal Pradesh,Siang,28.36547199,94.73373571,17.08,20.79845275,0.427715087,0
Arunachal Pradesh,Siang,28.04194855,94.73617308,7.72,22.22778839,0.37728263,0
Arunachal Pradesh,Siang,28.33659777,94.79019123,23.76,22.42777953,0.448615482,0
Arunachal Pradesh,Siang,28.41757354,95.00427765,7.62,23.43811279,0.451678394,0
Arunachal Pradesh,Siang,28.04922579,94.71623958,14.12,23.79328078,0.447244735,0
Arunachal Pradesh,Siang,28.39495169,94.81301596,9.54,24.07012703,0.437019845,0
Arunachal Pradesh,Siang,28.28582027,94.59442422,8.63,22.23249072,0.434429429,0
Arunachal Pradesh,Siang,28.40825765,94.76566928,11.53,22.73337175,0.383356236,0
Arunachal Pradesh,Siang,28.18503221,94.6210106,5.8,22.52305827,0.394903332,0
Arunachal Pradesh,Siang,28.26871161,94.63663953,4.62,23.74399284,0.384936025,0
Arunachal Pradesh,Siang,28.10704412,94.99829024,6.41,23.80316874,0.372576076,0
Arunachal Pradesh,Siang,28.43177567,94.91967684,26.29,20.76755862,0.372875077,0
Arunachal Pradesh,Siang,28.04713042,94.79099338,6.56,21.7115776,0.374041072,0
Arunachal Pradesh,Siang,28.0009283,94.98797666,2.37,24.00651647,0.393602429,0
Arunachal Pradesh,Siang,28.37261694,94.76829747,6.86,23.24567489,0.448874367,0
Arunachal Pradesh,Siang,28.40870905,94.84198552,13.15,23.69734795,0.419056817,0
Arunachal Pradesh,Siang,28.25996887,94.67887486,1.7,22.92587753,0.420539194,0
Arunachal Pradesh,Siang,28.07319752,94.70507341,7.72,22.61442444,0.411944027,0
Arunachal Pradesh,Siang,28.0486003,95.02923826,12.76,23.83275733,0.431142713,0
Arunachal Pradesh,Siang,28.00570357,94.96400974,25.71,21.47243317,0.452856028,0
Arunachal Pradesh,Siang,28.27749079,95.06572156,1.18,23.80836996,0.400667949,0
Arunachal Pradesh,Siang,28.21860039,94.63854192,1.49,21.52104484,0.437981938,0
Arunachal Pradesh,Siang,28.420407,95.04844101,15.37,21.52524253,0.421926074,0
Arunachal Pradesh,Siang,28.3906322,94.59069659,23.11,24.74719528,0.384988586,0
Arunachal Pradesh,Siang,28.2546439,94.79724609,24.61,23.90349472,0.423802983,0
Arunachal Pradesh,Siang,28.23205129,95.05374077,19.81,23.7797352,0.380260124,0
Arunachal Pradesh,Siang,28.24691751,94.75948977,22.8,24.27814415,0.443652649,0
Arunachal Pradesh,Siang,28.42042414,95.08413352,0.67,21.18587451,0.414779463,0
Arunachal Pradesh,Siang,28.32956217,95.04989163,11.33,24.71171798,0.38933116,0
Arunachal Pradesh,Siang,28.39276404,94.90004699,16.75,24.84003862,0.426415902,0
Arunachal Pradesh,Siang,28.09456177,94.89309364,19.26,24.00838126,0.380096007,0
Arunachal Pradesh,Siang,28.37598193,94.62166885,9.79,20.95996352,0.408483926,0
Arunachal Pradesh,Siang,28.07398398,94.97720675,8.28,23.0002317,0.40133908,0
Arunachal Pradesh,Siang,28.10295582,94.94032601,14.94,23.14093935,0.434240176,0
Arunachal Pradesh,Siang,27.94955091,94.84031114,5.64,23.00799967,0.377049072,0
Arunachal Pradesh,Siang,28.41135796,94.7400213,19.26,24.22682468,0.417663734,0
Arunachal Pradesh,Siang,28.08467203,94.82702769,2.16,23.82109823,0.388071647,0
Arunachal Pradesh,Siang,28.32427611,94.83296561,3.34,21.93313697,0.394818875,0
Arunachal Pradesh,Siang,28.30837632,94.59655108,9.99,22.65086584,0.37830129,0
Arunachal Pradesh,Siang,28.31006529,94.80182889,15.27,20.58731241,0.445000469,0
Arunachal Pradesh,Siang,28.28057234,94.76395093,2.16,24.13437093,0.426888319,0
Arunachal Pradesh,Siang,28.17033838,94.89036529,8.68,22.48262342,0.394523387,0
Arunachal Pradesh,Siang,28.43038929,94.84098064,25.63,24.08624785,0.400658179,0
Arunachal Pradesh,Siang,28.40105263,94.94815007,9.64,24.16816865,0.422975485,0
Assam,Sonitpur,27.11979046,92.93429096,4.57,14.91491067,0.382044651,0
Assam,Sonitpur,26.81278977,92.73848409,0.1,14.22097557,0.400745918,0
Assam,Sonitpur,26.70187006,93.04356826,0.21,15.19696811,0.437245933,0
Assam,Sonitpur,26.8540187,92.75599248,0.21,14.75105264,0.414528228,0
Assam,Sonitpur,27.0204337,93.0817358,5.54,16.62249235,0.407430583,0
Assam,Sonitpur,27.08110972,92.95504103,2.01,14.66682515,0.365908474,0
Assam,Sonitpur,26.8992962,93.0368929,1.6,15.60096637,0.419919281,0
Assam,Sonitpur,27.11686504,92.97503288,15.51,16.1317129,0.433659896,0
Assam,Sonitpur,26.8280554,92.64760083,0.1,15.11188731,0.392226548,0
Assam,Sonitpur,27.15546841,92.80815517,11.48,15.51640719,0.415285744,0
Assam,Sonitpur,27.0436798,92.93345174,10.58,14.16682898,0.418584259,0
Assam,Sonitpur,26.87211787,93.00022517,0.21,14.48903412,0.443743947,0
Assam,Sonitpur,26.78090317,92.68154958,0.05,16.91515159,0.412406425,0
Assam,Sonitpur,27.03939856,92.70363407,1.8,16.7037975,0.39002234,0
Assam,Sonitpur,26.71089931,92.70864841,0.21,15.54776655,0.423941155,0
Assam,Sonitpur,26.71942288,92.63995051,0.05,14.55724912,0.383677286,0
Assam,Sonitpur,26.78956531,92.94358305,0.46,14.6360684,0.397856165,0
Assam,Sonitpur,26.82239561,92.87048338,0.15,14.79871153,0.414145441,0
Assam,Sonitpur,26.91450883,92.92917236,0.1,16.84201626,0.369975983,0
Assam,Sonitpur,26.99164977,92.72516794,0.57,17.04800875,0.379466033,0
Assam,Sonitpur,26.91582302,92.65217373,0,15.74851482,0.370795097,0
Assam,Sonitpur,26.82145487,93.00208578,0.15,16.48515306,0.440714897,0
Assam,Sonitpur,26.96112228,92.93559872,1.75,14.59303363,0.366442592,0
Assam,Sonitpur,26.72115848,92.80233294,0.05,16.39222702,0.371940291,0
Assam,Sonitpur,26.86626956,92.70148529,0.05,16.89168511,0.392999481,0
Assam,Sonitpur,26.91152759,92.96906362,0.1,16.08025321,0.408448322,0
Assam,Sonitpur,26.7627519,92.5879748,0.05,17.13924957,0.423380289,0
Assam,Sonitpur,26.77301979,92.84690148,0.05,15.93560923,0.420013041,0
Assam,Sonitpur,26.96607909,92.78801869,0.36,17.00386114,0.379080364,0
Assam,Sonitpur,26.89208859,92.96314688,0.26,15.08570843,0.389531954,0
Assam,Sonitpur,26.72470792,92.93847981,0.41,15.92398101,0.42673188,0
Assam,Sonitpur,27.00881694,92.69592143,0.1,14.48767548,0.426785362,0
Assam,Sonitpur,27.11265233,92.90025751,6.81,15.49143231,0.401504648,0
Assam,Sonitpur,26.84574598,92.95845583,0.1,16.3269822,0.37072319,0
Assam,Sonitpur,27.16942444,92.77809286,2.16,16.50967179,0.404235358,0
Assam,Sonitpur,26.98485532,92.89323066,0.67,15.28828832,0.403247858,0
Assam,Sonitpur,26.69374445,92.8635843,0.05,14.68830186,0.40949331,0
Assam,Sonitpur,27.05777058,92.7420627,1.13,15.9826512,0.383810261,0
Assam,Sonitpur,26.72711509,93.02158223,0,15.54667341,0.410229258,0
Assam,Sonitpur,27.0380576,93.07072655,6.15,17.22245245,0.427819579,0
Assam,Sonitpur,26.75357748,92.75622798,0.67,15.55847899,0.425858205,0
Assam,Sonitpur,26.91758249,93.03268767,4.88,17.06087364,0.389434006,0
Assam,Sonitpur,26.70208464,92.74309679,0.21,16.57296814,0.371677319,0
Assam,Sonitpur,26.81537584,92.71178578,0,16.09044736,0.436945907,0
Assam,Sonitpur,26.77369955,92.64603524,0.05,14.56771869,0.410777651,0
Assam,Sonitpur,26.78565784,92.75373505,0.51,15.49420017,0.431616893,0
Assam,Sonitpur,27.06264019,92.9054701,9.03,15.43729664,0.391930123,0
Assam,Sonitpur,26.7929255,92.7779853,0.05,16.82945659,0.430686156,0
Assam,Sonitpur,26.86842427,92.93828042,0.21,14.7854385,0.378266822,0
Assam,Sonitpur,27.17670935,92.90708656,15.37,16.49077913,0.419701277,0
Arunachal Pradesh,Tawang,27.45258081,91.67275946,26.42,11.37329898,0.401466705,0
Arunachal Pradesh,Tawang,27.68140761,91.7032022,28.04,10.40981571,0.416146869,0
Arunachal Pradesh,Tawang,27.66354929,91.78624572,16.42,9.582710084,0.412667369,0
Arunachal Pradesh,Tawang,27.67771201,92.07774033,19.81,10.2279083,0.380676699,0
Arunachal Pradesh,Tawang,27.67004361,91.92555719,9.99,10.91318948,0.375518397,0
Arunachal Pradesh,Tawang,27.65795812,92.12916477,27.28,10.03301048,0.375963426,0
Arunachal Pradesh,Tawang,27.83214343,92.12188528,2.11,9.980224247,0.376034932,0
Arunachal Pradesh,Tawang,27.33881732,91.97120865,0.72,9.978043052,0.380763841,0
Arunachal Pradesh,Tawang,27.38876568,91.97952281,17.64,10.90854296,0.378397129,0
Arunachal Pradesh,Tawang,27.39918298,91.79264287,19.31,9.853492333,0.43462504,0
Arunachal Pradesh,Tawang,27.7866721,91.72021631,29.78,11.07717438,0.379490957,0
Arunachal Pradesh,Tawang,27.46346939,91.79237308,10.33,10.81272763,0.443897018,0
Arunachal Pradesh,Tawang,27.72682,91.8612938,13.15,9.681913217,0.379847119,0
Arunachal Pradesh,Tawang,27.59932321,91.66693509,15.66,9.470193185,0.441106975,0
Arunachal Pradesh,Tawang,27.66728762,91.6377448,2.93,10.22910571,0.375754114,0
Arunachal Pradesh,Tawang,27.44319659,91.99649893,25.25,10.21884912,0.387497816,0
Arunachal Pradesh,Tawang,27.68292521,91.6529071,17.03,11.11924034,0.418310977,0
Arunachal Pradesh,Tawang,27.50161834,91.75039074,8.03,10.00159898,0.392649865,0
Arunachal Pradesh,Tawang,27.73167354,91.96155328,4.67,9.437012842,0.389033,0
Arunachal Pradesh,Tawang,27.43508177,91.75229524,20.49,10.25740502,0.396222459,0
Arunachal Pradesh,Tawang,27.63531441,91.69816994,12.07,10.61519129,0.427904437,0
Arunachal Pradesh,Tawang,27.555344,91.69907525,2.93,11.23714621,0.383884571,0
Arunachal Pradesh,Tawang,27.61893632,92.11037377,18.34,10.47252757,0.37182688,0
Arunachal Pradesh,Tawang,27.83658499,91.86218915,1.44,10.6534865,0.392288224,0
Arunachal Pradesh,Tawang,27.37824092,91.80028014,4.37,10.21872252,0.408803082,0
Arunachal Pradesh,Tawang,27.46951345,91.93221397,11.53,11.35540594,0.403588164,0
Arunachal Pradesh,Tawang,27.60776089,91.64230007,4.88,10.7513479,0.442225609,0
Arunachal Pradesh,Tawang,27.58085987,91.73682283,20.17,10.6106922,0.439740155,0
Arunachal Pradesh,Tawang,27.40699954,91.83304123,28.4,9.926989851,0.439139275,0
Arunachal Pradesh,Tawang,27.6948683,92.03511147,4.98,10.69677344,0.405304122,0
Arunachal Pradesh,Tawang,27.73394024,92.10930335,21.03,9.893113585,0.416893566,0
Arunachal Pradesh,Tawang,27.41539884,91.74558505,19.31,9.9910667,0.388685055,0
Arunachal Pradesh,Tawang,27.47772817,91.74362904,15.75,10.2873364,0.434912449,0
Arunachal Pradesh,Tawang,27.36486442,92.08329634,12.36,10.7287323,0.373196149,0
Arunachal Pradesh,Tawang,27.52025856,92.01574382,10.83,9.39603284,0.433040317,0
Arunachal Pradesh,Tawang,27.78744904,92.04790409,12.41,10.7663562,0.389074988,0
Arunachal Pradesh,Tawang,27.60506044,91.73000249,5.34,10.72341497,0.377687701,0
Arunachal Pradesh,Tawang,27.75129845,91.96017545,16.7,11.01907341,0.385125856,0
Arunachal Pradesh,Tawang,27.70942846,92.01243775,20.99,10.94014566,0.444806315,0
Arunachal Pradesh,Tawang,27.36591837,91.84792203,10.28,11.33755541,0.41985323,0
Arunachal Pradesh,Tawang,27.66540371,92.04985345,5.18,10.09749822,0.414437902,0
Arunachal Pradesh,Tawang,27.44364791,91.80900118,9.29,10.22911836,0.431198782,0
Arunachal Pradesh,Tawang,27.71382032,91.93882542,9.64,11.28947996,0.397814055,0
Arunachal Pradesh,Tawang,27.62581055,91.71953617,12.31,9.62448842,0.442167836,0
Arunachal Pradesh,Tawang,27.39534969,91.71385889,10.24,10.17350801,0.446673908,0
Arunachal Pradesh,Tawang,27.76076294,91.72269609,16.75,9.705836719,0.423143982,0
Arunachal Pradesh,Tawang,27.38360311,91.75662849,2.16,10.18027847,0.415611966,0
Arunachal Pradesh,Tawang,27.38007399,92.02096227,0.1,10.2074841,0.443077645,0
Arunachal Pradesh,Tawang,27.75142347,91.92684376,4.62,10.44794593,0.414570813,0
Arunachal Pradesh,Tawang,27.53704206,91.75497174,14.84,11.26754401,0.431158159,0
Arunachal Pradesh,Tirap,26.99140284,95.60950912,11.33,13.1741845,0.526070478,0
Arunachal Pradesh,Tirap,27.08627554,95.43161309,1.75,12.55923305,0.457003812,0
Arunachal Pradesh,Tirap,26.87679139,95.46755082,18.57,14.46443753,0.46140466,0
Arunachal Pradesh,Tirap,26.81019201,95.7403338,5.24,12.79162792,0.453748414,0
Arunachal Pradesh,Tirap,26.77524165,95.38249218,13.73,14.30050604,0.504091059,0
Arunachal Pradesh,Tirap,27.13985823,95.3098639,0.1,13.45989113,0.529066698,0
Arunachal Pradesh,Tirap,27.2108994,95.54896782,17.13,12.86239472,0.443822744,0
Arunachal Pradesh,Tirap,26.85641011,95.73372429,10.98,13.58062928,0.501732038,0
Arunachal Pradesh,Tirap,26.98780054,95.63966024,25.79,14.00626378,0.484509707,0
Arunachal Pradesh,Tirap,27.23666975,95.3641839,0.15,14.3048968,0.532167586,0
Arunachal Pradesh,Tirap,27.00688454,95.3205048,10.93,12.39527532,0.514430388,0
Arunachal Pradesh,Tirap,26.78550846,95.78027179,3.96,13.56817845,0.4681534,0
Arunachal Pradesh,Tirap,26.80319628,95.5987072,2.78,14.76891156,0.468590778,0
Arunachal Pradesh,Tirap,26.82553323,95.42433882,0.36,13.73076091,0.528376431,0
Arunachal Pradesh,Tirap,26.83981576,95.55801367,9.34,12.92552172,0.472001366,0
Arunachal Pradesh,Tirap,27.1079283,95.33284314,1.8,12.45967913,0.47215831,0
Arunachal Pradesh,Tirap,26.84755076,95.46884807,19.12,12.62359516,0.495111889,0
Arunachal Pradesh,Tirap,26.85886833,95.67631419,0.21,14.55785842,0.508608324,0
Arunachal Pradesh,Tirap,26.89371875,95.65366275,19.44,14.10515741,0.495966524,0
Arunachal Pradesh,Tirap,26.96311502,95.67865217,10.33,13.79631657,0.444334525,0
Arunachal Pradesh,Tirap,27.24554376,95.6350705,6.05,14.08309239,0.50959051,0
Arunachal Pradesh,Tirap,27.18342361,95.45294405,0.05,12.79116526,0.517444175,0
Arunachal Pradesh,Tirap,26.76368046,95.71001155,13.54,13.32197148,0.470615908,0
Arunachal Pradesh,Tirap,27.21339335,95.42377516,1.39,14.97925544,0.487245379,0
Arunachal Pradesh,Tirap,26.79272438,95.72805593,7.32,14.97025287,0.448438665,0
Arunachal Pradesh,Tirap,27.13188405,95.5010334,9.39,13.43611168,0.476412255,0
Arunachal Pradesh,Tirap,27.24238196,95.4850463,2.11,14.3520071,0.507262301,0
Arunachal Pradesh,Tirap,27.25461893,95.44002264,1.08,13.08872648,0.522597139,0
Arunachal Pradesh,Tirap,26.77379328,95.49792834,5.18,14.75793501,0.444826711,0
Arunachal Pradesh,Tirap,26.79349707,95.68975268,9.39,12.58837532,0.529228034,0
Arunachal Pradesh,Tirap,27.14088763,95.41196372,0.87,12.98291354,0.512314292,0
Arunachal Pradesh,Tirap,26.93639739,95.79526494,0.05,13.42137608,0.485858668,0
Arunachal Pradesh,Tirap,27.22983865,95.45984303,1.44,13.62029771,0.503180472,0
Arunachal Pradesh,Tirap,27.14799731,95.56595127,7.37,13.50407409,0.508671948,0
Arunachal Pradesh,Tirap,27.17271042,95.32057244,0.51,13.90060257,0.516362126,0
Arunachal Pradesh,Tirap,27.22725078,95.30996906,0.21,14.20294975,0.523378971,0
Arunachal Pradesh,Tirap,27.01346626,95.67347403,0.15,12.62863502,0.489725175,0
Arunachal Pradesh,Tirap,27.19368464,95.38357081,0.15,13.19194954,0.509336827,0
Arunachal Pradesh,Tirap,27.16318259,95.47788318,1.49,12.64484121,0.454842681,0
Arunachal Pradesh,Tirap,27.15636893,95.61182337,19.58,13.52828772,0.518810925,0
Arunachal Pradesh,Tirap,27.25243535,95.76421318,6.91,13.6693337,0.446688624,0
Arunachal Pradesh,Tirap,27.22875974,95.76980658,6,13.70806295,0.534826609,0
Arunachal Pradesh,Tirap,26.82510249,95.61534256,12.12,12.3098196,0.458947032,0
Arunachal Pradesh,Tirap,26.8009343,95.36943069,4.06,12.3411164,0.467827489,0
Arunachal Pradesh,Tirap,27.20797541,95.57862799,1.54,13.99687922,0.514308712,0
Arunachal Pradesh,Tirap,26.88215617,95.61855999,17.13,13.14866729,0.498711042,0
Arunachal Pradesh,Tirap,27.18827786,95.34146585,0.15,14.99438973,0.463497673,0
Arunachal Pradesh,Tirap,27.09887399,95.37022798,0.82,13.55228768,0.501762544,0
Arunachal Pradesh,Tirap,26.89575214,95.72187491,16.84,12.79536503,0.534621296,0
Arunachal Pradesh,Tirap,26.9570429,95.74060134,17.31,13.8552507,0.513118312,0
Assam,Udalguri,27.0527633,92.19482671,13.44,14.95060096,0.3089203,0
Assam,Udalguri,26.95488681,92.18515502,11.18,14.62734141,0.268915476,0
Assam,Udalguri,26.69262916,92.33039515,0.26,16.7273942,0.310584505,0
Assam,Udalguri,26.66034028,91.87404982,0.31,16.22793441,0.30385316,0
Assam,Udalguri,26.64277881,92.29770151,0.05,17.17162918,0.296035768,0
Assam,Udalguri,26.73563091,92.28634533,0.21,15.32077203,0.273414431,0
Assam,Udalguri,26.74280662,92.21479265,0.15,15.37210411,0.271521203,0
Assam,Udalguri,26.67099727,92.01065223,0.1,15.10239742,0.324117185,0
Assam,Udalguri,26.93000995,92.32472696,5.29,16.55231146,0.313957306,0
Assam,Udalguri,26.87807342,92.03651131,4.32,14.68536834,0.292898542,0
Assam,Udalguri,27.13170392,92.14679281,7.12,16.7129743,0.272077119,0
Assam,Udalguri,26.80165376,91.90085242,0.72,17.02915025,0.303358724,0
Assam,Udalguri,26.96496659,92.31676761,17.08,16.43289701,0.316616505,0
Assam,Udalguri,26.8426337,92.19924287,0.57,16.14666329,0.270654797,0
Assam,Udalguri,26.86515029,92.2444994,0.77,16.58035185,0.304987776,0
Assam,Udalguri,26.7528587,92.11463019,0.41,15.7669183,0.276084998,0
Assam,Udalguri,27.10090245,92.08034012,0.98,17.07879238,0.268105999,0
Assam,Udalguri,26.7612406,91.89771406,0.46,17.8202616,0.280557047,0
Assam,Udalguri,26.96603719,91.91872066,5.9,17.46331435,0.287053465,0
Assam,Udalguri,26.90475992,91.88981142,4.21,17.6635878,0.31515813,0
Assam,Udalguri,26.94601171,91.98255638,7.83,14.87145083,0.326387717,0
Assam,Udalguri,26.94824507,91.88765507,3.24,15.11451589,0.299710597,0
Assam,Udalguri,26.80655772,92.16288988,0.15,14.85134528,0.317676094,0
Assam,Udalguri,26.93865468,92.15940643,6.46,16.25165284,0.322763567,0
Assam,Udalguri,26.89980224,91.96286161,9.03,15.13529477,0.294800801,0
Assam,Udalguri,26.74965797,91.99361586,0.31,15.11732983,0.324572237,0
Assam,Udalguri,26.70003501,92.06568635,0.57,15.15700068,0.271253118,0
Assam,Udalguri,26.70122135,92.26965314,0.15,16.37534572,0.314082896,0
Assam,Udalguri,26.9163196,91.98603651,13.92,16.42269414,0.292556215,0
Assam,Udalguri,27.11747321,92.35085151,1.6,17.70236012,0.299023443,0
Assam,Udalguri,26.66213328,92.32535466,0.21,16.01689328,0.326350683,0
Assam,Udalguri,26.66900887,92.21070127,0.36,16.03632774,0.31763331,0
Assam,Udalguri,26.65693741,92.35995626,0.05,15.92684686,0.292822548,0
Assam,Udalguri,27.0352714,92.33630315,2.26,15.57957243,0.288597663,0
Assam,Udalguri,26.6629869,92.06346286,0.26,15.82429346,0.324276442,0
Assam,Udalguri,26.79237486,92.34727872,0.05,16.05054784,0.298198674,0
Assam,Udalguri,27.11632482,91.9426663,21.08,14.64433942,0.273643782,0
Assam,Udalguri,26.9741782,92.27446094,18.06,17.82683032,0.298614364,0
Assam,Udalguri,26.86017734,92.01528851,2.21,17.51830167,0.295910699,0
Assam,Udalguri,26.87077693,91.95174098,0.51,15.59306564,0.26905057,0
Assam,Udalguri,27.09091841,92.35679,6.46,16.68607423,0.306365786,0
Assam,Udalguri,27.091357,92.28240331,19.31,14.66656989,0.301116804,0
Assam,Udalguri,26.84336884,92.35166525,0.26,16.57122917,0.279421089,0
Assam,Udalguri,26.89142748,92.26234574,0.87,16.30423607,0.28696992,0
Assam,Udalguri,26.88300065,92.22141462,0.93,16.07778695,0.325722794,0
Assam,Udalguri,26.70491619,92.17074512,0.1,16.49782666,0.310867303,0
Assam,Udalguri,26.98792682,92.34326974,8.13,16.01236283,0.303025628,0
Assam,Udalguri,26.97893949,91.96926407,1.18,17.25573591,0.326552275,0
Assam,Udalguri,27.09082187,91.97282066,13.58,15.20422115,0.285051775,0
Assam,Udalguri,26.74705045,92.30286252,0.15,16.49658762,0.299800474,0
Arunachal Pradesh,Upper Siang,28.38164104,95.16899113,1.54,16.01591355,0.414962126,0
Arunachal Pradesh,Upper Siang,28.43921072,95.06971326,9.74,15.86761188,0.37800952,0
Arunachal Pradesh,Upper Siang,28.36343157,94.85124174,22.1,17.89074516,0.37220404,0
Arunachal Pradesh,Upper Siang,28.37126182,94.89891122,20.4,18.3218067,0.435271199,0
Arunachal Pradesh,Upper Siang,28.40160594,94.97472275,10.73,18.06265786,0.414535713,0
Arunachal Pradesh,Upper Siang,28.3048863,95.26239388,16.84,18.52317013,0.408862456,0
Arunachal Pradesh,Upper Siang,28.64369346,95.26954206,4.37,16.49843304,0.446878028,0
Arunachal Pradesh,Upper Siang,28.66719366,95.14153497,15.32,17.53221439,0.429595656,0
Arunachal Pradesh,Upper Siang,28.7248921,95.2543152,22.23,17.17080495,0.432468507,0
Arunachal Pradesh,Upper Siang,28.67985843,95.16415795,17.64,15.94249576,0.39273522,0
Arunachal Pradesh,Upper Siang,28.6172154,95.3052372,6.15,16.52072016,0.414086931,0
Arunachal Pradesh,Upper Siang,28.35062588,95.30061568,4.01,18.82662002,0.442928638,0
Arunachal Pradesh,Upper Siang,28.41646517,94.86206306,9.94,17.82921157,0.369095395,0
Arunachal Pradesh,Upper Siang,28.37524828,95.09406067,7.12,18.00404783,0.376576111,0
Arunachal Pradesh,Upper Siang,28.69021101,95.11736048,4.98,18.68809046,0.414355803,0
Arunachal Pradesh,Upper Siang,28.74359323,95.04564433,20.35,19.0835224,0.443687566,0
Arunachal Pradesh,Upper Siang,28.74220674,95.20189937,0.82,18.3819992,0.417859019,0
Arunachal Pradesh,Upper Siang,28.75030203,95.08212022,16.7,18.29976324,0.376798574,0
Arunachal Pradesh,Upper Siang,28.54377866,95.22624843,18.89,19.23751201,0.40282134,0
Arunachal Pradesh,Upper Siang,28.42963284,95.30481309,0.21,16.9722289,0.419487874,0
Arunachal Pradesh,Upper Siang,28.33687209,94.87938525,13.44,18.85439256,0.444517882,0
Arunachal Pradesh,Upper Siang,28.38450277,94.85285437,9.64,19.01920626,0.384084181,0
Arunachal Pradesh,Upper Siang,28.64342299,95.21969921,5.69,18.62447001,0.4113774,0
Arunachal Pradesh,Upper Siang,28.55022897,94.95449408,5.44,17.32023881,0.426947967,0
Arunachal Pradesh,Upper Siang,28.5156904,95.30549326,10.48,16.47043413,0.439377229,0
Arunachal Pradesh,Upper Siang,28.418321,94.93525936,6.66,17.98835345,0.390681082,0
Arunachal Pradesh,Upper Siang,28.49835002,95.12377641,16.89,18.51625637,0.437325106,0
Arunachal Pradesh,Upper Siang,28.63621368,95.17821953,27.4,18.48106053,0.420680156,0
Arunachal Pradesh,Upper Siang,28.70904882,95.15198696,9.49,18.50926984,0.408335437,0
Arunachal Pradesh,Upper Siang,28.72172663,95.21557111,19.08,17.22777112,0.412968709,0
Arunachal Pradesh,Upper Siang,28.55938747,94.88283075,8.23,16.35055888,0.445209661,0
Arunachal Pradesh,Upper Siang,28.5603434,94.91553249,20.94,16.27556955,0.422661617,0
Arunachal Pradesh,Upper Siang,28.27792688,95.13074085,20.76,16.6046045,0.443067544,0
Arunachal Pradesh,Upper Siang,28.46018265,95.01702967,1.39,16.4759891,0.367531881,0
Arunachal Pradesh,Upper Siang,28.61105904,95.17884561,3.19,18.3486658,0.368899523,0
Arunachal Pradesh,Upper Siang,28.72023458,95.28839758,2.93,16.54896142,0.447427744,0
Arunachal Pradesh,Upper Siang,28.51496603,94.98449312,11.92,16.47430952,0.37768789,0
Arunachal Pradesh,Upper Siang,28.46096781,95.07778462,3.7,17.6818867,0.369921778,0
Arunachal Pradesh,Upper Siang,28.63950257,94.95933189,17.87,18.96870046,0.433106787,0
Arunachal Pradesh,Upper Siang,28.51680761,95.10182452,18.85,18.34595851,0.395812724,0
Arunachal Pradesh,Upper Siang,28.33471403,95.11931915,9.34,18.01371986,0.443578848,0
Arunachal Pradesh,Upper Siang,28.26232798,95.10654505,28.4,15.99199989,0.36813763,0
Arunachal Pradesh,Upper Siang,28.63724552,94.83803013,9.08,18.18514697,0.394661693,0
Arunachal Pradesh,Upper Siang,28.46945968,94.97041619,3.65,18.45723156,0.39404252,0
Arunachal Pradesh,Upper Siang,28.66013506,95.27809366,22.1,17.34921962,0.370335885,0
Arunachal Pradesh,Upper Siang,28.30325801,95.06727476,6.91,17.51111126,0.373030549,0
Arunachal Pradesh,Upper Siang,28.75194478,95.12583871,24.87,15.9114698,0.402883238,0
Arunachal Pradesh,Upper Siang,28.54591459,95.32545248,26.95,19.19250448,0.429824123,0
Arunachal Pradesh,Upper Siang,28.67786461,94.84720141,27.52,18.01954259,0.423073144,0
Arunachal Pradesh,Upper Siang,28.66175259,94.83474881,6.76,17.07282221,0.435612061,0
Arunachal Pradesh,Upper Subansiri,28.11892534,93.80833933,27.07,16.5659867,0.398750623,0
Arunachal Pradesh,Upper Subansiri,27.91226493,94.10731054,9.34,15.81903736,0.447185088,0
Arunachal Pradesh,Upper Subansiri,28.08153718,94.05126729,16.37,16.37721106,0.412477791,0
Arunachal Pradesh,Upper Subansiri,27.62194546,94.06770299,7.93,14.73005926,0.38537679,0
Arunachal Pradesh,Upper Subansiri,27.8260311,94.23331767,20.76,15.04706455,0.405979238,0
Arunachal Pradesh,Upper Subansiri,27.88520324,94.09611251,16.98,14.22202582,0.384105275,0
Arunachal Pradesh,Upper Subansiri,28.09529968,94.0245556,6.71,15.38465976,0.409111852,0
Arunachal Pradesh,Upper Subansiri,28.01763502,93.86098997,16.51,17.23424723,0.383970223,0
Arunachal Pradesh,Upper Subansiri,28.06386425,94.00953805,6.36,15.53100786,0.399262537,0
Arunachal Pradesh,Upper Subansiri,27.80507865,94.23877478,1.65,15.11341039,0.433260534,0
Arunachal Pradesh,Upper Subansiri,27.87230276,94.11721237,8.53,14.25096957,0.439905628,0
Arunachal Pradesh,Upper Subansiri,28.10559381,94.17497051,2.11,16.62945985,0.382012872,0
Arunachal Pradesh,Upper Subansiri,28.06192782,93.94440655,9.84,16.47599694,0.383715425,0
Arunachal Pradesh,Upper Subansiri,28.09921536,94.12274141,0.57,15.33019297,0.40118204,0
Arunachal Pradesh,Upper Subansiri,27.90602477,94.17879789,9.99,14.94112716,0.419171152,0
Arunachal Pradesh,Upper Subansiri,28.07750213,93.9111031,4.47,14.83929726,0.42469671,0
Arunachal Pradesh,Upper Subansiri,28.00404127,93.82036405,17.97,16.60513533,0.43990335,0
Arunachal Pradesh,Upper Subansiri,28.11449604,93.87615957,3.96,14.68619415,0.436893478,0
Arunachal Pradesh,Upper Subansiri,27.97018873,94.12951294,12.66,16.06971074,0.418452178,0
Arunachal Pradesh,Upper Subansiri,27.63154237,94.02560776,6.97,14.39190504,0.409949167,0
Arunachal Pradesh,Upper Subansiri,28.07720784,93.86951155,2.01,16.66738704,0.42462824,0
Arunachal Pradesh,Upper Subansiri,27.68482852,94.25737891,21.34,15.06200822,0.433580421,0
Arunachal Pradesh,Upper Subansiri,27.90222919,93.86461636,23.93,15.1160664,0.377099037,0
Arunachal Pradesh,Upper Subansiri,28.04490633,94.09216904,18.76,15.23562653,0.41478088,0
Arunachal Pradesh,Upper Subansiri,27.77875374,94.18480052,32.6,14.16750279,0.445155304,0
Arunachal Pradesh,Upper Subansiri,27.6700203,93.96743755,3.29,14.92993656,0.450121791,0
Arunachal Pradesh,Upper Subansiri,28.05778315,94.03136662,10.19,16.47098375,0.447650089,0
Arunachal Pradesh,Upper Subansiri,27.68854732,93.79291874,11.87,16.70918704,0.444453537,0
Arunachal Pradesh,Upper Subansiri,28.04773045,93.9106803,11.92,16.52291549,0.409001362,0
Arunachal Pradesh,Upper Subansiri,28.11623769,93.9652739,35.46,17.15824299,0.414339511,0
Arunachal Pradesh,Upper Subansiri,27.96231554,93.89677719,6.81,16.10030599,0.448242234,0
Arunachal Pradesh,Upper Subansiri,28.03959189,93.83007572,16.37,16.93359665,0.433803118,0
Arunachal Pradesh,Upper Subansiri,27.9557396,93.84873904,1.85,16.32592707,0.438582738,0
Arunachal Pradesh,Upper Subansiri,27.79435363,94.21440601,0.46,16.32836235,0.375275739,0
Arunachal Pradesh,Upper Subansiri,27.92560137,93.88106814,3.29,15.06284817,0.445268229,0
Arunachal Pradesh,Upper Subansiri,27.68511354,94.10953986,2.88,15.59272622,0.384631842,0
Arunachal Pradesh,Upper Subansiri,27.76713987,94.11519664,0.87,15.50707572,0.451795124,0
Arunachal Pradesh,Upper Subansiri,27.85846452,94.04170197,8.88,15.69133954,0.443900946,0
Arunachal Pradesh,Upper Subansiri,27.95869267,93.96478907,10.43,14.78496465,0.410126101,0
Arunachal Pradesh,Upper Subansiri,27.80526729,94.27474405,7.88,14.80518134,0.374758947,0
Arunachal Pradesh,Upper Subansiri,27.86575043,94.22672986,7.62,14.43057794,0.399279933,0
Arunachal Pradesh,Upper Subansiri,27.97872737,93.99299091,17.13,15.9631997,0.417067116,0
Arunachal Pradesh,Upper Subansiri,28.11977866,94.07951246,17.87,15.92436842,0.4132962,0
Arunachal Pradesh,Upper Subansiri,28.09332736,94.14663796,7.47,16.02787253,0.38954986,0
Arunachal Pradesh,Upper Subansiri,27.94416972,93.79810041,0.31,15.83998262,0.379719515,0
Arunachal Pradesh,Upper Subansiri,28.05213913,93.79762553,30.47,16.45761891,0.455249435,0
Arunachal Pradesh,Upper Subansiri,28.05780093,94.06674587,15.27,16.22825078,0.375156541,0
Arunachal Pradesh,Upper Subansiri,28.07969206,94.10493204,2.62,14.57424191,0.380866244,0
Arunachal Pradesh,Upper Subansiri,27.64694664,94.19908307,16.7,15.94599241,0.382209028,0
Arunachal Pradesh,Upper Subansiri,28.03293443,94.00099777,22.28,14.82175558,0.434680093,0
Arunachal Pradesh,West Kameng,27.46740134,92.63244053,24.32,20.33695665,0.447796386,0
Arunachal Pradesh,West Kameng,27.38459657,92.52796345,14.75,18.49427426,0.394977899,0
Arunachal Pradesh,West Kameng,27.32584516,92.52123968,0.62,18.53049655,0.401692272,0
Arunachal Pradesh,West Kameng,27.35734421,92.47366756,0.62,20.12462684,0.444152882,0
Arunachal Pradesh,West Kameng,27.30935304,92.6981642,2.88,17.37607798,0.401422915,0
Arunachal Pradesh,West Kameng,27.34372043,92.5748559,1.8,17.84867466,0.410932272,0
Arunachal Pradesh,West Kameng,27.47690255,92.4562537,32.05,20.66412128,0.395211134,0
Arunachal Pradesh,West Kameng,27.43796247,92.28910442,3.39,18.71421653,0.434191271,0
Arunachal Pradesh,West Kameng,27.20613458,92.47871154,21.97,20.63264616,0.40951219,0
Arunachal Pradesh,West Kameng,27.05410684,92.39340851,17.64,18.54561907,0.430593506,0
Arunachal Pradesh,West Kameng,27.09740097,92.40429437,7.42,20.51823196,0.376780482,0
Arunachal Pradesh,West Kameng,27.16475068,92.39805032,7.72,19.97491615,0.456500694,0
Arunachal Pradesh,West Kameng,27.2708413,92.2709821,12.07,20.11068374,0.44194585,0
Arunachal Pradesh,West Kameng,27.28764072,92.49602476,7.42,19.18580516,0.446009123,0
Arunachal Pradesh,West Kameng,27.4192618,92.35682474,24.36,17.47420907,0.451311404,0
Arunachal Pradesh,West Kameng,27.19349163,92.41846312,15.56,17.36012354,0.403868016,0
Arunachal Pradesh,West Kameng,27.13089073,92.23059183,5.29,19.1602954,0.434897027,0
Arunachal Pradesh,West Kameng,27.4082645,92.57719284,19.49,19.38951478,0.37714201,0
Arunachal Pradesh,West Kameng,27.4874594,92.22191434,2.21,19.07742686,0.401883571,0
Arunachal Pradesh,West Kameng,27.18404795,92.30555558,27.11,19.28403637,0.404578946,0
Arunachal Pradesh,West Kameng,27.04715493,92.50171508,5.44,19.78698715,0.39194734,0
Arunachal Pradesh,West Kameng,27.09170939,92.22835224,0.15,19.76095126,0.42045574,0
Arunachal Pradesh,West Kameng,27.27967082,92.68889918,8.98,17.68079812,0.448801575,0
Arunachal Pradesh,West Kameng,27.02847656,92.25921278,19.58,20.20717938,0.37755475,0
Arunachal Pradesh,West Kameng,27.1365994,92.69782149,1.24,18.26083333,0.435064701,0
Arunachal Pradesh,West Kameng,27.36889844,92.43284822,23.33,19.17552286,0.445193851,0
Arunachal Pradesh,West Kameng,27.14101143,92.35442167,0.1,17.91007562,0.450969534,0
Arunachal Pradesh,West Kameng,27.36318238,92.58305597,15.13,19.90448151,0.422370558,0
Arunachal Pradesh,West Kameng,27.43907955,92.23238711,14.99,19.32893473,0.407376486,0
Arunachal Pradesh,West Kameng,27.31800173,92.55323238,16.37,18.70731098,0.385686702,0
Arunachal Pradesh,West Kameng,27.3622503,92.65075994,8.58,19.38067283,0.390070534,0
Arunachal Pradesh,West Kameng,26.98956888,92.6832774,0.51,19.50984635,0.393061877,0
Arunachal Pradesh,West Kameng,27.41313134,92.42340001,1.18,18.76943226,0.4354289,0
Arunachal Pradesh,West Kameng,27.44549675,92.35821923,3.14,18.11555519,0.428359474,0
Arunachal Pradesh,West Kameng,27.19209007,92.44509912,12.71,19.37419123,0.433616962,0
Arunachal Pradesh,West Kameng,27.07734585,92.45417123,12.95,19.17380743,0.444513104,0
Arunachal Pradesh,West Kameng,27.13517754,92.30024401,18.2,17.68718077,0.406906742,0
Arunachal Pradesh,West Kameng,27.24260186,92.3560145,4.11,20.3301671,0.431463729,0
Arunachal Pradesh,West Kameng,27.26786601,92.29454297,0.1,17.67336446,0.375601461,0
Arunachal Pradesh,West Kameng,27.03773209,92.52150619,16.28,18.33961341,0.405132026,0
Arunachal Pradesh,West Kameng,27.11163178,92.41892935,21.25,19.10432883,0.411799719,0
Arunachal Pradesh,West Kameng,27.48269083,92.34542811,25.67,20.38553621,0.381942199,0
Arunachal Pradesh,West Kameng,27.17383227,92.27433639,11.43,20.57414371,0.384425386,0
Arunachal Pradesh,West Kameng,27.34432626,92.51888589,21.43,20.0090353,0.443242667,0
Arunachal Pradesh,West Kameng,27.00548431,92.36752105,4.06,19.62801757,0.392623522,0
Arunachal Pradesh,West Kameng,27.27238225,92.58097056,17.31,19.27183082,0.438705169,0
Arunachal Pradesh,West Kameng,27.28695948,92.52910957,29.55,19.1580767,0.388523431,0
Arunachal Pradesh,West Kameng,27.05427378,92.26534805,2.83,17.74538736,0.430888273,0
Arunachal Pradesh,West Kameng,27.4401619,92.63664027,14.7,18.74323056,0.393514761,0
Arunachal Pradesh,West Kameng,27.34315301,92.43238949,2.93,20.68525395,0.406462893,0
Assam,West Karbi Anglong,26.11696743,92.29118723,0.05,15.17833549,0.492957166,0
Assam,West Karbi Anglong,25.68883852,92.37498052,2.37,13.79105471,0.487150026,0
Assam,West Karbi Anglong,26.0952494,92.70388874,0,14.24487288,0.488293943,0
Assam,West Karbi Anglong,26.03892671,92.34661768,6.56,14.79587064,0.480472015,0
Assam,West Karbi Anglong,25.86335163,92.41848018,4.01,16.35802877,0.451136284,0
Assam,West Karbi Anglong,26.04725071,92.36478926,8.88,15.60492759,0.442101269,0
Assam,West Karbi Anglong,25.72165955,92.4249718,1.39,15.5049335,0.490405588,0
Assam,West Karbi Anglong,26.10406019,92.32201526,0.36,14.94435086,0.501848651,0
Assam,West Karbi Anglong,25.78276473,92.68069796,2.67,16.16994206,0.439429313,0
Assam,West Karbi Anglong,25.75081437,92.36563633,2.26,15.11899347,0.479902239,0
Assam,West Karbi Anglong,26.06401637,92.38317982,7.78,14.078069,0.504424857,0
Assam,West Karbi Anglong,25.90074891,92.3115927,3.44,14.81228077,0.439798552,0
Assam,West Karbi Anglong,25.75967792,92.73382669,0.82,14.8526193,0.513507442,0
Assam,West Karbi Anglong,25.99128291,92.66619142,0.77,14.77370286,0.470850196,0
Assam,West Karbi Anglong,26.10722218,92.65689819,0.21,14.01673284,0.534641264,0
Assam,West Karbi Anglong,26.14380125,92.55253926,0.15,14.48542309,0.440699995,0
Assam,West Karbi Anglong,26.13504843,92.66465236,0.1,14.2297858,0.509411177,0
Assam,West Karbi Anglong,26.11373377,92.7215396,0.46,15.31130412,0.491317964,0
Assam,West Karbi Anglong,25.96022348,92.73079426,0.05,16.02680933,0.439829108,0
Assam,West Karbi Anglong,25.71196711,92.46289235,0.41,13.92282402,0.444775947,0
Assam,West Karbi Anglong,25.73707501,92.73807655,6.51,15.67604544,0.503102912,0
Assam,West Karbi Anglong,26.08695714,92.27012684,0.31,13.75540972,0.481714742,0
Assam,West Karbi Anglong,25.92911471,92.56040563,4.32,16.18253749,0.4505659,0
Assam,West Karbi Anglong,26.16914842,92.51380988,0.1,16.07353188,0.524973369,0
Assam,West Karbi Anglong,25.80201065,92.27533924,6.05,14.97996207,0.508676681,0
Assam,West Karbi Anglong,25.89086132,92.43745626,1.08,16.29638089,0.460740388,0
Assam,West Karbi Anglong,26.02533077,92.57428106,2.42,15.5720173,0.451095074,0
Assam,West Karbi Anglong,26.09774899,92.54296398,1.7,16.39555726,0.492343195,0
Assam,West Karbi Anglong,25.71253636,92.75044129,0.72,15.68451822,0.454693272,0
Assam,West Karbi Anglong,25.87806971,92.45421983,9.39,15.11106284,0.51543314,0
Assam,West Karbi Anglong,25.74816476,92.57098,4.83,13.77419372,0.500329161,0
Assam,West Karbi Anglong,26.12319019,92.50500447,2.42,15.99665446,0.524042981,0
Assam,West Karbi Anglong,25.7479109,92.28518663,4.47,14.27853701,0.481648884,0
Assam,West Karbi Anglong,25.81595505,92.35699651,0.98,14.87245802,0.478909261,0
Assam,West Karbi Anglong,26.14873148,92.64247573,0.26,14.36672633,0.505759699,0
Assam,West Karbi Anglong,26.11067752,92.37263551,14.41,14.8261242,0.478083734,0
Assam,West Karbi Anglong,25.74370446,92.3335779,4.72,13.52601212,0.465922116,0
Assam,West Karbi Anglong,25.79950816,92.60488672,2.47,16.08342639,0.464931115,0
Assam,West Karbi Anglong,25.71270009,92.27650004,0.51,14.20078399,0.522073283,0
Assam,West Karbi Anglong,26.16467334,92.28629294,0,14.1108364,0.503588518,0
Assam,West Karbi Anglong,25.90929955,92.43014762,3.34,14.42207132,0.503808017,0
Assam,West Karbi Anglong,25.75765115,92.26757547,3.75,14.33207434,0.527864371,0
Assam,West Karbi Anglong,25.80156511,92.328937,4.06,14.74658942,0.457030825,0
Assam,West Karbi Anglong,25.77533904,92.36802721,2.11,13.93013633,0.509376964,0
Assam,West Karbi Anglong,25.94358654,92.4584568,1.24,14.60266281,0.492470913,0
Assam,West Karbi Anglong,25.93946585,92.71707517,0.41,14.29280237,0.497596165,0
Assam,West Karbi Anglong,25.74066533,92.69246307,1.08,14.53149067,0.503234389,0
Assam,West Karbi Anglong,26.11989721,92.55911233,0,15.15671907,0.497114584,0
Assam,West Karbi Anglong,25.68990322,92.7403187,1.39,15.09321459,0.474741933,0
Assam,West Karbi Anglong,25.75496399,92.71224442,8.23,15.67631179,0.46870969,0
Assam,West Khasi Hills,25.70453081,91.25481572,2.01,14.81732195,0.515018708,0
Assam,West Khasi Hills,25.62193207,91.28503039,3.75,16.64584043,0.461909075,0
Assam,West Khasi Hills,25.52955669,91.06424456,1.96,16.95003444,0.536208749,0
Assam,West Khasi Hills,25.49179869,91.06499081,2.57,16.61023841,0.521997469,0
Assam,West Khasi Hills,25.9374975,91.34515887,1.34,17.84346348,0.532962072,0
Assam,West Khasi Hills,25.94803486,90.99816893,0.1,17.62000755,0.479873983,0
Assam,West Khasi Hills,25.70072411,91.1985817,0.21,14.92946023,0.517667968,0
Assam,West Khasi Hills,25.7395816,91.1303579,8.63,17.16845408,0.445948262,0
Assam,West Khasi Hills,25.96805706,91.00336363,0.21,16.82791651,0.463090123,0
Assam,West Khasi Hills,25.55994723,91.45503673,0.15,16.66061863,0.536289365,0
Assam,West Khasi Hills,25.75320796,91.43304864,7.27,15.99962161,0.500588513,0
Assam,West Khasi Hills,25.97343104,91.42635419,0.46,15.93995781,0.514307715,0
Assam,West Khasi Hills,25.77867135,90.97703396,1.9,16.50454902,0.536544612,0
Assam,West Khasi Hills,25.65833485,91.29764356,3.65,15.57067713,0.453834498,0
Assam,West Khasi Hills,25.90252049,91.13356101,4.01,14.84545709,0.521339988,0
Assam,West Khasi Hills,25.89733375,91.16702352,0.1,16.31942504,0.525544532,0
Assam,West Khasi Hills,25.6818378,91.36039582,7.02,15.30414241,0.531202633,0
Assam,West Khasi Hills,25.54782185,91.39939397,1.18,16.55982582,0.510848016,0
Assam,West Khasi Hills,25.7172952,91.03447945,4.52,17.46093511,0.492698095,0
Assam,West Khasi Hills,25.87186972,91.1255897,4.83,15.41959635,0.532353403,0
Assam,West Khasi Hills,25.61018883,90.99712829,1.85,16.29629517,0.53576144,0
Assam,West Khasi Hills,25.91774525,91.19493785,0.41,16.48533403,0.466930574,0
Assam,West Khasi Hills,25.91619763,91.04355609,0.05,15.59047806,0.507531525,0
Assam,West Khasi Hills,25.51532014,91.44851349,2.37,17.08078068,0.490218331,0
Assam,West Khasi Hills,25.58430405,91.23591267,0.36,17.60274001,0.525815507,0
Assam,West Khasi Hills,25.76952641,91.3435074,6.1,16.57395002,0.455507926,0
Assam,West Khasi Hills,25.85223465,91.44537218,4.57,15.19614951,0.455589298,0
Assam,West Khasi Hills,25.71992913,91.45346965,10.28,15.56528985,0.510408618,0
Assam,West Khasi Hills,25.85504975,91.03427043,4.01,16.08821257,0.50951908,0
Assam,West Khasi Hills,25.63922054,91.4242548,6.97,17.30921909,0.455439782,0
Assam,West Khasi Hills,25.81247321,91.47157731,3.75,14.76089638,0.445857288,0
Assam,West Khasi Hills,25.50167549,91.08416922,4.06,16.59091244,0.458857835,0
Assam,West Khasi Hills,25.61039252,91.07206477,2.62,15.57664038,0.502182316,0
Assam,West Khasi Hills,25.50941361,91.29553144,1.9,16.98150545,0.489830844,0
Assam,West Khasi Hills,25.73182786,90.98047663,4.93,15.50324251,0.49562658,0
Assam,West Khasi Hills,25.67782099,91.12104615,1.9,15.24154795,0.522302443,0
Assam,West Khasi Hills,25.55287831,91.43661003,6.2,14.70256108,0.470646261,0
Assam,West Khasi Hills,25.91610954,90.99442235,0.36,16.91500954,0.480268728,0
Assam,West Khasi Hills,25.49179315,91.26858363,11.43,17.88675106,0.509173945,0
Assam,West Khasi Hills,25.9855427,91.15752246,0,17.52338076,0.456602227,0
Assam,West Khasi Hills,25.66946155,91.01725624,1.29,16.47418486,0.452273767,0
Assam,West Khasi Hills,25.49717754,91.38247134,0.31,14.95350047,0.453192111,0
Assam,West Khasi Hills,25.73697237,91.39826022,12.85,16.86556648,0.478154932,0
Assam,West Khasi Hills,25.96110419,91.12555159,0.05,15.66997307,0.520264564,0
Assam,West Khasi Hills,25.57032684,91.33278486,0.15,16.77654234,0.522634007,0
Assam,West Khasi Hills,25.57063537,91.0629252,2.57,16.98537514,0.497473275,0
Assam,West Khasi Hills,25.54732213,91.32852872,2.31,17.89984789,0.527626988,0
Assam,West Khasi Hills,25.97503936,91.23259878,0.36,15.28823456,0.506359575,0
Assam,West Khasi Hills,25.55566133,91.23299489,2.11,17.49871779,0.474325624,0
Assam,West Khasi Hills,25.50817916,91.16573163,0.82,17.32678352,0.474202445,0
Arunachal Pradesh,West Siang,27.91525488,94.49992685,12.02,18.27261314,0.425313079,0
Arunachal Pradesh,West Siang,27.91541326,94.61786962,0.31,19.80335881,0.397015546,0
Arunachal Pradesh,West Siang,28.09620472,94.67712664,7.22,20.01609428,0.369650509,0
Arunachal Pradesh,West Siang,27.80969016,94.55679558,2.78,20.18431567,0.439728981,0
Arunachal Pradesh,West Siang,28.19580429,94.50429403,13.49,17.70229236,0.40964745,0
Arunachal Pradesh,West Siang,27.80891273,94.62320974,4.16,19.81097815,0.378611887,0
Arunachal Pradesh,West Siang,28.11688163,94.52663317,0.62,18.05257045,0.372543428,0
Arunachal Pradesh,West Siang,28.27132947,94.80871188,20.76,20.74822512,0.442980099,0
Arunachal Pradesh,West Siang,28.07928839,94.58612704,3.34,18.56355156,0.376048321,0
Arunachal Pradesh,West Siang,27.96735548,94.74149293,5.08,17.56541924,0.410896647,0
Arunachal Pradesh,West Siang,28.08120361,94.52210323,0.15,19.49911269,0.435915469,0
Arunachal Pradesh,West Siang,28.19900946,94.6595724,2.42,17.64018035,0.413969772,0
Arunachal Pradesh,West Siang,27.83012251,94.59856291,1.03,20.43356656,0.445005925,0
Arunachal Pradesh,West Siang,28.096856,94.85732661,2.47,20.31107107,0.411113505,0
Arunachal Pradesh,West Siang,27.92208103,94.5240617,22.14,20.4159392,0.384744265,0
Arunachal Pradesh,West Siang,28.23305258,94.51923577,11.97,19.04448452,0.368739247,0
Arunachal Pradesh,West Siang,27.96428591,94.98187144,6.46,19.25328403,0.415740973,0
Arunachal Pradesh,West Siang,28.03909888,94.88933844,23.15,20.2817095,0.381349149,0
Arunachal Pradesh,West Siang,27.95036117,94.94499908,6.15,18.97745587,0.442471248,0
Arunachal Pradesh,West Siang,28.1466749,94.97584415,26.83,20.54814651,0.404074734,0
Arunachal Pradesh,West Siang,28.02176299,94.75459907,17.55,20.52559149,0.429160446,0
Arunachal Pradesh,West Siang,28.18001066,94.51492457,21.39,18.7141234,0.40296875,0
Arunachal Pradesh,West Siang,27.84028944,94.9627447,3.8,19.94213196,0.379551709,0
Arunachal Pradesh,West Siang,27.87702788,94.52029292,11.03,19.77535074,0.372706869,0
Arunachal Pradesh,West Siang,28.19827764,94.57496605,0.46,20.64543728,0.385555257,0
Arunachal Pradesh,West Siang,28.23427446,94.59220383,8.33,18.60910405,0.402326668,0
Arunachal Pradesh,West Siang,28.00262643,94.81474924,9.64,20.44950203,0.423275679,0
Arunachal Pradesh,West Siang,28.23694299,94.66271843,3.96,20.69712039,0.369609635,0
Arunachal Pradesh,West Siang,28.24372774,94.54912981,17.27,19.6315018,0.432434853,0
Arunachal Pradesh,West Siang,27.86197232,94.8910633,0.1,18.84300383,0.384448884,0
Arunachal Pradesh,West Siang,27.92585413,94.59620388,1.39,17.86394636,0.376191598,0
Arunachal Pradesh,West Siang,28.15486717,94.49956865,4.93,20.22051479,0.392760865,0
Arunachal Pradesh,West Siang,27.91200195,94.96982586,7.52,17.70078966,0.388516912,0
Arunachal Pradesh,West Siang,27.87863666,94.96974328,3.7,18.30114144,0.444808754,0
Arunachal Pradesh,West Siang,27.98288454,94.60860851,13.15,20.48734818,0.415934524,0
Arunachal Pradesh,West Siang,28.13068323,94.95188829,8.98,18.15907997,0.423261059,0
Arunachal Pradesh,West Siang,27.89974167,94.65437485,9.79,20.10861576,0.374341296,0
Arunachal Pradesh,West Siang,27.97506082,94.81884223,4.37,18.17122141,0.370508798,0
Arunachal Pradesh,West Siang,27.79487457,94.5209898,6.56,17.41022132,0.381673133,0
Arunachal Pradesh,West Siang,28.07518764,94.90740236,2.57,20.36806078,0.396583602,0
Arunachal Pradesh,West Siang,28.15869465,94.95023616,6.91,18.43945367,0.378153217,0
Arunachal Pradesh,West Siang,28.26409827,94.55532577,8.93,18.0068007,0.439010118,0
Arunachal Pradesh,West Siang,28.03398688,94.91523248,2.31,17.33040354,0.397122198,0
Arunachal Pradesh,West Siang,28.00723956,94.71926679,6.71,18.78784781,0.411715895,0
Arunachal Pradesh,West Siang,28.11910198,94.72081029,5.69,17.27775709,0.419547353,0
Arunachal Pradesh,West Siang,28.13135337,94.84616511,7.12,19.48749845,0.446010342,0
Arunachal Pradesh,West Siang,28.26474792,94.73150681,6.05,19.27319102,0.432874068,0
Arunachal Pradesh,West Siang,28.13891481,94.88511263,14.12,19.34571675,0.385068189,0
Arunachal Pradesh,West Siang,28.28478948,94.5492905,3.5,20.5013318,0.422852196,0
Arunachal Pradesh,West Siang,28.02503284,94.85207054,9.94,17.11176186,0.388485643,0
