{
"type": "FeatureCollection",
"name": "ner_rivers",
"crs": { "type": "name", "properties": { "name": "urn:ogc:def:crs:OGC:1.3:CRS84" } },
"features": [
{ "type": "Feature", "properties": { "dissolve": "1083River", "scalerank": 9, "featurecla": "River", "name": "Kaladan", "name_alt": null, "rivernum": 1083, "note": null, "min_zoom": 7.1, "name_en": "Kaladan", "min_label": 8.1, "ne_id": 1159110773, "label": "Kaladan", "wikidataid": "Q3182712", "name_ar": "كالادان", "name_bn": "কালাদান", "name_de": "Kaladan River", "name_es": "Kaladan", "name_fr": "Kaladan", "name_el": "Καλαδάν", "name_hi": "कलादान नदी", "name_hu": "Kaladan", "name_id": "Kaladan", "name_it": "Kaladan", "name_ja": "カラダン川", "name_ko": "칼라단", "name_nl": "Kaladan", "name_pl": "Kaladan", "name_pt": "Kaladan", "name_ru": "река Каладан", "name_sv": "Kaladan", "name_tr": "Kaladan", "name_vi": "Sông Kaladan", "name_zh": "加叻丹河", "name_fa": "کالادان", "name_he": "קאלאדאן", "name_uk": "Каладан", "name_ur": "کالادان", "name_zht": "加叻丹河" }, "geometry": { "type": "LineString", "coordinates": [ [ 93.405859375000034, 23.71930573124412 ], [ 93.412011718750023, 23.70892975468162 ], [ 93.425683593750023, 23.691034246869123 ], [ 93.429882812500011, 23.68048737186912 ], [ 93.432031250000023, 23.64752838749412 ], [ 93.399804687500023, 23.454217840619123 ], [ 93.3994140625, 23.42633698124412 ], [ 93.405371093750034, 23.36786530155662 ], [ 93.4072265625, 23.356561590619123 ], [ 93.406835937500034, 23.34747955936912 ], [ 93.4033203125, 23.33893463749412 ], [ 93.383886718750034, 23.31329987186912 ], [ 93.377539062500034, 23.296991278119123 ], [ 93.376074218750034, 23.279657293744123 ], [ 93.380468750000034, 23.23749420780662 ], [ 93.372460937500023, 23.170038153119123 ], [ 93.372656250000034, 23.154413153119123 ], [ 93.374902343750023, 23.142352606244117 ], [ 93.37451171875, 23.12995026249412 ], [ 93.332910156250023, 23.052508856244117 ], [ 93.31787109375, 23.033954168744117 ], [ 93.29833984375, 23.01813385624412 ], [ 93.2724609375, 23.00617096561912 ], [ 93.24609375, 23.00470612186912 ], [ 93.22509765625, 23.020624090619123 ], [ 93.211816406250023, 23.04010651249412 ], [ 93.196191406250023, 23.054071356244123 ], [ 93.1767578125, 23.05866119999412 ], [ 93.152148437499989, 23.05011627811912 ], [ 93.1396484375, 23.032098699994123 ], [ 93.137792968750034, 23.00543854374412 ], [ 93.142822265625, 22.97772858280662 ], [ 93.15087890625, 22.956415106244123 ], [ 93.170654296875, 22.920672918744117 ], [ 93.177001953125, 22.900409246869117 ], [ 93.175097656249989, 22.88190338749412 ], [ 93.160742187500034, 22.861200262494123 ], [ 93.125, 22.821795965619117 ], [ 93.11572265625, 22.79865143436912 ], [ 93.112060546875, 22.80011627811912 ], [ 93.08056640625, 22.86261627811912 ], [ 93.060546875, 22.889764715619123 ], [ 93.036865234375, 22.91339752811912 ], [ 93.026269531250023, 22.93219635624412 ], [ 93.021875, 22.93768952030662 ], [ 93.008056640625, 22.943963934369123 ], [ 92.99169921875, 22.942645574994117 ], [ 92.97607421875, 22.93585846561912 ], [ 92.964257812500023, 22.92584869999412 ], [ 92.955664062500034, 22.911493231244123 ], [ 92.944042968750011, 22.87909577030662 ], [ 92.936621093750034, 22.86395905155662 ], [ 92.920019531250034, 22.840838934369117 ], [ 92.913281250000011, 22.828729559369123 ], [ 92.90966796875, 22.81476471561912 ], [ 92.91015625, 22.796161199994117 ], [ 92.922753906250023, 22.74054596561912 ], [ 92.931884765625, 22.732196356244117 ], [ 92.93798828125, 22.72284577030662 ], [ 92.941308593750023, 22.711932684369117 ], [ 92.946875, 22.535419012494117 ], [ 92.935937500000023, 22.458026434369117 ], [ 92.938867187500023, 22.44245026249412 ], [ 92.951904296875, 22.40753815311912 ], [ 92.950097656250023, 22.393085028119117 ], [ 92.94482421875, 22.392206121869123 ], [ 92.921777343750023, 22.39215729374412 ], [ 92.913818359375, 22.391229559369123 ], [ 92.898828125000023, 22.37750885624412 ], [ 92.8818359375, 22.33832428593162 ], [ 92.861230468750023, 22.32648346561912 ], [ 92.848046875000023, 22.32550690311912 ], [ 92.843994140625, 22.323016668744117 ], [ 92.83935546875, 22.31525299686912 ], [ 92.836523437500034, 22.30768463749412 ], [ 92.83544921875, 22.29975006718162 ], [ 92.8447265625, 22.18585846561912 ], [ 92.843994140625, 22.164422918744123 ], [ 92.836181640625, 22.122577215619117 ], [ 92.835693359375, 22.10138580936912 ], [ 92.848046875000023, 21.99213287968162 ], [ 92.838964843750034, 21.92194244999412 ], [ 92.843457031250011, 21.899432684369117 ], [ 92.849218750000034, 21.89069244999412 ], [ 92.86328125, 21.879754949994123 ], [ 92.869531250000023, 21.873065496869117 ], [ 92.873046875, 21.863788153119117 ], [ 92.880078125000011, 21.810907293744123 ], [ 92.879492187500034, 21.78974030155662 ], [ 92.874609375000034, 21.76972077030662 ], [ 92.864013671875, 21.75421784061912 ], [ 92.8447265625, 21.745868231244117 ], [ 92.80126953125, 21.74286530155662 ], [ 92.782324218750034, 21.73139069218162 ], [ 92.773046875000034, 21.714374090619117 ], [ 92.769238281250011, 21.694452215619123 ], [ 92.76953125, 21.673846746869117 ], [ 92.779199218750023, 21.61078522343162 ], [ 92.778222656250023, 21.60028717655662 ], [ 92.771875, 21.593133856244123 ], [ 92.763671875, 21.590204168744123 ], [ 92.755273437500023, 21.588251043744123 ], [ 92.748046875, 21.58368561405662 ], [ 92.736523437500011, 21.55829498905662 ], [ 92.740234375, 21.531024481244117 ], [ 92.75341796875, 21.50556061405662 ], [ 92.771484375, 21.485223699994123 ], [ 92.779882812500034, 21.473504949994123 ], [ 92.784570312500023, 21.458856512494123 ], [ 92.790283203125, 21.428973699994117 ], [ 92.82275390625, 21.34955475468162 ], [ 92.856835937500023, 21.30426666874412 ], [ 92.8623046875, 21.290545965619117 ], [ 92.868896484375, 21.26203034061912 ], [ 92.874267578125, 21.24860260624412 ], [ 92.8828125, 21.23798248905662 ], [ 92.905859375000034, 21.217059637494117 ], [ 92.915283203125, 21.203973699994123 ], [ 92.918359375000023, 21.195575262494117 ], [ 92.92236328125, 21.17804596561912 ], [ 92.925537109375, 21.16962311405662 ], [ 92.9580078125, 21.11115143436912 ], [ 92.966552734375, 21.089862371869117 ], [ 92.972363281250011, 21.065790106244123 ], [ 92.975195312500034, 21.041034246869117 ], [ 92.978759765625, 21.02997467655662 ], [ 92.986083984375, 21.023456121869117 ], [ 92.99365234375, 21.01813385624412 ], [ 92.997802734375, 21.01117584843162 ], [ 92.996337890625, 21.001727606244117 ], [ 92.986425781250034, 20.98639557499412 ], [ 92.984375, 20.97650787968162 ], [ 92.98681640625, 20.96735260624412 ], [ 92.9970703125, 20.950311590619123 ], [ 93.00048828125, 20.94122955936912 ], [ 93.006738281250023, 20.916278387494117 ], [ 93.008056640625, 20.904803778119117 ], [ 93.007714843750023, 20.899286199994123 ], [ 93.00625, 20.894061590619117 ], [ 92.9990234375, 20.885028387494117 ], [ 92.97900390625, 20.872919012494123 ], [ 92.97216796875, 20.86298248905662 ], [ 92.971289062500034, 20.844354559369123 ], [ 92.979394531250023, 20.80267975468162 ], [ 92.977441406250023, 20.78058502811912 ], [ 92.960693359375, 20.746844793744117 ], [ 92.9599609375, 20.736835028119117 ], [ 92.966796875, 20.72748444218162 ], [ 92.976318359375, 20.72455475468162 ], [ 92.986328125, 20.723016668744123 ], [ 92.994873046875, 20.71808502811912 ], [ 93.004638671875, 20.69769928593162 ], [ 93.008056640625, 20.65009186405662 ], [ 93.01416015625, 20.626092840619123 ], [ 93.03125, 20.60455963749412 ], [ 93.050976562500011, 20.59308502811912 ], [ 93.068359375, 20.579461981244123 ], [ 93.0732421875, 20.55463287968162 ] ] } },
{ "type": "Feature", "properties": { "dissolve": "1084River", "scalerank": 9, "featurecla": "River", "name": "Mytitha", "name_alt": null, "rivernum": 1084, "note": null, "min_zoom": 7.1, "name_en": "Myittha", "min_label": 8.1, "ne_id": 1159110787, "label": "Mytitha", "wikidataid": "Q3331364", "name_ar": "ميتيثا", "name_bn": "মাইতিথা", "name_de": "Mytitha", "name_es": "Mytitha", "name_fr": "Mytitha", "name_el": "Μύτιθα", "name_hi": "मायतिथा", "name_hu": "Mytitha", "name_id": "Mytitha", "name_it": "Mytitha", "name_ja": "ミティタ川", "name_ko": "미티타", "name_nl": "Mytitha", "name_pl": "Myittha Kyaung", "name_pt": "Mytitha", "name_ru": null, "name_sv": "Mytitha", "name_tr": "Mytitha", "name_vi": "Sông Mytitha", "name_zh": "密達河", "name_fa": "میتیتا", "name_he": "מזימבה", "name_uk": "Митіта", "name_ur": "مائیٹیتھا", "name_zht": "密達河" }, "geometry": { "type": "LineString", "coordinates": [ [ 93.63818359375, 21.93988678593162 ], [ 93.770410156250023, 21.954608465619117 ], [ 93.834863281250023, 21.97138092655662 ], [ 93.856640625000011, 21.973651434369117 ], [ 93.879785156250023, 21.97113678593162 ], [ 93.890380859375, 21.967401434369123 ], [ 93.8974609375, 21.96234772343162 ], [ 93.911718750000034, 21.948016668744117 ], [ 93.929101562500023, 21.935419012494123 ], [ 93.948144531250023, 21.926288153119117 ], [ 93.967382812500034, 21.92182037968162 ], [ 93.986083984375, 21.92328522343162 ], [ 93.992578125000023, 21.92560455936912 ], [ 93.998632812500034, 21.92902252811912 ], [ 94.021240234375, 21.949725653119117 ], [ 94.0439453125, 21.961542059369123 ], [ 94.051513671875, 21.96979401249412 ], [ 94.049560546875, 21.970331121869123 ], [ 94.043359375000023, 21.978143621869123 ], [ 94.0419921875, 21.980585028119123 ], [ 94.0400390625, 21.98725006718162 ], [ 94.040722656250011, 21.99042389530662 ], [ 94.043554687500034, 21.99274323124412 ], [ 94.047558593750011, 21.997088934369117 ], [ 94.05859375, 22.013544012494123 ], [ 94.064062500000034, 22.02484772343162 ], [ 94.0673828125, 22.02997467655662 ], [ 94.072265625, 22.03400299686912 ], [ 94.07763671875, 22.03546784061912 ], [ 94.08935546875, 22.03534577030662 ], [ 94.0947265625, 22.03644440311912 ], [ 94.102441406250023, 22.042596746869123 ], [ 94.107421875, 22.051776434369117 ], [ 94.116455078125, 22.083270574994117 ], [ 94.116943359375, 22.09369537968162 ], [ 94.114990234375, 22.10394928593162 ], [ 94.110595703125, 22.11420319218162 ], [ 94.103271484375, 22.14154694218162 ], [ 94.112207031250023, 22.15985748905662 ], [ 94.126953125, 22.177118231244123 ], [ 94.136962890625, 22.20136139530662 ], [ 94.1357421875, 22.21027252811912 ], [ 94.125878906250023, 22.225702215619123 ], [ 94.123632812500034, 22.235370184369117 ], [ 94.125683593750011, 22.244012762494123 ], [ 94.134960937500011, 22.265741278119123 ], [ 94.1376953125, 22.27631256718162 ], [ 94.137304687500034, 22.28388092655662 ], [ 94.133544921875, 22.298114324994117 ], [ 94.132714843750023, 22.304950262494117 ], [ 94.134521484375, 22.31378815311912 ], [ 94.141992187500023, 22.32807037968162 ], [ 94.143847656249989, 22.337420965619117 ], [ 94.13232421875, 22.385272528119117 ], [ 94.124902343750023, 22.390985418744123 ], [ 94.106542968750034, 22.394891668744123 ], [ 94.100830078125, 22.399042059369123 ], [ 94.09716796875, 22.41583893436912 ], [ 94.099853515625, 22.433710028119123 ], [ 94.109082031250011, 22.44440338749412 ], [ 94.125244140625, 22.43964264530662 ], [ 94.128808593750023, 22.458758856244117 ], [ 94.141796875000011, 22.499774481244117 ], [ 94.1416015625, 22.51764557499412 ], [ 94.137304687500034, 22.52582428593162 ], [ 94.125244140625, 22.540887762494123 ], [ 94.120507812500023, 22.55109284061912 ], [ 94.11767578125, 22.56415436405662 ], [ 94.117431640625, 22.57758209843162 ], [ 94.129296875000023, 22.65131256718162 ], [ 94.106201171875, 22.813592840619123 ], [ 94.105224609375, 22.85028717655662 ], [ 94.101757812500011, 22.869403387494117 ], [ 94.090576171875, 22.89215729374412 ], [ 94.06103515625, 22.925653387494123 ], [ 94.052734375, 22.94684479374412 ], [ 94.052734375, 22.95648834843162 ], [ 94.054443359375, 22.966815496869117 ], [ 94.062255859375, 22.98834869999412 ], [ 94.084228515625, 23.027850653119117 ], [ 94.088476562500034, 23.03998444218162 ], [ 94.0849609375, 23.045282293744123 ], [ 94.079296875000011, 23.047626043744117 ], [ 94.076904296875, 23.050897528119123 ], [ 94.080175781250034, 23.05817291874412 ], [ 94.096582031250023, 23.08539459843162 ], [ 94.108154296875, 23.12213776249412 ], [ 94.109472656250034, 23.13336823124412 ], [ 94.104736328125, 23.149774481244123 ], [ 94.096435546875, 23.163348699994117 ], [ 94.092187500000023, 23.17645905155662 ], [ 94.099609375, 23.191522528119123 ], [ 94.111230468750023, 23.20233795780662 ], [ 94.113671875000023, 23.207391668744123 ], [ 94.115917968750011, 23.23395416874412 ], [ 94.119873046875, 23.23969147343162 ], [ 94.128027343750034, 23.24469635624412 ], [ 94.139404296875, 23.24774811405662 ], [ 94.15234375, 23.248553778119117 ], [ 94.165429687500023, 23.24750397343162 ], [ 94.177148437500023, 23.24506256718162 ], [ 94.187597656250034, 23.239374090619123 ], [ 94.202880859375, 23.22138092655662 ], [ 94.211669921875, 23.21381256718162 ], [ 94.223046875000023, 23.21002838749412 ], [ 94.307714843750034, 23.20868561405662 ] ] } },
{ "type": "Feature", "properties": { "dissolve": "1104River", "scalerank": 9, "featurecla": "River", "name": null, "name_alt": null, "rivernum": 1104, "note": null, "min_zoom": 7.1, "name_en": null, "min_label": 8.1, "ne_id": 1159111209, "label": null, "wikidataid": null, "name_ar": null, "name_bn": null, "name_de": null, "name_es": null, "name_fr": null, "name_el": null, "name_hi": null, "name_hu": null, "name_id": null, "name_it": null, "name_ja": null, "name_ko": null, "name_nl": null, "name_pl": null, "name_pt": null, "name_ru": null, "name_sv": null, "name_tr": null, "name_vi": null, "name_zh": null, "name_fa": null, "name_he": null, "name_uk": null, "name_ur": null, "name_zht": null }, "geometry": { "type": "LineString", "coordinates": [ [ 91.975683593750034, 28.54169342655662 ], [ 92.002197265625, 28.54572174686912 ], [ 92.02783203125, 28.54425690311912 ], [ 92.052734375, 28.53900787968162 ], [ 92.146386718750023, 28.50812409061912 ], [ 92.166113281250034, 28.494647528119117 ], [ 92.1962890625, 28.46210358280662 ], [ 92.212890625, 28.44855377811912 ], [ 92.233984375000034, 28.44086334843162 ], [ 92.253173828125, 28.44086334843162 ], [ 92.291015625, 28.44782135624412 ], [ 92.310156250000034, 28.44782135624412 ], [ 92.391796875000011, 28.42975494999412 ], [ 92.432373046875, 28.431903387494117 ], [ 92.468017578125, 28.42816803593162 ], [ 92.498632812500034, 28.425555731244117 ], [ 92.529687500000023, 28.43158600468162 ], [ 92.559814453125, 28.441034246869116 ], [ 92.589111328125, 28.44403717655662 ], [ 92.618261718750034, 28.43097565311912 ], [ 92.6328125, 28.41510651249412 ], [ 92.64013671875, 28.40949127811912 ], [ 92.651757812500023, 28.40643952030662 ], [ 92.670117187500011, 28.40766022343162 ], [ 92.706445312500023, 28.41620514530662 ], [ 92.725488281250023, 28.413690496869116 ], [ 92.74658203125, 28.394159246869116 ], [ 92.746337890625, 28.36627838749412 ], [ 92.741601562500023, 28.33612702030662 ], [ 92.74853515625, 28.30988190311912 ], [ 92.75927734375, 28.30194733280662 ], [ 92.772851562500023, 28.298114324994117 ], [ 92.800683593750023, 28.297235418744116 ], [ 92.8623046875, 28.30597565311912 ], [ 92.921484375000034, 28.32636139530662 ], [ 92.960693359375, 28.34870026249412 ], [ 93.006103515625, 28.35980866093162 ], [ 93.10205078125, 28.420672918744117 ], [ 93.13916015625, 28.429461981244117 ], [ 93.166406250000023, 28.42987702030662 ], [ 93.175097656249989, 28.43146393436912 ], [ 93.17578125, 28.43427155155662 ], [ 93.173828125, 28.43927643436912 ], [ 93.17333984375, 28.44452545780662 ], [ 93.178417968750011, 28.447772528119117 ], [ 93.2119140625, 28.45014069218162 ], [ 93.347070312500023, 28.442401434369117 ], [ 93.377197265625, 28.42914459843162 ], [ 93.435644531250034, 28.39264557499412 ], [ 93.462890625, 28.383807684369117 ], [ 93.574316406250034, 28.38043854374412 ], [ 93.598535156250023, 28.382196356244116 ], [ 93.734472656250034, 28.41998932499412 ], [ 93.846093750000023, 28.423114324994117 ], [ 93.8701171875, 28.418231512494117 ], [ 93.885498046875, 28.40875885624412 ], [ 93.896484375, 28.39655182499412 ], [ 93.9091796875, 28.385614324994116 ], [ 93.929589843750023, 28.38007233280662 ], [ 93.9892578125, 28.384393621869116 ], [ 94.009033203125, 28.38275787968162 ], [ 94.023193359375, 28.377215887494117 ], [ 94.032470703125, 28.36798737186912 ], [ 94.038818359375, 28.35602448124412 ], [ 94.057373046875, 28.306512762494116 ], [ 94.067578125000011, 28.29132721561912 ], [ 94.120703125000034, 28.24371979374412 ], [ 94.134863281250034, 28.224969793744116 ], [ 94.141699218750034, 28.20136139530662 ], [ 94.141357421875, 28.181903387494117 ], [ 94.13623046875, 28.142450262494116 ], [ 94.13671875, 28.123163153119116 ], [ 94.1435546875, 28.10370514530662 ], [ 94.155371093750034, 28.089129949994117 ], [ 94.185156250000034, 28.06329987186912 ], [ 94.220703125, 28.016620184369117 ], [ 94.237597656249989, 28.007831121869117 ], [ 94.244238281250034, 28.00739166874412 ], [ 94.255273437500023, 28.009540106244117 ], [ 94.26220703125, 28.00787994999412 ], [ 94.27978515625, 27.99286530155662 ], [ 94.324609375000023, 27.90375397343162 ], [ 94.336181640625, 27.86334869999412 ], [ 94.338623046875, 27.823993231244117 ], [ 94.334570312500034, 27.81525299686912 ], [ 94.31640625, 27.792743231244117 ], [ 94.311621093750034, 27.779071356244117 ], [ 94.310302734375, 27.764422918744117 ], [ 94.312109375000034, 27.750018621869117 ], [ 94.31787109375, 27.74201080936912 ], [ 94.336328125000023, 27.73383209843162 ], [ 94.33984375, 27.72870514530662 ], [ 94.331152343750034, 27.715106512494117 ], [ 94.277587890625, 27.67890045780662 ], [ 94.218994140625, 27.62665436405662 ], [ 94.212304687500023, 27.61261627811912 ], [ 94.21728515625, 27.59686920780662 ], [ 94.228515625, 27.58307526249412 ], [ 94.240820312500034, 27.57465241093162 ], [ 94.249755859375, 27.565057684369116 ], [ 94.292382812500023, 27.46234772343162 ], [ 94.295654296875, 27.44635651249412 ], [ 94.296142578125, 27.43659088749412 ], [ 94.29541015625, 27.42499420780662 ], [ 94.292871093750023, 27.41388580936912 ], [ 94.287695312500034, 27.40558502811912 ], [ 94.282470703125, 27.402215887494116 ], [ 94.277148437499989, 27.40143463749412 ], [ 94.24462890625, 27.408954168744117 ], [ 94.237890625000034, 27.40656159061912 ], [ 94.239648437500023, 27.395868231244116 ], [ 94.244726562500034, 27.38751862186912 ], [ 94.271240234375, 27.36200592655662 ], [ 94.280175781250023, 27.35040924686912 ], [ 94.285839843750011, 27.34516022343162 ], [ 94.29931640625, 27.33551666874412 ], [ 94.305078125000023, 27.32977936405662 ], [ 94.30908203125, 27.322626043744116 ], [ 94.310302734375, 27.316180731244117 ], [ 94.306542968750023, 27.297235418744116 ], [ 94.306396484375, 27.28986237186912 ], [ 94.307714843750034, 27.283954168744117 ], [ 94.3125, 27.27191803593162 ], [ 94.31494140625, 27.257440496869116 ], [ 94.310937500000023, 27.24725983280662 ], [ 94.301171875000023, 27.241571356244116 ], [ 94.275292968750023, 27.239764715619117 ], [ 94.26904296875, 27.23505280155662 ], [ 94.26611328125, 27.22675202030662 ], [ 94.265722656250034, 27.201922918744117 ], [ 94.264257812500034, 27.18952057499412 ], [ 94.26025390625, 27.177606512494116 ], [ 94.25341796875, 27.16571686405662 ], [ 94.245019531250023, 27.158319403119116 ], [ 94.23583984375, 27.15363190311912 ], [ 94.227929687500023, 27.147577215619116 ], [ 94.22314453125, 27.13641998905662 ], [ 94.21240234375, 27.116327215619116 ], [ 94.1923828125, 27.10578034061912 ], [ 94.169824218750023, 27.097772528119116 ], [ 94.151953125000034, 27.08539459843162 ], [ 94.151562500000011, 27.07367584843162 ], [ 94.175976562500011, 27.04962799686912 ], [ 94.178808593750034, 27.03131744999412 ], [ 94.171289062500023, 27.015643621869117 ], [ 94.1591796875, 27.00385162968162 ], [ 94.12939453125, 26.98676178593162 ], [ 94.108154296875, 26.97858307499412 ], [ 94.093359375000034, 26.978290106244117 ], [ 94.079199218750034, 26.980829168744116 ], [ 94.06005859375, 26.98114655155662 ], [ 94.013769531250034, 26.96796295780662 ], [ 93.99072265625, 26.956317449994117 ], [ 93.966796875, 26.940448309369117 ], [ 93.9580078125, 26.93695709843162 ], [ 93.940039062500034, 26.93585846561912 ], [ 93.931054687500023, 26.931512762494116 ], [ 93.915625, 26.91571686405662 ], [ 93.90771484375, 26.90924713749412 ], [ 93.860937500000034, 26.889667059369117 ], [ 93.830322265625, 26.86322662968162 ], [ 93.80810546875, 26.829608465619117 ], [ 93.7978515625, 26.79254791874412 ], [ 93.798925781250034, 26.780389715619116 ], [ 93.806396484375, 26.757342840619117 ], [ 93.807714843750034, 26.74433014530662 ], [ 93.80419921875, 26.744159246869117 ] ] } },
{ "type": "Feature", "properties": { "dissolve": "1136River", "scalerank": 9, "featurecla": "River", "name": null, "name_alt": null, "rivernum": 1136, "note": null, "min_zoom": 7.1, "name_en": null, "min_label": 8.1, "ne_id": 1159111679, "label": null, "wikidataid": null, "name_ar": null, "name_bn": null, "name_de": null, "name_es": null, "name_fr": null, "name_el": null, "name_hi": null, "name_hu": null, "name_id": null, "name_it": null, "name_ja": null, "name_ko": null, "name_nl": null, "name_pl": null, "name_pt": null, "name_ru": null, "name_sv": null, "name_tr": null, "name_vi": null, "name_zh": null, "name_fa": null, "name_he": null, "name_uk": null, "name_ur": null, "name_zht": null }, "geometry": { "type": "LineString", "coordinates": [ [ 91.908105468750023, 22.42475006718162 ], [ 91.916015625, 22.42511627811912 ], [ 91.921875, 22.424579168744117 ], [ 91.92626953125, 22.425897528119123 ], [ 91.929296875000034, 22.43158600468162 ], [ 91.953027343750023, 22.42243073124412 ], [ 91.974609375, 22.41876862186912 ], [ 92.021679687500011, 22.418573309369123 ], [ 92.028906250000034, 22.42499420780662 ], [ 92.033203125, 22.453143621869117 ], [ 92.0419921875, 22.45954010624412 ], [ 92.054296875000034, 22.457294012494117 ], [ 92.071044921875, 22.447528387494117 ], [ 92.083251953125, 22.44525787968162 ], [ 92.106640625000011, 22.44830963749412 ], [ 92.1259765625, 22.456903387494123 ], [ 92.140039062500023, 22.47003815311912 ], [ 92.1484375, 22.486835028119117 ], [ 92.147363281250023, 22.493280340619123 ], [ 92.144628906250034, 22.500604559369123 ], [ 92.1455078125, 22.507831121869117 ], [ 92.1552734375, 22.514178778119117 ], [ 92.161523437500023, 22.51300690311912 ], [ 92.180078125000023, 22.50299713749412 ], [ 92.197851562500034, 22.50360748905662 ] ] } },
{ "type": "Feature", "properties": { "dissolve": "1138River", "scalerank": 9, "featurecla": "River", "name": "Balak", "name_alt": null, "rivernum": 1138, "note": null, "min_zoom": 7.1, "name_en": "Balak", "min_label": 8.1, "ne_id": 1159111733, "label": "Balak", "wikidataid": null, "name_ar": "باجزيرة", "name_bn": "বালাক", "name_de": "Balak", "name_es": "Balak", "name_fr": "Balak", "name_el": "Μπαλάκ", "name_hi": "बैलेक", "name_hu": "Balak", "name_id": "Balak", "name_it": "Balak", "name_ja": "バラク川", "name_ko": "발락", "name_nl": "Balak", "name_pl": "Balak", "name_pt": "Balak", "name_ru": "Балак", "name_sv": "Balak", "name_tr": "Balak", "name_vi": "Sông Balak", "name_zh": "巴拉克河", "name_fa": "بالاک", "name_he": "באלאק", "name_uk": "Балак", "name_ur": "بالاک", "name_zht": "巴拉克河" }, "geometry": { "type": "MultiLineString", "coordinates": [ [ [ 90.7021484375, 23.555047918744123 ], [ 90.7109375, 23.56708405155662 ], [ 90.733154296875, 23.58002350468162 ], [ 90.7431640625, 23.59039948124412 ], [ 90.735937500000034, 23.601678778119123 ], [ 90.740234375, 23.61029694218162 ], [ 90.751855468750023, 23.61579010624412 ], [ 90.767333984375, 23.61774323124412 ], [ 90.769628906250034, 23.622821356244117 ], [ 90.760937500000011, 23.63410065311912 ], [ 90.734277343750023, 23.659295965619123 ] ], [ [ 94.258691406250023, 25.461200262494117 ], [ 94.236083984375, 25.461542059369123 ], [ 94.223388671875, 25.45392487186912 ], [ 94.214746093750023, 25.442987371869123 ], [ 94.2041015625, 25.433221746869123 ], [ 94.16943359375, 25.41962311405662 ], [ 94.162988281250023, 25.41266510624412 ], [ 94.156835937500034, 25.40350983280662 ], [ 94.1494140625, 25.395624090619123 ], [ 94.138916015625, 25.39227936405662 ], [ 94.120214843750034, 25.38849518436912 ], [ 94.108642578125, 25.377801824994123 ], [ 94.102636718750034, 25.361590887494117 ], [ 94.10107421875, 25.341083074994117 ], [ 94.06396484375, 25.30414459843162 ], [ 94.05322265625, 25.29608795780662 ], [ 94.057861328125, 25.32330963749412 ], [ 94.066796875000023, 25.349481512494123 ], [ 94.072265625, 25.374627996869123 ], [ 94.06689453125, 25.39850494999412 ], [ 94.053417968750011, 25.40900299686912 ], [ 94.029687500000023, 25.418817449994123 ], [ 94.003808593750023, 25.423700262494123 ], [ 93.984375, 25.41962311405662 ], [ 93.94970703125, 25.44367096561912 ], [ 93.92138671875, 25.46954987186912 ], [ 93.888671875, 25.48236725468162 ], [ 93.841064453125, 25.46735260624412 ], [ 93.80859375, 25.446161199994123 ], [ 93.7236328125, 25.36408112186912 ], [ 93.69873046875, 25.347186590619117 ], [ 93.679101562500023, 25.32831452030662 ], [ 93.679589843750023, 25.32404205936912 ], [ 93.67919921875, 25.31439850468162 ], [ 93.649121093750011, 25.261981512494117 ], [ 93.612695312500023, 25.215692449994123 ], [ 93.600830078125, 25.18891022343162 ], [ 93.584570312500034, 25.17853424686912 ], [ 93.546777343750023, 25.16571686405662 ], [ 93.517968750000023, 25.150653387494117 ], [ 93.49609375, 25.12824127811912 ], [ 93.482031250000034, 25.09967682499412 ], [ 93.477294921875, 25.066424871869117 ], [ 93.473876953125, 25.05451080936912 ], [ 93.449951171875, 25.014911199994117 ], [ 93.42919921875, 24.97040436405662 ], [ 93.410058593750023, 24.94440338749412 ], [ 93.405029296875, 24.931415106244117 ], [ 93.402734375000023, 24.91742584843162 ], [ 93.402148437499989, 24.90192291874412 ], [ 93.41162109375, 24.846698309369117 ], [ 93.40966796875, 24.830585028119117 ], [ 93.399121093750011, 24.81976959843162 ], [ 93.38525390625, 24.81769440311912 ], [ 93.373242187500011, 24.81427643436912 ], [ 93.368066406250023, 24.799579168744117 ], [ 93.3671875, 24.783710028119117 ], [ 93.363476562500011, 24.766961981244123 ], [ 93.355224609375, 24.757098699994117 ], [ 93.340722656250023, 24.76166412968162 ], [ 93.334375, 24.737909246869123 ], [ 93.333251953125, 24.716913153119123 ], [ 93.33056640625, 24.70709869999412 ], [ 93.324462890625, 24.699725653119117 ], [ 93.313378906250023, 24.69342682499412 ], [ 93.311279296875, 24.696795965619117 ], [ 93.31103515625, 24.69769928593162 ], [ 93.306640625, 24.700213934369117 ], [ 93.302441406250011, 24.68707916874412 ], [ 93.294531250000034, 24.67584869999412 ], [ 93.282470703125, 24.66828034061912 ], [ 93.265625, 24.66608307499412 ], [ 93.248242187500011, 24.671991278119123 ], [ 93.239355468750034, 24.68378327030662 ], [ 93.231640625000011, 24.697040106244117 ], [ 93.2177734375, 24.707049871869117 ], [ 93.218994140625, 24.69599030155662 ], [ 93.230859375000023, 24.66608307499412 ], [ 93.220800781250034, 24.659051824994123 ], [ 93.218164062500023, 24.65094635624412 ], [ 93.221777343750034, 24.64350006718162 ], [ 93.230859375000023, 24.638788153119123 ], [ 93.220800781250034, 24.629169012494117 ], [ 93.218164062500023, 24.61725494999412 ], [ 93.2177734375, 24.590350653119117 ], [ 93.2125, 24.57526276249412 ], [ 93.204296875000011, 24.56110260624412 ], [ 93.1865234375, 24.538836981244117 ], [ 93.177636718750023, 24.52435944218162 ], [ 93.168847656250023, 24.47431061405662 ], [ 93.151269531250023, 24.427850653119123 ], [ 93.148193359375, 24.410516668744123 ], [ 93.14599609375, 24.404169012494123 ], [ 93.138574218750023, 24.389520574994123 ], [ 93.036523437500023, 24.25922272343162 ], [ 93.02490234375, 24.23468659061912 ], [ 93.0185546875, 24.23468659061912 ], [ 93.01318359375, 24.26203034061912 ], [ 93.01416015625, 24.27448151249412 ], [ 93.0185546875, 24.288690496869123 ], [ 93.026123046875, 24.300067449994117 ], [ 93.042724609375, 24.31525299686912 ], [ 93.0458984375, 24.32660553593162 ], [ 93.04150390625, 24.34088776249412 ], [ 93.022851562500023, 24.35431549686912 ], [ 93.0185546875, 24.36749909061912 ], [ 93.02197265625, 24.39020416874412 ], [ 93.0205078125, 24.40021393436912 ], [ 93.01171875, 24.412860418744117 ], [ 93.03662109375, 24.414667059369123 ], [ 93.045654296875, 24.444598699994117 ], [ 93.052734375, 24.522723699994117 ], [ 93.064453125, 24.558954168744123 ], [ 93.073632812500023, 24.567254949994123 ], [ 93.090576171875, 24.56989166874412 ], [ 93.1005859375, 24.57709381718162 ], [ 93.095703125, 24.59369537968162 ], [ 93.080078125, 24.624530340619117 ], [ 93.099023437500023, 24.654413153119123 ], [ 93.106201171875, 24.671991278119123 ], [ 93.097363281250011, 24.67975494999412 ], [ 93.091064453125, 24.682733465619123 ], [ 93.087988281250034, 24.690301824994123 ], [ 93.0869140625, 24.710467840619117 ], [ 93.083593750000034, 24.718377996869123 ], [ 93.075878906250011, 24.72162506718162 ], [ 93.066992187500034, 24.72345612186912 ], [ 93.0595703125, 24.726922918744123 ], [ 93.035546875000023, 24.78034088749412 ], [ 93.028564453125, 24.78961823124412 ], [ 92.987597656249989, 24.78961823124412 ], [ 92.975683593750034, 24.791766668744117 ], [ 92.966552734375, 24.796405340619117 ], [ 92.95654296875, 24.80329010624412 ], [ 92.928955078125, 24.792352606244123 ], [ 92.910839843750011, 24.742547918744123 ], [ 92.88818359375, 24.734393621869117 ], [ 92.88818359375, 24.74115631718162 ], [ 92.89599609375, 24.74201080936912 ], [ 92.9, 24.74384186405662 ], [ 92.9033203125, 24.74616119999412 ], [ 92.90869140625, 24.748651434369123 ], [ 92.896875, 24.75324127811912 ], [ 92.86767578125, 24.76911041874412 ], [ 92.865917968750011, 24.760370184369123 ], [ 92.86328125, 24.755877996869117 ], [ 92.854101562500034, 24.748651434369123 ], [ 92.844482421875, 24.75421784061912 ], [ 92.842871093750034, 24.76019928593162 ], [ 92.843457031250011, 24.76703522343162 ], [ 92.840429687500034, 24.77533600468162 ], [ 92.834570312500034, 24.77960846561912 ], [ 92.828125, 24.781610418744123 ], [ 92.82275390625, 24.78485748905662 ], [ 92.820556640625, 24.79266998905662 ], [ 92.827880859375, 24.794305731244123 ], [ 92.859960937500034, 24.815204168744117 ], [ 92.86767578125, 24.816913153119117 ], [ 92.858496093750034, 24.83087799686912 ], [ 92.827392578125, 24.82416412968162 ], [ 92.820556640625, 24.83368561405662 ], [ 92.814453125, 24.835077215619123 ], [ 92.800976562500011, 24.84186432499412 ], [ 92.786865234375, 24.852167059369123 ], [ 92.778906250000034, 24.86408112186912 ], [ 92.75927734375, 24.864374090619123 ], [ 92.7470703125, 24.886249090619117 ], [ 92.733642578125, 24.90045807499412 ], [ 92.710693359375, 24.87775299686912 ], [ 92.716210937500023, 24.87360260624412 ], [ 92.720458984375, 24.869745184369123 ], [ 92.724853515625, 24.866473699994117 ], [ 92.731201171875, 24.86408112186912 ], [ 92.731201171875, 24.85785553593162 ], [ 92.71337890625, 24.863641668744123 ], [ 92.69873046875, 24.86225006718162 ], [ 92.69189453125, 24.85333893436912 ], [ 92.697167968750023, 24.836786199994123 ], [ 92.6865234375, 24.836688543744117 ], [ 92.66748046875, 24.831805731244117 ], [ 92.658935546875, 24.830585028119117 ], [ 92.646582031250034, 24.832782293744117 ], [ 92.643847656249989, 24.83746979374412 ], [ 92.64599609375, 24.842059637494117 ], [ 92.648681640625, 24.84357330936912 ], [ 92.6474609375, 24.847430731244117 ], [ 92.648681640625, 24.85211823124412 ], [ 92.649023437500034, 24.856219793744117 ], [ 92.645263671875, 24.85785553593162 ], [ 92.634033203125, 24.857538153119123 ], [ 92.62890625, 24.85834381718162 ], [ 92.62451171875, 24.860956121869123 ], [ 92.616796875000034, 24.86737702030662 ], [ 92.608642578125, 24.87238190311912 ], [ 92.6005859375, 24.87592194218162 ], [ 92.593457031250011, 24.87775299686912 ], [ 92.583740234375, 24.877557684369123 ], [ 92.56591796875, 24.87274811405662 ], [ 92.5185546875, 24.87042877811912 ], [ 92.493896484375, 24.86542389530662 ], [ 92.477441406250023, 24.86408112186912 ], [ 92.491113281250023, 24.883905340619123 ], [ 92.494140625, 24.89508698124412 ], [ 92.490917968750011, 24.91254303593162 ], [ 92.4833984375, 24.928485418744117 ], [ 92.47412109375, 24.93683502811912 ], [ 92.449316406250034, 24.946649481244123 ], [ 92.457617187500034, 24.953485418744123 ], [ 92.453710937500034, 24.95831940311912 ], [ 92.444238281250023, 24.96259186405662 ], [ 92.412109375, 24.98432037968162 ], [ 92.411865234375, 24.98761627811912 ], [ 92.394433593750023, 24.99347565311912 ], [ 92.379638671875, 25.00446198124412 ], [ 92.36279296875, 25.01056549686912 ], [ 92.339453125000034, 25.00189850468162 ], [ 92.3076171875, 25.02692291874412 ], [ 92.27685546875, 25.00385162968162 ], [ 92.250244140625, 24.97125885624412 ], [ 92.230224609375, 24.96771881718162 ], [ 92.220458984375, 24.94867584843162 ], [ 92.20849609375, 24.94550202030662 ], [ 92.194433593750034, 24.94562409061912 ], [ 92.179101562500023, 24.93671295780662 ], [ 92.168212890625, 24.92719147343162 ], [ 92.1279296875, 24.905047918744117 ], [ 92.11328125, 24.894159246869123 ], [ 92.107421875, 24.89203522343162 ], [ 92.095898437500011, 24.893329168744117 ], [ 92.088281250000023, 24.898700262494117 ], [ 92.08056640625, 24.901629949994117 ], [ 92.062255859375, 24.89130280155662 ], [ 92.03857421875, 24.88519928593162 ], [ 92.031982421875, 24.87958405155662 ], [ 92.020605468750034, 24.866571356244123 ], [ 92.014550781250023, 24.86408112186912 ], [ 91.972265625000034, 24.862567449994117 ], [ 91.955957031250023, 24.86408112186912 ], [ 91.954199218750034, 24.86371491093162 ], [ 91.929296875000034, 24.86408112186912 ], [ 91.907812500000034, 24.87042877811912 ], [ 91.89794921875, 24.87152741093162 ], [ 91.863476562500011, 24.881854559369117 ], [ 91.82421875, 24.89960358280662 ], [ 91.790136718750034, 24.90485260624412 ], [ 91.771582031250034, 24.87775299686912 ], [ 91.766503906250023, 24.89203522343162 ], [ 91.760644531250023, 24.89728424686912 ], [ 91.753320312500023, 24.899530340619123 ], [ 91.74365234375, 24.905047918744117 ], [ 91.72802734375, 24.91803619999412 ], [ 91.7177734375, 24.92377350468162 ], [ 91.706445312500023, 24.926141668744123 ], [ 91.703125, 24.932001043744123 ], [ 91.702734375000034, 24.970819403119123 ], [ 91.698632812500023, 24.98053619999412 ], [ 91.688720703125, 24.98700592655662 ], [ 91.668554687500034, 24.99506256718162 ], [ 91.67529296875, 24.99433014530662 ], [ 91.696533203125, 24.99506256718162 ], [ 91.690673828125, 25.00336334843162 ], [ 91.680273437500034, 25.015252996869123 ], [ 91.675976562500011, 25.022333074994123 ], [ 91.68896484375, 25.022333074994123 ], [ 91.68896484375, 25.028583074994117 ], [ 91.665136718750034, 25.033319403119123 ], [ 91.641357421875, 25.01837799686912 ], [ 91.617431640625, 25.00849030155662 ], [ 91.592871093750034, 25.028583074994117 ], [ 91.582910156250023, 25.02252838749412 ], [ 91.575097656250023, 25.02643463749412 ], [ 91.569580078125, 25.03681061405662 ], [ 91.566162109375, 25.050311590619117 ], [ 91.552441406250011, 25.042840887494123 ], [ 91.548095703125, 25.05487702030662 ], [ 91.528906250000034, 25.05695221561912 ], [ 91.524511718750034, 25.066424871869117 ], [ 91.521386718750023, 25.07843659061912 ], [ 91.513574218750023, 25.08270905155662 ], [ 91.50341796875, 25.080585028119117 ], [ 91.493896484375, 25.073260809369117 ], [ 91.479296874999989, 25.064960028119117 ], [ 91.470312500000034, 25.072137762494123 ], [ 91.463134765625, 25.09125397343162 ], [ 91.450878906250011, 25.094745184369117 ], [ 91.439355468750023, 25.094110418744123 ], [ 91.427441406250011, 25.090204168744123 ], [ 91.414648437500034, 25.08380768436912 ], [ 91.399511718750034, 25.06928131718162 ], [ 91.3828125, 25.046014715619123 ], [ 91.37109375, 25.024432684369117 ], [ 91.37060546875, 25.014911199994117 ], [ 91.371337890625, 25.01019928593162 ], [ 91.389892578125, 24.99054596561912 ], [ 91.394238281250011, 24.98761627811912 ], [ 91.395898437500023, 24.97333405155662 ], [ 91.39453125, 24.960711981244117 ], [ 91.389550781250023, 24.95465729374412 ], [ 91.380615234375, 24.96027252811912 ], [ 91.374414062500023, 24.96027252811912 ], [ 91.353613281250034, 24.91742584843162 ], [ 91.348876953125, 24.89350006718162 ], [ 91.353271484375, 24.87152741093162 ], [ 91.370898437499989, 24.84979889530662 ], [ 91.37939453125, 24.83649323124412 ], [ 91.37744140625, 24.830585028119117 ], [ 91.371777343750011, 24.82416412968162 ], [ 91.363378906250034, 24.810077215619117 ], [ 91.358642578125, 24.796014715619123 ], [ 91.363476562500011, 24.78961823124412 ], [ 91.388916015625, 24.76715729374412 ], [ 91.379199218749989, 24.71820709843162 ], [ 91.347070312500023, 24.67047760624412 ], [ 91.304785156250034, 24.65180084843162 ], [ 91.30810546875, 24.63422272343162 ], [ 91.302441406250011, 24.61408112186912 ], [ 91.291259765625, 24.60089752811912 ], [ 91.278222656250023, 24.604022528119117 ], [ 91.270263671875, 24.593524481244117 ], [ 91.261132812500023, 24.58710358280662 ], [ 91.251855468750023, 24.582147528119123 ], [ 91.243359375000011, 24.57611725468162 ], [ 91.237402343750034, 24.56928131718162 ], [ 91.207421875000023, 24.512811590619123 ], [ 91.1962890625, 24.498895574994123 ], [ 91.181884765625, 24.487909246869123 ], [ 91.181884765625, 24.501581121869123 ], [ 91.174560546875, 24.501581121869123 ], [ 91.160839843750011, 24.480487371869117 ], [ 91.16845703125, 24.476190496869123 ], [ 91.188720703125, 24.46063873905662 ], [ 91.173828125, 24.45526764530662 ], [ 91.179785156250034, 24.44989655155662 ], [ 91.193603515625, 24.44464752811912 ], [ 91.202392578125, 24.43952057499412 ], [ 91.202246093750034, 24.422381903119117 ], [ 91.192138671875, 24.41046784061912 ], [ 91.1787109375, 24.40119049686912 ], [ 91.1689453125, 24.391717840619123 ], [ 91.161035156250023, 24.37677643436912 ], [ 91.159423828125, 24.36823151249412 ], [ 91.164941406250023, 24.36444733280662 ], [ 91.1708984375, 24.363544012494117 ], [ 91.171777343750023, 24.361346746869117 ], [ 91.169042968750034, 24.35834381718162 ], [ 91.16455078125, 24.355243231244117 ] ], [ [ 90.633203125000023, 23.59662506718162 ], [ 90.640869140625, 23.600458074994123 ], [ 90.644433593750023, 23.602899481244123 ], [ 90.6474609375, 23.605975653119117 ], [ 90.650976562500034, 23.619403387494117 ], [ 90.641357421875, 23.64752838749412 ], [ 90.64306640625, 23.66168854374412 ], [ 90.649316406250023, 23.66815827030662 ], [ 90.655957031250011, 23.667596746869123 ], [ 90.66259765625, 23.66315338749412 ], [ 90.668847656250023, 23.65790436405662 ], [ 90.675390625000034, 23.65399811405662 ], [ 90.68359375, 23.651385809369117 ], [ 90.699804687500034, 23.648700262494117 ], [ 90.71533203125, 23.650018621869123 ], [ 90.73046875, 23.656610418744123 ], [ 90.743066406250023, 23.667254949994117 ], [ 90.750878906250023, 23.680682684369117 ], [ 90.75146484375, 23.68793366093162 ], [ 90.749267578125, 23.695086981244117 ], [ 90.744873046875, 23.70136139530662 ], [ 90.7392578125, 23.706073309369117 ], [ 90.724853515625, 23.71539948124412 ], [ 90.72119140625, 23.72186920780662 ], [ 90.723388671875, 23.730731512494117 ], [ 90.739013671875, 23.75263092655662 ], [ 90.759667968750023, 23.80194733280662 ], [ 90.761132812500023, 23.808856512494117 ], [ 90.7607421875, 23.81671784061912 ], [ 90.755273437500023, 23.838397528119117 ], [ 90.755859375, 23.84650299686912 ], [ 90.759765625, 23.85346100468162 ], [ 90.765380859375, 23.85956452030662 ], [ 90.771582031250034, 23.86469147343162 ], [ 90.7783203125, 23.86871979374412 ], [ 90.784912109375, 23.871112371869117 ], [ 90.7919921875, 23.87213776249412 ], [ 90.822656250000023, 23.87091705936912 ], [ 90.830078125, 23.871942449994123 ], [ 90.83642578125, 23.873797918744117 ], [ 90.84326171875, 23.87653229374412 ], [ 90.849609375, 23.88019440311912 ], [ 90.854296874999989, 23.88471100468162 ], [ 90.85595703125, 23.89142487186912 ], [ 90.843994140625, 23.935419012494123 ], [ 90.8427734375, 23.942743231244123 ], [ 90.84375, 23.95026276249412 ], [ 90.846923828125, 23.956317449994117 ], [ 90.85205078125, 23.960809637494123 ], [ 90.859082031250011, 23.963885809369117 ], [ 90.86572265625, 23.96552155155662 ], [ 90.912353515625, 23.96918366093162 ], [ 90.936425781250023, 23.976434637494123 ], [ 90.95263671875, 23.984002996869123 ], [ 90.967041015625, 23.99420807499412 ], [ 90.976464843750023, 24.00751373905662 ] ] ] } },
{ "type": "Feature", "properties": { "dissolve": "1138Lake Centerline", "scalerank": 9, "featurecla": "Lake Centerline", "name": "Balak", "name_alt": null, "rivernum": 1138, "note": null, "min_zoom": 7.1, "name_en": "Balak", "min_label": 8.1, "ne_id": 1159111715, "label": "Balak", "wikidataid": null, "name_ar": "باجزيرة", "name_bn": "বালাক", "name_de": "Balak", "name_es": "Balak", "name_fr": "Balak", "name_el": "Μπαλάκ", "name_hi": "बैलेक", "name_hu": "Balak", "name_id": "Balak", "name_it": "Balak", "name_ja": "バラク湖", "name_ko": "발락", "name_nl": "Balak", "name_pl": "Balak", "name_pt": "Balak", "name_ru": "Балак", "name_sv": "Balak", "name_tr": "Balak", "name_vi": "Balak", "name_zh": "巴拉克河", "name_fa": "بالاک", "name_he": "באלאק", "name_uk": "Балак", "name_ur": "بالاک", "name_zht": "巴拉克湖" }, "geometry": { "type": "LineString", "coordinates": [ [ 90.976464843750023, 24.00751373905662 ], [ 90.985058593750011, 24.01434967655662 ], [ 90.986425781250034, 24.01471588749412 ], [ 90.999755859375, 24.034051824994123 ], [ 91.008691406250023, 24.040057684369117 ], [ 91.033398437500011, 24.063006903119117 ], [ 91.039257812500011, 24.072528387494117 ], [ 91.041796874999989, 24.082635809369123 ], [ 91.040917968750023, 24.09345123905662 ], [ 91.035742187500034, 24.105829168744123 ], [ 91.030664062500023, 24.11444733280662 ], [ 91.014257812500034, 24.13153717655662 ], [ 91.001855468750023, 24.14472077030662 ], [ 90.998144531250034, 24.15350983280662 ], [ 90.999755859375, 24.162225653119123 ], [ 91.01220703125, 24.17475006718162 ], [ 91.042089843750034, 24.19684479374412 ], [ 91.059472656250023, 24.21674225468162 ], [ 91.067285156250023, 24.22479889530662 ], [ 91.073144531250023, 24.229120184369123 ], [ 91.076074218750023, 24.23529694218162 ], [ 91.080664062500034, 24.252704168744117 ], [ 91.09375, 24.25971100468162 ], [ 91.119140625, 24.252704168744117 ], [ 91.142822265625, 24.25763580936912 ], [ 91.15625, 24.27008698124412 ], [ 91.1625, 24.284051824994123 ], [ 91.1650390625, 24.29987213749412 ], [ 91.163964843750023, 24.31366608280662 ], [ 91.160058593750023, 24.332147528119123 ], [ 91.160839843750011, 24.349237371869123 ], [ 91.16455078125, 24.355243231244117 ] ] } },
{ "type": "Feature", "properties": { "dissolve": "884River", "scalerank": 8, "featurecla": "River", "name": "Mytinge", "name_alt": null, "rivernum": 884, "note": null, "min_zoom": 7.0, "name_en": "Mytinge", "min_label": 8.0, "ne_id": 1159128361, "label": "Mytinge", "wikidataid": null, "name_ar": "ماتينغ", "name_bn": "মাইতিঞ্জে", "name_de": "Mytinge", "name_es": "Mytinge", "name_fr": "Mytinge", "name_el": "Μίτινγκε", "name_hi": "मायटिंगे", "name_hu": "Mytinge", "name_id": "Mytinge", "name_it": "Mytinge", "name_ja": "ミティンゲ川", "name_ko": "마이팅", "name_nl": "Myitnge", "name_pl": "Mytinge", "name_pt": "Myitnge", "name_ru": null, "name_sv": "Myitnge", "name_tr": "Mytinge", "name_vi": "Sông Mytinge", "name_zh": "米界河", "name_fa": "میتینگ", "name_he": "מיטיתה", "name_uk": "Митінге", "name_ur": "مائیٹنگے", "name_zht": "邁廷格河" }, "geometry": { "type": "LineString", "coordinates": [ [ 98.289257812500011, 23.35663483280662 ], [ 98.255468750000034, 23.36627838749412 ], [ 98.217480468750011, 23.36017487186912 ], [ 98.146240234375, 23.334588934369123 ], [ 98.108984375000034, 23.328485418744123 ], [ 98.032324218750034, 23.327167059369117 ], [ 97.993896484375, 23.320428778119123 ], [ 97.943603515625, 23.30133698124412 ], [ 97.92578125, 23.29743073124412 ], [ 97.892822265625, 23.29596588749412 ], [ 97.859082031250011, 23.29462311405662 ], [ 97.800976562500011, 23.279901434369123 ], [ 97.637304687500034, 23.20172760624412 ], [ 97.59814453125, 23.19232819218162 ], [ 97.555761718750034, 23.19000885624412 ], [ 97.513427734375, 23.193231512494123 ], [ 97.47412109375, 23.20075104374412 ], [ 97.452246093750034, 23.201044012494123 ], [ 97.428955078125, 23.19354889530662 ], [ 97.41015625, 23.179217840619117 ], [ 97.40185546875, 23.159198309369117 ], [ 97.406152343750023, 23.14606354374412 ], [ 97.4267578125, 23.12311432499412 ], [ 97.432373046875, 23.11029694218162 ], [ 97.42236328125, 23.09259674686912 ], [ 97.398681640625, 23.08136627811912 ], [ 97.375878906250023, 23.066034246869123 ], [ 97.368896484375, 23.03571198124412 ], [ 97.378808593750023, 22.99262116093162 ], [ 97.3798828125, 22.972284246869123 ], [ 97.37255859375, 22.948993231244117 ], [ 97.36181640625, 22.93121979374412 ], [ 97.322851562500034, 22.88214752811912 ], [ 97.318359375, 22.87360260624412 ], [ 97.310937500000023, 22.85419342655662 ], [ 97.306884765625, 22.847186590619117 ], [ 97.298095703125, 22.839129949994117 ], [ 97.276562500000011, 22.82526276249412 ], [ 97.268652343750034, 22.81659577030662 ], [ 97.2646484375, 22.79547760624412 ], [ 97.272705078125, 22.77460358280662 ], [ 97.287353515625, 22.755633856244117 ], [ 97.302978515625, 22.74042389530662 ], [ 97.3154296875, 22.730829168744123 ], [ 97.325878906250011, 22.72601959843162 ], [ 97.351953125000023, 22.718377996869123 ], [ 97.35498046875, 22.715692449994123 ], [ 97.377197265625, 22.70294830936912 ], [ 97.379492187500034, 22.703876043744117 ], [ 97.388769531250034, 22.663202215619123 ], [ 97.354589843750034, 22.63739655155662 ], [ 97.302978515625, 22.61774323124412 ], [ 97.260351562500034, 22.595575262494123 ], [ 97.23828125, 22.56024811405662 ], [ 97.2421875, 22.524530340619123 ], [ 97.280859375000034, 22.431756903119123 ], [ 97.305908203125, 22.40253327030662 ], [ 97.315673828125, 22.38629791874412 ], [ 97.340576171875, 22.320331121869117 ], [ 97.331347656249989, 22.26752350468162 ], [ 97.292724609375, 22.233026434369123 ], [ 97.240136718750023, 22.22113678593162 ], [ 97.189550781250034, 22.236102606244117 ], [ 97.168701171875, 22.247186590619123 ], [ 97.149023437500034, 22.25238678593162 ], [ 97.081445312500023, 22.25324127811912 ], [ 97.05908203125, 22.25653717655662 ], [ 96.980712890625, 22.27765534061912 ], [ 96.95361328125, 22.272967840619117 ], [ 96.9404296875, 22.25360748905662 ], [ 96.94677734375, 22.21759674686912 ], [ 96.96484375, 22.163836981244117 ], [ 96.974853515625, 22.11225006718162 ], [ 96.9775390625, 22.05988190311912 ], [ 96.973876953125, 22.00372955936912 ], [ 96.95947265625, 21.97138092655662 ], [ 96.930419921875, 21.953729559369123 ], [ 96.894921875000023, 21.95136139530662 ], [ 96.846923828125, 21.97162506718162 ], [ 96.816015625000034, 21.97894928593162 ], [ 96.801367187500034, 21.984979559369123 ], [ 96.775976562500034, 22.00641510624412 ], [ 96.765380859375, 22.00836823124412 ], [ 96.754199218749989, 21.994403387494117 ], [ 96.75048828125, 21.97479889530662 ], [ 96.752050781250034, 21.93451569218162 ], [ 96.743066406250023, 21.916522528119117 ], [ 96.730712890625, 21.906268621869117 ], [ 96.716552734375, 21.89862702030662 ], [ 96.684960937500023, 21.88776276249412 ], [ 96.643847656249989, 21.87213776249412 ], [ 96.631933593750034, 21.86408112186912 ], [ 96.62353515625, 21.85407135624412 ], [ 96.612402343750034, 21.83222077030662 ], [ 96.603613281250034, 21.82306549686912 ], [ 96.59423828125, 21.81891510624412 ], [ 96.527441406250034, 21.80451080936912 ], [ 96.516210937500034, 21.79498932499412 ], [ 96.5107421875, 21.776874090619117 ], [ 96.514404296875, 21.73090241093162 ], [ 96.511816406250034, 21.709247137494117 ], [ 96.497656250000034, 21.691522528119123 ], [ 96.477294921875, 21.68463776249412 ], [ 96.45458984375, 21.685907293744123 ], [ 96.391992187500023, 21.697381903119123 ], [ 96.379980468750034, 21.703973699994123 ], [ 96.318603515625, 21.77667877811912 ], [ 96.308984375000023, 21.78449127811912 ], [ 96.2763671875, 21.802508856244117 ], [ 96.249267578125, 21.828876043744117 ], [ 96.239501953125, 21.835321356244123 ], [ 96.21923828125, 21.837762762494123 ], [ 96.203515625000023, 21.82843659061912 ], [ 96.1630859375, 21.775409246869117 ], [ 96.154541015625, 21.77277252811912 ], [ 96.144238281250011, 21.78656647343162 ], [ 96.139062500000023, 21.79682037968162 ], [ 96.13330078125, 21.80341217655662 ], [ 96.125097656250034, 21.80597565311912 ], [ 96.11279296875, 21.804315496869123 ], [ 96.107177734375, 21.80109284061912 ], [ 96.09375, 21.791278387494117 ], [ 96.0888671875, 21.790643621869123 ], [ 96.084863281250023, 21.796893621869117 ], [ 96.086816406250023, 21.80353424686912 ], [ 96.090722656250023, 21.809100653119117 ], [ 96.09228515625, 21.812030340619117 ], [ 96.08056640625, 21.828729559369123 ], [ 96.068115234375, 21.83478424686912 ], [ 96.048730468750023, 21.83124420780662 ], [ 96.03857421875, 21.824335028119123 ], [ 96.03125, 21.81745026249412 ], [ 96.022851562500023, 21.814081121869123 ], [ 96.009033203125, 21.81793854374412 ], [ 95.998242187500011, 21.82807037968162 ], [ 95.991796875000034, 21.843133856244123 ], [ 95.988378906250034, 21.85956452030662 ], [ 95.987060546875, 21.87372467655662 ] ] } },
{ "type": "Feature", "properties": { "dissolve": "948River", "scalerank": 8, "featurecla": "River", "name": "Luhit", "name_alt": null, "rivernum": 948, "note": null, "min_zoom": 7.0, "name_en": "Luhit", "min_label": 8.0, "ne_id": 1159128813, "label": "Luhit", "wikidataid": null, "name_ar": "لوهيت", "name_bn": "লুহিত", "name_de": "Luhit", "name_es": "Luhit", "name_fr": "Lohit", "name_el": "Λουχίτ", "name_hi": "लुहित", "name_hu": "Luhit", "name_id": "Luhit", "name_it": "Luhit", "name_ja": "ルヒット川", "name_ko": "루히트", "name_nl": "Lohit", "name_pl": "Luhit", "name_pt": "Lohit", "name_ru": "река Лухит", "name_sv": "Lohit", "name_tr": "Luhit", "name_vi": "Sông Luhit", "name_zh": "卢希特河", "name_fa": "لوهیت", "name_he": "לואירויוקי", "name_uk": "Лахіт", "name_ur": "لوہت", "name_zht": "盧希特河" }, "geometry": { "type": "LineString", "coordinates": [ [ 97.083984375, 28.527606512494117 ], [ 97.064697265625, 28.48456452030662 ], [ 97.050537109375, 28.43500397343162 ], [ 97.041113281250034, 28.379510809369116 ], [ 97.0380859375, 28.32318756718162 ], [ 97.052001953125, 28.18634674686912 ], [ 97.044335937500023, 28.14740631718162 ], [ 96.99365234375, 28.04767487186912 ], [ 96.987695312500023, 28.026971746869116 ], [ 96.984619140625, 27.97528717655662 ], [ 96.9794921875, 27.958856512494116 ], [ 96.959375, 27.935809637494117 ], [ 96.927978515625, 27.91412994999412 ], [ 96.893310546875, 27.899188543744117 ], [ 96.864013671875, 27.896258856244117 ], [ 96.845800781250034, 27.90399811405662 ], [ 96.821875, 27.92890045780662 ], [ 96.807373046875, 27.94000885624412 ], [ 96.784423828125, 27.94867584843162 ], [ 96.711181640625, 27.96564362186912 ], [ 96.685791015625, 27.97955963749412 ], [ 96.5908203125, 28.07306549686912 ], [ 96.57421875, 28.085321356244116 ], [ 96.55224609375, 28.091913153119116 ], [ 96.513671875, 28.08930084843162 ], [ 96.480371093750023, 28.073846746869116 ], [ 96.453027343750023, 28.04840729374412 ], [ 96.432861328125, 28.01581452030662 ], [ 96.425878906250034, 27.983514715619116 ], [ 96.423828125, 27.94733307499412 ], [ 96.417236328125, 27.91474030155662 ], [ 96.396679687500011, 27.89350006718162 ], [ 96.377197265625, 27.889911199994117 ], [ 96.318603515625, 27.90216705936912 ], [ 96.301171875000023, 27.90241119999412 ], [ 96.2509765625, 27.896014715619117 ], [ 96.191162109375, 27.902850653119117 ], [ 96.160449218749989, 27.906024481244117 ], [ 96.14501953125, 27.90595123905662 ], [ 96.129003906250034, 27.90412018436912 ], [ 96.094628906250023, 27.895624090619116 ], [ 95.912695312500034, 27.822040106244117 ], [ 95.887597656250023, 27.816669012494117 ], [ 95.876953125, 27.81769440311912 ], [ 95.869384765625, 27.821063543744117 ], [ 95.861328125, 27.823114324994116 ], [ 95.849609375, 27.819940496869116 ], [ 95.795996093750034, 27.79535553593162 ], [ 95.765234375000034, 27.770282293744117 ], [ 95.752343750000023, 27.766473699994116 ], [ 95.7392578125, 27.76752350468162 ], [ 95.73291015625, 27.77191803593162 ], [ 95.72802734375, 27.77765534061912 ], [ 95.720117187500023, 27.78278229374412 ], [ 95.64111328125, 27.808710028119116 ], [ 95.624267578125, 27.81012604374412 ], [ 95.568603515625, 27.80695221561912 ], [ 95.553320312500034, 27.812127996869116 ], [ 95.539257812500011, 27.818866278119117 ], [ 95.520263671875, 27.82343170780662 ], [ 95.501367187500023, 27.82111237186912 ], [ 95.486718750000023, 27.81635162968162 ], [ 95.476660156250034, 27.818133856244117 ], [ 95.47216796875, 27.83527252811912 ], [ 95.45947265625, 27.843866278119116 ] ] } },
{ "type": "Feature", "properties": { "dissolve": "454River", "scalerank": 7, "featurecla": "River", "name": "Chindwin", "name_alt": null, "rivernum": 454, "note": null, "min_zoom": 6.0, "name_en": "Chindwin", "min_label": 7.0, "ne_id": 1159120751, "label": "Chindwin", "wikidataid": "Q870069", "name_ar": "تشيندوين", "name_bn": "চিন্দুইন নদী", "name_de": "Chindwin", "name_es": "Chindwin", "name_fr": "Chindwin", "name_el": "Τσιντγουϊν", "name_hi": "छिन्दविन", "name_hu": "Chindwin", "name_id": "Chindwin", "name_it": "Chindwin", "name_ja": "チンドウィン川", "name_ko": "친드윈강", "name_nl": "Chindwin", "name_pl": "Czinduin", "name_pt": "Chindwin", "name_ru": "Чиндуин", "name_sv": "Chindwin", "name_tr": "Chindwin", "name_vi": "Chindwin", "name_zh": "钦敦江", "name_fa": "چیندوین", "name_he": "צ'ינדווין", "name_uk": "Чіндвін", "name_ur": "چنڈوئن", "name_zht": "欽敦江" }, "geometry": { "type": "LineString", "coordinates": [ [ 96.903417968750034, 25.63190338749412 ], [ 96.897216796875, 25.66974518436912 ], [ 96.89404296875, 25.67450592655662 ], [ 96.886962890625, 25.68219635624412 ], [ 96.879980468750034, 25.69220612186912 ], [ 96.876855468750023, 25.70416901249412 ], [ 96.879980468750034, 25.71332428593162 ], [ 96.89404296875, 25.72308991093162 ], [ 96.897216796875, 25.73151276249412 ], [ 96.898193359375, 25.79596588749412 ], [ 96.901464843750034, 25.814471746869117 ], [ 96.907812500000034, 25.83161041874412 ], [ 96.917724609375, 25.85162994999412 ], [ 96.955078125, 25.92865631718162 ], [ 96.971582031250023, 25.93549225468162 ], [ 96.979296874999989, 25.94037506718162 ], [ 96.987060546875, 25.950555731244123 ], [ 96.999755859375, 25.981317449994123 ], [ 97.01708984375, 26.01166412968162 ], [ 97.020263671875, 26.02887604374412 ], [ 97.013281250000034, 26.05023834843162 ], [ 97.027148437499989, 26.062518621869117 ], [ 97.03466796875, 26.073993231244117 ], [ 97.056738281250034, 26.125848699994116 ], [ 97.060791015625, 26.140252996869116 ], [ 97.061718750000011, 26.17719147343162 ], [ 97.05322265625, 26.19135162968162 ], [ 97.014257812500034, 26.227801824994117 ], [ 96.993261718750034, 26.24079010624412 ], [ 96.95751953125, 26.293085028119116 ], [ 96.952734375000034, 26.29791901249412 ], [ 96.945068359375, 26.303485418744117 ], [ 96.940039062500034, 26.30463287968162 ], [ 96.921142578125, 26.303485418744117 ], [ 96.91552734375, 26.305536199994116 ], [ 96.9130859375, 26.31000397343162 ], [ 96.912109375, 26.31464264530662 ], [ 96.910839843750011, 26.317157293744117 ], [ 96.85791015625, 26.32965729374412 ], [ 96.848876953125, 26.334491278119117 ], [ 96.8447265625, 26.345819403119116 ], [ 96.834228515625, 26.360467840619116 ], [ 96.819921875000034, 26.373163153119116 ], [ 96.804443359375, 26.378534246869116 ], [ 96.793554687500034, 26.37506744999412 ], [ 96.783203125, 26.36847565311912 ], [ 96.773193359375, 26.36444733280662 ], [ 96.76318359375, 26.36859772343162 ], [ 96.744873046875, 26.384149481244116 ], [ 96.739013671875, 26.392840887494117 ], [ 96.732812500000023, 26.384540106244117 ], [ 96.72216796875, 26.37763092655662 ], [ 96.709716796875, 26.37323639530662 ], [ 96.698632812500023, 26.37238190311912 ], [ 96.685644531250034, 26.376971746869117 ], [ 96.672460937500034, 26.39008209843162 ], [ 96.6611328125, 26.392840887494117 ], [ 96.634960937500011, 26.392840887494117 ], [ 96.623779296875, 26.395770574994117 ], [ 96.60205078125, 26.41058991093162 ], [ 96.579980468750023, 26.41449616093162 ], [ 96.568359375, 26.41950104374412 ], [ 96.541406250000023, 26.449823309369116 ], [ 96.515625, 26.48725006718162 ], [ 96.486914062500034, 26.50983307499412 ], [ 96.45166015625, 26.495868231244117 ], [ 96.44384765625, 26.506122137494117 ], [ 96.435302734375, 26.509637762494116 ], [ 96.4140625, 26.508905340619116 ], [ 96.40380859375, 26.51203034061912 ], [ 96.406347656250034, 26.519891668744116 ], [ 96.413476562500023, 26.52997467655662 ], [ 96.41748046875, 26.53998444218162 ], [ 96.413818359375, 26.55060455936912 ], [ 96.40478515625, 26.550409246869116 ], [ 96.3935546875, 26.54596588749412 ], [ 96.38330078125, 26.54364655155662 ], [ 96.36767578125, 26.545672918744117 ], [ 96.361083984375, 26.548358465619117 ], [ 96.340576171875, 26.575067449994116 ], [ 96.338134765625, 26.58124420780662 ], [ 96.334863281250023, 26.584002996869117 ], [ 96.32470703125, 26.58466217655662 ], [ 96.2978515625, 26.58100006718162 ], [ 96.28564453125, 26.58344147343162 ], [ 96.29052734375, 26.594842840619116 ], [ 96.30322265625, 26.61749909061912 ], [ 96.30078125, 26.63739655155662 ], [ 96.287109375, 26.647235418744117 ], [ 96.266015625000023, 26.63922760624412 ], [ 96.271484375, 26.63373444218162 ], [ 96.2802734375, 26.618768621869116 ], [ 96.26318359375, 26.614618231244116 ], [ 96.258398437500034, 26.600360418744117 ], [ 96.250878906250023, 26.588397528119117 ], [ 96.225683593750034, 26.591424871869116 ], [ 96.24755859375, 26.54010651249412 ], [ 96.254638671875, 26.511835028119116 ], [ 96.24609375, 26.482196356244117 ], [ 96.244140625, 26.48737213749412 ], [ 96.242089843750023, 26.490594793744116 ], [ 96.240478515625, 26.494647528119117 ], [ 96.2392578125, 26.502069403119116 ], [ 96.23193359375, 26.502069403119116 ], [ 96.2314453125, 26.42035553593162 ], [ 96.2236328125, 26.381610418744117 ], [ 96.20458984375, 26.35871002811912 ], [ 96.193603515625, 26.35736725468162 ], [ 96.16796875, 26.36078522343162 ], [ 96.157324218750034, 26.35871002811912 ], [ 96.151123046875, 26.351825262494117 ], [ 96.144238281250011, 26.34003327030662 ], [ 96.1416015625, 26.32892487186912 ], [ 96.147070312500034, 26.32391998905662 ], [ 96.15673828125, 26.32074616093162 ], [ 96.174707031250023, 26.306659246869117 ], [ 96.186279296875, 26.30048248905662 ], [ 96.17822265625, 26.29376862186912 ], [ 96.157324218750034, 26.282977606244117 ], [ 96.130078125000011, 26.27997467655662 ], [ 96.091406250000034, 26.290399481244116 ], [ 96.061718750000011, 26.275506903119116 ], [ 96.0517578125, 26.276385809369117 ], [ 96.0439453125, 26.275262762494116 ], [ 96.040625, 26.265643621869117 ], [ 96.0390625, 26.255877996869117 ], [ 96.020263671875, 26.21234772343162 ], [ 96.008691406250023, 26.194598699994117 ], [ 95.993359375000011, 26.17987702030662 ], [ 95.9541015625, 26.164911199994116 ], [ 95.938574218750034, 26.144549871869117 ], [ 95.917236328125, 26.104852606244116 ], [ 95.909912109375, 26.099481512494116 ], [ 95.900097656250011, 26.094110418744116 ], [ 95.890527343750023, 26.08722565311912 ], [ 95.883056640625, 26.076922918744117 ], [ 95.88134765625, 26.06464264530662 ], [ 95.884033203125, 26.03717682499412 ], [ 95.879638671875, 26.025995184369116 ], [ 95.861718750000023, 26.01508209843162 ], [ 95.839941406250034, 26.01373932499412 ], [ 95.821875, 26.02374909061912 ], [ 95.807861328125, 26.068719793744116 ], [ 95.793212890625, 26.058710028119116 ], [ 95.77490234375, 26.036639715619117 ], [ 95.758886718750034, 26.02228424686912 ], [ 95.74560546875, 26.022821356244116 ], [ 95.732031250000034, 26.027948309369116 ], [ 95.71923828125, 26.031122137494116 ], [ 95.707617187500034, 26.025995184369116 ], [ 95.704003906250023, 26.01605866093162 ], [ 95.70947265625, 25.99506256718162 ], [ 95.704199218750034, 25.981317449994123 ], [ 95.686279296875, 26.012225653119117 ], [ 95.675195312500023, 26.02045319218162 ], [ 95.656494140625, 26.01544830936912 ], [ 95.64208984375, 26.000360418744116 ], [ 95.639257812500034, 25.98322174686912 ], [ 95.639892578125, 25.96674225468162 ], [ 95.635937500000011, 25.95404694218162 ], [ 95.623242187500011, 25.947626043744123 ], [ 95.60986328125, 25.94830963749412 ], [ 95.59765625, 25.94672272343162 ], [ 95.5888671875, 25.93353912968162 ], [ 95.588769531250023, 25.92401764530662 ], [ 95.593994140625, 25.90277741093162 ], [ 95.595703125, 25.899432684369117 ], [ 95.590722656250023, 25.89362213749412 ], [ 95.574609375000023, 25.88519928593162 ], [ 95.567773437500023, 25.878924871869117 ], [ 95.5810546875, 25.86896393436912 ], [ 95.577880859375, 25.85260651249412 ], [ 95.563720703125, 25.837274481244123 ], [ 95.537988281250023, 25.828631903119117 ], [ 95.529882812500034, 25.823504949994117 ], [ 95.522851562500023, 25.81598541874412 ], [ 95.52001953125, 25.806903387494117 ], [ 95.51904296875, 25.792010809369117 ], [ 95.51611328125, 25.78522369999412 ], [ 95.445068359375, 25.746454168744123 ], [ 95.437402343750023, 25.73151276249412 ], [ 95.432714843750034, 25.71063873905662 ], [ 95.423242187500023, 25.69623444218162 ], [ 95.415722656250011, 25.68146393436912 ], [ 95.4169921875, 25.659198309369117 ], [ 95.422753906250023, 25.64862702030662 ], [ 95.440136718750011, 25.629413153119117 ], [ 95.44482421875, 25.61823151249412 ], [ 95.44384765625, 25.60773346561912 ], [ 95.433691406250034, 25.59711334843162 ], [ 95.424902343750034, 25.56366608280662 ], [ 95.423828125, 25.55304596561912 ], [ 95.420800781250023, 25.54401276249412 ], [ 95.41357421875, 25.54096100468162 ], [ 95.40478515625, 25.53974030155662 ], [ 95.396484375, 25.53632233280662 ], [ 95.382519531250011, 25.525506903119123 ], [ 95.383056640625, 25.521356512494123 ], [ 95.3828125, 25.46430084843162 ], [ 95.377050781250034, 25.42499420780662 ], [ 95.370361328125, 25.40204498905662 ], [ 95.361523437500011, 25.38544342655662 ], [ 95.345703125, 25.377069403119123 ], [ 95.29736328125, 25.36261627811912 ], [ 95.287207031250034, 25.354754949994117 ], [ 95.287011718750023, 25.334588934369123 ], [ 95.283789062500034, 25.322284246869117 ], [ 95.2734375, 25.31342194218162 ], [ 95.223388671875, 25.287713934369123 ], [ 95.217675781250023, 25.28302643436912 ], [ 95.200439453125, 25.25360748905662 ], [ 95.20068359375, 25.248309637494117 ], [ 95.15283203125, 25.258661199994123 ], [ 95.1357421875, 25.255145574994117 ], [ 95.12109375, 25.24396393436912 ], [ 95.1123046875, 25.23261139530662 ], [ 95.100488281250023, 25.223895574994117 ], [ 95.077392578125, 25.220331121869123 ], [ 95.07373046875, 25.21576569218162 ], [ 95.068359375, 25.19245026249412 ], [ 95.06591796875, 25.16913483280662 ], [ 95.062255859375, 25.16010162968162 ], [ 95.05078125, 25.14044830936912 ], [ 95.043212890625, 25.13544342655662 ], [ 95.0400390625, 25.131610418744117 ], [ 95.039794921875, 25.125506903119117 ], [ 95.042578125000034, 25.11896393436912 ], [ 95.047558593750011, 25.11115143436912 ], [ 95.04296875, 25.101922918744123 ], [ 95.037011718750023, 25.09308502811912 ], [ 95.030175781250023, 25.08637116093162 ], [ 94.9990234375, 25.07733795780662 ], [ 94.987060546875, 25.06085846561912 ], [ 94.976318359375, 24.988055731244117 ], [ 94.971923828125, 24.98139069218162 ], [ 94.948974609375, 24.98554108280662 ], [ 94.933984375000023, 24.96515534061912 ], [ 94.921630859375, 24.93903229374412 ], [ 94.90673828125, 24.926141668744123 ], [ 94.89697265625, 24.922870184369117 ], [ 94.882080078125, 24.908319403119123 ], [ 94.861230468750023, 24.90082428593162 ], [ 94.863378906250034, 24.891620184369117 ], [ 94.87109375, 24.88226959843162 ], [ 94.875683593750011, 24.87775299686912 ], [ 94.915917968750023, 24.85956452030662 ], [ 94.935937500000023, 24.844354559369123 ], [ 94.93408203125, 24.82684967655662 ], [ 94.92431640625, 24.817987371869123 ], [ 94.91552734375, 24.81293366093162 ], [ 94.905957031250011, 24.81061432499412 ], [ 94.89306640625, 24.810077215619117 ], [ 94.878808593750023, 24.80634186405662 ], [ 94.877197265625, 24.797235418744123 ], [ 94.879003906250034, 24.78595612186912 ], [ 94.875683593750011, 24.77533600468162 ], [ 94.845605468750023, 24.759393621869123 ], [ 94.765722656250034, 24.742547918744123 ], [ 94.738476562500011, 24.726922918744123 ], [ 94.717041015625, 24.69293854374412 ], [ 94.697656250000023, 24.649530340619123 ], [ 94.68505859375, 24.605487371869117 ], [ 94.683837890625, 24.56989166874412 ], [ 94.691308593750023, 24.55304596561912 ], [ 94.703027343750023, 24.54364655155662 ], [ 94.717187500000023, 24.535516668744123 ], [ 94.732324218750023, 24.522723699994117 ], [ 94.718017578125, 24.512958074994117 ], [ 94.723388671875, 24.495477606244123 ], [ 94.732324218750023, 24.47516510624412 ], [ 94.728613281250034, 24.456903387494123 ], [ 94.708740234375, 24.43219635624412 ], [ 94.715039062500011, 24.42462799686912 ], [ 94.736083984375, 24.423700262494123 ], [ 94.76025390625, 24.419061590619123 ], [ 94.76708984375, 24.413104559369117 ], [ 94.792724609375, 24.362420965619123 ], [ 94.80029296875, 24.351825262494117 ], [ 94.81103515625, 24.34052155155662 ], [ 94.822656250000023, 24.32526276249412 ], [ 94.8271484375, 24.30756256718162 ], [ 94.82275390625, 24.28998444218162 ], [ 94.807373046875, 24.275018621869123 ], [ 94.785546875000023, 24.269794012494117 ], [ 94.733984375000034, 24.27179596561912 ], [ 94.71435546875, 24.26508209843162 ], [ 94.699316406250034, 24.254266668744123 ], [ 94.69287109375, 24.246942449994123 ], [ 94.690039062500034, 24.237811590619117 ], [ 94.697509765625, 24.193133856244117 ], [ 94.68603515625, 24.176288153119117 ], [ 94.664794921875, 24.15924713749412 ], [ 94.64453125, 24.15143463749412 ], [ 94.635498046875, 24.162127996869117 ], [ 94.6259765625, 24.18036530155662 ], [ 94.606640625000011, 24.183612371869117 ], [ 94.591406250000034, 24.17169830936912 ], [ 94.594482421875, 24.14472077030662 ], [ 94.599511718750023, 24.139178778119117 ], [ 94.60595703125, 24.13519928593162 ], [ 94.611718750000023, 24.12921784061912 ], [ 94.614990234375, 24.11737702030662 ], [ 94.613183593750023, 24.110467840619123 ], [ 94.603515625, 24.09760162968162 ], [ 94.601318359375, 24.08637116093162 ], [ 94.60693359375, 24.066424871869117 ], [ 94.604736328125, 24.05890534061912 ], [ 94.591064453125, 24.05597565311912 ], [ 94.582128906250034, 24.051874090619123 ], [ 94.558691406250034, 24.03327057499412 ], [ 94.553417968750011, 24.02802155155662 ], [ 94.561279296875, 24.00189850468162 ], [ 94.624121093750034, 23.96100494999412 ], [ 94.622460937500023, 23.93305084843162 ], [ 94.609960937500034, 23.92145416874412 ], [ 94.59326171875, 23.91266510624412 ], [ 94.572998046875, 23.907098699994123 ], [ 94.540429687500023, 23.903583074994117 ], [ 94.528564453125, 23.89960358280662 ], [ 94.51708984375, 23.89411041874412 ], [ 94.508886718750034, 23.888055731244123 ], [ 94.50634765625, 23.87702057499412 ], [ 94.514257812500034, 23.86615631718162 ], [ 94.532470703125, 23.85053131718162 ], [ 94.541894531250023, 23.83832428593162 ], [ 94.542724609375, 23.83246491093162 ], [ 94.539941406250023, 23.82318756718162 ], [ 94.5322265625, 23.814715887494117 ], [ 94.51025390625, 23.802850653119123 ], [ 94.505761718750023, 23.79865143436912 ], [ 94.496777343750011, 23.788348699994117 ], [ 94.4443359375, 23.746844793744117 ], [ 94.433837890625, 23.735370184369117 ], [ 94.42626953125, 23.72370026249412 ], [ 94.42138671875, 23.711932684369117 ], [ 94.418701171875, 23.69989655155662 ], [ 94.418554687500034, 23.67365143436912 ], [ 94.428125, 23.617303778119123 ], [ 94.430566406250023, 23.562372137494123 ], [ 94.428417968750011, 23.54328034061912 ], [ 94.42138671875, 23.526874090619117 ], [ 94.406494140625, 23.511004949994117 ], [ 94.390039062500023, 23.499383856244123 ], [ 94.384375, 23.49298737186912 ], [ 94.38232421875, 23.48371002811912 ], [ 94.378173828125, 23.47675202030662 ], [ 94.357031250000034, 23.47162506718162 ], [ 94.348046875000023, 23.466913153119123 ], [ 94.337988281250034, 23.451922918744117 ], [ 94.328320312500011, 23.43085358280662 ], [ 94.321875, 23.40888092655662 ], [ 94.32080078125, 23.39118073124412 ], [ 94.32373046875, 23.38507721561912 ], [ 94.34130859375, 23.357049871869123 ], [ 94.342382812500034, 23.34564850468162 ], [ 94.340039062500011, 23.33710358280662 ], [ 94.344482421875, 23.331659246869123 ], [ 94.365478515625, 23.329706121869123 ], [ 94.369726562500034, 23.31378815311912 ], [ 94.30712890625, 23.212420965619117 ], [ 94.33544921875, 23.19391510624412 ], [ 94.347363281250011, 23.11481354374412 ], [ 94.365478515625, 23.09699127811912 ], [ 94.384179687500023, 23.09186432499412 ], [ 94.405664062500023, 23.07929108280662 ], [ 94.424902343750034, 23.063495184369117 ], [ 94.436718750000011, 23.048602606244117 ], [ 94.440820312500023, 23.029071356244117 ], [ 94.433691406250034, 23.01203034061912 ], [ 94.418212890625, 22.99774811405662 ], [ 94.396484375, 22.98651764530662 ], [ 94.392578125, 22.99079010624412 ], [ 94.384960937500011, 22.99701569218162 ], [ 94.376074218750034, 23.00141022343162 ], [ 94.368554687500023, 23.000116278119123 ], [ 94.362597656249989, 22.98895905155662 ], [ 94.365625, 22.978534246869117 ], [ 94.384765625, 22.948016668744117 ], [ 94.40673828125, 22.94318268436912 ], [ 94.451171875, 22.94550202030662 ], [ 94.474511718750023, 22.94415924686912 ], [ 94.496337890625, 22.937274481244117 ], [ 94.512451171875, 22.92340729374412 ], [ 94.518847656249989, 22.90119049686912 ], [ 94.528076171875, 22.88837311405662 ], [ 94.550097656249989, 22.88458893436912 ], [ 94.5751953125, 22.88641998905662 ], [ 94.594482421875, 22.890252996869123 ], [ 94.599511718750023, 22.893085028119117 ], [ 94.609277343750023, 22.90155670780662 ], [ 94.614990234375, 22.904559637494117 ], [ 94.619873046875, 22.905047918744117 ], [ 94.630615234375, 22.90387604374412 ], [ 94.654882812500034, 22.90766022343162 ], [ 94.66064453125, 22.91120026249412 ], [ 94.662841796875, 22.921649481244117 ], [ 94.66259765625, 22.948114324994123 ], [ 94.665722656250011, 22.96954987186912 ], [ 94.677978515625, 22.98322174686912 ], [ 94.704980468750023, 22.98651764530662 ], [ 94.72802734375, 22.98004791874412 ], [ 94.740234375, 22.96625397343162 ], [ 94.74462890625, 22.946307684369117 ], [ 94.745361328125, 22.921649481244117 ], [ 94.743554687500023, 22.916034246869117 ], [ 94.739990234375, 22.91168854374412 ], [ 94.73828125, 22.907245184369117 ], [ 94.741943359375, 22.90119049686912 ], [ 94.758056640625, 22.885760809369117 ], [ 94.76025390625, 22.88068268436912 ], [ 94.759375, 22.867694403119117 ], [ 94.756591796875, 22.85822174686912 ], [ 94.751953125, 22.85065338749412 ], [ 94.745361328125, 22.843133856244123 ], [ 94.703222656250034, 22.810809637494117 ], [ 94.690039062500034, 22.794696356244117 ], [ 94.728613281250034, 22.726434637494123 ], [ 94.747167968750034, 22.723749090619123 ], [ 94.76416015625, 22.71539948124412 ], [ 94.776269531250023, 22.70062897343162 ], [ 94.780029296875, 22.67865631718162 ], [ 94.765527343750023, 22.643182684369123 ], [ 94.760644531250023, 22.62055084843162 ], [ 94.778710937500023, 22.600360418744117 ], [ 94.807373046875, 22.54144928593162 ], [ 94.813085937500034, 22.49518463749412 ], [ 94.819433593750034, 22.470331121869123 ], [ 94.831347656249989, 22.45954010624412 ], [ 94.84619140625, 22.455682684369123 ], [ 94.903564453125, 22.42475006718162 ], [ 94.91015625, 22.41791412968162 ], [ 94.9140625, 22.40997955936912 ], [ 94.919677734375, 22.40253327030662 ], [ 94.93017578125, 22.396844793744123 ], [ 94.9755859375, 22.396844793744123 ], [ 94.982177734375, 22.39362213749412 ], [ 94.987597656249989, 22.38580963749412 ], [ 94.990917968750011, 22.37592194218162 ], [ 94.99462890625, 22.352069403119117 ], [ 95.000585937500034, 22.34393952030662 ], [ 95.019628906250034, 22.32916901249412 ], [ 95.030371093750034, 22.31073639530662 ], [ 95.04052734375, 22.26837799686912 ], [ 95.05078125, 22.25006744999412 ], [ 95.06494140625, 22.231463934369117 ], [ 95.071533203125, 22.216083074994117 ], [ 95.081152343750034, 22.178338934369123 ], [ 95.119238281250034, 22.11078522343162 ], [ 95.135156250000023, 22.073358465619123 ], [ 95.1357421875, 22.02753327030662 ], [ 95.13037109375, 21.99005768436912 ], [ 95.12890625, 21.94843170780662 ], [ 95.130615234375, 21.92597077030662 ], [ 95.146875, 21.839618231244117 ], [ 95.152148437499989, 21.82330963749412 ], [ 95.160449218749989, 21.810419012494123 ], [ 95.18896484375, 21.780389715619123 ], [ 95.206738281250011, 21.745868231244117 ], [ 95.217675781250023, 21.73334381718162 ], [ 95.234375, 21.72125885624412 ], [ 95.242578125000023, 21.711932684369117 ], [ 95.245361328125, 21.69867584843162 ], [ 95.24560546875, 21.674676824994123 ], [ 95.249902343750023, 21.654413153119123 ], [ 95.2685546875, 21.62213776249412 ], [ 95.27294921875, 21.599237371869123 ], [ 95.270751953125, 21.57904694218162 ], [ 95.261328125000034, 21.546991278119123 ], [ 95.25927734375, 21.52667877811912 ], [ 95.27294921875, 21.444696356244123 ] ] } },
{ "type": "Feature", "properties": { "dissolve": "485River", "scalerank": 7, "featurecla": "River", "name": "Manas", "name_alt": null, "rivernum": 485, "note": null, "min_zoom": 6.0, "name_en": "Manas", "min_label": 7.0, "ne_id": 1159121303, "label": "Manas", "wikidataid": "Q2015702", "name_ar": "ماناس", "name_bn": "মানস নদী", "name_de": "Manas", "name_es": "Manas", "name_fr": "Manas", "name_el": "Μάνας", "name_hi": "मानस नदी", "name_hu": "Manas", "name_id": "Manas", "name_it": "Manas", "name_ja": "マナス川", "name_ko": "마나스", "name_nl": "Manas", "name_pl": "Manas", "name_pt": "Manas", "name_ru": "Манас", "name_sv": "Drangme Chhu", "name_tr": "Manas", "name_vi": "Sông Manas", "name_zh": "玛纳斯河", "name_fa": "ماناس", "name_he": "נהר מאנאס", "name_uk": "Манас", "name_ur": "ماناس", "name_zht": "瑪納斯河" }, "geometry": { "type": "LineString", "coordinates": [ [ 91.776562500000011, 28.291864324994116 ], [ 91.77587890625, 28.09772369999412 ], [ 91.777734375000023, 28.08392975468162 ], [ 91.79150390625, 28.043329168744116 ], [ 91.796875, 28.013446356244117 ], [ 91.80224609375, 27.999286199994117 ], [ 91.80810546875, 27.991083074994116 ], [ 91.82080078125, 27.97662994999412 ], [ 91.825781250000034, 27.96820709843162 ], [ 91.828320312500011, 27.959100653119116 ], [ 91.8291015625, 27.94953034061912 ], [ 91.828125, 27.939813543744116 ], [ 91.819921875000034, 27.91022369999412 ], [ 91.811425781250023, 27.890497137494116 ], [ 91.800195312500023, 27.87201569218162 ], [ 91.786718750000034, 27.85565827030662 ], [ 91.758398437500034, 27.82160065311912 ], [ 91.748242187500011, 27.802264715619117 ], [ 91.741308593750034, 27.77985260624412 ], [ 91.741943359375, 27.76129791874412 ], [ 91.753173828125, 27.726190496869116 ], [ 91.751220703125, 27.708124090619116 ], [ 91.747460937500023, 27.70172760624412 ], [ 91.7373046875, 27.69037506718162 ], [ 91.73291015625, 27.684344793744117 ], [ 91.72998046875, 27.67706940311912 ], [ 91.725, 27.654315496869117 ], [ 91.6962890625, 27.59259674686912 ], [ 91.69091796875, 27.56806061405662 ], [ 91.685302734375, 27.51581452030662 ], [ 91.673437500000034, 27.495624090619117 ], [ 91.658398437500011, 27.48517487186912 ], [ 91.624755859375, 27.469989324994117 ], [ 91.609277343750023, 27.460321356244116 ], [ 91.579492187500023, 27.433221746869116 ], [ 91.566992187500034, 27.41730377811912 ], [ 91.55810546875, 27.399432684369117 ], [ 91.556640625, 27.389911199994117 ], [ 91.558496093750023, 27.369891668744117 ], [ 91.557226562500034, 27.35895416874412 ], [ 91.529199218750023, 27.321795965619117 ], [ 91.430761718750034, 27.276874090619117 ], [ 91.391796875000011, 27.243036199994116 ], [ 91.384667968750023, 27.22601959843162 ], [ 91.381933593750034, 27.17499420780662 ], [ 91.377050781250034, 27.152948309369116 ], [ 91.368896484375, 27.128778387494116 ], [ 91.358007812500034, 27.105975653119117 ], [ 91.344921875000011, 27.087762762494116 ], [ 91.325439453125, 27.07343170780662 ], [ 91.257714843750023, 27.04633209843162 ], [ 91.23681640625, 27.03131744999412 ], [ 91.219628906250023, 27.01264069218162 ], [ 91.192285156250023, 26.969354559369116 ], [ 91.1728515625, 26.90570709843162 ], [ 91.162353515625, 26.89044830936912 ], [ 91.14501953125, 26.88397858280662 ], [ 91.025390625, 26.87909577030662 ], [ 90.974609375, 26.866473699994117 ], [ 90.945214843750023, 26.83832428593162 ], [ 90.95751953125, 26.78754303593162 ], [ 90.955078125, 26.785516668744116 ], [ 90.952392578125, 26.78412506718162 ], [ 90.946191406250023, 26.782342840619116 ], [ 90.936718750000011, 26.778338934369117 ], [ 90.930419921875, 26.771747137494117 ], [ 90.919921875, 26.75421784061912 ], [ 90.908105468750023, 26.728143621869116 ], [ 90.907324218750034, 26.70490143436912 ], [ 90.9150390625, 26.65387604374412 ], [ 90.910839843750011, 26.639911199994117 ], [ 90.8896484375, 26.609735418744116 ], [ 90.8818359375, 26.594501043744117 ], [ 90.859472656250034, 26.51203034061912 ], [ 90.853125, 26.50116608280662 ], [ 90.84619140625, 26.492450262494117 ], [ 90.840722656250023, 26.48273346561912 ], [ 90.838623046875, 26.469110418744116 ], [ 90.841406250000034, 26.458612371869116 ], [ 90.853271484375, 26.43915436405662 ], [ 90.856347656250023, 26.429706121869117 ], [ 90.8564453125, 26.419452215619117 ], [ 90.854589843750034, 26.41779205936912 ], [ 90.849609375, 26.416864324994116 ], [ 90.840039062500011, 26.40851471561912 ], [ 90.82275390625, 26.38519928593162 ], [ 90.809277343750011, 26.36054108280662 ], [ 90.803320312500034, 26.339960028119116 ], [ 90.799072265625, 26.331073309369117 ], [ 90.789794921875, 26.32391998905662 ], [ 90.776562500000011, 26.32074616093162 ], [ 90.750244140625, 26.318719793744116 ], [ 90.739648437500023, 26.31171295780662 ], [ 90.73388671875, 26.29962799686912 ], [ 90.730566406250034, 26.27472565311912 ], [ 90.72265625, 26.26398346561912 ], [ 90.712304687500023, 26.258661199994116 ], [ 90.67724609375, 26.25128815311912 ], [ 90.667871093750023, 26.247821356244117 ], [ 90.660546875000023, 26.24310944218162 ], [ 90.65576171875, 26.236200262494116 ], [ 90.653564453125, 26.22650787968162 ], [ 90.655517578125, 26.207782293744117 ], [ 90.654687500000023, 26.19891998905662 ], [ 90.648681640625, 26.192987371869116 ] ] } },
{ "type": "Feature", "properties": { "dissolve": "536River", "scalerank": 7, "featurecla": "River", "name": "Tista", "name_alt": null, "rivernum": 536, "note": null, "min_zoom": 6.0, "name_en": "Teesta", "min_label": 7.0, "ne_id": 1159122239, "label": "Tista", "wikidataid": "Q907883", "name_ar": "نهر تيستا", "name_bn": "তিস্তা নদী", "name_de": "Tista", "name_es": "Tista", "name_fr": "Teesta", "name_el": "Τίστα", "name_hi": "टिस्टा नदी", "name_hu": "Tíszta", "name_id": "Tista", "name_it": "Tista", "name_ja": "ティースタ川", "name_ko": "티스타", "name_nl": "Teesta", "name_pl": "Tista", "name_pt": "Tista", "name_ru": "Тиста", "name_sv": "Tista", "name_tr": "Tista", "name_vi": "Sông Tista", "name_zh": "提斯塔河", "name_fa": "رودخانه تستا", "name_he": "נהר טיסטה", "name_uk": "Тіста", "name_ur": "دریائے تیستا", "name_zht": "提斯塔河" }, "geometry": { "type": "LineString", "coordinates": [ [ 88.591796875, 27.695086981244117 ], [ 88.599609375, 27.68439362186912 ], [ 88.607177734375, 27.66339752811912 ], [ 88.6123046875, 27.653436590619116 ], [ 88.617919921875, 27.64813873905662 ], [ 88.634033203125, 27.63764069218162 ], [ 88.639550781250023, 27.632928778119116 ], [ 88.659912109375, 27.60578034061912 ], [ 88.666796874999989, 27.58942291874412 ], [ 88.6669921875, 27.571551824994117 ], [ 88.6591796875, 27.55597565311912 ], [ 88.64697265625, 27.549920965619116 ], [ 88.6123046875, 27.544208074994117 ], [ 88.592871093750034, 27.53400299686912 ], [ 88.584375, 27.53058502811912 ], [ 88.5517578125, 27.526629949994117 ], [ 88.5439453125, 27.52374909061912 ], [ 88.53369140625, 27.508661199994116 ], [ 88.527587890625, 27.487665106244116 ], [ 88.52294921875, 27.448602606244116 ], [ 88.522558593750034, 27.44159577030662 ], [ 88.5234375, 27.43085358280662 ], [ 88.521582031250034, 27.407098699994116 ], [ 88.520605468750034, 27.40155670780662 ], [ 88.502636718750011, 27.377557684369116 ], [ 88.497802734375, 27.373065496869117 ], [ 88.49365234375, 27.368182684369117 ], [ 88.48876953125, 27.358661199994117 ], [ 88.486083984375, 27.34870026249412 ], [ 88.485058593750011, 27.33209869999412 ], [ 88.48193359375, 27.324481512494117 ], [ 88.47802734375, 27.32343170780662 ], [ 88.464941406250034, 27.325311590619116 ], [ 88.4609375, 27.324481512494117 ], [ 88.458984375, 27.320184637494116 ], [ 88.456347656249989, 27.30829498905662 ], [ 88.45068359375, 27.29584381718162 ], [ 88.449462890625, 27.28864166874412 ], [ 88.447509765625, 27.28229401249412 ], [ 88.4404296875, 27.27667877811912 ], [ 88.4404296875, 27.269891668744116 ], [ 88.449462890625, 27.263544012494116 ], [ 88.462304687500023, 27.24616119999412 ], [ 88.471435546875, 27.242547918744116 ], [ 88.485742187500023, 27.24017975468162 ], [ 88.495361328125, 27.232928778119117 ], [ 88.500683593750011, 27.221063543744116 ], [ 88.50244140625, 27.204706121869116 ], [ 88.510937500000011, 27.183612371869117 ], [ 88.5263671875, 27.16901276249412 ], [ 88.533203125, 27.154315496869117 ], [ 88.51611328125, 27.132684637494116 ], [ 88.478271484375, 27.11225006718162 ], [ 88.47265625, 27.10687897343162 ], [ 88.466210937500023, 27.09516022343162 ], [ 88.457128906250034, 27.08344147343162 ], [ 88.444433593750034, 27.07807037968162 ], [ 88.434667968750034, 27.06659577030662 ], [ 88.449462890625, 27.012958074994117 ], [ 88.4404296875, 26.99616119999412 ], [ 88.4404296875, 26.98932526249412 ], [ 88.448437500000011, 26.98932526249412 ], [ 88.448437500000011, 26.98187897343162 ], [ 88.4423828125, 26.96332428593162 ], [ 88.459716796875, 26.92694733280662 ], [ 88.50927734375, 26.85834381718162 ], [ 88.6123046875, 26.74909088749412 ], [ 88.646093750000034, 26.69269440311912 ], [ 88.664160156250034, 26.663592840619117 ], [ 88.675097656249989, 26.65058014530662 ], [ 88.739160156250023, 26.59516022343162 ], [ 88.75634765625, 26.56830475468162 ], [ 88.763085937500023, 26.53620026249412 ], [ 88.761962890625, 26.52570221561912 ], [ 88.757080078125, 26.507928778119116 ], [ 88.75625, 26.502069403119116 ], [ 88.759033203125, 26.492792059369116 ], [ 88.76806640625, 26.477557684369117 ], [ 88.769921875000023, 26.47138092655662 ], [ 88.775097656250011, 26.460077215619116 ], [ 88.890722656250034, 26.342059637494117 ], [ 88.937255859375, 26.27667877811912 ], [ 89.054443359375, 26.164667059369116 ], [ 89.081738281250011, 26.15375397343162 ], [ 89.093457031250011, 26.13849518436912 ], [ 89.133056640625, 26.070672918744116 ], [ 89.145263671875, 26.03461334843162 ], [ 89.15771484375, 26.00946686405662 ], [ 89.161035156250023, 25.96942780155662 ], [ 89.167236328125, 25.95404694218162 ], [ 89.219921875000011, 25.926532293744117 ], [ 89.229296874999989, 25.92328522343162 ], [ 89.23828125, 25.91242096561912 ], [ 89.290625, 25.865838934369123 ], [ 89.29638671875, 25.856317449994123 ], [ 89.30078125, 25.84650299686912 ], [ 89.307031250000023, 25.83759186405662 ], [ 89.317968750000034, 25.83051178593162 ], [ 89.328857421875, 25.829364324994117 ], [ 89.353417968750023, 25.83136627811912 ], [ 89.371191406250034, 25.82379791874412 ], [ 89.39501953125, 25.82001373905662 ], [ 89.39990234375, 25.813739324994117 ], [ 89.404687500000023, 25.80939362186912 ], [ 89.468017578125, 25.77338287968162 ], [ 89.483007812500034, 25.759784246869117 ], [ 89.489355468750034, 25.73834869999412 ], [ 89.49365234375, 25.72809479374412 ], [ 89.5029296875, 25.719598699994123 ], [ 89.5166015625, 25.710711981244117 ], [ 89.51806640625, 25.705829168744117 ], [ 89.531640625000023, 25.686151434369123 ], [ 89.537841796875, 25.67438385624412 ], [ 89.539160156250034, 25.66852448124412 ], [ 89.538818359375, 25.664325262494117 ], [ 89.535449218749989, 25.651141668744117 ], [ 89.534277343750034, 25.642450262494123 ], [ 89.53466796875, 25.63410065311912 ], [ 89.53662109375, 25.62592194218162 ], [ 89.54345703125, 25.60907623905662 ], [ 89.551513671875, 25.57355377811912 ], [ 89.559472656250023, 25.559344793744117 ], [ 89.564160156250011, 25.552606512494123 ], [ 89.570068359375, 25.545917059369117 ], [ 89.576269531250034, 25.54205963749412 ], [ 89.58349609375, 25.53998444218162 ], [ 89.636962890625, 25.53436920780662 ], [ 89.654052734375, 25.529559637494117 ], [ 89.660742187500034, 25.525653387494117 ], [ 89.666113281250034, 25.519061590619117 ], [ 89.66748046875, 25.512079168744123 ], [ 89.664941406250023, 25.496698309369123 ], [ 89.66455078125, 25.48737213749412 ], [ 89.666113281250034, 25.477411199994123 ], [ 89.6689453125, 25.467645574994123 ], [ 89.6728515625, 25.459002996869117 ], [ 89.677636718750023, 25.45221588749412 ], [ 89.696533203125, 25.435077215619117 ], [ 89.696191406250023, 25.43439362186912 ], [ 89.6962890625, 25.433954168744123 ], [ 89.69677734375, 25.43341705936912 ], [ 89.697021484375, 25.432635809369117 ] ] } },
{ "type": "Feature", "properties": { "dissolve": "598River", "scalerank": 7, "featurecla": "River", "name": null, "name_alt": null, "rivernum": 598, "note": null, "min_zoom": 6.0, "name_en": null, "min_label": 7.0, "ne_id": 1159123261, "label": null, "wikidataid": null, "name_ar": null, "name_bn": null, "name_de": null, "name_es": null, "name_fr": null, "name_el": null, "name_hi": null, "name_hu": null, "name_id": null, "name_it": null, "name_ja": null, "name_ko": null, "name_nl": null, "name_pl": null, "name_pt": null, "name_ru": null, "name_sv": null, "name_tr": null, "name_vi": null, "name_zh": null, "name_fa": null, "name_he": null, "name_uk": null, "name_ur": null, "name_zht": null }, "geometry": { "type": "MultiLineString", "coordinates": [ [ [ 90.588769531250023, 22.962030340619123 ], [ 90.588964843750034, 22.985223699994123 ], [ 90.58984375, 23.00299713749412 ], [ 90.597363281250011, 23.01093170780662 ], [ 90.613378906250034, 23.000116278119123 ], [ 90.609619140625, 22.98627350468162 ], [ 90.633056640625, 22.96906159061912 ], [ 90.64013671875, 22.952997137494123 ] ], [ [ 90.54443359375, 22.78168366093162 ], [ 90.515722656250034, 22.798358465619117 ], [ 90.506933593750034, 22.80524323124412 ], [ 90.495898437499989, 22.811151434369123 ], [ 90.473388671875, 22.814325262494123 ], [ 90.462597656250011, 22.822626043744123 ] ], [ [ 90.58154296875, 22.78790924686912 ], [ 90.595898437500011, 22.81525299686912 ], [ 90.606201171875, 22.825799871869123 ], [ 90.616455078125, 22.830096746869117 ], [ 90.633886718750034, 22.82904694218162 ], [ 90.652148437499989, 22.825067449994123 ], [ 90.663818359375, 22.81659577030662 ], [ 90.662353515625, 22.80402252811912 ] ], [ [ 90.683398437499989, 22.39191315311912 ], [ 90.69384765625, 22.399042059369123 ], [ 90.70458984375, 22.41535065311912 ], [ 90.712792968750023, 22.435565496869117 ], [ 90.7158203125, 22.455829168744117 ], [ 90.71142578125, 22.479120184369123 ], [ 90.700097656250023, 22.48346588749412 ], [ 90.669677734375, 22.47260162968162 ] ], [ [ 90.859619140625, 22.34223053593162 ], [ 90.845117187500023, 22.35809967655662 ], [ 90.83349609375, 22.36286041874412 ], [ 90.8212890625, 22.366229559369117 ], [ 90.811425781250023, 22.37018463749412 ], [ 90.801513671875, 22.37909577030662 ], [ 90.783300781250034, 22.40021393436912 ], [ 90.774121093750011, 22.404315496869117 ], [ 90.7509765625, 22.39972565311912 ], [ 90.741113281250023, 22.404071356244117 ], [ 90.736914062500034, 22.42169830936912 ], [ 90.735058593750011, 22.436297918744117 ], [ 90.730566406250034, 22.44867584843162 ], [ 90.723876953125, 22.455194403119123 ], [ 90.7158203125, 22.45209381718162 ] ] ] } },
{ "type": "Feature", "properties": { "dissolve": "138River", "scalerank": 4, "featurecla": "River", "name": "Ayeyarwady", "name_alt": "Irrawaddy", "rivernum": 138, "note": null, "min_zoom": 3.0, "name_en": "Irrawaddy", "min_label": 4.0, "ne_id": 1159112315, "label": "Ayeyarwady", "wikidataid": "Q26076", "name_ar": "نهر إيراوادي", "name_bn": "ইরাবতী নদী", "name_de": "Irrawaddy", "name_es": "Irawadi", "name_fr": "Irrawaddy", "name_el": "Ιραουάντι", "name_hi": "इरावती नदी", "name_hu": "Iravádi", "name_id": "Irrawaddy", "name_it": "Irrawaddy", "name_ja": "エーヤワディー川", "name_ko": "이라와디강", "name_nl": "Irrawaddy", "name_pl": "Irawadi", "name_pt": "Irauádi", "name_ru": "Иравади", "name_sv": "Irrawaddy", "name_tr": "İravadi", "name_vi": "Ayeyarwaddy", "name_zh": "伊洛瓦底江", "name_fa": "رود ایراوادی", "name_he": "נהר איראוואדי", "name_uk": "Іраваді", "name_ur": "ایراوادی دریا", "name_zht": "伊洛瓦底江" }, "geometry": { "type": "LineString", "coordinates": [ [ 97.486328125, 25.70075104374412 ], [ 97.50048828125, 25.69660065311912 ], [ 97.51611328125, 25.694354559369117 ], [ 97.52880859375, 25.68915436405662 ], [ 97.5341796875, 25.676288153119117 ], [ 97.53076171875, 25.66705963749412 ], [ 97.513574218750023, 25.644061590619117 ], [ 97.506738281250023, 25.63190338749412 ], [ 97.50146484375, 25.605487371869117 ], [ 97.496777343750011, 25.54877350468162 ], [ 97.486328125, 25.52204010624412 ], [ 97.438867187500023, 25.45477936405662 ], [ 97.409082031250023, 25.397967840619117 ], [ 97.403564453125, 25.38141510624412 ], [ 97.407470703125, 25.36810944218162 ], [ 97.4189453125, 25.354266668744117 ], [ 97.42431640625, 25.340936590619123 ], [ 97.420507812500034, 25.330194403119123 ], [ 97.404394531250034, 25.32404205936912 ], [ 97.397705078125, 25.327020574994123 ], [ 97.378808593750023, 25.333270574994117 ], [ 97.370214843750034, 25.337665106244117 ], [ 97.3466796875, 25.366815496869123 ], [ 97.3369140625, 25.36945221561912 ], [ 97.3251953125, 25.365106512494123 ], [ 97.3134765625, 25.357196356244117 ], [ 97.308203125000034, 25.347919012494117 ], [ 97.309179687500034, 25.34284088749412 ], [ 97.313867187500023, 25.333270574994117 ], [ 97.31494140625, 25.32709381718162 ], [ 97.313720703125, 25.31867096561912 ], [ 97.310791015625, 25.31781647343162 ], [ 97.30615234375, 25.31903717655662 ], [ 97.30078125, 25.31659577030662 ], [ 97.292236328125, 25.310907293744123 ], [ 97.28271484375, 25.30719635624412 ], [ 97.274023437500034, 25.301288153119117 ], [ 97.267822265625, 25.28925202030662 ], [ 97.266992187500023, 25.27777741093162 ], [ 97.27294921875, 25.256366278119117 ], [ 97.274658203125, 25.244891668744117 ], [ 97.271484375, 25.21735260624412 ], [ 97.262792968750034, 25.207147528119123 ], [ 97.249755859375, 25.20111725468162 ], [ 97.233007812500034, 25.18622467655662 ], [ 97.227929687500023, 25.168573309369123 ], [ 97.231542968750034, 25.146112371869123 ], [ 97.24375, 25.12677643436912 ], [ 97.264404296875, 25.11859772343162 ], [ 97.30712890625, 25.129510809369123 ], [ 97.31884765625, 25.12689850468162 ], [ 97.31494140625, 25.10431549686912 ], [ 97.297949218750034, 25.08148834843162 ], [ 97.279882812500034, 25.08661530155662 ], [ 97.259863281250034, 25.098016668744123 ], [ 97.23681640625, 25.09406159061912 ], [ 97.226171875000034, 25.08954498905662 ], [ 97.218652343750023, 25.08942291874412 ], [ 97.214111328125, 25.086444403119117 ], [ 97.212597656250011, 25.073260809369117 ], [ 97.215429687500034, 25.060907293744123 ], [ 97.229101562500034, 25.04596588749412 ], [ 97.233007812500034, 25.036004949994123 ], [ 97.221923828125, 24.99701569218162 ], [ 97.188574218750034, 24.96942780155662 ], [ 97.116943359375, 24.932977606244123 ], [ 97.101464843750023, 24.91620514530662 ], [ 97.09814453125, 24.899774481244123 ], [ 97.102783203125, 24.867792059369123 ], [ 97.093017578125, 24.86054108280662 ], [ 97.048095703125, 24.840106512494117 ], [ 97.034423828125, 24.823114324994123 ], [ 97.034912109375, 24.802752996869117 ], [ 97.05078125, 24.757928778119123 ], [ 97.060546875, 24.71637604374412 ], [ 97.102783203125, 24.65180084843162 ], [ 97.111328125, 24.63141510624412 ], [ 97.115478515625, 24.61139557499412 ], [ 97.118066406250023, 24.544549871869123 ], [ 97.117089843750023, 24.533465887494117 ], [ 97.10693359375, 24.51398346561912 ], [ 97.110937500000034, 24.502704168744117 ], [ 97.123144531250034, 24.487909246869123 ], [ 97.12158203125, 24.37250397343162 ], [ 97.136816406250034, 24.33710358280662 ], [ 97.185449218750023, 24.28900787968162 ], [ 97.1884765625, 24.281268621869117 ], [ 97.204980468750023, 24.27045319218162 ], [ 97.203027343750023, 24.24616119999412 ], [ 97.193115234375, 24.220819403119123 ], [ 97.185302734375, 24.20673248905662 ], [ 97.17626953125, 24.194842840619117 ], [ 97.16357421875, 24.18134186405662 ], [ 97.147216796875, 24.17035553593162 ], [ 97.11279296875, 24.16144440311912 ], [ 97.084082031250034, 24.142206121869123 ], [ 97.061718750000011, 24.13788483280662 ], [ 97.05029296875, 24.13873932499412 ], [ 97.03076171875, 24.143085028119117 ], [ 97.009521484375, 24.145379949994123 ], [ 96.97607421875, 24.14472077030662 ], [ 96.956152343750034, 24.14008209843162 ], [ 96.9423828125, 24.131708074994123 ], [ 96.92919921875, 24.12811920780662 ], [ 96.910839843750011, 24.13788483280662 ], [ 96.867431640625, 24.186786199994117 ], [ 96.8369140625, 24.19904205936912 ], [ 96.8212890625, 24.212762762494123 ], [ 96.808398437499989, 24.228631903119123 ], [ 96.800976562500011, 24.24091217655662 ], [ 96.790917968750023, 24.27741119999412 ], [ 96.781982421875, 24.290399481244123 ], [ 96.750683593750011, 24.299579168744117 ], [ 96.698632812500023, 24.32965729374412 ], [ 96.652734375000023, 24.34662506718162 ], [ 96.640625, 24.35419342655662 ], [ 96.633544921875, 24.357294012494123 ], [ 96.622460937500023, 24.35883209843162 ], [ 96.610937500000034, 24.35895416874412 ], [ 96.602441406250023, 24.35761139530662 ], [ 96.591894531250034, 24.352411199994123 ], [ 96.588623046875, 24.34686920780662 ], [ 96.587158203125, 24.33978912968162 ], [ 96.581933593750023, 24.32965729374412 ], [ 96.567578125000011, 24.31415436405662 ], [ 96.55126953125, 24.30353424686912 ], [ 96.532324218750034, 24.297479559369123 ], [ 96.509960937500011, 24.295526434369123 ], [ 96.490917968750011, 24.299188543744123 ], [ 96.47265625, 24.30585358280662 ], [ 96.454833984375, 24.30927155155662 ], [ 96.43798828125, 24.302997137494117 ], [ 96.446386718750034, 24.275165106244117 ], [ 96.431396484375, 24.25324127811912 ], [ 96.38330078125, 24.221063543744123 ], [ 96.362597656249989, 24.200213934369117 ], [ 96.30322265625, 24.11395905155662 ], [ 96.295019531250034, 24.096210028119117 ], [ 96.289794921875, 24.07514069218162 ], [ 96.287109375, 24.04852936405662 ], [ 96.289941406250023, 23.97028229374412 ], [ 96.2802734375, 23.94611237186912 ], [ 96.2744140625, 23.94000885624412 ], [ 96.27099609375, 23.93207428593162 ], [ 96.250390625000023, 23.85761139530662 ], [ 96.245361328125, 23.844989324994117 ], [ 96.23779296875, 23.83405182499412 ], [ 96.228759765625, 23.82941315311912 ], [ 96.221435546875, 23.824237371869117 ], [ 96.216699218750023, 23.81207916874412 ], [ 96.204980468750023, 23.76850006718162 ], [ 96.200292968750034, 23.761590887494123 ], [ 96.191503906250034, 23.754266668744123 ], [ 96.1806640625, 23.752215887494117 ], [ 96.167236328125, 23.75263092655662 ], [ 96.155517578125, 23.74970123905662 ], [ 96.150488281250034, 23.73725006718162 ], [ 96.14794921875, 23.71308014530662 ], [ 96.14013671875, 23.691034246869123 ], [ 96.127343750000023, 23.67072174686912 ], [ 96.109619140625, 23.65192291874412 ], [ 96.057031250000023, 23.60907623905662 ], [ 96.034912109375, 23.585223699994117 ], [ 96.020263671875, 23.555047918744123 ], [ 96.012304687500034, 23.51422760624412 ], [ 96.006591796875, 23.38495514530662 ], [ 95.978125, 23.261737371869117 ], [ 95.96484375, 22.769061590619117 ], [ 95.962011718750034, 22.759393621869123 ], [ 95.955078125, 22.75031159061912 ], [ 95.943457031250034, 22.744256903119123 ], [ 95.920117187500011, 22.74323151249412 ], [ 95.910449218749989, 22.73944733280662 ], [ 95.901269531250023, 22.70722077030662 ], [ 95.9169921875, 22.66168854374412 ], [ 95.985253906250023, 22.55011627811912 ], [ 95.990234375, 22.529315496869117 ], [ 95.982421875, 22.51044342655662 ], [ 95.969482421875, 22.491961981244117 ], [ 95.964746093750023, 22.47260162968162 ], [ 95.963769531250023, 22.39252350468162 ], [ 95.970458984375, 22.374383856244123 ], [ 95.989501953125, 22.352801824994117 ], [ 96.0126953125, 22.33185455936912 ], [ 96.013671875, 22.323016668744117 ], [ 96.006591796875, 22.308710028119123 ], [ 96.00146484375, 22.30280182499412 ], [ 95.995898437499989, 22.29840729374412 ], [ 95.990478515625, 22.29230377811912 ], [ 95.986083984375, 22.281366278119123 ], [ 95.984619140625, 22.27081940311912 ], [ 95.98779296875, 22.21649811405662 ], [ 96.000390625000023, 22.15790436405662 ], [ 96.007519531250011, 22.08942291874412 ], [ 96.025, 22.058221746869123 ], [ 96.048095703125, 21.994012762494123 ], [ 96.05126953125, 21.95636627811912 ], [ 96.041259765625, 21.923456121869123 ], [ 96.02099609375, 21.89655182499412 ], [ 95.992919921875, 21.876727606244117 ], [ 95.97314453125, 21.86725494999412 ], [ 95.955468750000023, 21.86090729374412 ], [ 95.9365234375, 21.85736725468162 ], [ 95.913818359375, 21.85626862186912 ], [ 95.90087890625, 21.863397528119123 ], [ 95.848876953125, 21.91083405155662 ], [ 95.814697265625, 21.925555731244117 ], [ 95.776464843750034, 21.931512762494123 ], [ 95.52685546875, 21.922137762494117 ], [ 95.511962890625, 21.917499090619117 ], [ 95.505761718750023, 21.90778229374412 ], [ 95.499414062500023, 21.88996002811912 ], [ 95.4716796875, 21.85687897343162 ], [ 95.46533203125, 21.839471746869123 ], [ 95.461523437500034, 21.811297918744117 ], [ 95.450439453125, 21.78082916874412 ], [ 95.432031250000023, 21.756366278119117 ], [ 95.40673828125, 21.74640534061912 ], [ 95.387109375000023, 21.73309967655662 ], [ 95.368359375000011, 21.665301824994117 ], [ 95.35546875, 21.63654205936912 ], [ 95.35546875, 21.63031647343162 ], [ 95.348876953125, 21.62128327030662 ], [ 95.34228515625, 21.608905340619117 ], [ 95.337011718750034, 21.595965887494117 ], [ 95.327392578125, 21.54596588749412 ], [ 95.324462890625, 21.537469793744123 ], [ 95.330175781250034, 21.46393463749412 ], [ 95.3212890625, 21.465838934369117 ], [ 95.313378906250023, 21.45209381718162 ], [ 95.305566406250023, 21.450458074994117 ], [ 95.296875, 21.452997137494123 ], [ 95.287207031250034, 21.452167059369117 ], [ 95.280371093750034, 21.448504949994117 ], [ 95.275488281250034, 21.445086981244117 ], [ 95.27197265625, 21.441766668744123 ], [ 95.269140625000034, 21.43842194218162 ], [ 95.255468750000034, 21.42108795780662 ], [ 95.191015625000034, 21.370233465619123 ], [ 95.158593750000023, 21.32965729374412 ], [ 95.1416015625, 21.31391022343162 ], [ 95.11865234375, 21.30756256718162 ], [ 95.077392578125, 21.30133698124412 ], [ 95.069433593750034, 21.30329010624412 ], [ 95.056396484375, 21.312274481244117 ], [ 95.047558593750011, 21.31500885624412 ], [ 95.021875, 21.31122467655662 ], [ 95.002197265625, 21.29669830936912 ], [ 94.98974609375, 21.27509186405662 ], [ 94.985595703125, 21.24982330936912 ], [ 94.975, 21.24420807499412 ], [ 94.909765625000034, 21.225604559369117 ], [ 94.863037109375, 21.22601959843162 ], [ 94.859619140625, 21.227167059369123 ], [ 94.85595703125, 21.227557684369117 ], [ 94.848388671875, 21.225604559369117 ], [ 94.843017578125, 21.22247955936912 ], [ 94.833740234375, 21.213739324994123 ], [ 94.8193359375, 21.204364324994117 ], [ 94.809814453125, 21.18598053593162 ], [ 94.803320312500034, 21.16351959843162 ], [ 94.799902343750034, 21.143670965619123 ], [ 94.800976562500011, 21.099627996869117 ], [ 94.817138671875, 21.015741278119123 ], [ 94.8203125, 20.97235748905662 ], [ 94.806396484375, 20.92450592655662 ], [ 94.776464843750034, 20.891131903119117 ], [ 94.742919921875, 20.86420319218162 ], [ 94.718017578125, 20.835809637494123 ], [ 94.713134765625, 20.813836981244123 ], [ 94.71875, 20.79608795780662 ], [ 94.727636718750034, 20.77997467655662 ], [ 94.732324218750023, 20.763202215619117 ], [ 94.733984375000034, 20.74555084843162 ], [ 94.744873046875, 20.70648834843162 ], [ 94.752197265625, 20.691180731244117 ], [ 94.766699218750034, 20.67291901249412 ], [ 94.782470703125, 20.658075262494123 ], [ 94.794921875, 20.643426824994123 ], [ 94.799902343750034, 20.62604401249412 ], [ 94.802978515625, 20.60614655155662 ], [ 94.81640625, 20.565936590619117 ], [ 94.8203125, 20.54718659061912 ], [ 94.818457031250034, 20.515252996869123 ], [ 94.8203125, 20.506219793744123 ], [ 94.82861328125, 20.496112371869117 ], [ 94.83837890625, 20.491717840619117 ], [ 94.848876953125, 20.488544012494117 ], [ 94.858642578125, 20.48200104374412 ], [ 94.869238281250034, 20.46393463749412 ], [ 94.889257812500034, 20.396356512494123 ], [ 94.905175781250023, 20.364862371869123 ], [ 94.90869140625, 20.34381744999412 ], [ 94.900097656250011, 20.32465241093162 ], [ 94.896484375, 20.310419012494123 ], [ 94.896679687500011, 20.24555084843162 ], [ 94.8994140625, 20.23602936405662 ], [ 94.908398437500011, 20.216815496869117 ], [ 94.909765625000034, 20.204608465619117 ], [ 94.907617187500023, 20.19977448124412 ], [ 94.898681640625, 20.19049713749412 ], [ 94.896679687500011, 20.184100653119117 ], [ 94.89794921875, 20.17731354374412 ], [ 94.900097656250011, 20.172967840619123 ], [ 94.902587890625, 20.16986725468162 ], [ 94.903564453125, 20.16705963749412 ], [ 94.90673828125, 20.146600653119123 ], [ 94.914453125000023, 20.12433502811912 ], [ 94.925537109375, 20.103778387494117 ], [ 94.937744140625, 20.088495184369123 ], [ 94.96728515625, 20.066424871869117 ], [ 94.985595703125, 20.057391668744117 ], [ 95.002539062500034, 20.053729559369117 ], [ 95.010839843750034, 20.049188543744123 ], [ 95.016992187500023, 20.038592840619117 ], [ 95.019238281250011, 20.02619049686912 ], [ 95.016210937500034, 20.016473699994123 ], [ 95.010839843750034, 20.00543854374412 ], [ 95.014062500000023, 19.996454168744123 ], [ 95.026464843750034, 19.984881903119117 ], [ 95.033105468750023, 19.98053619999412 ], [ 95.05029296875, 19.97272369999412 ], [ 95.053808593750034, 19.968377996869123 ], [ 95.047558593750011, 19.93768952030662 ], [ 95.048583984375, 19.92438385624412 ], [ 95.052148437500023, 19.91510651249412 ], [ 95.061914062500023, 19.91022369999412 ], [ 95.081152343750034, 19.91034577030662 ], [ 95.112597656249989, 19.890741278119123 ], [ 95.142187500000034, 19.860858465619117 ], [ 95.16015625, 19.82306549686912 ], [ 95.15625, 19.780047918744117 ], [ 95.138671875, 19.75079987186912 ], [ 95.1357421875, 19.73908112186912 ], [ 95.138427734375, 19.72675202030662 ], [ 95.15283203125, 19.708270574994117 ], [ 95.15625, 19.701190496869117 ], [ 95.169921875, 19.62238190311912 ], [ 95.164453125000023, 19.50055573124412 ], [ 95.169921875, 19.457879949994123 ], [ 95.193945312500034, 19.39667389530662 ], [ 95.197265625, 19.37225983280662 ], [ 95.195556640625, 19.350848699994117 ], [ 95.187255859375, 19.32001373905662 ], [ 95.174902343750034, 19.152948309369123 ], [ 95.169921875, 19.135760809369117 ], [ 95.154882812500034, 19.116229559369117 ], [ 95.139404296875, 19.10687897343162 ], [ 95.127050781250034, 19.09564850468162 ], [ 95.112695312500023, 19.015155340619117 ], [ 95.115234375, 18.99176666874412 ], [ 95.125878906250023, 18.95075104374412 ], [ 95.134179687500023, 18.93085358280662 ], [ 95.146240234375, 18.913202215619123 ], [ 95.193359375, 18.865838934369123 ], [ 95.2041015625, 18.84833405155662 ], [ 95.213134765625, 18.80548737186912 ], [ 95.20458984375, 18.76788971561912 ], [ 95.185644531250034, 18.737567449994117 ], [ 95.1630859375, 18.716815496869117 ], [ 95.15283203125, 18.710809637494123 ], [ 95.1220703125, 18.697528387494117 ], [ 95.117285156250034, 18.69684479374412 ], [ 95.106201171875, 18.69843170780662 ], [ 95.1015625, 18.697528387494117 ], [ 95.099365234375, 18.69330475468162 ], [ 95.09521484375, 18.679461981244117 ], [ 95.079833984375, 18.66705963749412 ], [ 95.075878906250011, 18.64508698124412 ], [ 95.07373046875, 18.601336981244117 ], [ 95.066503906250034, 18.579706121869123 ], [ 95.06298828125, 18.561786199994117 ], [ 95.067480468750034, 18.54376862186912 ], [ 95.084570312500034, 18.522235418744117 ], [ 95.1630859375, 18.46417877811912 ], [ 95.179443359375, 18.447626043744123 ], [ 95.1923828125, 18.430047918744123 ], [ 95.200878906250011, 18.40985748905662 ], [ 95.2041015625, 18.385614324994123 ], [ 95.209863281250023, 18.36322662968162 ], [ 95.22412109375, 18.34857819218162 ], [ 95.2421875, 18.33954498905662 ], [ 95.25927734375, 18.33380768436912 ], [ 95.287353515625, 18.32001373905662 ], [ 95.311718750000011, 18.300067449994117 ], [ 95.35546875, 18.25128815311912 ], [ 95.361083984375, 18.24664948124412 ], [ 95.377197265625, 18.23615143436912 ], [ 95.3828125, 18.23078034061912 ], [ 95.387792968750034, 18.21991608280662 ], [ 95.394775390625, 18.19525787968162 ], [ 95.39990234375, 18.18610260624412 ], [ 95.403564453125, 18.17670319218162 ], [ 95.40283203125, 18.154559637494117 ], [ 95.40673828125, 18.14508698124412 ], [ 95.412353515625, 18.135858465619123 ], [ 95.450292968750034, 18.033075262494123 ], [ 95.45458984375, 17.996356512494117 ], [ 95.44482421875, 17.95709869999412 ], [ 95.439843750000023, 17.94940827030662 ], [ 95.428613281250023, 17.93854401249412 ], [ 95.423828125, 17.92914459843162 ], [ 95.424218750000023, 17.92108795780662 ], [ 95.433691406250034, 17.87592194218162 ], [ 95.439843750000023, 17.86664459843162 ], [ 95.454492187500023, 17.85028717655662 ], [ 95.459082031250034, 17.839960028119123 ], [ 95.457763671875, 17.82953522343162 ], [ 95.451074218750023, 17.81305573124412 ], [ 95.44970703125, 17.77020905155662 ], [ 95.458105468750034, 17.72601959843162 ], [ 95.473535156250023, 17.685907293744123 ], [ 95.492578125000023, 17.655389715619123 ], [ 95.50244140625, 17.645282293744117 ], [ 95.5166015625, 17.634051824994117 ], [ 95.533105468750023, 17.625018621869117 ], [ 95.550683593750023, 17.62128327030662 ], [ 95.565527343750034, 17.614276434369117 ], [ 95.561425781250023, 17.597430731244117 ], [ 95.541015625, 17.559833074994117 ], [ 95.540283203125, 17.54425690311912 ], [ 95.54248046875, 17.521112371869123 ], [ 95.5478515625, 17.50006744999412 ], [ 95.557519531250023, 17.49091217655662 ], [ 95.570068359375, 17.484393621869117 ], [ 95.604101562500034, 17.45331452030662 ], [ 95.623046875, 17.443133856244117 ], [ 95.6484375, 17.440057684369123 ], [ 95.6650390625, 17.44074127811912 ], [ 95.674218750000023, 17.43659088749412 ], [ 95.677001953125, 17.418963934369117 ], [ 95.669824218750023, 17.408075262494123 ], [ 95.623046875, 17.38104889530662 ], [ 95.6103515625, 17.36603424686912 ], [ 95.599511718750023, 17.34552643436912 ], [ 95.591699218750023, 17.32318756718162 ], [ 95.5888671875, 17.30255768436912 ], [ 95.5888671875, 17.26190827030662 ], [ 95.59130859375, 17.25141022343162 ], [ 95.639892578125, 17.14765045780662 ], [ 95.646484375, 17.10993073124412 ], [ 95.635937500000011, 17.07318756718162 ], [ 95.595800781250034, 17.03644440311912 ], [ 95.571679687500023, 17.018817449994117 ], [ 95.560937500000023, 17.01483795780662 ], [ 95.563085937500034, 16.981708074994117 ], [ 95.5673828125, 16.96405670780662 ], [ 95.5751953125, 16.942254949994123 ], [ 95.612207031250023, 16.879754949994123 ], [ 95.612597656249989, 16.864032293744117 ], [ 95.59326171875, 16.84894440311912 ], [ 95.57568359375, 16.847674871869117 ], [ 95.556884765625, 16.85016510624412 ], [ 95.53369140625, 16.84662506718162 ], [ 95.521484375, 16.83783600468162 ], [ 95.492285156250034, 16.811297918744117 ], [ 95.475195312500034, 16.805682684369117 ], [ 95.4501953125, 16.80377838749412 ], [ 95.43310546875, 16.79816315311912 ], [ 95.4033203125, 16.77777741093162 ], [ 95.388671875, 16.772479559369117 ], [ 95.348535156250023, 16.764764715619123 ], [ 95.3349609375, 16.75787994999412 ], [ 95.331152343750034, 16.74347565311912 ], [ 95.33251953125, 16.719598699994123 ], [ 95.338476562500034, 16.694208074994123 ], [ 95.3486328125, 16.67536041874412 ], [ 95.32373046875, 16.66144440311912 ], [ 95.323339843750034, 16.647577215619123 ], [ 95.327880859375, 16.63129303593162 ], [ 95.317578125000011, 16.61017487186912 ], [ 95.30224609375, 16.60211823124412 ], [ 95.28173828125, 16.596063543744123 ], [ 95.2626953125, 16.58771393436912 ], [ 95.251708984375, 16.57294342655662 ], [ 95.253173828125, 16.563348699994123 ], [ 95.264550781250023, 16.54498932499412 ], [ 95.26611328125, 16.53815338749412 ], [ 95.258886718750034, 16.52924225468162 ], [ 95.230859375000023, 16.508172918744123 ], [ 95.221435546875, 16.504022528119123 ], [ 95.20068359375, 16.49909088749412 ], [ 95.188232421875, 16.486346746869117 ], [ 95.177734375, 16.468768621869117 ], [ 95.1630859375, 16.44940827030662 ], [ 95.080078125, 16.39386627811912 ], [ 95.060644531250034, 16.36749909061912 ], [ 95.0400390625, 16.295184637494117 ], [ 95.033789062500034, 16.281268621869117 ], [ 95.007080078125, 16.26068756718162 ], [ 94.992431640625, 16.25079987186912 ] ] } },
{ "type": "Feature", "properties": { "dissolve": "55River", "scalerank": 3, "featurecla": "River", "name": "Ganges", "name_alt": null, "rivernum": 55, "note": null, "min_zoom": 3.0, "name_en": "Ganges", "min_label": 4.0, "ne_id": 1159122643, "label": "Ganges", "wikidataid": "Q5089", "name_ar": "نهر الغانج", "name_bn": "গঙ্গা নদী", "name_de": "Ganges", "name_es": "Ganges", "name_fr": "Gange", "name_el": "Γάγγης", "name_hi": "गंगा नदी", "name_hu": "Gangesz", "name_id": "Gangga", "name_it": "Gange", "name_ja": "ガンジス川", "name_ko": "갠지스강", "name_nl": "Ganges", "name_pl": "Ganges", "name_pt": "Ganges", "name_ru": "Ганг", "name_sv": "Ganges", "name_tr": "Ganj", "name_vi": "Hằng", "name_zh": "恒河", "name_fa": "گنگ", "name_he": "גנגס", "name_uk": "Ганг", "name_ur": "دریائے گنگا", "name_zht": "恆河" }, "geometry": { "type": "MultiLineString", "coordinates": [ [ [ 89.060302734375, 22.130633856244117 ], [ 89.077734375000034, 22.15106842655662 ], [ 89.075781250000034, 22.17523834843162 ], [ 89.0703125, 22.19501373905662 ], [ 89.061914062500023, 22.21173737186912 ], [ 89.018310546875, 22.26483795780662 ], [ 89.008691406250023, 22.28583405155662 ], [ 89.023193359375, 22.295038153119123 ], [ 89.006445312500034, 22.321649481244123 ], [ 89.0009765625, 22.333856512494123 ], [ 88.9892578125, 22.38703034061912 ], [ 88.989013671875, 22.396844793744123 ], [ 88.991796875000034, 22.40717194218162 ], [ 89.000244140625, 22.420282293744123 ], [ 89.002197265625, 22.42816803593162 ], [ 88.997949218750023, 22.45148346561912 ], [ 88.979589843750034, 22.491083074994123 ], [ 88.970605468750023, 22.52814362186912 ], [ 88.958593750000034, 22.536981512494123 ], [ 88.927636718750023, 22.54828522343162 ], [ 88.949804687500034, 22.56220123905662 ], [ 88.9560546875, 22.585223699994117 ], [ 88.95166015625, 22.61212799686912 ], [ 88.94189453125, 22.637713934369117 ], [ 88.929589843750023, 22.65875885624412 ], [ 88.91650390625, 22.66205475468162 ], [ 88.900488281250034, 22.658075262494123 ], [ 88.879785156250023, 22.65753815311912 ], [ 88.8681640625, 22.66364166874412 ], [ 88.83203125, 22.705926824994123 ], [ 88.8251953125, 22.711542059369123 ], [ 88.818359375, 22.71576569218162 ], [ 88.81298828125, 22.721063543744123 ], [ 88.810937500000023, 22.729852606244123 ], [ 88.81396484375, 22.739520574994117 ], [ 88.821533203125, 22.73920319218162 ], [ 88.830468750000023, 22.736590887494117 ], [ 88.838281250000023, 22.73944733280662 ], [ 88.840576171875, 22.745721746869123 ], [ 88.845703125, 22.771112371869123 ], [ 88.847949218749989, 22.777850653119117 ], [ 88.850976562500023, 22.783465887494117 ], [ 88.849609375, 22.788836981244117 ], [ 88.838281250000023, 22.794696356244117 ], [ 88.851757812500011, 22.810663153119123 ], [ 88.854101562500034, 22.81842682499412 ], [ 88.8525390625, 22.830096746869117 ], [ 88.8486328125, 22.829852606244117 ], [ 88.8388671875, 22.83685944218162 ], [ 88.829687500000034, 22.845233465619117 ], [ 88.828320312500011, 22.84931061405662 ], [ 88.788671875000034, 22.84918854374412 ], [ 88.773046875000034, 22.85504791874412 ], [ 88.75625, 22.87042877811912 ], [ 88.750683593750011, 22.88434479374412 ], [ 88.746484375000023, 22.92084381718162 ], [ 88.7392578125, 22.935321356244117 ], [ 88.724218750000034, 22.94330475468162 ], [ 88.7041015625, 22.94635651249412 ], [ 88.6669921875, 22.94550202030662 ], [ 88.668212890625, 22.94586823124412 ], [ 88.655371093750034, 22.945819403119117 ], [ 88.65380859375, 22.94550202030662 ], [ 88.649658203125, 22.944354559369117 ], [ 88.644775390625, 22.941278387494123 ], [ 88.639257812500034, 22.938739324994117 ], [ 88.6328125, 22.938739324994117 ], [ 88.622802734375, 22.94452545780662 ], [ 88.62060546875, 22.95233795780662 ], [ 88.620214843750034, 22.96112702030662 ], [ 88.61572265625, 22.97003815311912 ], [ 88.609375, 22.97113678593162 ], [ 88.598535156250023, 22.97040436405662 ], [ 88.5859375, 22.971210028119117 ], [ 88.574462890625, 22.97687409061912 ], [ 88.565136718750011, 22.983172918744117 ], [ 88.555908203125, 22.98529694218162 ], [ 88.54638671875, 22.98407623905662 ], [ 88.536523437500023, 22.98029205936912 ], [ 88.5283203125, 22.96845123905662 ], [ 88.50390625, 22.94013092655662 ], [ 88.495507812500023, 22.93427155155662 ], [ 88.4853515625, 22.931903387494117 ], [ 88.4755859375, 22.93402741093162 ], [ 88.455957031250023, 22.94342682499412 ], [ 88.444433593750034, 22.94550202030662 ], [ 88.40625, 22.94550202030662 ] ], [ [ 79.840722656250023, 30.88849518436912 ], [ 79.8203125, 30.85675690311912 ], [ 79.813720703125, 30.84015534061912 ], [ 79.8134765625, 30.819598699994117 ], [ 79.818457031250034, 30.80292389530662 ], [ 79.834863281250023, 30.768915106244116 ], [ 79.840722656250023, 30.75067780155662 ], [ 79.840234375000023, 30.74469635624412 ], [ 79.837890625, 30.740008856244117 ], [ 79.8369140625, 30.73395416874412 ], [ 79.840722656250023, 30.723993231244116 ], [ 79.849218750000034, 30.714618231244117 ], [ 79.868896484375, 30.70075104374412 ], [ 79.874902343750023, 30.689227606244117 ], [ 79.856542968750034, 30.68488190311912 ], [ 79.847070312500023, 30.675555731244117 ], [ 79.833886718750023, 30.64826080936912 ], [ 79.824804687500034, 30.637225653119117 ], [ 79.807373046875, 30.62665436405662 ], [ 79.79638671875, 30.617547918744116 ], [ 79.779296875, 30.595477606244117 ], [ 79.753808593750023, 30.54657623905662 ], [ 79.73828125, 30.52411530155662 ], [ 79.71533203125, 30.508172918744116 ], [ 79.684960937500023, 30.500116278119116 ], [ 79.654687500000023, 30.50165436405662 ], [ 79.631591796875, 30.514520574994116 ], [ 79.59326171875, 30.550653387494116 ], [ 79.56875, 30.56683991093162 ], [ 79.5458984375, 30.57318756718162 ], [ 79.522558593750034, 30.563983465619117 ], [ 79.43603515625, 30.48236725468162 ], [ 79.409423828125, 30.439081121869116 ], [ 79.388916015625, 30.422381903119117 ], [ 79.3408203125, 30.409930731244117 ], [ 79.3212890625, 30.398065496869116 ], [ 79.313085937500034, 30.372088934369117 ], [ 79.313085937500034, 30.37116119999412 ], [ 79.306738281250034, 30.345965887494117 ], [ 79.290722656250011, 30.32318756718162 ], [ 79.268847656249989, 30.304461981244117 ], [ 79.21875, 30.280292059369117 ], [ 79.205078125, 30.27716705936912 ], [ 79.189550781250034, 30.277704168744116 ], [ 79.177978515625, 30.28217194218162 ], [ 79.170654296875, 30.288934637494116 ], [ 79.165722656250011, 30.29535553593162 ], [ 79.162353515625, 30.298846746869117 ], [ 79.136962890625, 30.304315496869116 ], [ 79.020263671875, 30.30768463749412 ], [ 79.000683593750011, 30.306024481244116 ], [ 78.90380859375, 30.267840887494117 ], [ 78.878320312500023, 30.26471588749412 ], [ 78.858642578125, 30.259051824994117 ], [ 78.803125, 30.23590729374412 ], [ 78.7890625, 30.23334381718162 ], [ 78.779687500000023, 30.23810455936912 ], [ 78.770751953125, 30.236346746869117 ], [ 78.762451171875, 30.23224518436912 ], [ 78.754785156250023, 30.22992584843162 ], [ 78.741943359375, 30.23248932499412 ], [ 78.709863281250023, 30.242792059369116 ], [ 78.696191406250023, 30.24420807499412 ], [ 78.687109375000034, 30.240008856244117 ], [ 78.642578125, 30.204461981244116 ], [ 78.59423828125, 30.14520905155662 ], [ 78.582617187500034, 30.12213776249412 ], [ 78.578857421875, 30.09760162968162 ], [ 78.586328125000023, 30.072870184369116 ], [ 78.537207031250034, 30.07733795780662 ], [ 78.528564453125, 30.07636139530662 ], [ 78.517333984375, 30.07318756718162 ], [ 78.46337890625, 30.072870184369116 ], [ 78.453027343750023, 30.075702215619117 ], [ 78.44189453125, 30.08148834843162 ], [ 78.433007812500023, 30.090594793744117 ], [ 78.422119140625, 30.12213776249412 ], [ 78.405029296875, 30.132342840619117 ], [ 78.384521484375, 30.133905340619116 ], [ 78.3671875, 30.12689850468162 ], [ 78.35791015625, 30.13349030155662 ], [ 78.345458984375, 30.13910553593162 ], [ 78.332128906250034, 30.14203522343162 ], [ 78.320068359375, 30.14057037968162 ], [ 78.285839843750011, 30.09650299686912 ], [ 78.280029296875, 30.07160065311912 ], [ 78.265722656250034, 30.054071356244116 ], [ 78.230712890625, 30.02448151249412 ], [ 78.1640625, 29.94989655155662 ], [ 78.154882812500034, 29.92548248905662 ], [ 78.156347656250034, 29.89996979374412 ], [ 78.160742187500034, 29.877215887494117 ], [ 78.1904296875, 29.79266998905662 ], [ 78.197851562500034, 29.74823639530662 ], [ 78.189062500000034, 29.70673248905662 ], [ 78.154882812500034, 29.675067449994117 ], [ 78.107177734375, 29.654559637494117 ], [ 78.0947265625, 29.646502996869117 ], [ 78.090039062500011, 29.642450262494116 ], [ 78.08447265625, 29.64105866093162 ], [ 78.0693359375, 29.64093659061912 ], [ 78.042089843750034, 29.634881903119116 ], [ 78.018847656249989, 29.61920807499412 ], [ 78.0009765625, 29.597040106244116 ], [ 77.990478515625, 29.572040106244117 ], [ 77.991796875000034, 29.53107330936912 ], [ 78.01123046875, 29.497674871869116 ], [ 78.03564453125, 29.46723053593162 ], [ 78.052441406250011, 29.434833074994117 ], [ 78.0537109375, 29.41986725468162 ], [ 78.05029296875, 29.389276434369116 ], [ 78.052441406250011, 29.37396881718162 ], [ 78.062109375000034, 29.363788153119117 ], [ 78.0751953125, 29.355731512494117 ], [ 78.08203125, 29.34467194218162 ], [ 78.072363281250034, 29.32562897343162 ], [ 78.103515625, 29.27850983280662 ], [ 78.1171875, 29.25141022343162 ], [ 78.11767578125, 29.23309967655662 ], [ 78.113525390625, 29.222674871869117 ], [ 78.114990234375, 29.21185944218162 ], [ 78.11875, 29.20148346561912 ], [ 78.120898437499989, 29.192157293744117 ], [ 78.115234375, 29.17975494999412 ], [ 78.088476562500034, 29.15314362186912 ], [ 78.079833984375, 29.140643621869117 ], [ 78.076074218750023, 29.05805084843162 ], [ 78.079492187500023, 29.04694244999412 ], [ 78.072021484375, 28.991327215619116 ], [ 78.072363281250034, 28.96930573124412 ], [ 78.094921875000011, 28.93598053593162 ], [ 78.10595703125, 28.91364166874412 ], [ 78.103759765625, 28.897333074994116 ], [ 78.09619140625, 28.88703034061912 ], [ 78.095800781250034, 28.87763092655662 ], [ 78.098535156250023, 28.86786530155662 ], [ 78.100341796875, 28.856317449994116 ], [ 78.09912109375, 28.85138580936912 ], [ 78.093994140625, 28.84198639530662 ], [ 78.0927734375, 28.83588287968162 ], [ 78.095898437500011, 28.828485418744116 ], [ 78.10302734375, 28.82416412968162 ], [ 78.1103515625, 28.821307684369117 ], [ 78.114648437500023, 28.818475653119116 ], [ 78.11865234375, 28.814325262494116 ], [ 78.123046875, 28.81342194218162 ], [ 78.126708984375, 28.811639715619116 ], [ 78.128320312500023, 28.804803778119116 ], [ 78.126953125, 28.799920965619116 ], [ 78.12158203125, 28.78803131718162 ], [ 78.120898437499989, 28.78436920780662 ], [ 78.123779296875, 28.77814362186912 ], [ 78.131445312500034, 28.770038153119117 ], [ 78.134521484375, 28.76386139530662 ], [ 78.140234375000034, 28.74787018436912 ], [ 78.146484375, 28.73834869999412 ], [ 78.165722656250011, 28.71918366093162 ], [ 78.182714843750034, 28.692889715619117 ], [ 78.18359375, 28.67182037968162 ], [ 78.177978515625, 28.64984772343162 ], [ 78.176025390625, 28.620477606244116 ], [ 78.1953125, 28.57025787968162 ], [ 78.2646484375, 28.488788153119117 ], [ 78.279052734375, 28.44171784061912 ], [ 78.272363281250023, 28.43475983280662 ], [ 78.267480468750023, 28.42816803593162 ], [ 78.264746093750034, 28.421258856244116 ], [ 78.26708984375, 28.41998932499412 ], [ 78.27197265625, 28.41498444218162 ], [ 78.27685546875, 28.407977606244117 ], [ 78.279052734375, 28.400751043744116 ], [ 78.275390625, 28.39044830936912 ], [ 78.268310546875, 28.38104889530662 ], [ 78.263916015625, 28.37201569218162 ], [ 78.2685546875, 28.36286041874412 ], [ 78.275488281250034, 28.354999090619117 ], [ 78.280957031250011, 28.34479401249412 ], [ 78.284570312500023, 28.33344147343162 ], [ 78.285839843750011, 28.322284246869117 ], [ 78.290136718750034, 28.30695221561912 ], [ 78.30078125, 28.296161199994117 ], [ 78.326757812500034, 28.277215887494116 ], [ 78.34521484375, 28.25177643436912 ], [ 78.353515625, 28.24310944218162 ], [ 78.373779296875, 28.22980377811912 ], [ 78.382714843750023, 28.22199127811912 ], [ 78.40625, 28.18610260624412 ], [ 78.44140625, 28.150653387494117 ], [ 78.4560546875, 28.12641022343162 ], [ 78.46337890625, 28.10590241093162 ], [ 78.47705078125, 28.092889715619116 ], [ 78.5439453125, 28.045184637494117 ], [ 78.556640625, 28.03974030155662 ], [ 78.569580078125, 28.03766510624412 ], [ 78.584716796875, 28.03278229374412 ], [ 78.595312500000034, 28.02118561405662 ], [ 78.604101562500034, 28.00751373905662 ], [ 78.6142578125, 27.99603912968162 ], [ 78.625585937500034, 27.98993561405662 ], [ 78.669531250000034, 27.975604559369117 ], [ 78.711669921875, 27.96893952030662 ], [ 78.720703125, 27.96503327030662 ], [ 78.73876953125, 27.952020574994116 ], [ 78.759960937500011, 27.945575262494117 ], [ 78.806054687500023, 27.94147369999412 ], [ 78.877050781250034, 27.92218659061912 ], [ 78.895117187500034, 27.91315338749412 ], [ 78.939453125, 27.882831121869117 ], [ 78.945898437500034, 27.872577215619117 ], [ 78.95068359375, 27.848895574994117 ], [ 78.956738281250011, 27.83844635624412 ], [ 78.981201171875, 27.827020574994116 ], [ 79.032812500000034, 27.83161041874412 ], [ 79.055908203125, 27.82135651249412 ], [ 79.076269531250034, 27.81561920780662 ], [ 79.130078125000011, 27.827508856244116 ], [ 79.155517578125, 27.81793854374412 ], [ 79.161376953125, 27.810419012494116 ], [ 79.163964843750023, 27.802850653119116 ], [ 79.165722656250011, 27.79425690311912 ], [ 79.169189453125, 27.783807684369116 ], [ 79.192968750000034, 27.735711981244116 ], [ 79.195556640625, 27.723993231244116 ], [ 79.195556640625, 27.711053778119116 ], [ 79.197021484375, 27.699335028119116 ], [ 79.20361328125, 27.69135162968162 ], [ 79.265380859375, 27.667108465619116 ], [ 79.298242187500023, 27.649676824994117 ], [ 79.331933593750023, 27.636835028119116 ], [ 79.368554687500023, 27.63410065311912 ], [ 79.409912109375, 27.646600653119116 ], [ 79.443261718750023, 27.606952215619117 ], [ 79.464648437499989, 27.586542059369116 ], [ 79.480712890625, 27.57770416874412 ], [ 79.4931640625, 27.57343170780662 ], [ 79.515722656250034, 27.554706121869117 ], [ 79.528564453125, 27.550409246869116 ], [ 79.546484375000034, 27.54816315311912 ], [ 79.554785156250034, 27.541522528119117 ], [ 79.557861328125, 27.53082916874412 ], [ 79.561718750000011, 27.48688385624412 ], [ 79.56640625, 27.475360418744117 ], [ 79.576171875, 27.46308014530662 ], [ 79.598535156250023, 27.448602606244116 ], [ 79.611083984375, 27.43781159061912 ], [ 79.622460937500023, 27.417499090619117 ], [ 79.626220703125, 27.39484284061912 ], [ 79.62841796875, 27.351825262494117 ], [ 79.631591796875, 27.34088776249412 ], [ 79.63623046875, 27.33051178593162 ], [ 79.64892578125, 27.31146881718162 ], [ 79.684277343750011, 27.276483465619116 ], [ 79.68994140625, 27.26642487186912 ], [ 79.69775390625, 27.24152252811912 ], [ 79.716699218750023, 27.22504303593162 ], [ 79.765625, 27.20160553593162 ], [ 79.819042968750011, 27.15692780155662 ], [ 79.837988281250034, 27.14520905155662 ], [ 79.850830078125, 27.14105866093162 ], [ 79.857617187500011, 27.139911199994117 ], [ 79.864843750000034, 27.139520574994116 ], [ 79.911523437500023, 27.14838287968162 ], [ 79.93017578125, 27.14374420780662 ], [ 79.950585937500023, 27.119012762494116 ], [ 79.990234375, 27.04962799686912 ], [ 80.00830078125, 27.026874090619117 ], [ 80.012451171875, 27.017108465619117 ], [ 80.0107421875, 27.00641510624412 ], [ 80.007226562500023, 26.99567291874412 ], [ 80.005078125000011, 26.985614324994117 ], [ 80.009375, 26.970721746869117 ], [ 80.019921875000023, 26.95722077030662 ], [ 80.08984375, 26.89691803593162 ], [ 80.107812500000023, 26.87372467655662 ], [ 80.114990234375, 26.84845612186912 ], [ 80.11767578125, 26.80390045780662 ], [ 80.121679687500034, 26.781366278119116 ], [ 80.128173828125, 26.76215241093162 ], [ 80.1416015625, 26.74237702030662 ], [ 80.16259765625, 26.72260162968162 ], [ 80.186132812500034, 26.707391668744116 ], [ 80.231201171875, 26.69599030155662 ], [ 80.2451171875, 26.68195221561912 ], [ 80.253173828125, 26.662127996869117 ], [ 80.262109375000023, 26.629901434369117 ], [ 80.29052734375, 26.570086981244117 ], [ 80.296875, 26.548700262494116 ], [ 80.305761718750034, 26.541278387494117 ], [ 80.31787109375, 26.537372137494117 ], [ 80.330664062500034, 26.53620026249412 ], [ 80.336328125000023, 26.530145574994116 ], [ 80.34326171875, 26.50006744999412 ], [ 80.347753906250034, 26.488397528119116 ], [ 80.4033203125, 26.44159577030662 ], [ 80.414794921875, 26.43622467655662 ], [ 80.42626953125, 26.43231842655662 ], [ 80.509960937500011, 26.38104889530662 ], [ 80.525976562500034, 26.36493561405662 ], [ 80.53271484375, 26.34894440311912 ], [ 80.553320312500034, 26.262958074994117 ], [ 80.553808593750034, 26.251971746869117 ], [ 80.558837890625, 26.23822662968162 ], [ 80.570556640625, 26.23261139530662 ], [ 80.584375, 26.22907135624412 ], [ 80.594921875000011, 26.22150299686912 ], [ 80.599609375, 26.21051666874412 ], [ 80.59912109375, 26.20221588749412 ], [ 80.596435546875, 26.194110418744117 ], [ 80.594921875000011, 26.18366119999412 ], [ 80.59765625, 26.174579168744117 ], [ 80.604589843750034, 26.169061590619116 ], [ 80.622167968750034, 26.16010162968162 ], [ 80.673095703125, 26.11481354374412 ], [ 80.6904296875, 26.104852606244116 ], [ 80.70068359375, 26.10382721561912 ], [ 80.71875, 26.109881903119117 ], [ 80.728271484375, 26.11163971561912 ], [ 80.742919921875, 26.11017487186912 ], [ 80.75, 26.10602448124412 ], [ 80.755615234375, 26.09955475468162 ], [ 80.765527343750023, 26.091180731244116 ], [ 80.78857421875, 26.08063385624412 ], [ 80.796875, 26.073358465619116 ], [ 80.80029296875, 26.060419012494116 ], [ 80.797949218750034, 26.049090887494117 ], [ 80.795117187500011, 26.04035065311912 ], [ 80.798437500000034, 26.034051824994116 ], [ 80.81396484375, 26.02973053593162 ], [ 80.832421875000023, 26.04791901249412 ], [ 80.853417968750023, 26.05817291874412 ], [ 80.877832031250023, 26.06281159061912 ], [ 80.906347656250034, 26.06391022343162 ], [ 80.92578125, 26.06659577030662 ], [ 80.9619140625, 26.07697174686912 ], [ 80.985253906250023, 26.076922918744117 ], [ 81.0107421875, 26.07135651249412 ], [ 81.032812500000034, 26.06098053593162 ], [ 81.04833984375, 26.044061590619116 ], [ 81.05419921875, 26.01886627811912 ], [ 81.065185546875, 26.00031159061912 ], [ 81.090429687500034, 25.98407623905662 ], [ 81.117919921875, 25.972284246869123 ], [ 81.135498046875, 25.967059637494117 ], [ 81.163183593750034, 25.96295807499412 ], [ 81.187255859375, 25.95526764530662 ], [ 81.2041015625, 25.93927643436912 ], [ 81.2138671875, 25.882831121869117 ], [ 81.224511718750023, 25.868524481244123 ], [ 81.24375, 25.860370184369117 ], [ 81.29443359375, 25.84516022343162 ], [ 81.302001953125, 25.84076569218162 ], [ 81.358642578125, 25.786151434369117 ], [ 81.366796875000034, 25.78082916874412 ], [ 81.384033203125, 25.77716705936912 ], [ 81.392822265625, 25.77216217655662 ], [ 81.402734375000023, 25.758905340619123 ], [ 81.400488281250034, 25.749530340619117 ], [ 81.391992187500023, 25.74042389530662 ], [ 81.382519531250011, 25.72809479374412 ], [ 81.376708984375, 25.70429108280662 ], [ 81.3828125, 25.68207428593162 ], [ 81.4, 25.66559479374412 ], [ 81.441015625000034, 25.654901434369123 ], [ 81.464111328125, 25.636102606244123 ], [ 81.478759765625, 25.63190338749412 ], [ 81.512939453125, 25.63117096561912 ], [ 81.51513671875, 25.62872955936912 ], [ 81.515625, 25.624530340619117 ], [ 81.526123046875, 25.60932037968162 ], [ 81.530957031250011, 25.599725653119123 ], [ 81.538964843750023, 25.591083074994117 ], [ 81.553808593750034, 25.58466217655662 ], [ 81.566162109375, 25.584002996869117 ], [ 81.598876953125, 25.59088776249412 ], [ 81.630078125000011, 25.586542059369123 ], [ 81.639257812500034, 25.574237371869117 ], [ 81.642822265625, 25.554803778119123 ], [ 81.657470703125, 25.52948639530662 ], [ 81.663671875000034, 25.52448151249412 ], [ 81.6767578125, 25.51984284061912 ], [ 81.68408203125, 25.51581452030662 ], [ 81.704687500000034, 25.49469635624412 ], [ 81.716894531250034, 25.49359772343162 ], [ 81.7451171875, 25.49579498905662 ], [ 81.755859375, 25.49127838749412 ], [ 81.7783203125, 25.47797272343162 ], [ 81.798730468750023, 25.48065827030662 ], [ 81.841796875, 25.50214264530662 ], [ 81.8857421875, 25.51288483280662 ], [ 81.907958984375, 25.51166412968162 ], [ 81.91748046875, 25.498407293744123 ], [ 81.9130859375, 25.47711823124412 ], [ 81.904541015625, 25.458368231244123 ], [ 81.89892578125, 25.438348699994123 ], [ 81.903222656250023, 25.41278717655662 ], [ 81.9189453125, 25.37628815311912 ], [ 81.9375, 25.344501043744117 ], [ 81.950439453125, 25.333758856244117 ], [ 81.969921875000011, 25.324481512494117 ], [ 81.991308593750034, 25.320917059369123 ], [ 82.009375, 25.32709381718162 ], [ 82.025488281250034, 25.33527252811912 ], [ 82.04296875, 25.335565496869123 ], [ 82.06005859375, 25.32904694218162 ], [ 82.0751953125, 25.31659577030662 ], [ 82.082275390625, 25.300799871869117 ], [ 82.08251953125, 25.287713934369123 ], [ 82.08837890625, 25.27887604374412 ], [ 82.112402343750034, 25.27558014530662 ], [ 82.129150390625, 25.282001043744117 ], [ 82.159277343750034, 25.310174871869123 ], [ 82.181396484375, 25.31659577030662 ], [ 82.191650390625, 25.314715887494117 ], [ 82.204199218750034, 25.30963776249412 ], [ 82.214746093750023, 25.30206940311912 ], [ 82.21923828125, 25.29266998905662 ], [ 82.217480468750011, 25.280389715619123 ], [ 82.2138671875, 25.27228424686912 ], [ 82.208984375, 25.264911199994117 ], [ 82.204980468750023, 25.255145574994117 ], [ 82.196191406250023, 25.21881744999412 ], [ 82.196191406250023, 25.20282623905662 ], [ 82.201757812500034, 25.189960028119117 ], [ 82.216406250000034, 25.183710028119123 ], [ 82.236523437500011, 25.18573639530662 ], [ 82.273193359375, 25.19367096561912 ], [ 82.264404296875, 25.20355866093162 ], [ 82.239013671875, 25.213251043744123 ], [ 82.225341796875, 25.220331121869123 ], [ 82.24375, 25.23993561405662 ], [ 82.25390625, 25.257684637494123 ], [ 82.26611328125, 25.270624090619123 ], [ 82.290625, 25.27558014530662 ], [ 82.312402343750023, 25.26312897343162 ], [ 82.32763671875, 25.215106512494117 ], [ 82.348876953125, 25.21417877811912 ], [ 82.3603515625, 25.22492096561912 ], [ 82.372314453125, 25.253192449994117 ], [ 82.383056640625, 25.261981512494117 ], [ 82.397216796875, 25.26080963749412 ], [ 82.4140625, 25.25263092655662 ], [ 82.43017578125, 25.241473699994117 ], [ 82.44140625, 25.231219793744117 ], [ 82.476953125000023, 25.186151434369123 ], [ 82.496777343750011, 25.16986725468162 ], [ 82.527148437499989, 25.15949127811912 ], [ 82.551025390625, 25.157831121869123 ], [ 82.578222656250034, 25.16120026249412 ], [ 82.5927734375, 25.17316315311912 ], [ 82.567578125000011, 25.217792059369117 ], [ 82.5859375, 25.22504303593162 ], [ 82.615234375, 25.22418854374412 ], [ 82.636962890625, 25.220331121869123 ], [ 82.684814453125, 25.19367096561912 ], [ 82.730078125000034, 25.15595123905662 ], [ 82.778564453125, 25.12494537968162 ], [ 82.835546875000034, 25.11859772343162 ], [ 82.870996093750023, 25.137225653119117 ], [ 82.92041015625, 25.194598699994117 ], [ 82.9619140625, 25.20673248905662 ], [ 82.995898437499989, 25.204950262494123 ], [ 83.00830078125, 25.210711981244117 ], [ 83.019921875000023, 25.227801824994117 ], [ 83.025097656250011, 25.24616119999412 ], [ 83.023339843750023, 25.26239655155662 ], [ 83.016503906250023, 25.27667877811912 ], [ 83.00625, 25.28925202030662 ], [ 83.04150390625, 25.32306549686912 ], [ 83.134960937500011, 25.326434637494117 ], [ 83.17138671875, 25.351336981244117 ], [ 83.179785156250034, 25.37885162968162 ], [ 83.177832031250034, 25.410272528119123 ], [ 83.1630859375, 25.436151434369123 ], [ 83.1337890625, 25.446893621869123 ], [ 83.123046875, 25.45221588749412 ], [ 83.130468750000034, 25.464129949994117 ], [ 83.153906250000034, 25.48444244999412 ], [ 83.16162109375, 25.49494049686912 ], [ 83.17431640625, 25.51947662968162 ], [ 83.185644531250034, 25.52948639530662 ], [ 83.212597656250011, 25.53522369999412 ], [ 83.233496093750034, 25.52472565311912 ], [ 83.253320312500023, 25.509784246869117 ], [ 83.290917968750023, 25.49787018436912 ], [ 83.311718750000011, 25.479120184369123 ], [ 83.325878906250011, 25.474872137494117 ], [ 83.342041015625, 25.47785065311912 ], [ 83.368359375000011, 25.49127838749412 ], [ 83.383056640625, 25.49469635624412 ], [ 83.409423828125, 25.48700592655662 ], [ 83.436718750000011, 25.46723053593162 ], [ 83.48291015625, 25.42304108280662 ], [ 83.507226562500023, 25.40692780155662 ], [ 83.530029296875, 25.40192291874412 ], [ 83.543847656250023, 25.41156647343162 ], [ 83.541259765625, 25.439471746869117 ], [ 83.503173828125, 25.489032293744117 ], [ 83.490917968750011, 25.517108465619117 ], [ 83.51025390625, 25.52948639530662 ], [ 83.536376953125, 25.53461334843162 ], [ 83.558837890625, 25.54779694218162 ], [ 83.599609375, 25.58405182499412 ], [ 83.617089843750023, 25.59772369999412 ], [ 83.634033203125, 25.604022528119117 ], [ 83.664160156250034, 25.611444403119123 ], [ 83.692968750000034, 25.61469147343162 ], [ 83.705664062500034, 25.608270574994123 ], [ 83.711181640625, 25.601336981244117 ], [ 83.72314453125, 25.594842840619123 ], [ 83.735058593750011, 25.58649323124412 ], [ 83.740478515625, 25.573846746869123 ], [ 83.7451171875, 25.55097077030662 ], [ 83.749414062500023, 25.53778717655662 ], [ 83.753515625000034, 25.52948639530662 ], [ 83.77197265625, 25.51727936405662 ], [ 83.793554687500034, 25.515887762494117 ], [ 83.839648437499989, 25.52204010624412 ], [ 83.880859375, 25.52204010624412 ], [ 83.897705078125, 25.52399323124412 ], [ 83.904296875, 25.529559637494117 ], [ 83.908398437500011, 25.53815338749412 ], [ 83.91796875, 25.549335028119117 ], [ 83.98193359375, 25.589374090619117 ], [ 84.00341796875, 25.608270574994123 ], [ 84.05810546875, 25.67377350468162 ], [ 84.143457031250023, 25.73627350468162 ], [ 84.179785156250034, 25.745965887494123 ], [ 84.212890625, 25.72809479374412 ], [ 84.217382812500034, 25.71356842655662 ], [ 84.220458984375, 25.695086981244117 ], [ 84.22998046875, 25.68109772343162 ], [ 84.253808593750023, 25.679706121869117 ], [ 84.2724609375, 25.69293854374412 ], [ 84.30810546875, 25.738641668744123 ], [ 84.326171875, 25.748553778119117 ], [ 84.339746093750023, 25.752704168744117 ], [ 84.35595703125, 25.76056549686912 ], [ 84.372656250000034, 25.765155340619117 ], [ 84.387597656250023, 25.75946686405662 ], [ 84.419042968750034, 25.73078034061912 ], [ 84.43798828125, 25.718768621869117 ], [ 84.463964843750034, 25.71198151249412 ], [ 84.479736328125, 25.703485418744123 ], [ 84.486523437500011, 25.70075104374412 ], [ 84.498779296875, 25.699090887494123 ], [ 84.560302734375, 25.70197174686912 ], [ 84.5771484375, 25.70001862186912 ], [ 84.595800781250034, 25.69330475468162 ], [ 84.617285156250034, 25.702264715619123 ], [ 84.668212890625, 25.705926824994123 ], [ 84.68896484375, 25.71723053593162 ], [ 84.709375, 25.73761627811912 ], [ 84.728515625, 25.74970123905662 ], [ 84.749267578125, 25.75336334843162 ], [ 84.775097656250011, 25.748553778119117 ], [ 84.853125, 25.712420965619117 ], [ 84.88134765625, 25.70758698124412 ], [ 84.90478515625, 25.71149323124412 ], [ 84.94921875, 25.729510809369117 ], [ 84.973876953125, 25.73493073124412 ], [ 84.996337890625, 25.734881903119117 ], [ 85.058837890625, 25.72809479374412 ], [ 85.0859375, 25.721063543744123 ], [ 85.10205078125, 25.70368073124412 ], [ 85.1240234375, 25.659198309369117 ], [ 85.142822265625, 25.641864324994117 ], [ 85.16259765625, 25.638299871869123 ], [ 85.182714843750034, 25.63764069218162 ], [ 85.209863281250023, 25.626239324994117 ], [ 85.233642578125, 25.61957428593162 ], [ 85.237060546875, 25.61823151249412 ], [ 85.244726562500034, 25.61359284061912 ], [ 85.251953125, 25.60309479374412 ], [ 85.26123046875, 25.58466217655662 ], [ 85.2724609375, 25.567401434369117 ], [ 85.284423828125, 25.55426666874412 ], [ 85.29931640625, 25.546014715619123 ], [ 85.319580078125, 25.543085028119123 ], [ 85.333251953125, 25.53766510624412 ], [ 85.369384765625, 25.513788153119123 ], [ 85.388085937500023, 25.50836823124412 ], [ 85.42138671875, 25.51703522343162 ], [ 85.4560546875, 25.53778717655662 ], [ 85.515039062500023, 25.58466217655662 ], [ 85.559667968750034, 25.523456121869117 ], [ 85.576562500000023, 25.50836823124412 ], [ 85.621337890625, 25.482049871869123 ], [ 85.63427734375, 25.47113678593162 ], [ 85.651953125000034, 25.46344635624412 ], [ 85.6708984375, 25.46930573124412 ], [ 85.7216796875, 25.504169012494117 ], [ 85.737597656249989, 25.51068756718162 ], [ 85.755957031250034, 25.51459381718162 ], [ 85.77880859375, 25.51581452030662 ], [ 85.830664062500034, 25.50495026249412 ], [ 85.8720703125, 25.47821686405662 ], [ 85.946386718750034, 25.41278717655662 ], [ 85.996972656250023, 25.38031647343162 ], [ 86.019140625000034, 25.359149481244117 ], [ 86.0283203125, 25.33392975468162 ], [ 86.039160156250034, 25.33038971561912 ], [ 86.089453125000034, 25.33197662968162 ], [ 86.104101562500034, 25.330194403119123 ], [ 86.115917968750011, 25.33148834843162 ], [ 86.162207031250034, 25.326190496869117 ], [ 86.176025390625, 25.32025787968162 ], [ 86.185791015625, 25.31928131718162 ], [ 86.222558593750023, 25.32941315311912 ], [ 86.2412109375, 25.330194403119123 ], [ 86.257910156250034, 25.32538483280662 ], [ 86.2744140625, 25.31757233280662 ], [ 86.290283203125, 25.30670807499412 ], [ 86.30615234375, 25.29266998905662 ], [ 86.318115234375, 25.292499090619117 ], [ 86.377832031250023, 25.31037018436912 ], [ 86.4150390625, 25.33087799686912 ], [ 86.446044921875, 25.36188385624412 ], [ 86.47021484375, 25.39777252811912 ], [ 86.487695312500023, 25.433221746869123 ], [ 86.5068359375, 25.462665106244117 ], [ 86.534423828125, 25.48285553593162 ], [ 86.564355468750023, 25.485223699994123 ], [ 86.590722656250023, 25.461200262494117 ], [ 86.578857421875, 25.41876862186912 ], [ 86.57958984375, 25.37506744999412 ], [ 86.591064453125, 25.334979559369117 ], [ 86.611230468750023, 25.30353424686912 ], [ 86.649658203125, 25.273065496869123 ], [ 86.69384765625, 25.25641510624412 ], [ 86.739648437500023, 25.256366278119117 ], [ 86.782470703125, 25.27558014530662 ], [ 86.834716796875, 25.325946356244117 ], [ 86.858496093750034, 25.34064362186912 ], [ 86.867919921875, 25.347919012494117 ], [ 86.889892578125, 25.349969793744123 ], [ 86.92041015625, 25.33331940311912 ], [ 86.974218750000034, 25.28925202030662 ], [ 86.996191406250034, 25.27838776249412 ], [ 87.046875, 25.268915106244123 ], [ 87.077246093750034, 25.25421784061912 ], [ 87.087792968750023, 25.25592682499412 ], [ 87.09814453125, 25.259784246869117 ], [ 87.1083984375, 25.261981512494117 ], [ 87.123779296875, 25.25726959843162 ], [ 87.147070312500034, 25.23517487186912 ], [ 87.159912109375, 25.227801824994117 ], [ 87.190136718750011, 25.23029205936912 ], [ 87.217675781250023, 25.24835846561912 ], [ 87.238525390625, 25.275018621869123 ], [ 87.248632812500034, 25.30353424686912 ], [ 87.282128906250023, 25.35614655155662 ], [ 87.3037109375, 25.377069403119123 ], [ 87.33154296875, 25.38727448124412 ], [ 87.342480468750011, 25.39581940311912 ], [ 87.35107421875, 25.39850494999412 ], [ 87.356640625000011, 25.397821356244123 ], [ 87.372314453125, 25.393329168744117 ], [ 87.382080078125, 25.39227936405662 ], [ 87.4013671875, 25.394403387494123 ], [ 87.44384765625, 25.40595123905662 ], [ 87.478271484375, 25.40375397343162 ], [ 87.490625, 25.399676824994117 ], [ 87.501855468750023, 25.39227936405662 ], [ 87.511962890625, 25.381952215619123 ], [ 87.51806640625, 25.371356512494117 ], [ 87.52978515625, 25.344501043744117 ], [ 87.535742187500034, 25.32013580936912 ], [ 87.539794921875, 25.31659577030662 ], [ 87.549707031250023, 25.31525299686912 ], [ 87.55810546875, 25.31195709843162 ], [ 87.570214843750023, 25.30353424686912 ], [ 87.581445312500023, 25.28998444218162 ], [ 87.588623046875, 25.276874090619117 ], [ 87.5986328125, 25.266717840619123 ], [ 87.659570312500023, 25.255145574994117 ], [ 87.68115234375, 25.245477606244123 ], [ 87.72607421875, 25.25165436405662 ], [ 87.74951171875, 25.248309637494117 ], [ 87.759765625, 25.243524481244123 ], [ 87.770117187500034, 25.23700592655662 ], [ 87.77880859375, 25.22760651249412 ], [ 87.78369140625, 25.21417877811912 ], [ 87.783398437500011, 25.200311590619123 ], [ 87.779052734375, 25.192010809369123 ], [ 87.773193359375, 25.184588934369117 ], [ 87.769433593750023, 25.17316315311912 ], [ 87.768652343750034, 25.159295965619123 ], [ 87.770410156250023, 25.14801666874412 ], [ 87.776269531250023, 25.124774481244117 ], [ 87.776464843750034, 25.11798737186912 ], [ 87.775097656250011, 25.10333893436912 ], [ 87.776269531250023, 25.09686920780662 ], [ 87.780957031250011, 25.08991119999412 ], [ 87.786865234375, 25.08759186405662 ], [ 87.792578125000034, 25.08661530155662 ], [ 87.79736328125, 25.08380768436912 ], [ 87.835546875000034, 25.04718659061912 ], [ 87.860595703125, 25.030780340619117 ], [ 87.885498046875, 25.022333074994123 ], [ 87.89404296875, 25.02081940311912 ], [ 87.9130859375, 25.00372955936912 ], [ 87.916259765625, 25.00189850468162 ], [ 87.935302734375, 25.00433991093162 ], [ 87.94384765625, 25.000604559369123 ], [ 87.954296875000011, 24.98761627811912 ], [ 87.961181640625, 24.966180731244123 ], [ 87.958105468750034, 24.94415924686912 ], [ 87.948974609375, 24.92413971561912 ], [ 87.93701171875, 24.90875885624412 ], [ 87.914794921875, 24.889032293744123 ], [ 87.90869140625, 24.87836334843162 ], [ 87.906640625000023, 24.860956121869123 ], [ 87.9111328125, 24.84442780155662 ], [ 87.922119140625, 24.826532293744123 ], [ 87.947509765625, 24.795770574994123 ], [ 87.944921875000034, 24.75531647343162 ], [ 87.95947265625, 24.71723053593162 ], [ 88.005859375, 24.655536199994117 ], [ 88.021484375, 24.64581940311912 ], [ 88.040429687500023, 24.640643621869117 ], [ 88.056738281250034, 24.634295965619117 ], [ 88.06689453125, 24.613885809369123 ], [ 88.081445312500023, 24.600116278119117 ], [ 88.084716796875, 24.59406159061912 ], [ 88.084716796875, 24.54193756718162 ], [ 88.085546875000034, 24.53693268436912 ], [ 88.089648437499989, 24.533221746869117 ], [ 88.098388671875, 24.522723699994117 ], [ 88.111230468750023, 24.502069403119123 ], [ 88.118896484375, 24.494159246869117 ], [ 88.133398437500034, 24.48248932499412 ], [ 88.1513671875, 24.471698309369117 ], [ 88.171142578125, 24.463739324994123 ], [ 88.190820312500023, 24.46063873905662 ], [ 88.22509765625, 24.46063873905662 ], [ 88.236230468750023, 24.462762762494123 ], [ 88.250878906250023, 24.472186590619117 ], [ 88.259765625, 24.47431061405662 ], [ 88.272216796875, 24.474969793744123 ], [ 88.283398437500011, 24.47711823124412 ], [ 88.292871093750023, 24.480585028119123 ], [ 88.299707031250023, 24.485467840619123 ], [ 88.307861328125, 24.48615143436912 ], [ 88.31640625, 24.46845123905662 ], [ 88.321679687500023, 24.462762762494123 ], [ 88.328125, 24.46063873905662 ], [ 88.379492187500034, 24.40228912968162 ], [ 88.38720703125, 24.388788153119123 ], [ 88.4052734375, 24.371698309369123 ], [ 88.426660156250023, 24.35700104374412 ], [ 88.444433593750034, 24.35077545780662 ], [ 88.483300781250023, 24.35297272343162 ], [ 88.506103515625, 24.35797760624412 ], [ 88.51611328125, 24.36749909061912 ], [ 88.681396484375, 24.33405182499412 ], [ 88.714257812500023, 24.31561920780662 ], [ 88.737060546875, 24.28729889530662 ], [ 88.74267578125, 24.24774811405662 ], [ 88.744531250000023, 24.243670965619117 ], [ 88.7470703125, 24.227167059369123 ], [ 88.749267578125, 24.22345612186912 ], [ 88.74609375, 24.214227606244123 ], [ 88.734375, 24.198602606244123 ], [ 88.731201171875, 24.19000885624412 ], [ 88.732177734375, 24.182391668744117 ], [ 88.73583984375, 24.174579168744117 ], [ 88.75146484375, 24.15265534061912 ], [ 88.758056640625, 24.14740631718162 ], [ 88.782470703125, 24.135760809369117 ], [ 88.796972656250034, 24.125995184369117 ], [ 88.804785156250034, 24.122088934369117 ], [ 88.824462890625, 24.11908600468162 ], [ 88.8427734375, 24.12323639530662 ], [ 88.907324218750034, 24.150995184369123 ], [ 88.9208984375, 24.159442449994117 ], [ 88.9306640625, 24.17157623905662 ], [ 88.941162109375, 24.17194244999412 ], [ 88.95068359375, 24.170428778119117 ], [ 88.959716796875, 24.16705963749412 ], [ 88.968994140625, 24.161981512494123 ], [ 88.976757812500011, 24.15595123905662 ], [ 88.999902343750023, 24.127801824994123 ], [ 89.022558593750034, 24.107196356244117 ], [ 89.03271484375, 24.10004303593162 ], [ 89.03662109375, 24.095331121869123 ], [ 89.040429687500023, 24.086053778119123 ], [ 89.04248046875, 24.07807037968162 ], [ 89.04541015625, 24.070575262494117 ], [ 89.051855468750034, 24.06232330936912 ], [ 89.059277343750011, 24.055047918744123 ], [ 89.065673828125, 24.04706452030662 ], [ 89.069726562500023, 24.037958074994123 ], [ 89.069726562500023, 24.027460028119123 ], [ 89.066503906250034, 24.01483795780662 ], [ 89.065039062500034, 24.00531647343162 ], [ 89.068115234375, 23.996454168744123 ], [ 89.077539062500023, 23.985858465619117 ], [ 89.116113281250023, 23.95575592655662 ], [ 89.137451171875, 23.94306061405662 ], [ 89.1591796875, 23.93353912968162 ], [ 89.186425781250023, 23.92890045780662 ], [ 89.269433593750023, 23.936786199994117 ], [ 89.296484375000034, 23.93500397343162 ], [ 89.321386718750034, 23.92987702030662 ], [ 89.345117187500023, 23.92047760624412 ], [ 89.377832031250023, 23.89996979374412 ], [ 89.46728515625, 23.864862371869123 ], [ 89.489990234375, 23.85272858280662 ], [ 89.530029296875, 23.819452215619123 ], [ 89.5556640625, 23.814813543744123 ], [ 89.573144531250023, 23.819940496869123 ], [ 89.603271484375, 23.837762762494123 ], [ 89.61962890625, 23.84369537968162 ], [ 89.674902343750034, 23.84845612186912 ], [ 89.708886718750023, 23.856805731244123 ], [ 89.723388671875, 23.855731512494117 ], [ 89.753662109375, 23.845477606244117 ], [ 89.749267578125, 23.848016668744123 ] ], [ [ 90.010156250000023, 22.490252996869117 ], [ 90.011962890625, 22.511102606244123 ], [ 90.01953125, 22.538446356244123 ], [ 90.0244140625, 22.54828522343162 ], [ 90.017822265625, 22.56635162968162 ], [ 90.014404296875, 22.59613678593162 ], [ 90.015869140625, 22.62775299686912 ], [ 90.0244140625, 22.65131256718162 ], [ 90.013281250000034, 22.66730377811912 ], [ 90.009960937500011, 22.686151434369123 ], [ 90.0107421875, 22.726434637494123 ], [ 90.006738281250023, 22.750262762494117 ], [ 89.998779296875, 22.76886627811912 ], [ 89.94287109375, 22.857294012494123 ], [ 89.92822265625, 22.87042877811912 ], [ 89.88720703125, 22.890252996869123 ], [ 89.879638671875, 22.896502996869117 ], [ 89.859277343750023, 22.918231512494117 ], [ 89.853271484375, 22.92182037968162 ], [ 89.838134765625, 22.927997137494117 ], [ 89.83251953125, 22.931903387494117 ], [ 89.828125, 22.939081121869123 ], [ 89.822509765625, 22.957294012494117 ], [ 89.818359375, 22.96662018436912 ], [ 89.804882812500011, 22.98309967655662 ], [ 89.77294921875, 23.01032135624412 ], [ 89.7568359375, 23.028094793744117 ], [ 89.732519531250034, 23.076288153119123 ], [ 89.72265625, 23.08954498905662 ], [ 89.714746093750023, 23.09381744999412 ], [ 89.69775390625, 23.096942449994117 ], [ 89.689160156250011, 23.10382721561912 ], [ 89.684814453125, 23.109979559369123 ], [ 89.681738281250034, 23.117547918744123 ], [ 89.680273437500034, 23.126727606244117 ], [ 89.68115234375, 23.137958074994117 ], [ 89.700781250000034, 23.122577215619117 ], [ 89.7109375, 23.11908600468162 ], [ 89.718359375000034, 23.13336823124412 ], [ 89.733789062500023, 23.153436590619123 ], [ 89.740136718750023, 23.15778229374412 ], [ 89.752832031250023, 23.161737371869123 ], [ 89.755957031250034, 23.170526434369123 ], [ 89.750244140625, 23.179803778119123 ], [ 89.736328125, 23.18512604374412 ], [ 89.724609375, 23.182489324994123 ], [ 89.716210937500023, 23.17560455936912 ], [ 89.707275390625, 23.170038153119123 ], [ 89.69482421875, 23.17145416874412 ], [ 89.680078125000023, 23.189227606244117 ], [ 89.683203125000034, 23.20990631718162 ], [ 89.680908203125, 23.22699616093162 ], [ 89.627636718750011, 23.240350653119123 ], [ 89.63623046875, 23.25531647343162 ], [ 89.65625, 23.273309637494123 ], [ 89.66748046875, 23.28876373905662 ], [ 89.637597656250023, 23.288202215619123 ], [ 89.6123046875, 23.315204168744117 ], [ 89.597558593750023, 23.353045965619117 ], [ 89.5986328125, 23.38495514530662 ], [ 89.60595703125, 23.38495514530662 ], [ 89.609472656250034, 23.379413153119117 ], [ 89.613525390625, 23.375995184369117 ], [ 89.62646484375, 23.370721746869123 ], [ 89.607617187500011, 23.45307037968162 ], [ 89.5986328125, 23.47308991093162 ], [ 89.578710937500034, 23.490106512494123 ], [ 89.548095703125, 23.50568268436912 ], [ 89.518945312500023, 23.508417059369123 ], [ 89.5029296875, 23.48676178593162 ], [ 89.4990234375, 23.49262116093162 ], [ 89.496484375000023, 23.499383856244123 ], [ 89.49560546875, 23.50665924686912 ], [ 89.496777343750011, 23.51410553593162 ], [ 89.503320312500023, 23.51776764530662 ], [ 89.516503906250023, 23.52741119999412 ], [ 89.525781250000023, 23.53742096561912 ], [ 89.52001953125, 23.54205963749412 ], [ 89.509765625, 23.546649481244117 ], [ 89.503808593750023, 23.55744049686912 ], [ 89.499414062500023, 23.57001373905662 ], [ 89.493066406250023, 23.57990143436912 ], [ 89.48046875, 23.593036199994117 ], [ 89.420996093750034, 23.674432684369123 ], [ 89.410742187500034, 23.679217840619117 ], [ 89.397705078125, 23.678094793744123 ], [ 89.381103515625, 23.67340729374412 ], [ 89.3525390625, 23.671747137494123 ], [ 89.311132812500034, 23.72016022343162 ], [ 89.276562500000011, 23.739520574994117 ], [ 89.261962890625, 23.751825262494123 ], [ 89.255957031250034, 23.77167389530662 ], [ 89.255468750000034, 23.806756903119123 ], [ 89.24951171875, 23.816424871869117 ], [ 89.219921875000011, 23.84650299686912 ], [ 89.210546875000034, 23.85370514530662 ], [ 89.187597656250034, 23.85907623905662 ], [ 89.184179687500034, 23.86505768436912 ], [ 89.1826171875, 23.87311432499412 ], [ 89.177441406250011, 23.88153717655662 ], [ 89.156640625000023, 23.898456121869117 ], [ 89.11376953125, 23.926044012494117 ], [ 89.1044921875, 23.93427155155662 ], [ 89.09814453125, 23.944208074994123 ], [ 89.097265625000034, 23.94855377811912 ], [ 89.09716796875, 23.95246002811912 ], [ 89.09619140625, 23.95600006718162 ], [ 89.088281250000023, 23.97833893436912 ] ], [ [ 88.070898437500034, 22.234881903119117 ], [ 88.07568359375, 22.24127838749412 ], [ 88.077880859375, 22.24884674686912 ], [ 88.07958984375, 22.26520416874412 ], [ 88.08056640625, 22.268817449994117 ], [ 88.082128906250034, 22.27191803593162 ], [ 88.0966796875, 22.29376862186912 ], [ 88.09912109375, 22.29938385624412 ], [ 88.10302734375, 22.31415436405662 ], [ 88.105224609375, 22.32916901249412 ], [ 88.10107421875, 22.367206121869117 ], [ 88.10693359375, 22.383807684369117 ], [ 88.129199218749989, 22.390643621869117 ], [ 88.1396484375, 22.39887116093162 ], [ 88.13720703125, 22.418085028119123 ], [ 88.125683593750011, 22.455829168744117 ], [ 88.133056640625, 22.46869537968162 ], [ 88.150488281250034, 22.47589752811912 ], [ 88.1708984375, 22.480829168744123 ], [ 88.187109375000034, 22.486835028119117 ], [ 88.194238281250023, 22.49542877811912 ], [ 88.199804687500034, 22.50678131718162 ], [ 88.206738281250011, 22.516717840619123 ], [ 88.21826171875, 22.521014715619117 ], [ 88.230078125000034, 22.520770574994117 ], [ 88.237597656249989, 22.52179596561912 ], [ 88.2412109375, 22.526727606244123 ], [ 88.242431640625, 22.53803131718162 ], [ 88.251220703125, 22.55365631718162 ], [ 88.27197265625, 22.55621979374412 ], [ 88.296875, 22.55402252811912 ], [ 88.3173828125, 22.55512116093162 ], [ 88.34228515625, 22.576288153119123 ], [ 88.35693359375, 22.61261627811912 ], [ 88.364013671875, 22.65607330936912 ], [ 88.365917968750011, 22.698504949994117 ], [ 88.36279296875, 22.721210028119117 ], [ 88.348535156250023, 22.75800202030662 ], [ 88.345458984375, 22.77826569218162 ], [ 88.34814453125, 22.788202215619123 ], [ 88.365917968750011, 22.815790106244123 ], [ 88.379492187500034, 22.85675690311912 ], [ 88.39794921875, 22.896844793744123 ], [ 88.403906250000034, 22.917108465619123 ], [ 88.409277343750034, 22.967059637494117 ], [ 88.417724609375, 22.98651764530662 ], [ 88.431054687500023, 23.003534246869123 ], [ 88.448437500000011, 23.021258856244117 ], [ 88.4404296875, 23.028094793744117 ], [ 88.45068359375, 23.039081121869117 ], [ 88.462158203125, 23.03949616093162 ], [ 88.475, 23.03754303593162 ], [ 88.48876953125, 23.041131903119123 ], [ 88.4951171875, 23.049335028119117 ], [ 88.491943359375, 23.056756903119123 ], [ 88.481640625000011, 23.06183502811912 ], [ 88.46826171875, 23.062860418744123 ], [ 88.4736328125, 23.074481512494117 ], [ 88.491796875000034, 23.09699127811912 ], [ 88.49560546875, 23.10724518436912 ], [ 88.4921875, 23.11896393436912 ], [ 88.483642578125, 23.123895574994123 ], [ 88.472363281250011, 23.12628815311912 ], [ 88.4609375, 23.130487371869123 ], [ 88.447265625, 23.142352606244117 ], [ 88.447265625, 23.154413153119123 ], [ 88.46826171875, 23.19257233280662 ], [ 88.457421875000023, 23.212420965619117 ], [ 88.4443359375, 23.217401434369123 ], [ 88.4130859375, 23.212420965619117 ], [ 88.392187500000034, 23.21576569218162 ], [ 88.382226562500023, 23.22528717655662 ], [ 88.365917968750011, 23.260858465619123 ], [ 88.360253906250023, 23.265155340619117 ], [ 88.353515625, 23.266717840619123 ], [ 88.347753906250034, 23.269794012494117 ], [ 88.345458984375, 23.278192449994123 ], [ 88.345458984375, 23.31610748905662 ], [ 88.343652343750023, 23.324969793744117 ], [ 88.3408203125, 23.33380768436912 ], [ 88.342675781250023, 23.34064362186912 ], [ 88.3671875, 23.34564850468162 ], [ 88.370361328125, 23.35175202030662 ], [ 88.370361328125, 23.360467840619123 ], [ 88.3720703125, 23.370721746869123 ], [ 88.37744140625, 23.38361237186912 ], [ 88.379003906250034, 23.39093659061912 ], [ 88.379492187500034, 23.401727606244123 ], [ 88.376074218750034, 23.41412994999412 ], [ 88.368261718750034, 23.419208074994117 ], [ 88.359082031250011, 23.42157623905662 ], [ 88.352294921875, 23.42597077030662 ], [ 88.344921875000011, 23.433954168744123 ], [ 88.340722656250023, 23.43756744999412 ], [ 88.34130859375, 23.44122955936912 ], [ 88.35498046875, 23.456805731244117 ], [ 88.356542968750034, 23.46246979374412 ], [ 88.35693359375, 23.469354559369123 ], [ 88.367919921875, 23.51178619999412 ], [ 88.364990234375, 23.52411530155662 ], [ 88.352294921875, 23.535174871869117 ], [ 88.333740234375, 23.538202215619123 ], [ 88.31298828125, 23.53571198124412 ], [ 88.294677734375, 23.53644440311912 ], [ 88.283300781250034, 23.548846746869117 ], [ 88.304443359375, 23.55902741093162 ], [ 88.321386718750034, 23.57428619999412 ], [ 88.329980468750023, 23.592157293744123 ], [ 88.324951171875, 23.61029694218162 ], [ 88.288183593750034, 23.58209869999412 ], [ 88.276464843750034, 23.576776434369123 ], [ 88.26416015625, 23.57660553593162 ], [ 88.252636718750011, 23.580926824994123 ], [ 88.248046875, 23.58978912968162 ], [ 88.256591796875, 23.60346100468162 ], [ 88.2392578125, 23.633172918744123 ], [ 88.235595703125, 23.637567449994123 ], [ 88.22412109375, 23.635272528119117 ], [ 88.222949218749989, 23.627069403119123 ], [ 88.228759765625, 23.60687897343162 ], [ 88.218994140625, 23.60651276249412 ], [ 88.163183593750034, 23.62396881718162 ], [ 88.148193359375, 23.634295965619117 ], [ 88.146875, 23.657733465619117 ], [ 88.153076171875, 23.683221746869123 ], [ 88.159765625000034, 23.69965241093162 ], [ 88.173583984375, 23.71698639530662 ], [ 88.200097656250023, 23.742206121869117 ], [ 88.208251953125, 23.761102606244123 ], [ 88.228125, 23.756463934369123 ], [ 88.23779296875, 23.774774481244123 ], [ 88.240478515625, 23.79913971561912 ], [ 88.239013671875, 23.812616278119123 ], [ 88.2275390625, 23.826776434369123 ], [ 88.2236328125, 23.84015534061912 ], [ 88.221289062500034, 23.870965887494123 ], [ 88.20947265625, 23.92816803593162 ], [ 88.208251953125, 23.94977448124412 ], [ 88.19873046875, 23.97308991093162 ], [ 88.203222656250034, 23.98114655155662 ], [ 88.228759765625, 23.980243231244117 ], [ 88.228759765625, 23.987665106244123 ], [ 88.220117187500023, 23.990252996869117 ], [ 88.194580078125, 24.001336981244123 ], [ 88.209716796875, 24.01569244999412 ], [ 88.220703125, 24.060663153119123 ], [ 88.232177734375, 24.07025787968162 ], [ 88.256591796875, 24.14130280155662 ], [ 88.260351562500034, 24.228143621869123 ], [ 88.253027343750034, 24.27142975468162 ], [ 88.228759765625, 24.288690496869123 ], [ 88.231201171875, 24.29645416874412 ], [ 88.234375, 24.30292389530662 ], [ 88.239013671875, 24.307489324994123 ], [ 88.245898437499989, 24.309198309369123 ], [ 88.25244140625, 24.311883856244123 ], [ 88.247314453125, 24.317645574994117 ], [ 88.23876953125, 24.32269928593162 ], [ 88.235595703125, 24.323504949994117 ], [ 88.228759765625, 24.326190496869117 ], [ 88.22216796875, 24.32416412968162 ], [ 88.217041015625, 24.324335028119123 ], [ 88.215039062500011, 24.333368231244123 ], [ 88.212304687500023, 24.341424871869123 ], [ 88.205322265625, 24.34650299686912 ], [ 88.176855468750034, 24.362323309369117 ], [ 88.164794921875, 24.365594793744123 ], [ 88.15625, 24.371698309369123 ], [ 88.152929687500034, 24.388299871869123 ], [ 88.15283203125, 24.397235418744117 ], [ 88.150097656250011, 24.40582916874412 ], [ 88.142187500000034, 24.408221746869117 ], [ 88.125683593750011, 24.398553778119123 ], [ 88.11279296875, 24.40936920780662 ], [ 88.11474609375, 24.420770574994123 ], [ 88.120361328125, 24.433221746869123 ], [ 88.118896484375, 24.44696686405662 ], [ 88.109277343750023, 24.450946356244117 ], [ 88.077880859375, 24.456170965619123 ], [ 88.071044921875, 24.46405670780662 ], [ 88.070556640625, 24.467401434369123 ], [ 88.065332031250023, 24.48309967655662 ], [ 88.052734375, 24.499627996869123 ], [ 88.050390625000034, 24.504999090619123 ], [ 88.0517578125, 24.51032135624412 ], [ 88.057373046875, 24.515887762494117 ], [ 88.028076171875, 24.547870184369117 ], [ 87.94091796875, 24.61945221561912 ], [ 87.933203125000034, 24.63507721561912 ], [ 87.92041015625, 24.72662994999412 ], [ 87.920019531250034, 24.782001043744117 ], [ 87.938085937500034, 24.80573151249412 ] ], [ [ 89.293066406250034, 22.59796784061912 ], [ 89.293554687500034, 22.615106512494123 ], [ 89.29248046875, 22.625360418744123 ], [ 89.295654296875, 22.63312409061912 ], [ 89.304296875000034, 22.637713934369117 ], [ 89.291894531250023, 22.656122137494123 ], [ 89.279052734375, 22.66779205936912 ], [ 89.268652343750034, 22.68158600468162 ], [ 89.263427734375, 22.705926824994123 ], [ 89.304296875000034, 22.67865631718162 ], [ 89.311718750000011, 22.69281647343162 ], [ 89.306054687500023, 22.700311590619123 ], [ 89.2958984375, 22.70465729374412 ], [ 89.290625, 22.709344793744123 ], [ 89.284423828125, 22.71686432499412 ], [ 89.270263671875, 22.728143621869123 ], [ 89.256103515625, 22.736835028119117 ], [ 89.249755859375, 22.73639557499412 ], [ 89.2421875, 22.732196356244117 ], [ 89.2255859375, 22.736444403119123 ], [ 89.201269531250034, 22.74689362186912 ], [ 89.19677734375, 22.756463934369123 ], [ 89.19375, 22.76825592655662 ], [ 89.189453125, 22.774530340619123 ], [ 89.180761718750034, 22.76740143436912 ], [ 89.174072265625, 22.76740143436912 ], [ 89.177734375, 22.779901434369123 ], [ 89.193261718750023, 22.80280182499412 ], [ 89.19140625, 22.81207916874412 ], [ 89.18359375, 22.81378815311912 ], [ 89.174218750000023, 22.808368231244117 ], [ 89.163818359375, 22.800409246869123 ], [ 89.153564453125, 22.794696356244117 ], [ 89.150292968750023, 22.80377838749412 ], [ 89.15, 22.811639715619123 ], [ 89.1533203125, 22.817987371869123 ], [ 89.160449218749989, 22.822626043744123 ], [ 89.153564453125, 22.830096746869117 ], [ 89.1435546875, 22.82208893436912 ], [ 89.134765625, 22.82599518436912 ], [ 89.128515625000034, 22.837762762494123 ], [ 89.126220703125, 22.853045965619117 ], [ 89.126562500000034, 22.86395905155662 ], [ 89.125878906250023, 22.870624090619117 ], [ 89.121777343750011, 22.87775299686912 ], [ 89.112060546875, 22.890252996869123 ], [ 89.11572265625, 22.892596746869117 ], [ 89.11669921875, 22.89325592655662 ], [ 89.116943359375, 22.89435455936912 ], [ 89.119384765625, 22.89777252811912 ], [ 89.133398437500034, 22.89008209843162 ], [ 89.136816406250034, 22.89362213749412 ], [ 89.130273437500023, 22.930194403119117 ], [ 89.123779296875, 22.93427155155662 ], [ 89.112060546875, 22.931903387494117 ], [ 89.104736328125, 22.93170807499412 ], [ 89.09814453125, 22.93048737186912 ], [ 89.09326171875, 22.93427155155662 ], [ 89.091406250000034, 22.94928619999412 ], [ 89.09521484375, 22.95331452030662 ], [ 89.119384765625, 22.96662018436912 ], [ 89.1123046875, 22.97833893436912 ], [ 89.103515625, 22.97699616093162 ], [ 89.09326171875, 22.973016668744123 ], [ 89.08154296875, 22.97687409061912 ], [ 89.076416015625, 22.987420965619123 ], [ 89.078125, 22.99896881718162 ], [ 89.085205078125, 23.014422918744117 ], [ 89.090722656250023, 23.03302643436912 ], [ 89.097949218749989, 23.047381903119117 ], [ 89.119384765625, 23.07587311405662 ], [ 89.106201171875, 23.08820221561912 ], [ 89.07470703125, 23.141376043744117 ], [ 89.051171875000023, 23.16132233280662 ], [ 89.041259765625, 23.17352936405662 ], [ 89.04736328125, 23.17890045780662 ], [ 89.0546875, 23.183465887494123 ], [ 89.049560546875, 23.19391510624412 ], [ 89.040625, 23.205194403119123 ], [ 89.036865234375, 23.212420965619117 ], [ 89.02978515625, 23.21491119999412 ], [ 89.027148437499989, 23.216571356244117 ], [ 89.023193359375, 23.219842840619123 ], [ 89.0126953125, 23.209979559369117 ], [ 89.003027343750034, 23.21283600468162 ], [ 88.996777343750011, 23.22284577030662 ], [ 88.995898437499989, 23.234149481244117 ], [ 89.002050781250034, 23.241961981244117 ], [ 89.0126953125, 23.25165436405662 ], [ 89.020751953125, 23.26190827030662 ], [ 89.019775390625, 23.27142975468162 ], [ 89.01513671875, 23.28339264530662 ], [ 89.017480468750023, 23.340204168744123 ], [ 89.022070312500034, 23.34870026249412 ], [ 89.023193359375, 23.357049871869123 ], [ 89.021093750000034, 23.36054108280662 ], [ 89.012109375000023, 23.36725494999412 ], [ 89.009521484375, 23.370721746869123 ], [ 89.0107421875, 23.37348053593162 ], [ 89.01416015625, 23.37653229374412 ], [ 89.016796875000011, 23.38019440311912 ], [ 89.016357421875, 23.38495514530662 ], [ 89.006738281250023, 23.396502996869117 ], [ 88.989990234375, 23.41095612186912 ], [ 88.974365234375, 23.41742584843162 ], [ 88.967871093750034, 23.40485260624412 ], [ 88.970605468750023, 23.401385809369117 ], [ 88.976318359375, 23.39679596561912 ], [ 88.9853515625, 23.39118073124412 ], [ 88.99462890625, 23.38837311405662 ], [ 88.994873046875, 23.38165924686912 ], [ 88.989013671875, 23.36725494999412 ], [ 88.970458984375, 23.35846588749412 ], [ 88.933007812500023, 23.35626862186912 ], [ 88.905029296875, 23.36225006718162 ], [ 88.913964843750023, 23.37750885624412 ], [ 88.929443359375, 23.36945221561912 ], [ 88.938232421875, 23.38019440311912 ], [ 88.939160156250011, 23.396502996869117 ], [ 88.9306640625, 23.40485260624412 ], [ 88.9, 23.40326569218162 ], [ 88.8935546875, 23.40485260624412 ], [ 88.889404296875, 23.41290924686912 ], [ 88.892822265625, 23.41950104374412 ], [ 88.89990234375, 23.424090887494117 ], [ 88.9072265625, 23.42597077030662 ], [ 88.90625, 23.436151434369123 ], [ 88.909082031250023, 23.465350653119117 ], [ 88.9072265625, 23.47308991093162 ], [ 88.895751953125, 23.472430731244117 ], [ 88.884521484375, 23.461542059369123 ], [ 88.874414062500023, 23.44794342655662 ], [ 88.866113281250023, 23.438983465619117 ], [ 88.834716796875, 23.429950262494117 ], [ 88.828125, 23.448114324994123 ], [ 88.8310546875, 23.473749090619123 ], [ 88.828320312500011, 23.48676178593162 ], [ 88.80224609375, 23.482928778119117 ], [ 88.793701171875, 23.485223699994123 ], [ 88.79052734375, 23.49701569218162 ], [ 88.7861328125, 23.50568268436912 ], [ 88.767480468750023, 23.524530340619123 ], [ 88.7587890625, 23.54926178593162 ], [ 88.74951171875, 23.555926824994117 ], [ 88.739990234375, 23.56427643436912 ], [ 88.73583984375, 23.57990143436912 ], [ 88.740136718750023, 23.58551666874412 ], [ 88.750390625000023, 23.59064362186912 ], [ 88.769921875000023, 23.59662506718162 ], [ 88.76171875, 23.61286041874412 ], [ 88.764404296875, 23.627069403119123 ], [ 88.774121093750011, 23.63373444218162 ], [ 88.787109375, 23.627704168744117 ], [ 88.796630859375, 23.62653229374412 ], [ 88.811621093750034, 23.63068268436912 ], [ 88.825781250000034, 23.636737371869117 ], [ 88.83203125, 23.64130280155662 ], [ 88.824951171875, 23.66937897343162 ], [ 88.826904296875, 23.681170965619117 ], [ 88.841894531250034, 23.686053778119117 ], [ 88.84423828125, 23.68378327030662 ], [ 88.85, 23.67975494999412 ], [ 88.85595703125, 23.67804596561912 ], [ 88.858642578125, 23.682635809369117 ], [ 88.860449218750034, 23.68451569218162 ], [ 88.869531250000023, 23.69965241093162 ], [ 88.86962890625, 23.71381256718162 ], [ 88.858642578125, 23.80206940311912 ], [ 88.858642578125, 23.85053131718162 ], [ 88.86083984375, 23.85443756718162 ], [ 88.866113281250023, 23.85761139530662 ], [ 88.87109375, 23.86237213749412 ], [ 88.872949218750023, 23.870965887494123 ], [ 88.86865234375, 23.869012762494123 ], [ 88.858789062500023, 23.872088934369117 ], [ 88.845703125, 23.878436590619117 ], [ 88.862890625000034, 23.889520574994123 ], [ 88.862695312500023, 23.90802643436912 ], [ 88.85302734375, 23.92536041874412 ], [ 88.841894531250034, 23.93305084843162 ], [ 88.82177734375, 23.94000885624412 ], [ 88.803955078125, 23.953387762494117 ], [ 88.787207031250034, 23.961688543744117 ], [ 88.769921875000023, 23.95355866093162 ], [ 88.762939453125, 23.960467840619117 ], [ 88.75537109375, 23.96478912968162 ], [ 88.746484375000023, 23.96674225468162 ], [ 88.70849609375, 23.966571356244117 ], [ 88.700585937500023, 23.980487371869117 ], [ 88.67919921875, 23.983661199994117 ], [ 88.653564453125, 23.983514715619123 ], [ 88.6328125, 23.987665106244123 ], [ 88.64111328125, 24.005731512494123 ], [ 88.646679687500011, 24.03644440311912 ], [ 88.648535156250034, 24.06659577030662 ], [ 88.646386718750023, 24.083270574994117 ], [ 88.642968750000023, 24.078973699994123 ], [ 88.636328125000034, 24.07428619999412 ], [ 88.6328125, 24.07025787968162 ], [ 88.626953125, 24.086200262494117 ], [ 88.625878906250023, 24.09845612186912 ], [ 88.619726562500034, 24.10846588749412 ], [ 88.5986328125, 24.11737702030662 ], [ 88.591210937500023, 24.11762116093162 ], [ 88.584716796875, 24.115741278119117 ], [ 88.578125, 24.11469147343162 ], [ 88.57080078125, 24.11737702030662 ], [ 88.568603515625, 24.122430731244123 ], [ 88.5673828125, 24.13922760624412 ], [ 88.564550781250034, 24.14472077030662 ], [ 88.5556640625, 24.14581940311912 ], [ 88.538281250000011, 24.136590887494123 ], [ 88.529687500000023, 24.13788483280662 ], [ 88.5234375, 24.14411041874412 ], [ 88.52490234375, 24.14801666874412 ], [ 88.528710937500023, 24.151971746869123 ], [ 88.529687500000023, 24.15839264530662 ], [ 88.529394531250034, 24.16486237186912 ], [ 88.530859375000034, 24.16815827030662 ], [ 88.53173828125, 24.171991278119123 ], [ 88.529687500000023, 24.180047918744123 ], [ 88.525634765625, 24.18305084843162 ], [ 88.518847656249989, 24.18451569218162 ], [ 88.512597656250023, 24.188592840619123 ], [ 88.50927734375, 24.199335028119123 ], [ 88.539648437500034, 24.199237371869117 ], [ 88.537109375, 24.22992584843162 ], [ 88.51806640625, 24.263446356244117 ], [ 88.4990234375, 24.27167389530662 ], [ 88.482519531250034, 24.26447174686912 ], [ 88.466210937500023, 24.27008698124412 ], [ 88.453320312500011, 24.28339264530662 ], [ 88.442285156250023, 24.31464264530662 ], [ 88.430078125000023, 24.32355377811912 ], [ 88.421630859375, 24.333270574994117 ], [ 88.429101562500023, 24.35578034061912 ] ], [ [ 90.394238281250011, 22.77484772343162 ], [ 90.379296875000023, 22.79266998905662 ], [ 90.36962890625, 22.81683991093162 ], [ 90.365332031250034, 22.845721746869117 ], [ 90.366455078125, 22.901239324994123 ], [ 90.3701171875, 22.904559637494117 ], [ 90.373144531250034, 22.906268621869117 ], [ 90.384667968750023, 22.914813543744117 ], [ 90.387451171875, 22.918231512494117 ], [ 90.384765625, 22.93378327030662 ], [ 90.375, 22.94562409061912 ], [ 90.364501953125, 22.95502350468162 ], [ 90.359619140625, 22.962909246869117 ], [ 90.35595703125, 22.97528717655662 ], [ 90.346923828125, 22.98248932499412 ], [ 90.334716796875, 22.988544012494117 ], [ 90.322021484375, 22.99701569218162 ], [ 90.317285156250023, 23.00458405155662 ], [ 90.319433593750034, 23.01056549686912 ], [ 90.32373046875, 23.01581452030662 ], [ 90.325292968750034, 23.021258856244117 ], [ 90.326171875, 23.02069733280662 ], [ 90.325292968750034, 23.03803131718162 ], [ 90.317285156250023, 23.043475653119117 ], [ 90.301855468750034, 23.04132721561912 ], [ 90.292089843750034, 23.042840887494123 ], [ 90.301171875000023, 23.059100653119117 ], [ 90.312255859375, 23.06574127811912 ], [ 90.32470703125, 23.069208074994123 ], [ 90.331347656249989, 23.075311590619123 ], [ 90.325292968750034, 23.08954498905662 ], [ 90.332128906250034, 23.08954498905662 ], [ 90.318603515625, 23.10602448124412 ], [ 90.294189453125, 23.116717840619117 ], [ 90.2666015625, 23.122430731244123 ], [ 90.242919921875, 23.124286199994117 ], [ 90.242919921875, 23.130487371869123 ], [ 90.253173828125, 23.13922760624412 ], [ 90.254785156250023, 23.14972565311912 ], [ 90.250390625000023, 23.175165106244123 ], [ 90.245898437499989, 23.18012116093162 ], [ 90.235595703125, 23.182635809369117 ], [ 90.215429687500034, 23.18512604374412 ], [ 90.21337890625, 23.188006903119117 ], [ 90.212158203125, 23.19281647343162 ], [ 90.20849609375, 23.197381903119123 ], [ 90.198437500000011, 23.19940827030662 ], [ 90.184277343750011, 23.199969793744117 ], [ 90.177441406250011, 23.19904205936912 ], [ 90.174560546875, 23.19599030155662 ], [ 90.171630859375, 23.179217840619117 ], [ 90.175976562500011, 23.173602606244117 ], [ 90.191699218749989, 23.17145416874412 ], [ 90.201757812500034, 23.177362371869123 ], [ 90.212158203125, 23.19061920780662 ], [ 90.219824218750034, 23.20453522343162 ], [ 90.222265625000034, 23.212420965619117 ], [ 90.212597656250011, 23.22516510624412 ], [ 90.197363281250034, 23.23163483280662 ], [ 90.18017578125, 23.233905340619117 ], [ 90.1640625, 23.234149481244117 ], [ 90.145410156250023, 23.236590887494117 ], [ 90.143164062500034, 23.243280340619123 ], [ 90.145410156250023, 23.253924871869117 ], [ 90.140527343750023, 23.26764557499412 ], [ 90.128173828125, 23.27789948124412 ], [ 90.116455078125, 23.28034088749412 ], [ 90.108007812500034, 23.274774481244123 ], [ 90.105566406250034, 23.260858465619123 ], [ 90.098876953125, 23.260858465619123 ], [ 90.098876953125, 23.30182526249412 ], [ 90.105566406250034, 23.30182526249412 ], [ 90.111523437500011, 23.29462311405662 ], [ 90.12109375, 23.29010651249412 ], [ 90.1298828125, 23.29059479374412 ], [ 90.133691406250023, 23.29840729374412 ], [ 90.13232421875, 23.31171295780662 ], [ 90.127343750000023, 23.33527252811912 ], [ 90.126220703125, 23.346795965619123 ], [ 90.116455078125, 23.369159246869117 ], [ 90.095312500000034, 23.37506744999412 ], [ 90.074121093750023, 23.377948309369117 ], [ 90.064697265625, 23.39118073124412 ], [ 90.082128906250034, 23.388690496869117 ], [ 90.093457031250011, 23.42755768436912 ], [ 90.112402343750034, 23.438983465619117 ], [ 90.079003906250023, 23.488544012494117 ], [ 90.0712890625, 23.503924871869117 ], [ 90.068945312500034, 23.51178619999412 ], [ 90.067968750000034, 23.51984284061912 ], [ 90.069042968750011, 23.527704168744123 ], [ 90.08349609375, 23.557733465619123 ], [ 90.0875, 23.578631903119117 ] ], [ [ 89.352148437500034, 21.972284246869123 ], [ 89.3525390625, 22.000262762494117 ], [ 89.350683593750034, 22.01227448124412 ], [ 89.345312500000034, 22.02069733280662 ], [ 89.3671875, 22.048846746869117 ], [ 89.376367187500023, 22.06378815311912 ], [ 89.380078125000011, 22.07904694218162 ], [ 89.382080078125, 22.08209869999412 ], [ 89.3857421875, 22.08392975468162 ], [ 89.387304687500034, 22.086688543744117 ], [ 89.383544921875, 22.092401434369123 ], [ 89.368066406250023, 22.103631903119123 ], [ 89.365820312500034, 22.10602448124412 ], [ 89.364013671875, 22.112665106244123 ], [ 89.358984375000034, 22.12079498905662 ], [ 89.351464843750023, 22.127704168744117 ], [ 89.34228515625, 22.13056061405662 ], [ 89.305761718750034, 22.241961981244117 ], [ 89.30712890625, 22.260126043744123 ], [ 89.317968750000034, 22.281366278119123 ], [ 89.2958984375, 22.29108307499412 ], [ 89.275292968750023, 22.31268952030662 ], [ 89.265722656250034, 22.337274481244123 ], [ 89.277148437499989, 22.35590241093162 ], [ 89.262451171875, 22.368524481244123 ], [ 89.2529296875, 22.381219793744123 ], [ 89.251953125, 22.393329168744117 ], [ 89.263427734375, 22.404315496869117 ], [ 89.255078125000011, 22.42426178593162 ], [ 89.258398437500034, 22.44367096561912 ], [ 89.27099609375, 22.45880768436912 ], [ 89.290625, 22.46576569218162 ], [ 89.26123046875, 22.49518463749412 ], [ 89.252343750000023, 22.51227448124412 ], [ 89.249755859375, 22.53461334843162 ], [ 89.249902343750023, 22.545526434369123 ], [ 89.2509765625, 22.55341217655662 ], [ 89.255615234375, 22.56134674686912 ], [ 89.266796875000011, 22.572528387494117 ], [ 89.27001953125, 22.58075592655662 ], [ 89.265625, 22.58942291874412 ], [ 89.25927734375, 22.598260809369123 ], [ 89.255957031250034, 22.60663483280662 ], [ 89.255078125000011, 22.626092840619123 ], [ 89.257226562500023, 22.63349030155662 ], [ 89.263427734375, 22.637713934369117 ], [ 89.273339843750023, 22.635614324994123 ], [ 89.281982421875, 22.62738678593162 ], [ 89.288281250000011, 22.616473699994117 ], [ 89.290625, 22.60663483280662 ], [ 89.297265625000023, 22.589374090619117 ], [ 89.312597656250034, 22.58698151249412 ], [ 89.330664062500034, 22.59345123905662 ], [ 89.345312500000034, 22.602899481244123 ], [ 89.35400390625, 22.59491608280662 ], [ 89.393847656249989, 22.57562897343162 ], [ 89.408398437500011, 22.56232330936912 ], [ 89.425537109375, 22.533807684369123 ], [ 89.427441406250011, 22.51630280155662 ], [ 89.422119140625, 22.50348541874412 ], [ 89.420654296875, 22.492059637494123 ], [ 89.43125, 22.464715887494123 ], [ 89.440136718750011, 22.39899323124412 ], [ 89.441503906250034, 22.352167059369123 ], [ 89.4443359375, 22.33405182499412 ], [ 89.4541015625, 22.317010809369123 ], [ 89.475683593750034, 22.295038153119123 ] ] ] } },
{ "type": "Feature", "properties": { "dissolve": "47River", "scalerank": 2, "featurecla": "River", "name": "Dihang", "name_alt": null, "rivernum": 47, "note": null, "min_zoom": 2.1, "name_en": "Brahmaputra", "min_label": 3.1, "ne_id": 1159121213, "label": "Dihang", "wikidataid": "Q45403", "name_ar": "نهر براهمابوترا", "name_bn": "ব্রহ্মপুত্র নদ", "name_de": "Brahmaputra", "name_es": "Brahmaputra", "name_fr": "Brahmapoutre", "name_el": "Βραχμαπούτρας", "name_hi": "ब्रह्मपुत्र नदी", "name_hu": "Brahmaputra", "name_id": "Brahmaputra", "name_it": "Brahmaputra", "name_ja": "ブラマプトラ川", "name_ko": "브라마푸트라강", "name_nl": "Brahmaputra", "name_pl": "Brahmaputra", "name_pt": "Bramaputra", "name_ru": "Брахмапутра", "name_sv": "Brahmaputra", "name_tr": "Brahmaputra", "name_vi": "Brahmaputra", "name_zh": "布拉马普特拉河", "name_fa": "رود براهماپوترا", "name_he": "בראהמאפוטרה", "name_uk": "Брахмапутра", "name_ur": "دریائے برہم پتر", "name_zht": "布拉马普特拉河" }, "geometry": { "type": "LineString", "coordinates": [ [ 95.396484375, 28.002948309369117 ], [ 95.398193359375, 28.03204987186912 ], [ 95.3974609375, 28.044940496869117 ], [ 95.39306640625, 28.05438873905662 ], [ 95.384033203125, 28.062616278119116 ], [ 95.376708984375, 28.06574127811912 ], [ 95.35546875, 28.071161199994116 ], [ 95.329003906250023, 28.081659246869116 ], [ 95.316162109375, 28.088739324994116 ], [ 95.305761718750034, 28.097674871869117 ], [ 95.29345703125, 28.114520574994117 ], [ 95.289453125000023, 28.123163153119116 ], [ 95.284912109375, 28.14215729374412 ], [ 95.281347656250034, 28.14935944218162 ], [ 95.275976562500034, 28.15534088749412 ], [ 95.268164062500034, 28.16095612186912 ], [ 95.255078125000011, 28.16803619999412 ], [ 95.241455078125, 28.17316315311912 ], [ 95.226953125000023, 28.176629949994116 ], [ 95.212158203125, 28.178485418744117 ], [ 95.200097656250023, 28.178338934369116 ], [ 95.190820312500023, 28.17572662968162 ], [ 95.182519531250023, 28.17084381718162 ], [ 95.17333984375, 28.163592840619117 ], [ 95.160058593750023, 28.155292059369117 ], [ 95.145263671875, 28.15033600468162 ], [ 95.1298828125, 28.148065496869116 ], [ 95.098876953125, 28.14935944218162 ], [ 95.066015625000034, 28.155877996869116 ], [ 95.0517578125, 28.161249090619116 ], [ 95.037207031250034, 28.171649481244117 ], [ 95.031982421875, 28.17365143436912 ], [ 95.02490234375, 28.20172760624412 ], [ 95.01904296875, 28.21454498905662 ], [ 95.01025390625, 28.22638580936912 ], [ 94.998144531250034, 28.237176824994116 ], [ 94.992919921875, 28.24310944218162 ], [ 94.989501953125, 28.25055573124412 ], [ 94.988671875000023, 28.259393621869116 ], [ 94.992919921875, 28.28644440311912 ], [ 94.999755859375, 28.309344793744117 ], [ 95.013427734375, 28.326776434369116 ], [ 95.092480468750011, 28.405780340619117 ], [ 95.09619140625, 28.41803619999412 ], [ 95.090429687500034, 28.45575592655662 ], [ 95.093652343750023, 28.47223541874412 ], [ 95.099218750000034, 28.48847077030662 ], [ 95.103515625, 28.507342840619117 ], [ 95.097949218749989, 28.53937409061912 ], [ 95.079003906250023, 28.56720612186912 ], [ 95.031982421875, 28.61603424686912 ], [ 95.021484375, 28.631366278119117 ], [ 94.999121093750034, 28.68195221561912 ], [ 94.996777343750011, 28.67877838749412 ], [ 94.990234375, 28.67536041874412 ], [ 94.982519531250034, 28.675409246869116 ], [ 94.977294921875, 28.682733465619116 ], [ 94.976757812500011, 28.69000885624412 ], [ 94.977929687500023, 28.70538971561912 ], [ 94.9755859375, 28.71222565311912 ], [ 94.96533203125, 28.72101471561912 ], [ 94.937744140625, 28.73334381718162 ], [ 94.926855468750034, 28.74298737186912 ], [ 94.921289062500023, 28.75250885624412 ], [ 94.916894531250023, 28.76300690311912 ], [ 94.9140625, 28.773944403119117 ], [ 94.912011718750023, 28.78986237186912 ], [ 94.9125, 28.79303619999412 ], [ 94.91357421875, 28.79559967655662 ], [ 94.915625, 28.79877350468162 ], [ 94.918701171875, 28.80170319218162 ], [ 94.922119140625, 28.80365631718162 ], [ 94.92431640625, 28.806415106244117 ], [ 94.924072265625, 28.811639715619116 ], [ 94.915429687500023, 28.82099030155662 ], [ 94.9, 28.824579168744116 ], [ 94.79345703125, 28.824090887494116 ], [ 94.7880859375, 28.826922918744117 ], [ 94.785449218749989, 28.832538153119117 ], [ 94.78466796875, 28.841815496869117 ], [ 94.774658203125, 28.845575262494116 ], [ 94.7734375, 28.85443756718162 ], [ 94.77880859375, 28.87543366093162 ], [ 94.779687500000023, 28.89996979374412 ], [ 94.783203125, 28.92401764530662 ], [ 94.788476562500023, 28.934588934369117 ], [ 94.796142578125, 28.938495184369117 ], [ 94.8056640625, 28.93976471561912 ], [ 94.81689453125, 28.94257233280662 ], [ 94.831152343750034, 28.950458074994117 ], [ 94.837597656250011, 28.95563385624412 ], [ 94.84326171875, 28.961297918744116 ], [ 94.857177734375, 28.984637762494117 ], [ 94.863183593750023, 28.99201080936912 ], [ 94.86962890625, 28.997577215619117 ], [ 94.900634765625, 29.01679108280662 ], [ 94.90478515625, 29.02094147343162 ], [ 94.9072265625, 29.026727606244116 ], [ 94.90673828125, 29.031610418744116 ], [ 94.9052734375, 29.03620026249412 ], [ 94.90478515625, 29.04120514530662 ], [ 94.90869140625, 29.051044012494117 ], [ 94.916601562500034, 29.05890534061912 ], [ 94.934667968750034, 29.072137762494116 ], [ 94.969824218750034, 29.11066315311912 ], [ 94.99755859375, 29.13043854374412 ], [ 95.0029296875, 29.13886139530662 ], [ 95.002832031250023, 29.149530340619116 ], [ 95.000244140625, 29.15973541874412 ], [ 95.000878906250023, 29.168231512494117 ], [ 95.010498046875, 29.17389557499412 ], [ 95.017578125, 29.174432684369116 ], [ 95.032324218750034, 29.17304108280662 ], [ 95.039160156250034, 29.17389557499412 ], [ 95.04443359375, 29.176532293744117 ], [ 95.047753906250023, 29.180047918744116 ], [ 95.053955078125, 29.188348699994116 ], [ 95.064697265625, 29.196307684369117 ], [ 95.101318359375, 29.211932684369117 ], [ 95.1123046875, 29.21857330936912 ], [ 95.154687500000023, 29.25226471561912 ], [ 95.201757812500034, 29.278827215619117 ], [ 95.21484375, 29.282489324994117 ], [ 95.2421875, 29.28461334843162 ], [ 95.254638671875, 29.28839752811912 ], [ 95.3125, 29.330194403119116 ], [ 95.316015625000034, 29.337274481244116 ], [ 95.4287109375, 29.45099518436912 ], [ 95.437255859375, 29.46381256718162 ], [ 95.439160156250011, 29.478778387494117 ], [ 95.437255859375, 29.485614324994117 ], [ 95.430908203125, 29.49860260624412 ], [ 95.4287109375, 29.50556061405662 ], [ 95.427978515625, 29.529413153119116 ], [ 95.425976562500011, 29.53717682499412 ], [ 95.422119140625, 29.543573309369116 ], [ 95.406152343750023, 29.55768463749412 ], [ 95.402148437499989, 29.562762762494117 ], [ 95.393164062500034, 29.57977936405662 ], [ 95.38818359375, 29.59491608280662 ], [ 95.388671875, 29.60724518436912 ], [ 95.393847656249989, 29.63507721561912 ], [ 95.392822265625, 29.65729401249412 ], [ 95.396386718750023, 29.680292059369116 ], [ 95.396484375, 29.68781159061912 ], [ 95.394238281250011, 29.695672918744116 ], [ 95.390722656250034, 29.701190496869117 ], [ 95.382226562500023, 29.71124909061912 ], [ 95.3798828125, 29.717157293744116 ], [ 95.379980468750034, 29.723651434369117 ], [ 95.38623046875, 29.744403387494117 ], [ 95.384033203125, 29.771112371869116 ], [ 95.369140625, 29.784442449994117 ], [ 95.299414062500034, 29.80512116093162 ], [ 95.288281250000011, 29.81122467655662 ], [ 95.2841796875, 29.81854889530662 ], [ 95.287011718750023, 29.82184479374412 ], [ 95.298242187500023, 29.82807037968162 ], [ 95.30224609375, 29.830926824994116 ], [ 95.305908203125, 29.836932684369117 ], [ 95.307519531250023, 29.843524481244117 ], [ 95.306884765625, 29.85028717655662 ], [ 95.303955078125, 29.856805731244116 ], [ 95.296484375000034, 29.863153387494116 ], [ 95.286376953125, 29.86688873905662 ], [ 95.275781250000023, 29.86847565311912 ], [ 95.245019531250023, 29.865985418744117 ], [ 95.22412109375, 29.86652252811912 ], [ 95.20654296875, 29.87409088749412 ], [ 95.195068359375, 29.892938543744116 ], [ 95.174902343750034, 29.893573309369117 ], [ 95.150976562500034, 29.889032293744116 ], [ 95.128808593750023, 29.88019440311912 ], [ 95.113037109375, 29.86786530155662 ], [ 95.107617187500011, 29.85809967655662 ], [ 95.092480468750011, 29.81366608280662 ], [ 95.093847656250034, 29.806512762494116 ], [ 95.099707031250034, 29.80109284061912 ], [ 95.11767578125, 29.78961823124412 ], [ 95.124121093750034, 29.78229401249412 ], [ 95.127197265625, 29.773553778119116 ], [ 95.12451171875, 29.76422760624412 ], [ 95.1162109375, 29.75861237186912 ], [ 95.105859375000023, 29.758661199994116 ], [ 95.0849609375, 29.76373932499412 ], [ 95.066308593750023, 29.76557037968162 ], [ 94.996191406250034, 29.76361725468162 ], [ 94.968652343750023, 29.75812409061912 ], [ 94.954833984375, 29.756952215619116 ], [ 94.903564453125, 29.71600983280662 ], [ 94.891699218750034, 29.69721100468162 ], [ 94.898681640625, 29.69013092655662 ], [ 94.911376953125, 29.684198309369116 ], [ 94.916601562500034, 29.668817449994116 ], [ 94.89013671875, 29.646258856244117 ], [ 94.885937500000011, 29.633075262494117 ], [ 94.913183593750034, 29.62726471561912 ], [ 94.92626953125, 29.621942449994116 ], [ 94.924072265625, 29.60956452030662 ], [ 94.875244140625, 29.540545965619117 ], [ 94.861718750000023, 29.52826569218162 ], [ 94.843457031250011, 29.51727936405662 ], [ 94.835839843750023, 29.511249090619117 ], [ 94.817285156250023, 29.49176666874412 ], [ 94.806884765625, 29.48615143436912 ], [ 94.794921875, 29.48456452030662 ], [ 94.780029296875, 29.485126043744117 ], [ 94.75439453125, 29.48029205936912 ], [ 94.730566406250034, 29.469598699994116 ], [ 94.70654296875, 29.464129949994117 ], [ 94.680761718750034, 29.47479889530662 ], [ 94.671972656250034, 29.481708074994117 ], [ 94.663671875000034, 29.486346746869117 ], [ 94.654541015625, 29.489032293744117 ], [ 94.627832031250023, 29.489520574994117 ], [ 94.596289062500034, 29.48602936405662 ], [ 94.582275390625, 29.481805731244116 ], [ 94.573437500000011, 29.476336981244117 ], [ 94.552441406250011, 29.45453522343162 ], [ 94.540722656250011, 29.448260809369117 ], [ 94.50244140625, 29.43866608280662 ], [ 94.482617187500011, 29.428485418744117 ], [ 94.462890625, 29.41193268436912 ], [ 94.445410156250034, 29.392694403119116 ], [ 94.4248046875, 29.362323309369117 ], [ 94.41650390625, 29.353778387494117 ], [ 94.35595703125, 29.30951569218162 ] ] } },
{ "type": "Feature", "properties": { "dissolve": "51River", "scalerank": 2, "featurecla": "River", "name": "Brahmaputra", "name_alt": null, "rivernum": 51, "note": null, "min_zoom": 2.1, "name_en": "Brahmaputra", "min_label": 3.1, "ne_id": 1159121927, "label": "Brahmaputra", "wikidataid": "Q45403", "name_ar": "نهر براهمابوترا", "name_bn": "ব্রহ্মপুত্র নদ", "name_de": "Brahmaputra", "name_es": "Brahmaputra", "name_fr": "Brahmapoutre", "name_el": "Βραχμαπούτρας", "name_hi": "ब्रह्मपुत्र नदी", "name_hu": "Brahmaputra", "name_id": "Brahmaputra", "name_it": "Brahmaputra", "name_ja": "ブラマプトラ川", "name_ko": "브라마푸트라강", "name_nl": "Brahmaputra", "name_pl": "Brahmaputra", "name_pt": "Bramaputra", "name_ru": "Брахмапутра", "name_sv": "Brahmaputra", "name_tr": "Brahmaputra", "name_vi": "Brahmaputra", "name_zh": "布拉马普特拉河", "name_fa": "رود براهماپوترا", "name_he": "בראהמאפוטרה", "name_uk": "Брахмапутра", "name_ur": "دریائے برہم پتر", "name_zht": "布拉马普特拉河" }, "geometry": { "type": "MultiLineString", "coordinates": [ [ [ 95.396484375, 28.002948309369117 ], [ 95.401562500000011, 27.97199127811912 ], [ 95.4189453125, 27.94171784061912 ], [ 95.441308593750023, 27.915545965619117 ], [ 95.461523437500034, 27.89679596561912 ], [ 95.4716796875, 27.871356512494117 ], [ 95.45947265625, 27.843866278119116 ], [ 95.437255859375, 27.824823309369116 ], [ 95.4169921875, 27.82477448124412 ], [ 95.4033203125, 27.809344793744117 ], [ 95.383203125000023, 27.793817449994116 ], [ 95.360253906250023, 27.78180573124412 ], [ 95.33837890625, 27.776971746869116 ], [ 95.330322265625, 27.77240631718162 ], [ 95.29345703125, 27.742792059369116 ], [ 95.25439453125, 27.730340887494116 ], [ 95.217675781250023, 27.72528717655662 ], [ 95.1494140625, 27.70123932499412 ], [ 95.108154296875, 27.69660065311912 ], [ 95.09814453125, 27.69135162968162 ], [ 95.0908203125, 27.67926666874412 ], [ 95.085546875000034, 27.653436590619116 ], [ 95.081152343750034, 27.64044830936912 ], [ 95.093457031250011, 27.650897528119117 ], [ 95.104101562500034, 27.666766668744117 ], [ 95.116943359375, 27.68121979374412 ], [ 95.1357421875, 27.68756744999412 ], [ 95.144140625000034, 27.68048737186912 ], [ 95.148339843750023, 27.66376373905662 ], [ 95.147070312500034, 27.644403387494116 ], [ 95.139404296875, 27.62958405155662 ], [ 95.102441406250023, 27.609881903119117 ], [ 95.02490234375, 27.60675690311912 ], [ 94.992431640625, 27.59943268436912 ], [ 94.954833984375, 27.57465241093162 ], [ 94.943945312500034, 27.56940338749412 ], [ 94.93310546875, 27.56964752811912 ], [ 94.92333984375, 27.571649481244116 ], [ 94.916601562500034, 27.571551824994117 ], [ 94.906347656250034, 27.561883856244116 ], [ 94.880859375, 27.528583074994117 ], [ 94.875683593750011, 27.520038153119117 ], [ 94.8681640625, 27.50299713749412 ], [ 94.850683593750034, 27.50104401249412 ], [ 94.831347656249989, 27.50348541874412 ], [ 94.817578125000011, 27.499530340619117 ], [ 94.761816406250034, 27.45831940311912 ], [ 94.752197265625, 27.448602606244116 ], [ 94.769433593750023, 27.43500397343162 ], [ 94.7578125, 27.41925690311912 ], [ 94.721435546875, 27.39679596561912 ], [ 94.703125, 27.382440496869116 ], [ 94.666796874999989, 27.363788153119117 ], [ 94.649804687500023, 27.351825262494117 ], [ 94.65478515625, 27.349139715619117 ], [ 94.664794921875, 27.34149811405662 ], [ 94.670117187500011, 27.338739324994116 ], [ 94.6669921875, 27.334833074994116 ], [ 94.66552734375, 27.331415106244116 ], [ 94.664453125000023, 27.327997137494116 ], [ 94.662841796875, 27.324481512494117 ], [ 94.646484375, 27.328143621869117 ], [ 94.6318359375, 27.31610748905662 ], [ 94.62060546875, 27.29621002811912 ], [ 94.614990234375, 27.27667877811912 ], [ 94.622802734375, 27.287469793744116 ], [ 94.634521484375, 27.299188543744116 ], [ 94.6484375, 27.30841705936912 ], [ 94.662841796875, 27.31146881718162 ], [ 94.681396484375, 27.305682684369117 ], [ 94.684277343750011, 27.294940496869117 ], [ 94.676660156250023, 27.282001043744117 ], [ 94.662841796875, 27.269891668744116 ], [ 94.658398437500011, 27.26959869999412 ], [ 94.654296875, 27.27240631718162 ], [ 94.648339843750023, 27.273065496869116 ], [ 94.6318359375, 27.260614324994116 ], [ 94.61962890625, 27.25360748905662 ], [ 94.614990234375, 27.249383856244116 ], [ 94.608496093750034, 27.23725006718162 ], [ 94.601318359375, 27.19415924686912 ], [ 94.592871093750034, 27.199823309369116 ], [ 94.587890625, 27.20758698124412 ], [ 94.586328125000023, 27.21735260624412 ], [ 94.587597656250011, 27.228876043744116 ], [ 94.571044921875, 27.21808502811912 ], [ 94.565332031250023, 27.197040106244117 ], [ 94.566503906250034, 27.15009186405662 ], [ 94.565673828125, 27.13983795780662 ], [ 94.560302734375, 27.115594793744116 ], [ 94.554785156250034, 27.10138580936912 ], [ 94.5419921875, 27.099872137494117 ], [ 94.518847656249989, 27.10602448124412 ], [ 94.500878906250023, 27.09686920780662 ], [ 94.471435546875, 27.06952545780662 ], [ 94.45458984375, 27.06378815311912 ], [ 94.448437500000011, 27.05939362186912 ], [ 94.445410156250034, 27.04901764530662 ], [ 94.4443359375, 27.026874090619117 ], [ 94.440673828125, 27.01666901249412 ], [ 94.432226562500034, 27.00775787968162 ], [ 94.4169921875, 26.99616119999412 ], [ 94.40625, 26.985126043744117 ], [ 94.399804687500023, 26.98053619999412 ], [ 94.38916015625, 26.97565338749412 ], [ 94.359375, 26.96991608280662 ], [ 94.351464843750023, 26.96515534061912 ], [ 94.325292968750034, 26.93878815311912 ], [ 94.30810546875, 26.927606512494116 ], [ 94.28662109375, 26.920428778119117 ], [ 94.264550781250023, 26.91901276249412 ], [ 94.20751953125, 26.927264715619117 ], [ 94.196875, 26.924188543744116 ], [ 94.184277343750011, 26.91657135624412 ], [ 94.173730468750023, 26.906610418744116 ], [ 94.16943359375, 26.89655182499412 ], [ 94.164648437500034, 26.89667389530662 ], [ 94.1552734375, 26.88324616093162 ], [ 94.147705078125, 26.86871979374412 ], [ 94.14892578125, 26.86579010624412 ], [ 94.1435546875, 26.86237213749412 ], [ 94.12158203125, 26.852167059369116 ], [ 94.121191406250034, 26.85541412968162 ], [ 94.12158203125, 26.86579010624412 ], [ 94.11474609375, 26.85834381718162 ], [ 94.11328125, 26.86945221561912 ], [ 94.119384765625, 26.88324616093162 ], [ 94.135156250000023, 26.90680573124412 ], [ 94.113476562500011, 26.91242096561912 ], [ 94.093457031250011, 26.90192291874412 ], [ 94.076416015625, 26.88703034061912 ], [ 94.0634765625, 26.87946198124412 ], [ 94.044335937500023, 26.875848699994116 ], [ 94.0087890625, 26.85846588749412 ], [ 93.9912109375, 26.852167059369116 ], [ 93.945556640625, 26.841571356244117 ], [ 93.927001953125, 26.831659246869116 ], [ 93.906494140625, 26.813983465619117 ], [ 93.877539062500034, 26.778680731244116 ], [ 93.863378906250034, 26.76593659061912 ], [ 93.841064453125, 26.75592682499412 ], [ 93.763769531250034, 26.739520574994117 ], [ 93.751562500000034, 26.732049871869116 ], [ 93.656640625000023, 26.714960028119116 ], [ 93.635937500000011, 26.71808502811912 ], [ 93.61669921875, 26.72479889530662 ], [ 93.599023437500023, 26.734247137494116 ], [ 93.583593750000034, 26.74603912968162 ], [ 93.567968750000034, 26.751971746869117 ], [ 93.505273437500023, 26.75592682499412 ], [ 93.462597656250011, 26.766961981244116 ], [ 93.43994140625, 26.768085028119117 ], [ 93.415722656250011, 26.76215241093162 ], [ 93.410839843750011, 26.75958893436912 ], [ 93.406640625000023, 26.75604889530662 ], [ 93.37744140625, 26.72345612186912 ], [ 93.368359375000011, 26.71845123905662 ], [ 93.357617187500011, 26.71845123905662 ], [ 93.34619140625, 26.723016668744116 ], [ 93.325781250000034, 26.73493073124412 ], [ 93.313232421875, 26.739764715619117 ], [ 93.300195312500023, 26.74176666874412 ], [ 93.287109375, 26.74091217655662 ], [ 93.274316406250023, 26.73712799686912 ], [ 93.248046875, 26.72443268436912 ], [ 93.18310546875, 26.67401764530662 ], [ 93.1416015625, 26.654559637494117 ], [ 93.119140625, 26.647479559369117 ], [ 93.104296874999989, 26.649774481244116 ], [ 93.086669921875, 26.65619537968162 ], [ 93.0625, 26.65460846561912 ], [ 93.0185546875, 26.64606354374412 ], [ 92.8984375, 26.65350983280662 ], [ 92.884179687500023, 26.650995184369116 ], [ 92.880615234375, 26.64447662968162 ], [ 92.879980468750034, 26.63544342655662 ], [ 92.87451171875, 26.625604559369116 ], [ 92.853759765625, 26.61200592655662 ], [ 92.833740234375, 26.60834381718162 ], [ 92.732617187500011, 26.61359284061912 ], [ 92.710693359375, 26.611346746869117 ], [ 92.67626953125, 26.600213934369116 ], [ 92.657128906250023, 26.590838934369117 ], [ 92.648681640625, 26.58124420780662 ], [ 92.64453125, 26.569208074994116 ], [ 92.623144531250034, 26.533221746869117 ], [ 92.614501953125, 26.523211981244117 ], [ 92.5947265625, 26.51752350468162 ], [ 92.508056640625, 26.515741278119116 ], [ 92.478906250000023, 26.51947662968162 ], [ 92.4296875, 26.534686590619117 ], [ 92.401562500000011, 26.53620026249412 ], [ 92.391210937500034, 26.533221746869117 ], [ 92.353271484375, 26.515741278119116 ], [ 92.325097656250023, 26.508172918744116 ], [ 92.313867187500023, 26.502704168744117 ], [ 92.302001953125, 26.49213287968162 ], [ 92.292724609375, 26.487567449994117 ], [ 92.255078125000011, 26.47479889530662 ], [ 92.24951171875, 26.47394440311912 ], [ 92.24462890625, 26.471551824994116 ], [ 92.240625, 26.468036199994117 ], [ 92.237060546875, 26.46356842655662 ], [ 92.234375, 26.45831940311912 ], [ 92.232421875, 26.45270416874412 ], [ 92.23095703125, 26.446893621869116 ], [ 92.230224609375, 26.44122955936912 ], [ 92.224609375, 26.44122955936912 ], [ 92.20263671875, 26.454608465619117 ], [ 92.172753906250023, 26.44293854374412 ], [ 92.124414062500023, 26.40338776249412 ], [ 92.1103515625, 26.39484284061912 ], [ 92.075781250000034, 26.380145574994117 ], [ 92.065820312500023, 26.37238190311912 ], [ 92.063378906250023, 26.358758856244116 ], [ 92.069238281250023, 26.32611725468162 ], [ 92.065820312500023, 26.30963776249412 ], [ 92.056884765625, 26.30329010624412 ], [ 92.040722656250011, 26.297137762494117 ], [ 92.0224609375, 26.29230377811912 ], [ 92.0078125, 26.290399481244116 ], [ 91.9970703125, 26.28705475468162 ], [ 91.970800781250034, 26.272088934369116 ], [ 91.952880859375, 26.268670965619116 ], [ 91.933496093750023, 26.269549871869117 ], [ 91.924707031250023, 26.26801178593162 ], [ 91.915722656250011, 26.26288483280662 ], [ 91.911865234375, 26.25897858280662 ], [ 91.902587890625, 26.24616119999412 ], [ 91.897558593750034, 26.241961981244117 ], [ 91.891210937500034, 26.238788153119117 ], [ 91.884375, 26.236590887494117 ], [ 91.878027343750034, 26.235370184369117 ], [ 91.869873046875, 26.235858465619117 ], [ 91.854101562500034, 26.23969147343162 ], [ 91.846093750000023, 26.23932526249412 ], [ 91.6923828125, 26.17194244999412 ], [ 91.665283203125, 26.16644928593162 ], [ 91.619384765625, 26.17133209843162 ], [ 91.60693359375, 26.17059967655662 ], [ 91.595117187500023, 26.16705963749412 ], [ 91.542089843750034, 26.14484284061912 ], [ 91.529052734375, 26.14105866093162 ], [ 91.498144531250034, 26.139764715619116 ], [ 91.390869140625, 26.170428778119117 ], [ 91.375585937500034, 26.172137762494117 ], [ 91.360449218750034, 26.17157623905662 ], [ 91.329833984375, 26.16400787968162 ], [ 91.31640625, 26.16217682499412 ], [ 91.302832031250034, 26.16266510624412 ], [ 91.288183593750034, 26.16559479374412 ], [ 91.275097656250011, 26.17047760624412 ], [ 91.250390625000023, 26.183221746869116 ], [ 91.1982421875, 26.20282623905662 ], [ 91.135498046875, 26.21356842655662 ], [ 91.119726562500034, 26.21185944218162 ], [ 91.062109375000034, 26.18683502811912 ], [ 91.029541015625, 26.17999909061912 ], [ 90.963769531250023, 26.17413971561912 ], [ 90.932861328125, 26.16254303593162 ], [ 90.90283203125, 26.14264557499412 ], [ 90.887451171875, 26.13495514530662 ], [ 90.869140625, 26.130877996869117 ], [ 90.849609375, 26.13043854374412 ], [ 90.839648437499989, 26.131708074994116 ], [ 90.8310546875, 26.13471100468162 ], [ 90.825097656250023, 26.139032293744116 ], [ 90.81396484375, 26.149188543744117 ], [ 90.807373046875, 26.15350983280662 ], [ 90.794189453125, 26.157977606244117 ], [ 90.75244140625, 26.160174871869117 ], [ 90.739501953125, 26.16278717655662 ], [ 90.728271484375, 26.16754791874412 ], [ 90.706347656249989, 26.18012116093162 ], [ 90.682031250000023, 26.19000885624412 ], [ 90.5830078125, 26.20514557499412 ], [ 90.5068359375, 26.22870514530662 ], [ 90.489990234375, 26.228876043744116 ], [ 90.473876953125, 26.22455475468162 ], [ 90.4599609375, 26.214862371869117 ], [ 90.434277343750011, 26.178241278119117 ], [ 90.421484375000034, 26.16840241093162 ], [ 90.402929687500034, 26.16144440311912 ], [ 90.364501953125, 26.154559637494117 ], [ 90.346093750000023, 26.148309637494116 ], [ 90.308398437499989, 26.12506744999412 ], [ 90.294042968750034, 26.119745184369116 ], [ 90.242431640625, 26.112811590619117 ], [ 90.226318359375, 26.106463934369117 ], [ 90.1962890625, 26.084491278119117 ], [ 90.1767578125, 26.07721588749412 ], [ 90.1357421875, 26.067645574994117 ], [ 90.04541015625, 26.034051824994116 ], [ 89.975195312500034, 26.01898834843162 ], [ 89.954199218750034, 26.01068756718162 ], [ 89.936621093750034, 25.99433014530662 ], [ 89.904052734375, 25.94196198124412 ], [ 89.8896484375, 25.92645905155662 ], [ 89.859375, 25.90216705936912 ], [ 89.846435546875, 25.88873932499412 ], [ 89.83642578125, 25.87140534061912 ], [ 89.81298828125, 25.81574127811912 ], [ 89.744873046875, 25.709491278119117 ], [ 89.73681640625, 25.69183991093162 ], [ 89.722558593750023, 25.63092682499412 ], [ 89.70458984375, 25.59296295780662 ], [ 89.69775390625, 25.57294342655662 ], [ 89.697021484375, 25.55072662968162 ], [ 89.706933593750023, 25.506219793744123 ], [ 89.707617187500034, 25.48334381718162 ], [ 89.698437500000011, 25.43878815311912 ], [ 89.69921875, 25.417352606244123 ], [ 89.697265625, 25.399286199994123 ], [ 89.69140625, 25.38202545780662 ], [ 89.675390625000034, 25.34894440311912 ], [ 89.6708984375, 25.324335028119123 ], [ 89.678320312500034, 25.30524323124412 ], [ 89.69091796875, 25.28717682499412 ], [ 89.700781250000034, 25.265741278119123 ], [ 89.70263671875, 25.24176666874412 ], [ 89.696679687500023, 25.21991608280662 ], [ 89.68505859375, 25.20014069218162 ], [ 89.6625, 25.173358465619117 ], [ 89.657958984375, 25.163836981244117 ], [ 89.65, 25.13068268436912 ], [ 89.626220703125, 25.07477448124412 ], [ 89.612695312500023, 24.959833074994123 ], [ 89.612695312500023, 24.948358465619123 ], [ 89.6142578125, 24.93707916874412 ], [ 89.618066406250023, 24.92621491093162 ], [ 89.624267578125, 24.91583893436912 ], [ 89.6474609375, 24.88983795780662 ], [ 89.658105468750023, 24.869891668744117 ], [ 89.665283203125, 24.84833405155662 ], [ 89.670654296875, 24.80292389530662 ], [ 89.673583984375, 24.791522528119117 ], [ 89.679296875000034, 24.78070709843162 ], [ 89.70458984375, 24.75055573124412 ], [ 89.7158203125, 24.726434637494123 ], [ 89.731542968750034, 24.651727606244123 ], [ 89.759863281250034, 24.58698151249412 ], [ 89.767968750000023, 24.549579168744117 ], [ 89.768945312500023, 24.530877996869123 ], [ 89.767333984375, 24.51117584843162 ], [ 89.75927734375, 24.479852606244123 ], [ 89.75830078125, 24.44257233280662 ], [ 89.7490234375, 24.37055084843162 ], [ 89.7490234375, 24.36078522343162 ], [ 89.755273437500023, 24.32245514530662 ], [ 89.754638671875, 24.28327057499412 ], [ 89.75146484375, 24.26825592655662 ], [ 89.7490234375, 24.26080963749412 ], [ 89.734765625000023, 24.23273346561912 ], [ 89.733154296875, 24.223651434369117 ], [ 89.73486328125, 24.21649811405662 ], [ 89.7412109375, 24.201190496869117 ], [ 89.7431640625, 24.19318268436912 ], [ 89.743359375000011, 24.18378327030662 ], [ 89.739648437500023, 24.15668366093162 ], [ 89.740332031250034, 24.13129303593162 ], [ 89.739648437500023, 24.12299225468162 ], [ 89.734765625000023, 24.105975653119117 ], [ 89.70166015625, 24.035516668744123 ], [ 89.69677734375, 24.01605866093162 ], [ 89.69580078125, 23.99701569218162 ], [ 89.700292968750034, 23.958124090619123 ], [ 89.72607421875, 23.88446686405662 ], [ 89.744384765625, 23.858661199994117 ], [ 89.78564453125, 23.796747137494123 ], [ 89.8037109375, 23.779803778119117 ], [ 89.84326171875, 23.75604889530662 ], [ 89.855078125000034, 23.746600653119117 ], [ 89.908593750000023, 23.67413971561912 ], [ 89.920117187500011, 23.66522858280662 ], [ 89.933984375000023, 23.659784246869123 ], [ 89.968994140625, 23.65216705936912 ], [ 89.985058593750011, 23.64435455936912 ], [ 90.142578125, 23.54450104374412 ], [ 90.170312500000023, 23.52045319218162 ], [ 90.193359375, 23.50690338749412 ], [ 90.212890625, 23.495477606244123 ], [ 90.225341796875, 23.483026434369123 ], [ 90.235253906250023, 23.474383856244117 ], [ 90.250097656250034, 23.46198151249412 ] ], [ [ 90.476318359375, 23.58295319218162 ], [ 90.4580078125, 23.608514715619123 ], [ 90.45703125, 23.625506903119117 ], [ 90.476318359375, 23.63141510624412 ], [ 90.466894531250034, 23.64386627811912 ], [ 90.421630859375, 23.686053778119117 ], [ 90.4052734375, 23.69379303593162 ], [ 90.378027343750034, 23.69782135624412 ], [ 90.359619140625, 23.70648834843162 ], [ 90.34716796875, 23.71576569218162 ], [ 90.315136718750011, 23.75055573124412 ], [ 90.302636718750023, 23.75665924686912 ], [ 90.290722656250011, 23.74970123905662 ], [ 90.276562500000011, 23.737420965619123 ], [ 90.256591796875, 23.72760651249412 ], [ 90.22021484375, 23.729364324994123 ], [ 90.222949218749989, 23.757196356244123 ], [ 90.240917968750011, 23.79743073124412 ], [ 90.250390625000023, 23.83624909061912 ], [ 90.245996093750023, 23.860467840619123 ], [ 90.23828125, 23.880389715619117 ], [ 90.226953125000023, 23.89801666874412 ], [ 90.212158203125, 23.915643621869123 ], [ 90.204980468750023, 23.92084381718162 ], [ 90.194580078125, 23.92597077030662 ], [ 90.174560546875, 23.93305084843162 ], [ 90.169042968750034, 23.932635809369117 ], [ 90.166113281250034, 23.925897528119123 ], [ 90.160253906250034, 23.92560455936912 ], [ 90.154687500000023, 23.92841217655662 ], [ 90.151269531250023, 23.932635809369117 ], [ 90.14892578125, 23.93671295780662 ], [ 90.146679687500011, 23.93927643436912 ], [ 90.114648437500023, 23.955926824994123 ], [ 90.103271484375, 23.96771881718162 ], [ 90.0947265625, 24.005975653119123 ], [ 90.08349609375, 24.013055731244123 ], [ 90.06640625, 24.01508209843162 ], [ 90.044921875, 24.02179596561912 ], [ 90.050976562500011, 24.03546784061912 ], [ 90.038476562500023, 24.030877996869123 ], [ 90.026269531250023, 24.03070709843162 ], [ 89.996337890625, 24.03546784061912 ], [ 89.970312500000034, 24.03485748905662 ], [ 89.96142578125, 24.03961823124412 ], [ 89.940039062500034, 24.06574127811912 ], [ 89.936425781250023, 24.071795965619117 ], [ 89.93505859375, 24.079852606244117 ], [ 89.93125, 24.085077215619123 ], [ 89.922753906250023, 24.086786199994123 ], [ 89.913281250000011, 24.08746979374412 ], [ 89.907128906250023, 24.089471746869123 ], [ 89.8837890625, 24.13104889530662 ], [ 89.835693359375, 24.13104889530662 ], [ 89.826416015625, 24.137567449994123 ], [ 89.828320312500011, 24.15180084843162 ], [ 89.832275390625, 24.166131903119123 ], [ 89.828857421875, 24.172626043744117 ], [ 89.827880859375, 24.17682526249412 ], [ 89.829833984375, 24.18598053593162 ], [ 89.826074218750023, 24.19513580936912 ], [ 89.80810546875, 24.199335028119123 ], [ 89.8076171875, 24.221210028119117 ], [ 89.806640625, 24.226581121869117 ], [ 89.8037109375, 24.229608465619123 ], [ 89.792578125000034, 24.237567449994117 ], [ 89.765722656250034, 24.264276434369123 ], [ 89.763916015625, 24.26801178593162 ], [ 89.758203125000023, 24.271502996869117 ], [ 89.756445312500034, 24.27289459843162 ], [ 89.755468750000034, 24.274432684369117 ] ] ] } }
]
}
